Keyword,Intents,Volume,Keyword Difficulty,CPC,Competition Density,dealcheck.io,bricked.ai,housecanary.com,dealcheck.io (pages),bricked.ai (pages),housecanary.com (pages),Results
what is a cap rate,,110000,52,0.13,0.27,0,0,31,,,https://www.housecanary.com/blog/cap-rate,129
how much is my house worth,,18100,70,3.01,0.65,0,0,53,,,https://www.housecanary.com/blog/what-is-the-value-of-my-home,83
what is my house worth,,9900,82,2.88,0.61,0,0,53,,,https://www.housecanary.com/blog/what-is-the-value-of-my-home,135
arv,Informational,8100,42,0.47,0.03,0,0,44,,,https://www.housecanary.com/blog/arv,119
home value,Informational,8100,83,2.31,0.48,0,0,16,,,https://www.housecanary.com/blog/what-is-the-value-of-my-home,132
what's the value of my house,Informational,8100,69,2.72,0.09,0,0,44,,,https://www.housecanary.com/blog/what-is-the-value-of-my-home,137
is the housing market going to crash,Informational,6600,35,1.30,0.01,0,0,22,,,https://www.housecanary.com/blog/is-the-housing-market-going-to-crash,121
property value,Informational,6600,78,2.33,0.38,0,0,40,,,https://www.housecanary.com/blog/what-is-the-value-of-my-home,130
what is the value of my home,Informational,6600,68,2.88,0.61,0,0,34,,,https://www.housecanary.com/blog/what-is-the-value-of-my-home,135
cap rate california,Informational,5400,12,0.81,0.10,0,0,40,,,https://www.housecanary.com/blog/cap-rate,131
florida housing market,Informational,5400,56,1.67,0.12,0,0,27,,,https://www.housecanary.com/blog/florida-housing-market,126
home valuation,Informational,5400,83,2.31,0.48,0,0,24,,,https://www.housecanary.com/blog/what-is-the-value-of-my-home,131
property market in florida,Informational,5400,55,1.74,0.26,0,0,20,,,https://www.housecanary.com/blog/florida-housing-market,132
what is cap rate,,5400,45,0.13,0.27,0,0,37,,,https://www.housecanary.com/blog/cap-rate,127
cap rate formula,Informational,4400,41,0.19,0.17,0,0,29,,,https://www.housecanary.com/blog/cap-rate,131
house value,Informational,4400,80,2.28,0.54,0,0,39,,,https://www.housecanary.com/blog/what-is-the-value-of-my-home,142
housing market predictions,,4400,64,2.72,0.20,0,0,20,,,https://www.housecanary.com/blog/housing-market-predictions,137
mls real estate api tools niche saas opportunity,Informational,4400,13,0.00,0.00,0,0,3,,,https://www.housecanary.com/blog/real-estate-api,92
my home value,Informational,4400,82,2.89,0.68,0,0,39,,,https://www.housecanary.com/blog/what-is-the-value-of-my-home,132
what is cap rate in real estate,,4400,29,0.16,0.40,0,0,47,,,https://www.housecanary.com/blog/cap-rate,132
cap rate definition,Informational,3600,50,0.12,0.34,0,0,48,,,https://www.housecanary.com/blog/cap-rate,137
cap rate meaning,Informational,3600,47,0.12,0.34,0,0,50,,,https://www.housecanary.com/blog/cap-rate,133
comparative market analysis,Informational,3600,43,3.83,0.52,0,0,13,,,https://www.housecanary.com/blog/comparative-market-analysis-tool,129
estimate the value of a home,Informational,3600,81,2.41,0.65,0,0,68,,,https://www.housecanary.com/blog/what-is-the-value-of-my-home,133
how to calculate cap rate,,3600,40,0.25,0.25,0,0,27,,,https://www.housecanary.com/blog/cap-rate,132
value of my home,Informational,3600,82,3.44,0.68,0,0,34,,,https://www.housecanary.com/blog/what-is-the-value-of-my-home,139
what's my home worth,Informational,3600,81,3.25,0.62,0,0,60,,,https://www.housecanary.com/blog/what-is-the-value-of-my-home,134
will the housing market crash,Informational,3600,34,2.60,0.01,0,0,22,,,https://www.housecanary.com/blog/is-the-housing-market-going-to-crash,121
does a view increase house price,Informational,2900,8,0.00,0.00,0,0,35,,,https://www.housecanary.com/blog/top-5-hidden-factors-influence-home-value,140
florida real estate market,Informational,2900,50,1.67,0.12,0,0,14,,,https://www.housecanary.com/blog/florida-housing-market,133
housecanary,"Navigational, Transactional",2900,34,10.04,0.48,0,0,1,,,https://www.housecanary.com/,99
value of my house,Informational,2900,68,2.89,0.69,0,0,57,,,https://www.housecanary.com/blog/what-is-the-value-of-my-home,137
when will the housing market crash,Informational,2900,26,2.16,0.01,0,0,44,,,https://www.housecanary.com/blog/is-the-housing-market-going-to-crash,130
when will the housing market crash again,Informational,2900,29,1.72,0.02,0,0,37,,,https://www.housecanary.com/blog/is-the-housing-market-going-to-crash,131
ai and real estate,Informational,2400,70,5.48,0.40,0,0,44,,,https://www.housecanary.com/blog/ai-in-real-estate,116
ai automated valuation model avm real estate 2026,Informational,2400,25,0.00,0.00,0,0,1,,,https://www.housecanary.com/blog/automated-valuation-model,109
arv meaning,Informational,2400,27,0.29,0.04,0,0,9,,,https://www.housecanary.com/blog/arv,134
automated valuation model,Informational,2400,41,6.69,0.04,0,0,22,,,https://www.housecanary.com/blog/automated-valuation-model,136
comparative market analysis tool,"Commercial, Informational",2400,22,5.27,0.60,0,0,6,,,https://www.housecanary.com/blog/comparative-market-analysis-tool,123
real estate agent leads,Informational,2400,37,21.69,0.41,0,0,15,,,https://www.housecanary.com/blog/best-lead-generation-for-realtors,119
what is the value of my house,Informational,2400,80,2.88,0.61,0,0,48,,,https://www.housecanary.com/blog/what-is-the-value-of-my-home,136
what's the value of my home,Informational,2400,80,3.25,0.62,0,0,40,,,https://www.housecanary.com/blog/what-is-the-value-of-my-home,133
withroam,Navigational,2400,45,4.22,0.11,0,0,19,,,https://www.housecanary.com/blog/assumable-mortgage,97
arv real estate,Informational,1900,28,1.63,0.09,0,0,8,,,https://www.housecanary.com/blog/arv,134
chatarv,Navigational,1900,24,0.00,0.33,0,10,38,,https://bricked.ai/alternatives/chatarv-alternatives,https://www.housecanary.com/,108
comehome,Navigational,1900,38,5.12,0.01,0,0,2,,,https://www.housecanary.com/solutions/comehome,0
house canary,Navigational,1900,31,10.04,0.48,0,0,1,,,https://www.housecanary.com/,102
house values,Informational,1900,82,2.28,0.54,0,0,30,,,https://www.housecanary.com/blog/what-is-the-value-of-my-home,143
housing market 2025,Informational,1900,60,0.00,0.02,0,0,18,,,https://www.housecanary.com/blog/housing-market-predictions,138
housing market trends,Informational,1900,64,2.03,0.25,0,0,32,,,https://www.housecanary.com/blog/real-estate-market-trends,144
how much my house worth,Informational,1900,83,3.08,0.53,0,0,47,,,https://www.housecanary.com/blog/what-is-the-value-of-my-home,133
how to determine capitalization rate,Informational,1900,41,0.25,0.25,0,0,31,,,https://www.housecanary.com/blog/cap-rate,127
huizemark.com founded,Informational,1900,6,0.00,0.00,0,0,36,,,https://www.housecanary.com/resources/about-us,3510
lead generation for real estate agents,,1900,37,24.13,0.44,0,0,7,,,https://www.housecanary.com/blog/best-lead-generation-for-realtors,133
property values,Informational,1900,73,2.33,0.38,0,0,21,,,https://www.housecanary.com/blog/what-is-the-value-of-my-home,143
real estate ai,Informational,1900,64,5.48,0.40,0,0,45,,,https://www.housecanary.com/blog/5-ai-tools-for-real-estate-investors,96
real estate trends,Informational,1900,81,1.90,0.10,0,0,40,,,https://www.housecanary.com/blog/real-estate-market-trends,142
what is arv in real estate,Informational,1900,24,0.23,0.08,0,0,23,,,https://www.housecanary.com/blog/arv,136
ai for real estate,Informational,1600,15,4.53,0.50,0,0,32,,,https://www.housecanary.com/blog/5-ai-tools-for-real-estate-investors,97
ai in real estate,Informational,1600,56,5.48,0.40,0,0,45,,,https://www.housecanary.com/blog/ai-in-real-estate,120
best real estate leads,Commercial,1600,35,24.26,0.43,0,0,25,,,https://www.housecanary.com/blog/best-lead-generation-for-realtors,115
cap rate equation,Informational,1600,37,0.34,0.19,0,0,9,,,https://www.housecanary.com/blog/cap-rate,136
cap rate real estate,Informational,1600,26,0.40,0.35,0,0,11,,,https://www.housecanary.com/blog/cap-rate,131
house valuation,Informational,1600,82,2.28,0.54,0,0,16,,,https://www.housecanary.com/blog/what-is-the-value-of-my-home,136
how do you figure out cap rate,Informational,1600,40,0.20,0.27,0,0,12,,,https://www.housecanary.com/blog/cap-rate,127
how is cap rate calculated,Informational,1600,44,0.20,0.27,0,0,15,,,https://www.housecanary.com/blog/cap-rate,185
how much much is my house worth,Informational,1600,79,3.19,0.63,0,0,56,,,https://www.housecanary.com/blog/what-is-the-value-of-my-home,133
how much to value my house,Informational,1600,79,3.19,0.63,0,0,46,,,https://www.housecanary.com/blog/what-is-the-value-of-my-home,136
is housing market going to crash,Informational,1600,29,1.30,0.01,0,0,23,,,https://www.housecanary.com/blog/is-the-housing-market-going-to-crash,120
lead generation tools for real estate,"Commercial, Informational",1600,28,12.41,0.13,0,0,1,,,https://www.housecanary.com/blog/best-lead-generation-for-realtors,127
online real estate leads,Commercial,1600,37,19.68,0.29,0,0,19,,,https://www.housecanary.com/blog/best-lead-generation-for-realtors,126
property seller leads,"Commercial, Informational",1600,29,0.00,0.33,0,0,3,,,https://www.housecanary.com/blog/best-lead-generation-for-realtors,122
real estate lead generation systems,Informational,1600,35,23.58,0.07,0,0,3,,,https://www.housecanary.com/blog/best-lead-generation-for-realtors,123
real estate market trends,Informational,1600,87,1.64,0.13,0,0,21,,,https://www.housecanary.com/blog/real-estate-market-trends,146
realestatemarket.us.com,Informational,1600,84,0.00,0.33,0,0,54,,,https://www.housecanary.com/blog/real-estate-market-trends,31800000
value of home,Informational,1600,78,2.49,0.46,0,0,23,,,https://www.housecanary.com/blog/what-is-the-value-of-my-home,137
will house prices go down,Transactional,1600,47,1.56,0.01,0,0,45,,,https://www.housecanary.com/blog/housing-market-predictions,127
ai real estate,Informational,1300,69,5.48,0.40,0,0,29,,,https://www.housecanary.com/blog/5-ai-tools-for-real-estate-investors,93
ai tools for real estate agent training and education programs,Informational,1300,35,0.00,0.00,0,0,9,,,https://www.housecanary.com/blog/5-ai-tools-for-real-estate-agents,150
arv calculator,Commercial,1300,7,2.36,0.48,0,6,0,,https://bricked.ai/best/arv-calculators-for-real-estate-investors,,121
assumable loans,Informational,1300,52,2.20,0.11,0,0,23,,,https://www.housecanary.com/blog/assumable-mortgage,130
assumable meaning,Informational,1300,50,0.00,0.33,0,0,22,,,https://www.housecanary.com/blog/assumable-mortgage,131
assuming a mortgage loan,Informational,1300,50,1.56,0.11,0,0,26,,,https://www.housecanary.com/blog/assumable-mortgage,134
best realtor leads,Commercial,1300,36,25.14,0.46,0,0,27,,,https://www.housecanary.com/blog/best-lead-generation-for-realtors,114
capitalization rate definition,Informational,1300,44,0.09,0.32,0,0,25,,,https://www.housecanary.com/blog/cap-rate,136
define cap rate,Informational,1300,45,0.09,0.32,0,0,14,,,https://www.housecanary.com/blog/cap-rate,134
florida housing market news,Informational,1300,38,0.89,0.03,0,0,18,,,https://www.housecanary.com/blog/florida-housing-market,130
house value estimate,Informational,1300,81,2.37,0.62,0,0,37,,,https://www.housecanary.com/blog/what-is-the-value-of-my-home,134
how much are house valuations,Informational,1300,80,3.01,0.65,0,0,22,,,https://www.housecanary.com/blog/what-is-the-value-of-my-home,198
how much does my house value,Informational,1300,80,3.05,0.53,0,0,53,,,https://www.housecanary.com/blog/what-is-the-value-of-my-home,136
how to assume a mortgage,Informational,1300,39,0.99,0.16,0,0,27,,,https://www.housecanary.com/blog/assumable-mortgage,131
how to determine cap rate,Informational,1300,36,0.25,0.25,0,0,30,,,https://www.housecanary.com/blog/cap-rate,129
how to find out how much your house is worth,Informational,1300,79,3.66,0.74,0,0,71,,,https://www.housecanary.com/blog/what-is-the-value-of-my-home,125
internet real estate leads,Commercial,1300,31,12.91,0.11,0,0,16,,,https://www.housecanary.com/blog/best-lead-generation-for-realtors,134
lead generation real estate,Informational,1300,30,19.49,0.43,0,0,7,,,https://www.housecanary.com/blog/best-lead-generation-for-realtors,128
market value of home,Informational,1300,68,2.56,0.67,0,0,43,,,https://www.housecanary.com/blog/what-is-the-value-of-my-home,133
real estate asset management,Informational,1300,30,6.33,0.31,0,0,5,,,https://www.housecanary.com/blog/real-estate-asset-management,129
real estate investment management software,Informational,1300,28,27.93,0.08,0,0,9,,,https://www.housecanary.com/blog/real-estate-investment-software,108
real estate leads for new agents,"Commercial, Informational",1300,31,19.34,0.15,0,0,15,,,https://www.housecanary.com/blog/best-lead-generation-for-realtors,142
real estate leads for realtors,Informational,1300,28,24.02,0.33,0,0,15,,,https://www.housecanary.com/blog/best-lead-generation-for-realtors,159
real estate market analysis,Informational,1300,55,3.38,0.35,0,0,44,,,https://www.housecanary.com/blog/real-estate-market-trends,134
real estate market predictions 2026,Informational,1300,47,1.89,0.16,0,0,15,,,https://www.housecanary.com/blog/housing-market-predictions,110
realtor lead generator,Informational,1300,9,29.06,0.30,0,0,12,,,https://www.housecanary.com/blog/best-lead-generation-for-realtors,150000
what are red states,Informational,1300,53,0.00,0.33,0,0,51,,,https://www.housecanary.com/blog/guardian-red-state-blue-state,2620000000
what cap rate in real estate,Informational,1300,29,0.13,0.37,0,0,14,,,https://www.housecanary.com/blog/cap-rate,163
what is arv,Informational,1300,25,0.65,0.05,0,0,32,,,https://www.housecanary.com/blog/arv,124
what is my homes value,Informational,1300,79,3.17,0.65,0,0,42,,,https://www.housecanary.com/blog/what-is-the-value-of-my-home,135
whats a cap rate,Informational,1300,41,0.11,0.26,0,0,13,,,https://www.housecanary.com/blog/cap-rate,132
when house market will crash,Informational,1300,32,3.23,0.02,0,0,42,,,https://www.housecanary.com/blog/is-the-housing-market-going-to-crash,125
when is the housing market going to crash,Informational,1300,40,3.11,0.03,0,0,31,,,https://www.housecanary.com/blog/is-the-housing-market-going-to-crash,130
which states are richer red or blue,Informational,1300,47,0.00,0.33,0,0,56,,,https://www.housecanary.com/blog/guardian-red-state-blue-state,106
assuming mortgage,Informational,1000,50,2.18,0.17,0,0,30,,,https://www.housecanary.com/blog/assumable-mortgage,132
best lead generation websites for realtors,Commercial,1000,37,22.51,0.15,0,0,27,,,https://www.housecanary.com/blog/best-lead-generation-for-realtors,125
best real estate leads for agents,"Commercial, Informational",1000,32,28.21,0.77,0,0,24,,,https://www.housecanary.com/blog/best-lead-generation-for-realtors,119
cap rates,Informational,1000,51,0.17,0.20,0,0,12,,,https://www.housecanary.com/blog/cap-rate,122
capitalization rate formula,Informational,1000,38,0.34,0.19,0,0,13,,,https://www.housecanary.com/blog/cap-rate,126
find home buyers leads,Informational,1000,23,0.00,0.03,0,0,16,,,https://www.housecanary.com/blog/best-lead-generation-for-realtors,114
home worth,Informational,1000,81,3.02,0.27,0,0,55,,,https://www.housecanary.com/blog/what-is-the-value-of-my-home,136
house app,Informational,1000,58,1.46,0.39,0,0,33,,,https://www.housecanary.com/,153
house value of my house,Informational,1000,79,3.38,0.60,0,0,40,,,https://www.housecanary.com/blog/what-is-the-value-of-my-home,139
housing market crash predictions,Informational,1000,37,3.30,0.02,0,0,14,,,https://www.housecanary.com/blog/housing-market-predictions,145
housing market indicators api,Informational,1000,31,0.00,0.00,0,0,4,,,https://www.housecanary.com/blog/real-estate-api,87
housing market predictions for next 5 years,Informational,1000,29,1.97,0.05,0,0,42,,,https://www.housecanary.com/blog/housing-market-predictions,23200
how ai is changing real estate in usa,Informational,1000,71,0.00,0.00,0,0,27,,,https://www.housecanary.com/blog/ai-in-real-estate,113
how do you calculate cap rate,Informational,1000,25,0.25,0.25,0,0,30,,,https://www.housecanary.com/blog/cap-rate,129
how realtors generate more leads online 2025,Informational,1000,33,0.00,0.00,0,0,15,,,https://www.housecanary.com/blog/best-lead-generation-for-realtors,129
how to find out a house value,Informational,1000,79,2.24,0.58,0,0,54,,,https://www.housecanary.com/blog/what-is-the-value-of-my-home,125
how to find what your house is worth,Informational,1000,79,3.43,0.67,0,0,66,,,https://www.housecanary.com/blog/what-is-the-value-of-my-home,128
leads for real estate agent,"Commercial, Informational",1000,32,34.51,0.60,0,0,17,,,https://www.housecanary.com/blog/best-lead-generation-for-realtors,131
new real estate agent leads,"Commercial, Informational",1000,32,19.34,0.15,0,0,14,,,https://www.housecanary.com/blog/best-lead-generation-for-realtors,108
real estate industry major challenges 2025,Informational,1000,21,0.00,0.00,0,0,53,,,https://www.housecanary.com/blog/real-estate-market-trends,138
real estate lead gen,"Commercial, Informational",1000,31,19.49,0.43,0,0,9,,,https://www.housecanary.com/blog/best-lead-generation-for-realtors,105
real estate portfolio management software,Informational,1000,24,32.14,0.10,0,0,23,,,https://www.housecanary.com/blog/real-estate-investment-software,122
u.s. housing market trends,Informational,1000,93,1.60,0.45,0,0,43,,,https://www.housecanary.com/blog/real-estate-market-trends,127
what does cap rate mean,Informational,1000,44,0.13,0.37,0,0,38,,,https://www.housecanary.com/blog/cap-rate,135
.com/home,Informational,880,65,0.00,0.01,0,0,59,,,https://www.housecanary.com/solutions/comehome,16680000000
ai for real estate agents,Informational,880,51,8.46,0.35,0,0,7,,,https://www.housecanary.com/blog/5-ai-tools-for-real-estate-agents,111
ai tools for real estate investors property screening,Informational,880,19,0.00,0.00,0,0,1,,,https://www.housecanary.com/blog/5-ai-tools-for-real-estate-investors,122
best real estate api,Commercial,880,18,3.26,0.33,0,0,2,,,https://www.housecanary.com/blog/real-estate-api,129
clearvalue mortage,Informational,880,55,0.00,0.00,0,0,57,,,https://www.housecanary.com/industries/private-money-lenders,89300
definition of cap rate,Informational,880,45,0.09,0.32,0,0,22,,,https://www.housecanary.com/blog/cap-rate,137
florida real estate forecast next 5 years,Informational,880,47,2.44,0.06,0,0,1,,,https://www.housecanary.com/blog/florida-housing-market,131
house market value,Informational,880,79,2.56,0.60,0,0,17,,,https://www.housecanary.com/blog/what-is-the-value-of-my-home,142
house worth,Informational,880,81,3.05,0.46,0,0,42,,,https://www.housecanary.com/blog/what-is-the-value-of-my-home,139
how much is your home worth,Informational,880,79,3.08,0.53,0,0,63,,,https://www.housecanary.com/blog/what-is-the-value-of-my-home,136
is real estate market going to crash,Informational,880,40,1.95,0.02,0,0,17,,,https://www.housecanary.com/blog/is-the-housing-market-going-to-crash,175
lead for realtor,"Commercial, Informational",880,34,34.51,0.60,0,0,10,,,https://www.housecanary.com/blog/best-lead-generation-for-realtors,193
lead gen real estate,Informational,880,26,19.49,0.43,0,0,9,,,https://www.housecanary.com/blog/best-lead-generation-for-realtors,108
predicting the housing market,Informational,880,65,2.39,0.17,0,0,17,,,https://www.housecanary.com/blog/housing-market-predictions,288
real estate lead generation software,Informational,880,56,15.49,0.18,0,0,7,,,https://www.housecanary.com/blog/best-lead-generation-for-realtors,125
real state trends,Informational,880,54,1.90,0.10,0,0,39,,,https://www.housecanary.com/blog/real-estate-market-trends,144
residential real estate market predictions,Informational,880,81,2.39,0.17,0,0,15,,,https://www.housecanary.com/blog/housing-market-predictions,137
value my house,Informational,880,80,3.38,0.60,0,0,37,,,https://www.housecanary.com/blog/what-is-the-value-of-my-home,61
varun krishna housing market outlook,Informational,880,32,0.00,0.33,0,0,50,,,https://www.housecanary.com/blog/housing-market-predictions,119
what are cap rates,Informational,880,48,0.11,0.26,0,0,14,,,https://www.housecanary.com/blog/cap-rate,131
what is a capitalization rate,Informational,880,33,0.11,0.26,0,0,15,,,https://www.housecanary.com/blog/cap-rate,131
will the housing market crash in the next 5 years,Informational,880,37,2.05,0.01,0,0,20,,,https://www.housecanary.com/blog/housing-market-predictions,114
2026 housing market predictions,Informational,720,49,0.83,0.08,0,0,16,,,https://www.housecanary.com/blog/housing-market-predictions,120
allways home ai real estate technology,Informational,720,34,0.00,0.00,0,0,10,,,https://www.housecanary.com/blog/5-ai-tools-for-real-estate-agents,549000000
assume loan,"Commercial, Informational",720,52,2.20,0.11,0,0,26,,,https://www.housecanary.com/blog/assumable-mortgage,135
avm appraisal,Informational,720,33,4.09,0.36,0,0,22,,,https://www.housecanary.com/blog/real-estate-avm-accuracy,115
avm real estate,Informational,720,36,3.37,0.15,0,0,11,,,https://www.housecanary.com/blog/real-estate-avm-accuracy,113
best real estate tools for homebuyers,Commercial,720,27,0.00,0.00,0,0,6,,,https://www.housecanary.com/blog/5-ai-tools-for-real-estate-agents,199
dwelling blocks,Navigational,720,25,0.00,0.01,0,0,54,,,https://www.housecanary.com/industries/mortgage-lenders,166
estimate my house value,Informational,720,79,3.48,0.69,0,0,56,,,https://www.housecanary.com/blog/what-is-the-value-of-my-home,134
fair rental value,Informational,720,25,3.92,0.19,0,0,39,,,https://www.housecanary.com/blog/find-perfect-rent-rate-housecanary-rental-cma,130
home estimate value,Informational,720,80,2.50,0.59,0,0,59,,,https://www.housecanary.com/blog/what-is-the-value-of-my-home,135
home market value,Informational,720,80,2.56,0.60,0,0,49,,,https://www.housecanary.com/blog/what-is-the-value-of-my-home,138
house seller leads,Informational,720,36,0.00,0.33,0,0,8,,,https://www.housecanary.com/blog/best-lead-generation-for-realtors,124
housing market florida,Informational,720,48,1.67,0.12,0,0,24,,,https://www.housecanary.com/blog/florida-housing-market,128
housing market forecast,Informational,720,56,1.98,0.17,0,0,17,,,https://www.housecanary.com/blog/housing-market-predictions,138
housing market reset prediction,Informational,720,50,2.72,0.20,0,0,11,,,https://www.housecanary.com/blog/housing-market-predictions,130
how do i find the value of my home,Informational,720,78,3.35,0.68,0,0,48,,,https://www.housecanary.com/blog/what-is-the-value-of-my-home,133
how do you value your house,Informational,720,78,3.10,0.68,0,0,55,,,https://www.housecanary.com/blog/what-is-the-value-of-my-home,178
how much is your house worth,Informational,720,78,3.05,0.53,0,0,60,,,https://www.housecanary.com/blog/what-is-the-value-of-my-home,135
how to determine how much your house is worth,Informational,720,78,3.58,0.70,0,0,60,,,https://www.housecanary.com/blog/what-is-the-value-of-my-home,130
how to find out how much my house is worth,Informational,720,78,3.66,0.74,0,0,69,,,https://www.housecanary.com/blog/what-is-the-value-of-my-home,127
how to get a comparative market analysis,Informational,720,30,6.68,0.62,0,0,10,,,https://www.housecanary.com/blog/comparative-market-analysis-tool,127
next housing crash prediction,Informational,720,58,0.00,0.33,0,0,12,,,https://www.housecanary.com/blog/housing-market-predictions,113
quantarium,Navigational,720,33,3.29,0.02,0,0,37,,,https://www.housecanary.com/,102
real estate ai tools,Informational,720,39,7.55,0.55,0,0,9,,,https://www.housecanary.com/blog/5-ai-tools-for-real-estate-agents,109
real estate and asset management,Informational,720,28,6.33,0.31,0,0,5,,,https://www.housecanary.com/blog/real-estate-asset-management,127
real estate data platform,Informational,720,47,5.71,0.01,0,0,7,,,https://www.housecanary.com/,130
real estate market research,Informational,720,64,4.13,0.08,0,0,46,,,https://www.housecanary.com/blog/real-estate-market-trends,137
realtor leads,Informational,720,47,32.99,0.48,0,0,12,,,https://www.housecanary.com/blog/best-lead-generation-for-realtors,109
the best real estate leads,Commercial,720,28,0.00,0.05,0,0,9,,,https://www.housecanary.com/blog/best-lead-generation-for-realtors,118
the housing market will crash,Informational,720,32,2.62,0.01,0,0,34,,,https://www.housecanary.com/blog/is-the-housing-market-going-to-crash,148
us housing market trends 2025,Informational,720,77,0.00,0.00,0,0,27,,,https://www.housecanary.com/blog/real-estate-market-trends,135
value of your home,"Commercial, Informational",720,80,3.16,0.65,0,0,50,,,https://www.housecanary.com/blog/what-is-the-value-of-my-home,136
value your home,"Commercial, Informational",720,79,3.50,0.65,0,0,57,,,https://www.housecanary.com/blog/what-is-the-value-of-my-home,136
what does arv mean in real estate,Informational,720,27,0.12,0.08,0,0,7,,,https://www.housecanary.com/blog/arv,135
what is avm in real estate,Informational,720,27,2.87,0.02,0,0,5,,,https://www.housecanary.com/blog/automated-valuation-model,188
what is my house worth now,Informational,720,79,3.26,0.71,0,0,49,,,https://www.housecanary.com/blog/what-is-the-value-of-my-home,138
what is the cap rate in real estate,Informational,720,42,0.13,0.37,0,0,14,,,https://www.housecanary.com/blog/cap-rate,134
what my house value,Informational,720,79,2.99,0.35,0,0,45,,,https://www.housecanary.com/blog/what-is-the-value-of-my-home,136
where to get leads for real estate,Informational,720,29,21.26,0.36,0,0,12,,,https://www.housecanary.com/blog/best-lead-generation-for-realtors,121
will housing market crash,Informational,720,36,2.62,0.01,0,0,33,,,https://www.housecanary.com/blog/is-the-housing-market-going-to-crash,128
will the housing market ever go down,Informational,720,47,1.69,0.03,0,0,37,,,https://www.housecanary.com/blog/is-the-housing-market-going-to-crash,167000
appraisal value of a house,Informational,590,68,2.90,0.42,0,0,62,,,https://www.housecanary.com/blog/what-is-the-value-of-my-home,135
arv in real estate,Informational,590,21,1.63,0.09,0,0,30,,,https://www.housecanary.com/blog/arv,132
assumable fha loan,Informational,590,47,2.06,0.07,0,0,24,,,https://www.housecanary.com/blog/assumable-mortgage,131
assumable va loans,Informational,590,44,3.83,0.25,0,0,21,,,https://www.housecanary.com/blog/assumable-mortgage,131
automated valuation model real estate,Informational,590,31,3.37,0.15,0,0,14,,,https://www.housecanary.com/blog/automated-valuation-model,149
bricks ai,"Navigational, Transactional",590,16,13.31,0.22,0,43,0,,https://bricked.ai/,,104
buyer beware states,Informational,590,11,0.00,0.33,0,0,45,,,https://www.housecanary.com/blog/non-disclosure-states,159
cap rate explained,Informational,590,36,0.14,0.43,0,0,10,,,https://www.housecanary.com/blog/cap-rate,130
collateral analytics,,590,31,3.34,0.35,0,0,41,,,https://www.housecanary.com/,58
current value house,Commercial,590,80,3.04,0.63,0,0,41,,,https://www.housecanary.com/blog/what-is-the-value-of-my-home,142
define capitalisation rate,Informational,590,45,0.08,0.35,0,0,12,,,https://www.housecanary.com/blog/cap-rate,136
determine capitalization rate,Informational,590,31,0.51,0.17,0,0,10,,,https://www.housecanary.com/blog/cap-rate,130
find out the value of my house,Informational,590,78,4.21,0.66,0,0,41,,,https://www.housecanary.com/blog/what-is-the-value-of-my-home,139
house canery,Navigational,590,28,10.04,0.48,0,0,1,,,https://www.housecanary.com/,102
house market 2026,Informational,590,57,1.89,0.19,0,0,27,,,https://www.housecanary.com/blog/housing-market-predictions,126
house valuation estimate,Informational,590,80,2.37,0.62,0,0,23,,,https://www.housecanary.com/blog/what-is-the-value-of-my-home,132
housefishing,Informational,590,29,1.19,0.11,0,0,46,,,https://www.housecanary.com/,107
housing bubble 2025,Informational,590,50,0.00,0.01,0,0,33,,,https://www.housecanary.com/blog/is-the-housing-market-going-to-crash,129
housing market crash 2025,Informational,590,41,0.00,0.01,0,0,20,,,https://www.housecanary.com/blog/is-the-housing-market-going-to-crash,139
housing market predictions 2025,Informational,590,66,0.00,0.33,0,0,17,,,https://www.housecanary.com/blog/housing-market-predictions,132
how much is a property worth,Informational,590,79,3.43,0.49,0,0,24,,,https://www.housecanary.com/blog/what-is-the-value-of-my-home,138
how much is home worth,Informational,590,79,3.05,0.53,0,0,53,,,https://www.housecanary.com/blog/what-is-the-value-of-my-home,134
how to calculate capitalization rate,Informational,590,33,0.20,0.27,0,0,12,,,https://www.housecanary.com/blog/cap-rate,124
how to figure out cap rate,Informational,590,34,0.20,0.27,0,0,9,,,https://www.housecanary.com/blog/cap-rate,165
how to find out how much a house is worth,Informational,590,78,3.58,0.70,0,0,66,,,https://www.housecanary.com/blog/what-is-the-value-of-my-home,126
how to find the value of my home,Informational,590,78,3.43,0.67,0,0,67,,,https://www.housecanary.com/blog/what-is-the-value-of-my-home,128
how to find your house value,Informational,590,78,3.43,0.67,0,0,53,,,https://www.housecanary.com/blog/what-is-the-value-of-my-home,129
lead generation tools for realtors,"Commercial, Informational",590,26,0.00,0.33,0,0,4,,,https://www.housecanary.com/blog/best-lead-generation-for-realtors,143
market value of my house,Informational,590,78,3.40,0.71,0,0,41,,,https://www.housecanary.com/blog/what-is-the-value-of-my-home,204
median home price florida,Transactional,590,57,1.21,0.04,0,0,13,,,https://www.housecanary.com/blog/florida-housing-market,123
more real estate leads,"Commercial, Informational",590,29,0.00,0.33,0,0,12,,,https://www.housecanary.com/blog/best-lead-generation-for-realtors,126
property abbreviation,Informational,590,10,0.00,0.33,0,0,30,,,https://www.housecanary.com/blog/alphabet-soup-real-estate-acronyms-decoded,115
real estate api,Commercial,590,35,4.68,0.55,0,0,5,,,https://www.housecanary.com/blog/real-estate-api,127
real estate investment management,Informational,590,31,8.69,0.18,0,0,10,,,https://www.housecanary.com/blog/real-estate-asset-management,135
real estate lead generator,Informational,590,34,19.49,0.43,0,0,12,,,https://www.housecanary.com/blog/best-lead-generation-for-realtors,133
real estate lead generators,Informational,590,31,21.69,0.41,0,0,8,,,https://www.housecanary.com/blog/best-lead-generation-for-realtors,130
real estate market predictions,Informational,590,68,2.58,0.19,0,0,15,,,https://www.housecanary.com/blog/housing-market-predictions,137
real estate market trends 2025,Informational,590,88,0.00,0.33,0,0,17,,,https://www.housecanary.com/blog/housing-market-predictions,131
real estate value,Informational,590,80,2.26,0.42,0,0,22,,,https://www.housecanary.com/blog/what-is-the-value-of-my-home,139
software for real estate investors,"Commercial, Informational",590,26,13.08,0.04,0,0,8,,,https://www.housecanary.com/blog/real-estate-investment-software,117
value of your house,Informational,590,79,3.27,0.62,0,0,45,,,https://www.housecanary.com/blog/what-is-the-value-of-my-home,135
what are cap rates real estate,Informational,590,33,0.13,0.37,0,0,14,,,https://www.housecanary.com/blog/cap-rate,160
what is a good capitalization rate,Informational,590,26,0.32,0.13,0,0,19,,,https://www.housecanary.com/blog/cap-rate,139
what is arv real estate,Informational,590,22,0.14,0.09,0,0,31,,,https://www.housecanary.com/blog/arv,133
whats my home value,Informational,590,80,3.35,0.71,0,0,36,,,https://www.housecanary.com/blog/what-is-the-value-of-my-home,134
when will home prices drop,Transactional,590,43,2.11,0.02,0,0,30,,,https://www.housecanary.com/blog/housing-market-predictions,195
when will home prices go down,Transactional,590,44,2.32,0.02,0,0,27,,,https://www.housecanary.com/blog/housing-market-predictions,136
when will the housing market collapse again,Informational,590,44,2.94,0.02,0,0,42,,,https://www.housecanary.com/blog/is-the-housing-market-going-to-crash,173
will home prices drop in 2024,Transactional,590,44,0.00,0.33,0,0,32,,,https://www.housecanary.com/blog/housing-market-predictions,516000000
will the housing market crash in 2024,Informational,590,43,0.00,0.33,0,0,49,,,https://www.housecanary.com/blog/is-the-housing-market-going-to-crash,134
after repair value calculator,Informational,480,10,2.06,0.34,0,0,18,,,https://www.housecanary.com/blog/arv,117
ai agents for real estate,Informational,480,23,7.07,0.20,0,0,4,,,https://www.housecanary.com/blog/5-ai-tools-for-real-estate-agents,126
ai tools for real estate agents,Informational,480,33,7.58,0.22,0,0,5,,,https://www.housecanary.com/blog/5-ai-tools-for-real-estate-agents,110
asset management real estate,Commercial,480,17,6.33,0.31,0,0,7,,,https://www.housecanary.com/blog/real-estate-asset-management,128
assumable loan meaning,Informational,480,55,0.48,0.10,0,0,21,,,https://www.housecanary.com/blog/assumable-mortgage,132
best real estate lead generation,Commercial,480,33,25.14,0.46,0,0,23,,,https://www.housecanary.com/blog/best-lead-generation-for-realtors,100
best real estate lead generation websites,Commercial,480,37,22.51,0.15,0,0,25,,,https://www.housecanary.com/blog/best-lead-generation-for-realtors,123
canary wharfian,Navigational,480,32,0.00,0.01,0,0,12,,,https://www.housecanary.com/,111
cap rate in real estate,Informational,480,39,0.36,0.30,0,0,8,,,https://www.housecanary.com/blog/cap-rate,137
check home value,Informational,480,77,2.66,0.65,0,0,67,,,https://www.housecanary.com/blog/what-is-the-value-of-my-home,136
check house value,Informational,480,79,2.33,0.61,0,0,48,,,https://www.housecanary.com/blog/what-is-the-value-of-my-home,138
comparative market analysis free,Informational,480,12,4.43,0.72,0,0,17,,,https://www.housecanary.com/blog/comparative-market-analysis-tool,133
comparative market analysis real estate,Informational,480,30,3.81,0.32,0,0,11,,,https://www.housecanary.com/blog/comparative-market-analysis-tool,132
data in real estate,Informational,480,41,3.67,0.22,0,0,64,,,https://www.housecanary.com/solutions/investment-insights,135
florida median house price,Transactional,480,59,1.05,0.03,0,0,9,,,https://www.housecanary.com/blog/florida-housing-market,150
free arv calculator,Commercial,480,4,2.39,0.62,0,18,0,,https://bricked.ai/best/arv-calculators-for-real-estate-investors,,113
google real estate,Informational,480,47,0.76,0.19,0,0,4,,,https://www.housecanary.com/google,103
home estimated value,Informational,480,80,2.41,0.65,0,0,42,,,https://www.housecanary.com/blog/what-is-the-value-of-my-home,134
household value,Informational,480,81,2.28,0.54,0,0,15,,,https://www.housecanary.com/blog/what-is-the-value-of-my-home,131
housing market outlook,Informational,480,60,1.80,0.18,0,0,23,,,https://www.housecanary.com/blog/housing-market-predictions,137
housing trends,Informational,480,90,1.47,0.18,0,0,39,,,https://www.housecanary.com/blog/real-estate-market-trends,146
how much is house worth,Informational,480,79,3.02,0.62,0,0,40,,,https://www.housecanary.com/blog/what-is-the-value-of-my-home,140
lead generation for realestate,Informational,480,24,19.49,0.43,0,0,8,,,https://www.housecanary.com/blog/best-lead-generation-for-realtors,153
lead generation for realtors,Informational,480,31,34.51,0.60,0,0,10,,,https://www.housecanary.com/blog/best-lead-generation-for-realtors,136
mortgage rates and seasonal trends create opportunities for homebuyers now,Informational,480,34,1.90,0.04,0,0,75,,,https://www.housecanary.com/blog/real-estate-market-trends,167
my house valuation,Informational,480,80,3.16,0.65,0,0,17,,,https://www.housecanary.com/blog/what-is-the-value-of-my-home,140
my house worth,Informational,480,80,3.27,0.62,0,0,42,,,https://www.housecanary.com/blog/what-is-the-value-of-my-home,139
online lead generation real estate,Informational,480,35,19.49,0.43,0,0,18,,,https://www.housecanary.com/blog/best-lead-generation-for-realtors,123
our home value,Informational,480,79,3.63,0.66,0,0,46,,,https://www.housecanary.com/blog/what-is-the-value-of-my-home,137
property radar api,Navigational,480,14,6.36,0.99,0,0,27,,,https://www.housecanary.com/blog/real-estate-api,109
real estate buyer leads,Commercial,480,30,25.20,0.47,0,0,12,,,https://www.housecanary.com/blog/best-lead-generation-for-realtors,125
real estate data api,Commercial,480,30,6.00,0.35,0,0,4,,,https://www.housecanary.com/blog/real-estate-api,129
real estate outlook,Informational,480,76,1.92,0.09,0,0,20,,,https://www.housecanary.com/blog/housing-market-predictions,110
real estate seller leads,"Commercial, Informational",480,29,21.35,0.32,0,0,14,,,https://www.housecanary.com/blog/best-lead-generation-for-realtors,127
real estate tools for agents,Informational,480,33,6.26,0.23,0,0,6,,,https://www.housecanary.com/blog/5-ai-tools-for-real-estate-agents,161
top real estate categories market updates,"Commercial, Informational",480,75,0.00,0.00,0,0,59,,,https://www.housecanary.com/blog/real-estate-market-trends,132
valuing houses,Informational,480,72,2.47,0.51,0,0,21,,,https://www.housecanary.com/blog/what-is-the-value-of-my-home,131
what does arv in real estate mean,Informational,480,26,0.19,0.08,0,0,13,,,https://www.housecanary.com/blog/arv,135
what does cap rate mean in real estate,Informational,480,36,0.12,0.42,0,0,20,,,https://www.housecanary.com/blog/cap-rate,157
what is capitalization rate commercial real estate,Informational,480,38,0.15,0.43,0,0,36,,,https://www.housecanary.com/blog/cap-rate,172
what is rvm in real estate,Informational,480,9,0.00,0.01,0,0,55,,,https://www.housecanary.com/blog/automated-valuation-model,188
what is the cap rate,Informational,480,38,0.11,0.24,0,0,4,,,https://www.housecanary.com/blog/cap-rate,173
what is the home value of my home,Informational,480,77,3.17,0.65,0,0,50,,,https://www.housecanary.com/blog/what-is-the-value-of-my-home,191
what is the market value of my home,Informational,480,78,2.71,0.67,0,0,44,,,https://www.housecanary.com/blog/what-is-the-value-of-my-home,137
what mortgages are assumable,Informational,480,50,0.45,0.11,0,0,22,,,https://www.housecanary.com/blog/assumable-mortgage,134
what my home worth,Informational,480,78,3.37,0.57,0,0,70,,,https://www.housecanary.com/blog/what-is-the-value-of-my-home,132
what's my flat worth,Informational,480,71,0.00,0.33,0,0,39,,,https://www.housecanary.com/blog/what-is-the-value-of-my-home,139
when the housing market will crash,Informational,480,45,3.23,0.02,0,0,40,,,https://www.housecanary.com/blog/is-the-housing-market-going-to-crash,124
when will house prices go down,Transactional,480,44,2.32,0.02,0,0,33,,,https://www.housecanary.com/blog/housing-market-predictions,133
when will housing market crash,Informational,480,39,3.23,0.02,0,0,39,,,https://www.housecanary.com/blog/is-the-housing-market-going-to-crash,124
2026 housing market,Informational,390,62,3.06,0.08,0,0,18,,,https://www.housecanary.com/blog/housing-market-predictions,116
ai agent for real estate,Informational,390,48,7.93,0.40,0,0,7,,,https://www.housecanary.com/blog/5-ai-tools-for-real-estate-agents,134
ai chatbot for homebuilding guidance and builder matching,Informational,390,8,0.00,0.00,0,0,46,,,https://www.housecanary.com/blog/5-ai-tools-for-real-estate-agents,104000000
assume home loans,Informational,390,56,1.56,0.11,0,0,18,,,https://www.housecanary.com/blog/assumable-mortgage,126
assume mortgage,Informational,390,51,2.18,0.17,0,0,29,,,https://www.housecanary.com/blog/assumable-mortgage,138
automated appraisal tool,Informational,390,54,2.17,0.23,0,0,11,,,https://www.housecanary.com/blog/avms-reshape-real-estate,133
automated lead generation real estate,Informational,390,35,0.00,0.33,0,0,4,,,https://www.housecanary.com/blog/best-lead-generation-for-realtors,125
best real estate lead generation companies,Commercial,390,31,26.60,0.54,0,0,19,,,https://www.housecanary.com/blog/best-lead-generation-for-realtors,115
best real estate software for investors,"Commercial, Informational",390,73,10.46,0.24,0,0,9,,,https://www.housecanary.com/blog/real-estate-investment-software,152
blue states and red states map,Informational,390,45,0.00,0.33,0,0,26,,,https://www.housecanary.com/blog/guardian-red-state-blue-state,735000000
cap rate formula real estate,Informational,390,32,0.60,0.26,0,0,8,,,https://www.housecanary.com/blog/cap-rate,132
cap rates explained,Informational,390,45,0.17,0.42,0,0,39,,,https://www.housecanary.com/blog/cap-rate,126
capitalization rate real estate,Informational,390,28,0.36,0.30,0,0,10,,,https://www.housecanary.com/blog/cap-rate,134
comhome,Informational,390,11,0.00,0.01,0,0,21,,,https://www.housecanary.com/solutions/comehome,112
current market conditions may 2026,Informational,390,12,0.00,0.00,0,0,32,,,https://www.housecanary.com/blog/market-pulse-2026-may,136
find the value of home,Informational,390,79,2.77,0.70,0,0,74,,,https://www.housecanary.com/blog/what-is-the-value-of-my-home,135
generating real estate leads,Informational,390,22,19.49,0.43,0,0,15,,,https://www.housecanary.com/blog/best-lead-generation-for-realtors,134
home market valuation,Informational,390,79,2.56,0.60,0,0,27,,,https://www.housecanary.com/blog/what-is-the-value-of-my-home,133
home sales forecast 2025,Informational,390,45,0.00,0.00,0,0,20,,,https://www.housecanary.com/blog/housing-market-predictions,140
home valued,Informational,390,69,2.49,0.46,0,0,21,,,https://www.housecanary.com/blog/what-is-the-value-of-my-home,139
house values near me,"Informational, Transactional",390,46,1.43,0.59,0,0,24,,,https://www.housecanary.com/blog/what-is-the-value-of-my-home,155
housesinmobiliaria.com customer service phone number,Informational,390,16,0.00,0.00,0,0,4,,,https://www.housecanary.com/contact,7430
housing creator,Informational,390,25,1.79,0.34,0,0,46,,,https://www.housecanary.com/,106
housing market 5 year forecast,Informational,390,28,0.00,0.04,0,0,25,,,https://www.housecanary.com/blog/housing-market-predictions,133
housing market forecast 2026,Informational,390,44,0.88,0.14,0,0,21,,,https://www.housecanary.com/blog/housing-market-predictions,126
housing market predictions 2027,Informational,390,31,2.38,0.05,0,0,33,,,https://www.housecanary.com/blog/housing-market-predictions,122
housingdata.app building permits api,Informational,390,16,0.00,0.00,0,0,47,,,https://www.housecanary.com/blog/real-estate-api,13100
how do i know how much my house is worth,Informational,390,76,3.64,0.71,0,0,79,,,https://www.housecanary.com/blog/what-is-the-value-of-my-home,190
how do you know what your home is worth,Informational,390,78,3.66,0.69,0,0,56,,,https://www.housecanary.com/blog/what-is-the-value-of-my-home,128
how much are homes worth,Informational,390,78,3.05,0.53,0,0,60,,,https://www.housecanary.com/blog/what-is-the-value-of-my-home,137
how much does my house worth,Informational,390,77,3.02,0.62,0,0,66,,,https://www.housecanary.com/blog/what-is-the-value-of-my-home,185
how much is property worth,Informational,390,79,4.33,0.57,0,0,55,,,https://www.housecanary.com/blog/what-is-the-value-of-my-home,196
how to calculate cap rates,Informational,390,31,0.20,0.27,0,0,9,,,https://www.housecanary.com/blog/cap-rate,125
how to find cap rate,Informational,390,31,0.26,0.17,0,0,9,,,https://www.housecanary.com/blog/cap-rate,131
how to find home value,Informational,390,78,2.24,0.58,0,0,56,,,https://www.housecanary.com/blog/what-is-the-value-of-my-home,126
how to find out value of home,Informational,390,78,2.24,0.58,0,0,54,,,https://www.housecanary.com/blog/what-is-the-value-of-my-home,132
how to find the value of your home,Informational,390,79,2.78,0.66,0,0,68,,,https://www.housecanary.com/blog/what-is-the-value-of-my-home,132
leads for real estate agents,"Commercial, Informational",390,32,31.91,0.55,0,0,16,,,https://www.housecanary.com/blog/best-lead-generation-for-realtors,128
loan assumable,Informational,390,55,2.47,0.12,0,0,24,,,https://www.housecanary.com/blog/assumable-mortgage,133
median house price in florida,Transactional,390,58,1.09,0.06,0,0,28,,,https://www.housecanary.com/blog/florida-housing-market,134
moody's home price forecast,Transactional,390,16,0.00,0.33,0,0,47,,,https://www.housecanary.com/blog/housing-market-predictions,123
most red states,Informational,390,38,0.00,0.33,0,0,75,,,https://www.housecanary.com/blog/guardian-red-state-blue-state,4130000000
my home valuation,Informational,390,79,3.51,0.63,0,0,36,,,https://www.housecanary.com/blog/what-is-the-value-of-my-home,138
real estate future trens,Informational,390,86,0.00,0.00,0,0,24,,,https://www.housecanary.com/blog/housing-market-predictions,128
real estate lead generation websites,"Commercial, Informational",390,32,17.36,0.17,0,0,14,,,https://www.housecanary.com/blog/best-lead-generation-for-realtors,127
real estate leads for agents,"Commercial, Informational",390,31,27.69,0.72,0,0,15,,,https://www.housecanary.com/blog/best-lead-generation-for-realtors,156
real estate market outlook,Informational,390,81,1.81,0.17,0,0,25,,,https://www.housecanary.com/blog/housing-market-predictions,134
real estate marketing tool,"Commercial, Informational",390,27,11.64,0.12,0,0,15,,,https://www.housecanary.com/blog/5-ai-tools-for-real-estate-agents,137
reality search engine,Commercial,390,36,1.20,0.17,0,0,43,,,https://www.housecanary.com/,138
realtor lead generation,Informational,390,30,29.06,0.30,0,0,9,,,https://www.housecanary.com/blog/best-lead-generation-for-realtors,153
top real estate lead generation companies,Commercial,390,34,23.10,0.51,0,0,13,,,https://www.housecanary.com/blog/best-lead-generation-for-realtors,138
united states real estate market trends,Informational,390,89,1.60,0.45,0,0,32,,,https://www.housecanary.com/blog/real-estate-market-trends,140
what are cap rates in real estate,Informational,390,38,0.11,0.36,0,0,15,,,https://www.housecanary.com/blog/cap-rate,158
what does arv mean,Informational,390,18,0.21,0.04,0,0,15,,,https://www.housecanary.com/blog/arv,128
what does cap rate mean for real estate,Informational,390,33,0.15,0.46,0,0,50,,,https://www.housecanary.com/blog/cap-rate,129
what does cap rate mean on real estate,Informational,390,33,0.12,0.42,0,0,14,,,https://www.housecanary.com/blog/cap-rate,134
what does cap rate mean real estate,Informational,390,36,0.12,0.42,0,0,17,,,https://www.housecanary.com/blog/cap-rate,128
what is an arv in real estate,Informational,390,24,0.07,0.03,0,0,30,,,https://www.housecanary.com/blog/arv,168
what is housefishing,Informational,390,23,0.00,0.33,0,0,44,,,https://www.housecanary.com/,105
whats a cap rate real estate,Informational,390,36,0.16,0.40,0,0,44,,,https://www.housecanary.com/blog/cap-rate,131
whats arv,Informational,390,15,1.08,0.05,0,0,40,,,https://www.housecanary.com/blog/arv,132
when is the housing market expected to crash,Informational,390,42,2.40,0.04,0,0,16,,,https://www.housecanary.com/blog/housing-market-predictions,153
when will housing prices go down,Transactional,390,44,2.54,0.04,0,0,31,,,https://www.housecanary.com/blog/housing-market-predictions,136
when will the housing market go down,Informational,390,46,2.08,0.06,0,0,21,,,https://www.housecanary.com/blog/housing-market-predictions,126
will real estate market crash,Informational,390,36,2.62,0.01,0,0,40,,,https://www.housecanary.com/blog/is-the-housing-market-going-to-crash,125
will the home prices go down,Transactional,390,49,1.70,0.01,0,0,27,,,https://www.housecanary.com/blog/housing-market-predictions,128
will the housing market crash in 2025,Informational,390,33,0.00,0.33,0,0,23,,,https://www.housecanary.com/blog/is-the-housing-market-going-to-crash,129
ai agents for real estate lead qualification,Informational,320,24,0.00,0.00,0,0,12,,,https://www.housecanary.com/blog/5-ai-tools-for-real-estate-agents,126
ai for realtors,Informational,320,45,8.03,0.60,0,0,7,,,https://www.housecanary.com/blog/5-ai-tools-for-real-estate-agents,95
ai real estate title search tool,Informational,320,12,0.00,0.00,0,0,12,,,https://www.housecanary.com/blog/5-ai-tools-for-real-estate-agents,122
amv valuation,Informational,320,7,0.00,0.33,0,0,52,,,https://www.housecanary.com/blog/automated-valuation-model,121
api real estate,"Commercial, Informational",320,29,4.29,0.53,0,0,5,,,https://www.housecanary.com/blog/real-estate-api,135
avm in real estate,Informational,320,40,3.37,0.15,0,0,3,,,https://www.housecanary.com/blog/automated-valuation-model,114
avm meaning real estate,Informational,320,41,0.00,0.02,0,0,30,,,https://www.housecanary.com/blog/automated-valuation-model,107
best ai tools for real estate wholesalers,Commercial,320,2,0.00,0.00,0,0,35,,,https://www.housecanary.com/blog/5-ai-tools-for-real-estate-agents,117
best lead generation strategies for realtors 2025,"Commercial, Informational",320,16,0.00,0.00,0,0,11,,,https://www.housecanary.com/blog/best-lead-generation-for-realtors,150
bricked ai,Navigational,320,35,6.17,0.09,0,1,0,,https://bricked.ai/,,0
canary ai,Informational,320,44,9.92,0.11,0,0,3,,,https://www.housecanary.com/products/canary-ai,125
cap rate formulas,Informational,320,29,0.34,0.19,0,0,11,,,https://www.housecanary.com/blog/cap-rate,127
cap rate meaning real estate,Informational,320,41,0.11,0.29,0,0,21,,,https://www.housecanary.com/blog/cap-rate,130
capitalization rates meaning,Informational,320,47,0.08,0.35,0,0,15,,,https://www.housecanary.com/blog/cap-rate,135
cheapest price per sq ft blue states,Transactional,320,20,0.00,0.00,0,0,4,,,https://www.housecanary.com/blog/guardian-red-state-blue-state,117
cma comparative market analysis,Informational,320,30,3.91,0.53,0,0,14,,,https://www.housecanary.com/blog/comparative-market-analysis-tool,129
com home,Informational,320,61,0.00,0.01,0,0,29,,,https://www.housecanary.com/solutions/comehome,16320000000
current market value of my home,Commercial,320,77,2.39,0.65,0,0,83,,,https://www.housecanary.com/blog/what-is-the-value-of-my-home,194
current residential development market conditions us,Informational,320,72,0.00,0.00,0,0,31,,,https://www.housecanary.com/blog/real-estate-market-trends,131
current value of my house,Informational,320,78,3.04,0.63,0,0,54,,,https://www.housecanary.com/blog/what-is-the-value-of-my-home,137
emerging trends in real estate,Informational,320,40,4.51,0.09,0,0,59,,,https://www.housecanary.com/blog/real-estate-market-trends,114
explain cap rate,Informational,320,32,0.13,0.43,0,0,10,,,https://www.housecanary.com/blog/cap-rate,134
florida housing market predictions 2026,Informational,320,25,0.94,0.12,0,0,28,,,https://www.housecanary.com/blog/florida-housing-market,105
florida housing prices,Commercial,320,42,1.05,0.39,0,0,24,,,https://www.housecanary.com/blog/florida-housing-market,134
florida median home price,Informational,320,46,1.05,0.03,0,0,11,,,https://www.housecanary.com/blog/florida-housing-market,132
home prices downturn risk,Transactional,320,47,0.00,0.00,0,0,34,,,https://www.housecanary.com/blog/is-the-housing-market-going-to-crash,133
house estimate price,Commercial,320,79,2.30,0.58,0,0,35,,,https://www.housecanary.com/blog/what-is-the-value-of-my-home,135
house market florida,Informational,320,64,1.26,0.11,0,0,24,,,https://www.housecanary.com/blog/florida-housing-market,134
housing market 2026 predictions,Informational,320,43,2.11,0.14,0,0,22,,,https://www.housecanary.com/blog/housing-market-predictions,126
housing market forecast 2025,Informational,320,58,0.00,0.33,0,0,18,,,https://www.housecanary.com/blog/housing-market-predictions,133
housing market prediction,Informational,320,51,2.69,0.13,0,0,14,,,https://www.housecanary.com/blog/housing-market-predictions,133
how do i calculate cap rate,Informational,320,30,0.20,0.27,0,0,9,,,https://www.housecanary.com/blog/cap-rate,127
how do you find out the value of your home,Informational,320,76,3.35,0.68,0,0,62,,,https://www.housecanary.com/blog/what-is-the-value-of-my-home,190
how much in my home worth,Informational,320,75,0.00,0.00,0,0,61,,,https://www.housecanary.com/blog/what-is-the-value-of-my-home,134
how to calculate a cap rate,Informational,320,28,0.20,0.27,0,0,11,,,https://www.housecanary.com/blog/cap-rate,128
how to calculate arv,Informational,320,17,1.61,0.43,0,0,21,,,https://www.housecanary.com/blog/arv,127
how to calculate arv on a property,Informational,320,26,1.91,0.69,0,0,17,,,https://www.housecanary.com/blog/arv,123
how to figure cap rate,Informational,320,39,0.14,0.42,0,0,12,,,https://www.housecanary.com/blog/cap-rate,127
how to find the value of my house,Informational,320,77,3.43,0.67,0,0,58,,,https://www.housecanary.com/blog/what-is-the-value-of-my-home,192
infosparks,Informational,320,14,5.30,0.35,0,0,65,,,https://www.housecanary.com/,108
lead gen for realtors,Commercial,320,23,31.91,0.55,0,0,10,,,https://www.housecanary.com/blog/best-lead-generation-for-realtors,108
lead generation realtors,Informational,320,34,18.33,0.27,0,0,7,,,https://www.housecanary.com/blog/best-lead-generation-for-realtors,118
median house price florida,Commercial,320,48,1.05,0.03,0,0,19,,,https://www.housecanary.com/blog/florida-housing-market,135
mls listings api,Commercial,320,11,3.23,0.53,0,0,12,,,https://www.housecanary.com/blog/real-estate-api,101
mortgage assumed,Informational,320,54,2.12,0.12,0,0,31,,,https://www.housecanary.com/blog/assumable-mortgage,129
mortgage takeover,Informational,320,57,2.96,0.26,0,0,15,,,https://www.housecanary.com/blog/assumable-mortgage,129
my home's value,Informational,320,81,3.20,0.65,0,0,58,,,https://www.housecanary.com/blog/what-is-the-value-of-my-home,138
my property value,Informational,320,79,3.90,0.73,0,0,40,,,https://www.housecanary.com/blog/what-is-the-value-of-my-home,109
non disclosure states,Informational,320,5,1.11,0.04,0,0,1,,,https://www.housecanary.com/blog/non-disclosure-states,134
present market value of home,Informational,320,77,2.81,0.62,0,0,79,,,https://www.housecanary.com/blog/what-is-the-value-of-my-home,188
price value of house,Transactional,320,79,2.30,0.58,0,0,44,,,https://www.housecanary.com/blog/what-is-the-value-of-my-home,210
property asset management,Commercial,320,28,3.75,0.24,0,0,18,,,https://www.housecanary.com/blog/real-estate-asset-management,145
property data api,Informational,320,19,7.09,0.50,0,0,3,,,https://www.housecanary.com/blog/real-estate-api,128
property intelligence,Informational,320,16,10.61,0.47,0,0,39,,,https://www.housecanary.com/,134
property value of my home,Informational,320,77,2.77,0.68,0,0,54,,,https://www.housecanary.com/blog/what-is-the-value-of-my-home,192
real estate agent lead generation,"Commercial, Informational",320,37,21.69,0.41,0,0,7,,,https://www.housecanary.com/blog/best-lead-generation-for-realtors,136
real estate agent tools,Informational,320,27,6.26,0.23,0,0,12,,,https://www.housecanary.com/blog/5-ai-tools-for-real-estate-agents,180
real estate buyer lead generation,Informational,320,31,29.07,0.19,0,0,11,,,https://www.housecanary.com/blog/best-lead-generation-for-realtors,122
real estate cap rates,Informational,320,38,0.36,0.30,0,0,14,,,https://www.housecanary.com/blog/cap-rate,132
real estate data platforms,Informational,320,49,8.26,0.33,0,0,12,,,https://www.housecanary.com/blog/real-estate-api,130
real estate industry trends,Informational,320,70,3.16,0.27,0,0,47,,,https://www.housecanary.com/blog/real-estate-market-trends,133
real estate lead generation services,Informational,320,31,21.73,0.19,0,0,11,,,https://www.housecanary.com/blog/best-lead-generation-for-realtors,113
real estate market florida,Informational,320,45,1.26,0.11,0,0,22,,,https://www.housecanary.com/blog/florida-housing-market,126
real estate software companies,Informational,320,38,10.17,0.45,0,0,44,,,https://www.housecanary.com/blog/real-estate-investment-software,125
real estate technology platforms,Informational,320,35,0.00,0.02,0,0,19,,,https://www.housecanary.com/blog/real-estate-investment-software,118
realestatecontent.ai,Navigational,320,45,7.17,0.61,0,0,18,,,https://www.housecanary.com/blog/5-ai-tools-for-real-estate-agents,0
rvm in real estate,Informational,320,10,2.88,0.10,0,0,31,,,https://www.housecanary.com/blog/real-estate-avm-accuracy,111
sales leads real estate,Informational,320,34,10.87,0.11,0,0,17,,,https://www.housecanary.com/blog/best-lead-generation-for-realtors,131
seller leads real estate,"Commercial, Informational",320,28,21.35,0.32,0,0,12,,,https://www.housecanary.com/blog/best-lead-generation-for-realtors,118
town of south kingstown vision appraisal,"Informational, Transactional",320,25,0.00,0.33,0,0,64,,,https://www.housecanary.com/products/agile-insights,174
us housing market forecast 2026,Informational,320,49,0.00,0.13,0,0,15,,,https://www.housecanary.com/blog/housing-market-predictions,124
value of house,Informational,320,79,2.14,0.58,0,0,37,,,https://www.housecanary.com/blog/what-is-the-value-of-my-home,137
what does a cap rate mean in real estate,Informational,320,33,0.15,0.46,0,0,48,,,https://www.housecanary.com/blog/cap-rate,133
what does avm stand for in real estate,Informational,320,23,0.00,0.01,0,0,10,,,https://www.housecanary.com/blog/automated-valuation-model,125
what does it mean to assume a mortgage,Informational,320,49,0.06,0.15,0,0,28,,,https://www.housecanary.com/blog/assumable-mortgage,133
what is automated valuation model,Informational,320,45,7.44,0.04,0,0,11,,,https://www.housecanary.com/blog/automated-valuation-model,106
what is cap rate on real estate,Informational,320,32,0.13,0.37,0,0,14,,,https://www.housecanary.com/blog/cap-rate,133
what is my house value,Informational,320,77,3.02,0.55,0,0,90,,,https://www.housecanary.com/blog/what-is-the-value-of-my-home,137
what's arv in real estate,Informational,320,19,0.17,0.05,0,0,4,,,https://www.housecanary.com/blog/arv,167
what's my home value,Informational,320,78,3.97,0.67,0,0,45,,,https://www.housecanary.com/blog/what-is-the-value-of-my-home,137
whats the value of my home,Informational,320,78,3.25,0.74,0,0,35,,,https://www.housecanary.com/blog/what-is-the-value-of-my-home,137
when will housing market crash again,Informational,320,34,1.72,0.02,0,0,30,,,https://www.housecanary.com/blog/housing-market-predictions,130
will real estate prices go down,Transactional,320,47,1.71,0.02,0,0,31,,,https://www.housecanary.com/blog/housing-market-predictions,131
will the real estate market crash,Informational,320,36,0.00,0.01,0,0,22,,,https://www.housecanary.com/blog/is-the-housing-market-going-to-crash,147
will there be a housing market crash,Informational,320,31,6.40,0.01,0,0,35,,,https://www.housecanary.com/blog/is-the-housing-market-going-to-crash,120
a.r.v meaning,Informational,260,2,0.20,0.04,0,0,22,,,https://www.housecanary.com/blog/arv,101000
abbreviate property,Informational,260,9,0.00,0.33,0,0,27,,,https://www.housecanary.com/blog/alphabet-soup-real-estate-acronyms-decoded,110
abodemine,Informational,260,11,3.70,0.33,0,0,35,,,https://www.housecanary.com/,1780
ai real estate tools,Informational,260,41,7.11,0.60,0,0,11,,,https://www.housecanary.com/blog/5-ai-tools-for-real-estate-agents,104
ai tools for real estate,Informational,260,50,9.93,0.12,0,0,15,,,https://www.housecanary.com/blog/5-ai-tools-for-real-estate-agents,134
appraisify,Navigational,260,8,3.33,0.10,0,0,43,,,https://www.housecanary.com/products/agile-insights,0
arv real estate meaning,Informational,260,27,0.09,0.08,0,0,11,,,https://www.housecanary.com/blog/arv,135
average gross yield airbnb meaning,Informational,260,9,0.00,0.00,0,0,22,,,https://www.housecanary.com/blog/rental-yield,108
bay area housing market june 2026 news,Informational,260,37,0.00,0.00,0,0,37,,,https://www.housecanary.com/blog/market-pulse-2026-june,49900000
best ai tools for real estate agents,Commercial,260,21,7.39,0.70,0,0,13,,,https://www.housecanary.com/blog/5-ai-tools-for-real-estate-agents,104
best lead generation for real estate agents,"Commercial, Informational",260,23,24.37,0.72,0,0,15,,,https://www.housecanary.com/blog/best-lead-generation-for-realtors,103
best real estate investment software,"Commercial, Informational",260,28,8.87,0.56,0,0,4,,,https://www.housecanary.com/blog/real-estate-investment-software,105
best real estate marketing tools,Commercial,260,23,0.00,0.33,0,0,19,,,https://www.housecanary.com/blog/best-lead-generation-for-realtors,100
brick ai,Informational,260,38,9.67,0.20,0,26,0,,https://bricked.ai/,,124
calculate my house value,Informational,260,79,3.77,0.77,0,0,72,,,https://www.housecanary.com/blog/what-is-the-value-of-my-home,129
canary data,Informational,260,39,12.83,0.09,0,0,31,,,https://www.housecanary.com/,145
cap rate on real estate,Informational,260,37,0.36,0.30,0,0,13,,,https://www.housecanary.com/blog/cap-rate,127
cap rate real estate definition,Informational,260,43,0.11,0.29,0,0,22,,,https://www.housecanary.com/blog/cap-rate,136
capitalization rate formula real estate,Informational,260,36,0.60,0.26,0,0,11,,,https://www.housecanary.com/blog/cap-rate,131
comparable market analysis,Informational,260,31,3.76,0.43,0,0,11,,,https://www.housecanary.com/blog/comparative-market-analysis-tool,132
current market trends april 2026,Informational,260,19,0.00,0.00,0,0,13,,,https://www.housecanary.com/blog/market-pulse-2026-april,127
datatree pricing,Transactional,260,17,6.48,0.59,0,0,44,,,https://www.housecanary.com/pricing,104
determine value of house,Informational,260,78,2.37,0.62,0,0,52,,,https://www.housecanary.com/blog/what-is-the-value-of-my-home,128
determining value of house,Informational,260,79,2.37,0.62,0,0,64,,,https://www.housecanary.com/blog/what-is-the-value-of-my-home,134
figuring out cap rate,Informational,260,37,0.82,0.16,0,0,13,,,https://www.housecanary.com/blog/cap-rate,125
fl housing market,Informational,260,38,1.26,0.11,0,0,12,,,https://www.housecanary.com/blog/florida-housing-market,133
free cma real estate,Informational,260,14,4.85,0.67,0,0,33,,,https://www.housecanary.com/blog/comparative-market-analysis-tool,130
free real estate comparative market analysis,"Commercial, Informational",260,8,5.19,0.68,0,0,11,,,https://www.housecanary.com/blog/comparative-market-analysis-tool,128
future of housing market,Informational,260,66,2.00,0.17,0,0,37,,,https://www.housecanary.com/blog/housing-market-predictions,127
future of real estate market,Informational,260,53,1.94,0.14,0,0,15,,,https://www.housecanary.com/blog/housing-market-predictions,126
generate real estate leads,Informational,260,35,19.80,0.15,0,0,16,,,https://www.housecanary.com/blog/best-lead-generation-for-realtors,131
google houses,"Informational, Transactional",260,86,1.58,0.05,0,0,22,,,https://www.housecanary.com/google,116
google real estate listings,"Commercial, Informational",260,47,1.62,0.16,0,0,1,,,https://www.housecanary.com/google,119
hard money loan property valuation tips accurate appraisals market trends,Informational,260,0,0.00,0.00,0,0,29,,,https://www.housecanary.com/blog/hard-money-loans,119
house appraisal value,Informational,260,77,2.90,0.42,0,0,58,,,https://www.housecanary.com/blog/what-is-the-value-of-my-home,137
house market trends,Informational,260,66,1.75,0.20,0,0,35,,,https://www.housecanary.com/blog/real-estate-market-trends,138
house price worth,Transactional,260,78,2.37,0.62,0,0,36,,,https://www.housecanary.com/blog/what-is-the-value-of-my-home,139
house values estimate,Informational,260,79,2.37,0.62,0,0,57,,,https://www.housecanary.com/blog/what-is-the-value-of-my-home,139
housing canary,Navigational,260,29,9.03,0.50,0,0,1,,,https://www.housecanary.com/,0
housing crash 2025,Informational,260,37,0.00,0.33,0,0,7,,,https://www.housecanary.com/blog/is-the-housing-market-going-to-crash,135
housing market outlook 2026,Informational,260,59,2.28,0.19,0,0,27,,,https://www.housecanary.com/blog/housing-market-predictions,129
housing market predictions 2024,Informational,260,49,0.00,0.33,0,0,28,,,https://www.housecanary.com/blog/housing-market-predictions,133
housing market trend,Informational,260,76,1.75,0.20,0,0,14,,,https://www.housecanary.com/blog/housing-market-predictions,139
how can i find out the value of my home,Informational,260,76,3.35,0.68,0,0,52,,,https://www.housecanary.com/blog/what-is-the-value-of-my-home,196
how can i find the value of my house,Informational,260,77,3.35,0.68,0,0,57,,,https://www.housecanary.com/blog/what-is-the-value-of-my-home,134
how can you tell how much your house is worth,Informational,260,77,3.64,0.71,0,0,62,,,https://www.housecanary.com/blog/what-is-the-value-of-my-home,128
how do i find out the value of my house,Informational,260,76,3.43,0.67,0,0,49,,,https://www.housecanary.com/blog/what-is-the-value-of-my-home,132
how do you find market value of a home,Informational,260,69,2.07,0.52,0,0,66,,,https://www.housecanary.com/blog/what-is-the-value-of-my-home,134
how do you find the current,Informational,260,79,0.00,0.33,0,0,72,,,https://www.housecanary.com/blog/what-is-the-value-of-my-home,109
how does assumable mortgage work,Informational,260,51,0.37,0.21,0,0,20,,,https://www.housecanary.com/blog/assumable-mortgage,131
how is the real estate market,Informational,260,68,2.10,0.20,0,0,38,,,https://www.housecanary.com/blog/real-estate-market-trends,138
how much is a house worth,Informational,260,78,3.05,0.53,0,0,33,,,https://www.housecanary.com/blog/what-is-the-value-of-my-home,137
how much is my home,Informational,260,77,5.51,0.59,0,0,62,,,https://www.housecanary.com/blog/what-is-the-value-of-my-home,187
how much is my house and property worth,Informational,260,77,3.05,0.53,0,0,53,,,https://www.housecanary.com/blog/what-is-the-value-of-my-home,135
how to assume a house loan,Informational,260,47,1.14,0.19,0,0,25,,,https://www.housecanary.com/blog/assumable-mortgage,131
how to figure out how much your house is worth,Informational,260,78,3.58,0.70,0,0,65,,,https://www.housecanary.com/blog/what-is-the-value-of-my-home,132
how to find capitalization rate,Informational,260,33,0.29,0.12,0,0,7,,,https://www.housecanary.com/blog/cap-rate,180
how to find house value,Informational,260,77,2.24,0.58,0,0,95,,,https://www.housecanary.com/blog/what-is-the-value-of-my-home,190
how to find the market value of my home,Informational,260,77,2.88,0.68,0,0,64,,,https://www.housecanary.com/blog/what-is-the-value-of-my-home,128
how to find the value of your house,Informational,260,65,3.43,0.67,0,0,66,,,https://www.housecanary.com/blog/what-is-the-value-of-my-home,127
how to know how much my house is worth,Informational,260,77,3.64,0.71,0,0,45,,,https://www.housecanary.com/blog/what-is-the-value-of-my-home,126
how to know what my house is worth,Informational,260,77,3.66,0.69,0,0,75,,,https://www.housecanary.com/blog/what-is-the-value-of-my-home,192
how to tell how much my house is worth,Informational,260,77,3.64,0.71,0,0,64,,,https://www.housecanary.com/blog/what-is-the-value-of-my-home,130
how to tell how much your house is worth,Informational,260,78,3.64,0.71,0,0,65,,,https://www.housecanary.com/blog/what-is-the-value-of-my-home,119
investment management software for real estate,Informational,260,27,0.00,0.33,0,0,12,,,https://www.housecanary.com/blog/real-estate-investment-software,114
is the housing market about to crash,Informational,260,21,0.56,0.01,0,0,33,,,https://www.housecanary.com/blog/is-the-housing-market-going-to-crash,122
lead generation companies for realtors,Informational,260,34,24.32,0.41,0,0,13,,,https://www.housecanary.com/blog/best-lead-generation-for-realtors,113
mapping technology efficiency appraisal tasks real estate,Informational,260,10,0.00,0.00,0,0,84,,,https://www.housecanary.com/blog/avms-reshape-real-estate,198000000
property ai,Informational,260,40,5.98,0.24,0,0,16,,,https://www.housecanary.com/blog/5-ai-tools-for-real-estate-investors,125
property estimate value,Informational,260,79,2.82,0.63,0,0,28,,,https://www.housecanary.com/blog/what-is-the-value-of-my-home,134
propstream alternative,Informational,260,15,8.49,0.73,0,16,0,,https://bricked.ai/alternatives/propstream-alternatives,,113
propstream free alternative,Informational,260,13,5.66,0.61,0,16,0,,https://bricked.ai/alternatives/propstream-alternatives,,117
quantarium home value,Navigational,260,20,2.11,0.38,0,0,34,,,https://www.housecanary.com/blog/what-is-the-value-of-my-home,105
ratehouse,Navigational,260,15,2.00,0.36,0,0,29,,,https://www.housecanary.com/,140
real estate abbreviation,Informational,260,7,0.00,0.33,0,0,23,,,https://www.housecanary.com/blog/alphabet-soup-real-estate-acronyms-decoded,134
real estate agent lead,Informational,260,27,19.49,0.43,0,0,16,,,https://www.housecanary.com/blog/best-lead-generation-for-realtors,133
real estate ai agent,Informational,260,55,5.15,0.62,0,0,8,,,https://www.housecanary.com/blog/5-ai-tools-for-real-estate-agents,123
real estate ai software,Informational,260,38,7.57,0.33,0,0,3,,,https://www.housecanary.com/blog/5-ai-tools-for-real-estate-agents,108
real estate forecast,Informational,260,82,2.04,0.09,0,0,20,,,https://www.housecanary.com/blog/housing-market-predictions,138
real estate lead generation platforms,"Commercial, Informational",260,35,18.69,0.10,0,0,4,,,https://www.housecanary.com/blog/best-lead-generation-for-realtors,127
real estate leads generator,"Commercial, Informational",260,34,21.69,0.41,0,0,4,,,https://www.housecanary.com/blog/best-lead-generation-for-realtors,126
real estate market forecast,Informational,260,58,2.78,0.08,0,0,17,,,https://www.housecanary.com/blog/housing-market-predictions,136
real estate market projections,Informational,260,61,2.78,0.08,0,0,17,,,https://www.housecanary.com/blog/housing-market-predictions,136
real estate market trends 2026,Informational,260,64,0.00,0.33,0,0,17,,,https://www.housecanary.com/blog/housing-market-predictions,110
real estate markets,Informational,260,66,2.45,0.03,0,0,37,,,https://www.housecanary.com/blog/real-estate-market-trends,137
real estate predictive analytics,"Commercial, Informational",260,25,2.67,0.02,0,0,51,,,https://www.housecanary.com/blog/spot-off-market-leads-with-predictive-data,127
real estate review sentiment analysis methods,Commercial,260,8,0.00,0.00,0,0,42,,,https://www.housecanary.com/blog/real-estate-investment-software,121
real estate trend,Informational,260,77,1.80,0.12,0,0,37,,,https://www.housecanary.com/blog/real-estate-market-trends,142
red in politics,Informational,260,50,0.00,0.01,0,0,92,,,https://www.housecanary.com/blog/guardian-red-state-blue-state,717000000
rental property return on investment,Informational,260,38,1.33,0.11,0,0,33,,,https://www.housecanary.com/blog/rental-yield,137
seller leads,Commercial,260,27,21.96,0.44,0,0,11,,,https://www.housecanary.com/blog/best-lead-generation-for-realtors,110
top actionable insights lead generation improvement 2026,"Commercial, Informational",260,21,0.00,0.00,0,0,25,,,https://www.housecanary.com/blog/best-lead-generation-for-realtors,21800000
valuation of house,Informational,260,79,1.89,0.55,0,0,16,,,https://www.housecanary.com/blog/what-is-the-value-of-my-home,153
what does arv stand for,Informational,260,27,0.07,0.02,0,0,11,,,https://www.housecanary.com/blog/arv,162
what does rvm mean in real estate,Informational,260,6,0.00,0.33,0,0,24,,,https://www.housecanary.com/blog/real-estate-avm-accuracy,107
what is an assumption on a mortgage,Informational,260,34,0.42,0.05,0,0,33,,,https://www.housecanary.com/blog/assumable-mortgage,134
what is assumable loan,Informational,260,50,0.53,0.09,0,0,18,,,https://www.housecanary.com/blog/assumable-mortgage,130
what is home worth,Informational,260,78,2.28,0.33,0,0,49,,,https://www.housecanary.com/blog/what-is-the-value-of-my-home,137
what is house worth,Informational,260,79,2.28,0.33,0,0,53,,,https://www.housecanary.com/blog/what-is-the-value-of-my-home,133
what is my home value worth,Informational,260,77,3.17,0.65,0,0,69,,,https://www.housecanary.com/blog/what-is-the-value-of-my-home,136
what is the valuation of my house,Informational,260,79,3.02,0.55,0,0,40,,,https://www.housecanary.com/blog/what-is-the-value-of-my-home,179
what is the value of my house now,Informational,260,77,3.26,0.71,0,0,52,,,https://www.housecanary.com/blog/what-is-the-value-of-my-home,137
what's an assumable mortgage,Informational,260,50,0.08,0.10,0,0,18,,,https://www.housecanary.com/blog/assumable-mortgage,132
whats my homes value,Informational,260,78,3.97,0.67,0,0,46,,,https://www.housecanary.com/blog/what-is-the-value-of-my-home,136
when is housing market going to crash,Informational,260,34,3.11,0.03,0,0,32,,,https://www.housecanary.com/blog/is-the-housing-market-going-to-crash,127
when was housing market crash,Informational,260,39,0.00,0.33,0,0,48,,,https://www.housecanary.com/blog/is-the-housing-market-going-to-crash,172
when will housing market go down,Informational,260,46,2.08,0.06,0,0,24,,,https://www.housecanary.com/blog/housing-market-predictions,127
when will the housing market crash in florida,Informational,260,43,2.98,0.02,0,0,5,,,https://www.housecanary.com/blog/florida-housing-market,159
will the housing market crash in the next 10 years,Informational,260,37,0.87,0.01,0,0,45,,,https://www.housecanary.com/blog/is-the-housing-market-going-to-crash,141
will there be a housing crash,Informational,260,35,0.00,0.01,0,0,25,,,https://www.housecanary.com/blog/is-the-housing-market-going-to-crash,119
your homes value,Informational,260,79,3.51,0.63,0,0,68,,,https://www.housecanary.com/blog/what-is-the-value-of-my-home,135
zillow mcp,Commercial,260,10,3.90,0.08,0,0,24,,,https://www.housecanary.com/blog/housecanary-mcp-server,104
abbreviation property,Informational,210,9,0.00,0.33,0,0,28,,,https://www.housecanary.com/blog/alphabet-soup-real-estate-acronyms-decoded,115
ai agents for real estate agents use cases automation,Informational,210,36,0.00,0.00,0,0,3,,,https://www.housecanary.com/blog/5-ai-tools-for-real-estate-agents,142
ai for real estate leads,Informational,210,28,11.18,0.66,0,0,7,,,https://www.housecanary.com/blog/5-ai-tools-for-real-estate-agents,134
ai-powered lead generation for real estate teams,Informational,210,25,0.00,0.00,0,0,7,,,https://www.housecanary.com/blog/5-ai-tools-for-real-estate-agents,125
are home prices going up,Informational,210,66,3.25,0.06,0,0,24,,,https://www.housecanary.com/blog/housing-market-predictions,134
arv meaning in real estate,Informational,210,25,0.84,0.08,0,0,14,,,https://www.housecanary.com/blog/arv,135
arv real estate definition,Informational,210,21,0.14,0.06,0,0,18,,,https://www.housecanary.com/blog/arv,135
assumable homes for sale,Transactional,210,48,1.89,0.45,0,0,45,,,https://www.housecanary.com/blog/assumable-mortgage,141
assume loan mortgage,"Commercial, Informational",210,50,2.18,0.17,0,0,25,,,https://www.housecanary.com/blog/assumable-mortgage,133
assuming a home mortgage,Informational,210,51,2.12,0.12,0,0,29,,,https://www.housecanary.com/blog/assumable-mortgage,130
automatic appraisal,Informational,210,30,2.87,0.55,0,0,76,,,https://www.housecanary.com/blog/automated-valuation-model,194
average return on rental property,Informational,210,32,1.56,0.06,0,0,33,,,https://www.housecanary.com/blog/rental-yield,137
avm home value,Informational,210,47,3.70,0.57,0,0,15,,,https://www.housecanary.com/blog/real-estate-avm-accuracy,125
avm mortgage,Informational,210,30,5.44,0.12,0,0,17,,,https://www.housecanary.com/blog/automated-valuation-model,99
avm real estate meaning,Informational,210,36,1.82,0.04,0,0,8,,,https://www.housecanary.com/blog/real-estate-avm-accuracy,108
best software for real estate investors,,210,22,11.02,0.48,0,0,17,,,https://www.housecanary.com/blog/real-estate-investment-software,70
briced,Navigational,210,12,0.00,0.33,0,68,0,,https://bricked.ai/,,75000
brickwise ai,Navigational,210,25,9.50,0.30,0,45,0,,https://bricked.ai/,,103
bulk data licensing,Informational,210,6,0.00,0.33,0,0,32,,,https://www.housecanary.com/products/bulk-property-data,126
cap rate explanation,Informational,210,44,0.17,0.42,0,0,16,,,https://www.housecanary.com/blog/cap-rate,131
cap rate real estate formula,Informational,210,39,0.60,0.26,0,0,14,,,https://www.housecanary.com/blog/cap-rate,131
cap rates in real estate,Informational,210,41,0.36,0.30,0,0,20,,,https://www.housecanary.com/blog/cap-rate,134
capital rate definition,Informational,210,48,0.08,0.35,0,0,25,,,https://www.housecanary.com/blog/cap-rate,108
capitalization rates,Informational,210,17,0.17,0.20,0,0,11,,,https://www.housecanary.com/blog/cap-rate,132
chatarv.ai,Navigational,210,27,24.79,0.10,0,98,79,,https://bricked.ai/best/deal-analysis-software-for-real-estate-investors,https://www.housecanary.com/blog/ai-in-real-estate,4210
chatgpt for real estate agents,Informational,210,15,0.00,0.02,0,0,16,,,https://www.housecanary.com/blog/5-ai-tools-for-real-estate-agents,132
comparative market analysis in real estate,Informational,210,38,3.69,0.17,0,0,12,,,https://www.housecanary.com/blog/comparative-market-analysis-tool,132
competitive market analysis real estate,Informational,210,25,4.08,0.19,0,0,17,,,https://www.housecanary.com/blog/comparative-market-analysis-tool,129
definition capitalization rate,Informational,210,39,0.08,0.35,0,0,20,,,https://www.housecanary.com/blog/cap-rate,135
determine my house value,Informational,210,77,3.55,0.68,0,0,54,,,https://www.housecanary.com/blog/what-is-the-value-of-my-home,134
determining cap rate,Informational,210,50,0.67,0.20,0,0,15,,,https://www.housecanary.com/blog/cap-rate,128
electronic valuation,Informational,210,35,0.00,0.33,0,0,46,,,https://www.housecanary.com/blog/automated-valuation-model,140
exclusive real estate leads,Informational,210,33,0.00,0.10,0,0,13,,,https://www.housecanary.com/blog/best-lead-generation-for-realtors,116
find what my house is worth,Informational,210,77,4.21,0.66,0,0,64,,,https://www.housecanary.com/blog/what-is-the-value-of-my-home,138
florida home market,Informational,210,46,1.50,0.17,0,0,28,,,https://www.housecanary.com/blog/florida-housing-market,132
free ai tools for real estate agents,"Commercial, Informational",210,33,6.25,0.66,0,0,7,,,https://www.housecanary.com/blog/5-ai-tools-for-real-estate-agents,110
future of real estate,Informational,210,44,1.84,0.04,0,0,41,,,https://www.housecanary.com/blog/housing-market-predictions,107
global real estate trends,Informational,210,44,0.00,0.02,0,0,56,,,https://www.housecanary.com/blog/real-estate-market-trends,137
home price forecast,Transactional,210,69,2.08,0.07,0,0,23,,,https://www.housecanary.com/blog/housing-market-predictions,140
home vale,Informational,210,79,2.49,0.46,0,0,27,,,https://www.housecanary.com/blog/what-is-the-value-of-my-home,139
homes valuation,Informational,210,70,2.31,0.48,0,0,28,,,https://www.housecanary.com/blog/what-is-the-value-of-my-home,135
house is worth what,Informational,210,78,2.28,0.33,0,0,53,,,https://www.housecanary.com/blog/what-is-the-value-of-my-home,136
house market forecast 2026,Informational,210,51,0.88,0.14,0,0,26,,,https://www.housecanary.com/blog/housing-market-predictions,128
house market prediction,Informational,210,48,2.39,0.17,0,0,18,,,https://www.housecanary.com/blog/housing-market-predictions,132
house net worth,Informational,210,75,2.12,0.05,0,0,31,,,https://www.housecanary.com/blog/what-is-the-value-of-my-home,119
house price forecast,Transactional,210,75,2.33,0.10,0,0,32,,,https://www.housecanary.com/blog/housing-market-predictions,139
house price prediction,Transactional,210,39,2.47,0.15,0,0,29,,,https://www.housecanary.com/blog/housing-market-predictions,130
house value websites,Informational,210,79,2.75,0.61,0,0,66,,,https://www.housecanary.com/blog/what-is-the-value-of-my-home,135
housegroupinmobiliaria.com customer service phone number,Informational,210,15,0.00,0.00,0,0,3,,,https://www.housecanary.com/contact,1810
housemark,Informational,210,26,4.67,0.02,0,0,47,,,https://www.housecanary.com/,180
housing crash coming,Informational,210,33,0.00,0.01,0,0,34,,,https://www.housecanary.com/blog/is-the-housing-market-going-to-crash,131
housing market forecast next 5 years,Informational,210,32,2.22,0.08,0,0,33,,,https://www.housecanary.com/blog/housing-market-predictions,135
housing market in florida,Informational,210,47,1.67,0.12,0,0,12,,,https://www.housecanary.com/blog/florida-housing-market,134
housing market projections,Informational,210,58,1.77,0.20,0,0,17,,,https://www.housecanary.com/blog/housing-market-predictions,136
housing market trends 2026,Informational,210,67,1.38,0.27,0,0,21,,,https://www.housecanary.com/blog/housing-market-predictions,60
housing outlook,Informational,210,66,0.37,0.09,0,0,29,,,https://www.housecanary.com/blog/housing-market-predictions,107
housing predictions 2026,Informational,210,46,2.76,0.01,0,0,14,,,https://www.housecanary.com/blog/housing-market-predictions,125
how can i find out the value of my house,Informational,210,76,4.03,0.69,0,0,49,,,https://www.housecanary.com/blog/what-is-the-value-of-my-home,136
how can i find out what my house is worth,Informational,210,76,4.03,0.69,0,0,61,,,https://www.housecanary.com/blog/what-is-the-value-of-my-home,131
how do i find the market value of my home,Informational,210,74,2.88,0.68,0,0,64,,,https://www.housecanary.com/blog/what-is-the-value-of-my-home,0
how do i know how much my home is worth,Informational,210,76,3.64,0.71,0,0,66,,,https://www.housecanary.com/blog/what-is-the-value-of-my-home,129
how do i value my house,Informational,210,77,3.43,0.67,0,0,39,,,https://www.housecanary.com/blog/what-is-the-value-of-my-home,126
how do you calculate the cap rate,Informational,210,28,0.25,0.27,0,0,14,,,https://www.housecanary.com/blog/cap-rate,180
how do you figure cap rate,Informational,210,33,0.14,0.42,0,0,12,,,https://www.housecanary.com/blog/cap-rate,129
how do you figure capitalization rate,Informational,210,37,0.14,0.42,0,0,12,,,https://www.housecanary.com/blog/cap-rate,125
how do you know how much your house is worth,Informational,210,76,3.56,0.70,0,0,83,,,https://www.housecanary.com/blog/what-is-the-value-of-my-home,192
how does assuming a mortgage work,Informational,210,51,0.24,0.19,0,0,21,,,https://www.housecanary.com/blog/assumable-mortgage,131
how much is my home value,Informational,210,74,3.19,0.63,0,0,39,,,https://www.housecanary.com/blog/what-is-the-value-of-my-home,141
how much money has housesinmobiliaria.com raised,Informational,210,21,0.00,0.00,0,0,26,,,https://www.housecanary.com/,15800000
how much your home worth,Informational,210,77,3.05,0.53,0,0,68,,,https://www.housecanary.com/blog/what-is-the-value-of-my-home,183
how much your house is,Informational,210,78,4.38,0.62,0,0,55,,,https://www.housecanary.com/blog/what-is-the-value-of-my-home,141
how to calculate capitalisation rate,Informational,210,50,0.25,0.27,0,0,14,,,https://www.housecanary.com/blog/cap-rate,178
how to figure the value of your home,Informational,210,77,2.78,0.66,0,0,68,,,https://www.housecanary.com/blog/what-is-the-value-of-my-home,125
how to find an assumable mortgage,Informational,210,36,2.22,0.25,0,0,23,,,https://www.housecanary.com/blog/assumable-mortgage,178
how to find out what a home is worth,Informational,210,57,2.24,0.58,0,0,64,,,https://www.housecanary.com/blog/what-is-the-value-of-my-home,128
how to get market value of my home,Informational,210,76,2.88,0.68,0,0,69,,,https://www.housecanary.com/blog/what-is-the-value-of-my-home,129
is a housing crash coming,Informational,210,36,0.00,0.01,0,0,35,,,https://www.housecanary.com/blog/is-the-housing-market-going-to-crash,110
is a housing market crash coming,Informational,210,17,3.92,0.01,0,0,21,,,https://www.housecanary.com/blog/is-the-housing-market-going-to-crash,121
is pa a blue or red state,Informational,210,45,0.00,0.33,0,0,74,,,https://www.housecanary.com/blog/guardian-red-state-blue-state,873000000
is real estate going to crash,Informational,210,35,0.00,0.33,0,0,24,,,https://www.housecanary.com/blog/is-the-housing-market-going-to-crash,108
is the house market crashing,Informational,210,39,1.42,0.02,0,0,34,,,https://www.housecanary.com/blog/is-the-housing-market-going-to-crash,133
is there a housing crash coming,Informational,210,35,0.00,0.01,0,0,29,,,https://www.housecanary.com/blog/is-the-housing-market-going-to-crash,121
lead generation services for real estate,Informational,210,38,18.00,0.14,0,0,11,,,https://www.housecanary.com/blog/best-lead-generation-for-realtors,119
leads for realtors,"Commercial, Informational",210,36,34.51,0.60,0,0,16,,,https://www.housecanary.com/blog/best-lead-generation-for-realtors,185
market trends 2025,Informational,210,56,0.00,0.07,0,0,26,,,https://www.housecanary.com/blog/real-estate-market-trends,130
marketing tools for real estate agents,Informational,210,31,8.90,0.18,0,0,12,,,https://www.housecanary.com/blog/best-lead-generation-for-realtors,131
minnesota assumable mortgage,Informational,210,11,0.00,0.00,0,0,9,,,https://www.housecanary.com/blog/assumable-mortgage,127
most blue states,Informational,210,53,0.00,0.33,0,0,30,,,https://www.housecanary.com/blog/guardian-red-state-blue-state,3830000000
msa in real estate,Informational,210,7,0.00,0.01,0,0,29,,,https://www.housecanary.com/products/market-insights,110
multiple listing service api,Informational,210,11,3.23,0.53,0,0,22,,,https://www.housecanary.com/blog/real-estate-api,126
my home value estimate,Informational,210,78,3.55,0.68,0,0,56,,,https://www.housecanary.com/blog/what-is-the-value-of-my-home,134
my house is worth what,Informational,210,78,3.02,0.55,0,0,62,,,https://www.housecanary.com/blog/what-is-the-value-of-my-home,132
number of employees at thehouse.properties,Informational,210,3,0.00,0.00,0,0,87,,,https://www.housecanary.com/resources/about-us,273000000
outlook for housing market,Informational,210,60,1.81,0.17,0,0,31,,,https://www.housecanary.com/blog/housing-market-predictions,140
pro forma cap rate,Informational,210,7,0.24,0.09,0,0,25,,,https://www.housecanary.com/blog/cap-rate,107
propstream alternatives,"Commercial, Informational",210,17,9.11,0.71,0,16,0,,https://bricked.ai/alternatives/propstream-alternatives,,117
propstream competitors,Informational,210,15,9.09,0.51,0,34,0,,https://bricked.ai/alternatives/propstream-alternatives,,152
rca real estate,Navigational,210,20,6.07,0.14,0,0,45,,,https://www.housecanary.com/,171
real estate agent lead generation strategies 2026,Informational,210,14,0.00,0.00,0,0,3,,,https://www.housecanary.com/blog/best-lead-generation-for-realtors,144000000
real estate agents ai tools spending budget 2025,Informational,210,17,0.00,0.00,0,0,6,,,https://www.housecanary.com/blog/5-ai-tools-for-real-estate-agents,172000000
real estate ai assistant,Informational,210,29,9.18,0.21,0,0,11,,,https://www.housecanary.com/blog/5-ai-tools-for-real-estate-agents,118
real estate asset management solution,,210,19,0.00,0.05,0,0,7,,,https://www.housecanary.com/blog/real-estate-asset-management,100
real estate cma software,"Commercial, Informational",210,25,12.23,0.51,0,28,19,,https://bricked.ai/best/cma-software-for-real-estate-agents,https://www.housecanary.com/blog/comparative-market-analysis-tool,117
real estate forecast next 10 years,Informational,210,20,2.25,0.08,0,0,18,,,https://www.housecanary.com/blog/housing-market-predictions,131
real estate insights,Informational,210,36,2.01,0.11,0,0,20,,,https://www.housecanary.com/blog/real-estate-market-trends,130
real estate investor relations software,Informational,210,22,0.00,0.00,0,0,13,,,https://www.housecanary.com/blog/real-estate-investment-software,109
real estate lead generation programs,Informational,210,34,15.49,0.18,0,0,7,,,https://www.housecanary.com/blog/best-lead-generation-for-realtors,116
real estate lead generation website,Informational,210,38,17.36,0.17,0,0,9,,,https://www.housecanary.com/blog/best-lead-generation-for-realtors,133
real estate lead services,Informational,210,36,23.36,0.14,0,0,8,,,https://www.housecanary.com/blog/best-lead-generation-for-realtors,118
real estate lead system,Informational,210,30,21.16,0.08,0,0,10,,,https://www.housecanary.com/blog/best-lead-generation-for-realtors,124
real estate market 2025,Informational,210,60,0.00,0.04,0,0,26,,,https://www.housecanary.com/blog/real-estate-market-trends,131
real estate market trends may 2026,Informational,210,42,0.00,0.00,0,0,14,,,https://www.housecanary.com/blog/market-pulse-2026-may,128
real estate market trends usa,Informational,210,89,1.47,0.43,0,0,69,,,https://www.housecanary.com/blog/housing-market-forecast,137
real estate market updates,Informational,210,77,2.26,0.21,0,0,19,,,https://www.housecanary.com/blog/real-estate-market-trends,135
real estate portfolio software,Informational,210,29,26.09,0.43,0,0,11,,,https://www.housecanary.com/blog/real-estate-investment-software,98
real estate predictions 2026,Informational,210,45,2.58,0.15,0,0,19,,,https://www.housecanary.com/blog/housing-market-predictions,111
real estate technology platform,Informational,210,36,0.00,0.02,0,0,13,,,https://www.housecanary.com/blog/real-estate-investment-software,117
real estate trends 2025,Informational,210,87,0.00,0.36,0,0,14,,,https://www.housecanary.com/blog/housing-market-predictions,134
real estate trends 2026,Informational,210,51,1.20,0.21,0,0,21,,,https://www.housecanary.com/blog/housing-market-predictions,110
real estate valuation technology,Informational,210,48,0.00,0.33,0,0,16,,,https://www.housecanary.com/,128
real estate worth,Informational,210,79,2.22,0.66,0,0,27,,,https://www.housecanary.com/blog/what-is-the-value-of-my-home,137
realestateapi,Navigational,210,37,3.87,0.61,0,0,4,,,https://www.housecanary.com/blog/real-estate-api,98
realtor prospecting automation,Informational,210,11,0.00,0.00,0,0,23,,,https://www.housecanary.com/blog/best-lead-generation-for-realtors,105
red and blue states in usa,Informational,210,49,0.00,0.33,0,0,91,,,https://www.housecanary.com/blog/guardian-red-state-blue-state,1370000000
rvm real estate meaning,Informational,210,15,0.00,0.01,0,0,49,,,https://www.housecanary.com/blog/automated-valuation-model,107
seller leads for realtors,"Commercial, Informational",210,36,21.35,0.32,0,0,13,,,https://www.housecanary.com/blog/best-lead-generation-for-realtors,170
sfr analytics,Navigational,210,19,7.85,0.30,0,0,17,,,https://www.housecanary.com/industries/real-estate-investors,0
us housing market trends,Informational,210,92,1.61,0.54,0,0,47,,,https://www.housecanary.com/blog/real-estate-market-trends,126
us median home price april 2026,Transactional,210,73,0.00,0.00,0,0,27,,,https://www.housecanary.com/blog/market-pulse-2026-april,139
us real estate market trends,Informational,210,86,1.60,0.45,0,0,28,,,https://www.housecanary.com/blog/real-estate-market-trends,127
us real estate trends,Informational,210,80,1.76,0.37,0,0,25,,,https://www.housecanary.com/blog/real-estate-market-trends,107
value of a home,"Commercial, Informational",210,69,2.49,0.46,0,0,19,,,https://www.housecanary.com/blog/what-is-the-value-of-my-home,134
value of property,Informational,210,78,2.56,0.64,0,0,20,,,https://www.housecanary.com/blog/what-is-the-value-of-my-home,140
what does arv stand for in real estate,Informational,210,25,0.20,0.08,0,0,11,,,https://www.housecanary.com/blog/arv,134
what does avm mean in real estate,Informational,210,22,4.34,0.02,0,0,32,,,https://www.housecanary.com/blog/automated-valuation-model,107
what is an arv,Informational,210,14,0.21,0.03,0,0,41,,,https://www.housecanary.com/blog/arv,127
what is an avm in real estate,Informational,210,31,3.03,0.02,0,0,5,,,https://www.housecanary.com/blog/automated-valuation-model,114
what is this house worth,Informational,210,79,2.12,0.29,0,0,54,,,https://www.housecanary.com/blog/what-is-the-value-of-my-home,135
whats an assumable mortgage,Informational,210,50,0.08,0.10,0,0,21,,,https://www.housecanary.com/blog/assumable-mortgage,131
when are housing prices going to drop,Transactional,210,41,0.00,0.03,0,0,34,,,https://www.housecanary.com/blog/housing-market-predictions,137
when house price will go down,Transactional,210,52,2.54,0.04,0,0,31,,,https://www.housecanary.com/blog/housing-market-predictions,136
when is housing market expected to crash,Informational,210,31,0.00,0.02,0,0,12,,,https://www.housecanary.com/blog/housing-market-predictions,145
will the house market crash,Informational,210,35,2.60,0.01,0,0,35,,,https://www.housecanary.com/blog/is-the-housing-market-going-to-crash,128
will the housing market crash soon,Informational,210,24,0.00,0.02,0,0,40,,,https://www.housecanary.com/blog/is-the-housing-market-going-to-crash,130
will there be another housing crash,Informational,210,30,0.00,0.33,0,0,48,,,https://www.housecanary.com/blog/is-the-housing-market-going-to-crash,149
your home value,Informational,210,79,3.51,0.63,0,0,65,,,https://www.housecanary.com/blog/what-is-the-value-of-my-home,136
1m house,Informational,170,31,1.31,0.06,0,0,20,,,https://www.housecanary.com/blog/one-million-dollars-what-it-buys-in-united-states-housing-market,188
2026 housing predictions,Informational,170,49,6.83,0.01,0,0,16,,,https://www.housecanary.com/blog/housing-market-predictions,125
ai automated property valuation avm zestimate alternative,Informational,170,1,0.00,0.00,0,0,5,,,https://www.housecanary.com/blog/real-estate-api,100
ai for real estate marketing,Informational,170,40,8.20,0.33,0,0,7,,,https://www.housecanary.com/blog/5-ai-tools-for-real-estate-agents,114
ai in real estate: your new virtual property valuer,Informational,170,11,0.00,0.00,0,0,8,,,https://www.housecanary.com/blog/5-ai-tools-for-real-estate-agents,126
ai powered real estate platform,Informational,170,50,0.00,0.01,0,0,17,,,https://www.housecanary.com/,121
ai powered real estate platforms,Informational,170,53,0.00,0.33,0,0,4,,,https://www.housecanary.com/blog/5-ai-tools-for-real-estate-agents,120
ai real estate assistant,Informational,170,25,8.64,0.61,0,0,9,,,https://www.housecanary.com/blog/5-ai-tools-for-real-estate-agents,123
are home prices dropping in florida,Informational,170,53,2.53,0.03,0,0,18,,,https://www.housecanary.com/blog/florida-housing-market,149
are houses going up in price,Transactional,170,55,0.39,0.04,0,0,26,,,https://www.housecanary.com/blog/housing-market-predictions,127
are housing prices going up,Transactional,170,84,0.39,0.04,0,0,23,,,https://www.housecanary.com/blog/housing-market-predictions,124
artificial intelligence in real estate,Informational,170,64,4.53,0.50,0,0,13,,,https://www.housecanary.com/blog/5-ai-tools-for-real-estate-agents,124
arv loan,Informational,170,3,8.43,0.63,0,0,60,,,https://www.housecanary.com/blog/arv,136
asset real,Informational,170,40,2.62,0.04,0,0,20,,,https://www.housecanary.com/blog/real-estate-asset-management,135
asset reality,Navigational,170,20,2.94,0.07,0,0,29,,,https://www.housecanary.com/blog/real-estate-asset-management,107
assumability of a mortgage,Informational,170,41,2.18,0.17,0,0,33,,,https://www.housecanary.com/blog/assumable-mortgage,135
assumable mortgage loan,Informational,170,48,1.56,0.11,0,0,22,,,https://www.housecanary.com/blog/assumable-mortgage,133
attom home flipping report 2024 best markets,Commercial,170,23,0.00,0.00,0,0,40,,,https://www.housecanary.com/blog/fall-2025-home-flip-forecast-hottest-zip-codes-for-investors,40
automated valuation models,Informational,170,30,6.69,0.04,0,0,17,,,https://www.housecanary.com/blog/automated-valuation-model,133
avm valuation,Informational,170,37,3.01,0.26,0,0,16,,,https://www.housecanary.com/blog/automated-valuation-model,118
bank of america housing market predictions,Informational,170,57,0.00,0.33,0,0,34,,,https://www.housecanary.com/blog/housing-market-predictions,130
bank valuer,Informational,170,8,0.00,0.02,0,0,59,,,https://www.housecanary.com/industries/private-money-lenders,127
best leads for realtors,"Commercial, Informational",170,30,24.26,0.43,0,0,24,,,https://www.housecanary.com/blog/best-lead-generation-for-realtors,177
best real estate lead generation system,"Commercial, Informational",170,26,50.70,0.43,0,0,10,,,https://www.housecanary.com/blog/best-lead-generation-for-realtors,173
best realtor lead generation,"Commercial, Informational",170,29,23.81,0.64,0,0,22,,,https://www.housecanary.com/blog/best-lead-generation-for-realtors,121
buyer bridge ai,Informational,170,24,10.17,0.51,0,37,0,,https://bricked.ai/,,115
buyer leads for realtors,Informational,170,24,27.56,0.43,0,0,12,,,https://www.housecanary.com/blog/best-lead-generation-for-realtors,127
buyerbridgeai,Navigational,170,32,9.52,0.37,0,18,0,,https://bricked.ai/,,106
calculate cap rate formula,Informational,170,36,0.19,0.17,0,0,23,,,https://www.housecanary.com/blog/cap-rate,128
can conventional loans be assumed,Informational,170,36,0.00,0.01,0,0,20,,,https://www.housecanary.com/blog/assumable-mortgage,136
can you assume a home loan,Informational,170,35,0.58,0.06,0,0,23,,,https://www.housecanary.com/blog/assumable-mortgage,134
cap rate defined,Informational,170,47,0.09,0.32,0,0,15,,,https://www.housecanary.com/blog/cap-rate,136
cap rates real estate,Informational,170,34,0.36,0.30,0,0,17,,,https://www.housecanary.com/blog/cap-rate,134
capitalization rate meaning,Informational,170,44,0.09,0.32,0,0,20,,,https://www.housecanary.com/blog/cap-rate,134
check house worth,Informational,170,75,2.35,0.61,0,0,77,,,https://www.housecanary.com/blog/what-is-the-value-of-my-home,137
check value of house,Informational,170,77,2.33,0.61,0,0,72,,,https://www.housecanary.com/blog/what-is-the-value-of-my-home,138
chris canary,Informational,170,6,0.00,0.33,0,0,13,,,https://www.housecanary.com/resources/about-us,114
collateral analytics home value,Informational,170,24,2.87,0.50,0,0,40,,,https://www.housecanary.com/,105
collateral desktop analysis,Informational,170,8,6.30,0.04,0,0,56,,,https://www.housecanary.com/industries/private-money-lenders,111
commonarea,Informational,170,23,0.00,0.33,0,0,66,,,https://www.housecanary.com/,130
comparative market analysis cma,Informational,170,35,3.91,0.53,0,0,15,,,https://www.housecanary.com/blog/comparative-market-analysis-tool,134
comparative market analysis tool free,"Commercial, Informational",170,12,0.00,0.18,0,0,7,,,https://www.housecanary.com/blog/comparative-market-analysis-tool,123
conversational ai for real estate,Informational,170,11,0.00,0.03,0,0,20,,,https://www.housecanary.com/blog/5-ai-tools-for-real-estate-agents,115
cringleford housing market trends,Informational,170,15,0.00,0.00,0,0,65,,,https://www.housecanary.com/blog/housing-market-forecast,5720
current us housing market trends may 2026,Informational,170,41,0.00,0.00,0,0,18,,,https://www.housecanary.com/blog/market-pulse-2026-may,130
estimate value of my home,"Commercial, Informational",170,77,3.61,0.68,0,0,49,,,https://www.housecanary.com/blog/what-is-the-value-of-my-home,135
estimate value of my house,"Commercial, Informational",170,77,3.48,0.69,0,0,58,,,https://www.housecanary.com/blog/what-is-the-value-of-my-home,137
estimated market value of home,Informational,170,77,2.41,0.60,0,0,80,,,https://www.housecanary.com/blog/what-is-the-value-of-my-home,203
figuring cap rate,Informational,170,35,0.64,0.18,0,0,29,,,https://www.housecanary.com/blog/cap-rate,133
find house value,Informational,170,78,2.16,0.43,0,0,65,,,https://www.housecanary.com/blog/what-is-the-value-of-my-home,137
find the value of my house,Commercial,170,77,4.21,0.66,0,0,63,,,https://www.housecanary.com/blog/what-is-the-value-of-my-home,140
florida house market,Informational,170,53,0.93,0.09,0,0,25,,,https://www.housecanary.com/blog/florida-housing-market,131
florida real estate prices,Commercial,170,61,1.56,0.14,0,0,16,,,https://www.housecanary.com/blog/florida-housing-market,134
formula for cap rate,Informational,170,39,0.34,0.19,0,0,11,,,https://www.housecanary.com/blog/cap-rate,129
google realty,"Commercial, Informational",170,53,0.76,0.19,0,0,10,,,https://www.housecanary.com/google,109
home prices 2026,Transactional,170,67,1.09,0.03,0,0,24,,,https://www.housecanary.com/blog/housing-market-predictions,126
home seller leads,Commercial,170,38,17.04,0.41,0,0,12,,,https://www.housecanary.com/blog/best-lead-generation-for-realtors,125
homesai,Informational,170,23,0.00,0.17,0,0,45,,,https://www.housecanary.com/,105
house market forecast,Informational,170,58,1.84,0.15,0,0,22,,,https://www.housecanary.com/blog/housing-market-predictions,138
house market future,Informational,170,65,1.94,0.14,0,0,26,,,https://www.housecanary.com/blog/housing-market-predictions,135
house market in florida,Informational,170,53,1.26,0.11,0,0,22,,,https://www.housecanary.com/blog/florida-housing-market,136
house prediction price,Transactional,170,60,2.47,0.15,0,0,23,,,https://www.housecanary.com/blog/housing-market-predictions,131
house price estimates,Transactional,170,78,2.30,0.58,0,0,48,,,https://www.housecanary.com/blog/what-is-the-value-of-my-home,137
house price predictions,Transactional,170,73,1.96,0.08,0,0,15,,,https://www.housecanary.com/blog/housing-market-predictions,129
house value leads,"Commercial, Navigational",170,31,0.00,0.00,0,0,5,,,https://www.housecanary.com/blog/best-lead-generation-for-realtors,114
house viewer,Informational,170,53,1.91,0.26,0,0,34,,,https://www.housecanary.com/,133
houseiq,Informational,170,0,0.00,0.33,0,0,24,,,https://www.housecanary.com/,99
housemarket,Informational,170,73,1.82,0.11,0,0,37,,,https://www.housecanary.com/blog/real-estate-market-trends,168
housereal . net,Informational,170,12,0.00,0.01,0,0,14,,,https://www.housecanary.com/,98
housing forecast,Informational,170,70,1.98,0.07,0,0,20,,,https://www.housecanary.com/blog/housing-market-predictions,136
housing market forcast,Informational,170,69,1.84,0.15,0,0,20,,,https://www.housecanary.com/blog/housing-market-predictions,140
housing prices 2026,Transactional,170,60,1.04,0.06,0,0,18,,,https://www.housecanary.com/blog/housing-market-predictions,127
housing prices forecast,Transactional,170,77,2.30,0.05,0,0,22,,,https://www.housecanary.com/blog/housing-market-predictions,133
how can i determine the value of my home,Informational,170,76,2.91,0.59,0,0,59,,,https://www.housecanary.com/blog/what-is-the-value-of-my-home,129
how can i find my home value,Informational,170,76,3.43,0.67,0,0,40,,,https://www.housecanary.com/blog/what-is-the-value-of-my-home,184
how can i find the market value of my home,Informational,170,76,2.88,0.68,0,0,65,,,https://www.housecanary.com/blog/what-is-the-value-of-my-home,138
how can i know the value of my house,Informational,170,76,3.66,0.69,0,0,39,,,https://www.housecanary.com/blog/what-is-the-value-of-my-home,131
how do i know if my mortgage is assumable,Informational,170,42,1.09,0.05,0,0,26,,,https://www.housecanary.com/blog/assumable-mortgage,130
how do people afford million dollar homes,Informational,170,32,0.00,0.01,0,0,59,,,https://www.housecanary.com/blog/one-million-dollars-what-it-buys-in-united-states-housing-market,132
how do you calculate cap rate in real estate,Informational,170,36,0.40,0.39,0,0,13,,,https://www.housecanary.com/blog/cap-rate,130
how do you find the value of your house,Informational,170,76,3.35,0.68,0,0,57,,,https://www.housecanary.com/blog/what-is-the-value-of-my-home,128
how do you know how much your home is worth,Informational,170,77,3.64,0.71,0,0,63,,,https://www.housecanary.com/blog/what-is-the-value-of-my-home,126
how is the housing market in florida,Informational,170,47,1.48,0.10,0,0,20,,,https://www.housecanary.com/blog/florida-housing-market,131
how is the real estate market in florida,Informational,170,46,0.75,0.06,0,0,25,,,https://www.housecanary.com/blog/florida-housing-market,129
how is the real estate market now,Informational,170,86,1.47,0.23,0,0,35,,,https://www.housecanary.com/blog/real-estate-market-trends,194
how much my home worth,Informational,170,74,3.08,0.61,0,0,76,,,https://www.housecanary.com/blog/what-is-the-value-of-my-home,139
how to calculate cap rate in real estate,Informational,170,28,0.40,0.39,0,0,12,,,https://www.housecanary.com/blog/cap-rate,127
how to compute capitalization rate,Informational,170,29,0.20,0.27,0,0,9,,,https://www.housecanary.com/blog/cap-rate,177
how to determine cap rate in real estate,Informational,170,30,0.58,0.42,0,0,31,,,https://www.housecanary.com/blog/cap-rate,130
how to determine the value of your home,Informational,170,77,2.46,0.61,0,0,74,,,https://www.housecanary.com/blog/what-is-the-value-of-my-home,127
how to do a comparative market analysis,Informational,170,28,3.37,0.54,0,0,12,,,https://www.housecanary.com/blog/comparative-market-analysis-tool,127
how to find out how much a home is worth,Informational,170,76,3.58,0.70,0,0,66,,,https://www.housecanary.com/blog/what-is-the-value-of-my-home,129
how to find out how much your property is worth,Informational,170,76,3.42,0.70,0,0,68,,,https://www.housecanary.com/blog/what-is-the-value-of-my-home,132
how to find out the value of your home,Informational,170,76,2.46,0.61,0,0,62,,,https://www.housecanary.com/blog/what-is-the-value-of-my-home,196
how to find out what my house is worth,Informational,170,76,3.27,0.66,0,0,75,,,https://www.housecanary.com/blog/what-is-the-value-of-my-home,194
how to find out what your home is worth,Informational,170,73,2.46,0.61,0,0,65,,,https://www.housecanary.com/blog/what-is-the-value-of-my-home,128
how to find out your house value,Informational,170,77,3.27,0.66,0,0,61,,,https://www.housecanary.com/blog/what-is-the-value-of-my-home,128
how to find your homes value,Informational,170,77,2.78,0.66,0,0,63,,,https://www.housecanary.com/blog/what-is-the-value-of-my-home,128
how to know how much your house is worth,Informational,170,76,3.64,0.71,0,0,65,,,https://www.housecanary.com/blog/what-is-the-value-of-my-home,127
how to sell a house with an assumable mortgage,Informational,170,46,15.80,0.30,0,0,32,,,https://www.housecanary.com/blog/assumable-mortgage,133
investment management real estate software,Informational,170,24,0.00,0.33,0,0,13,,,https://www.housecanary.com/blog/real-estate-investment-software,125
investors house,Navigational,170,56,4.10,0.25,0,0,24,,,https://www.housecanary.com/industries/real-estate-investors,127
is house market crashing,Informational,170,39,1.42,0.01,0,0,27,,,https://www.housecanary.com/blog/is-the-housing-market-going-to-crash,109
is the housing market going to crash in 2025,Informational,170,43,0.00,0.33,0,0,18,,,https://www.housecanary.com/blog/is-the-housing-market-going-to-crash,156
is the real estate market crashing,Informational,170,52,0.00,0.01,0,0,31,,,https://www.housecanary.com/blog/is-the-housing-market-going-to-crash,110
is there going to be a housing crash,Informational,170,32,0.00,0.01,0,0,22,,,https://www.housecanary.com/blog/is-the-housing-market-going-to-crash,116
lead generation real estate agents,Commercial,170,32,24.13,0.44,0,0,13,,,https://www.housecanary.com/blog/best-lead-generation-for-realtors,130
listing leads for realtors,Commercial,170,33,16.45,0.22,0,0,12,,,https://www.housecanary.com/blog/best-lead-generation-for-realtors,121
my home is worth,Informational,170,65,3.44,0.68,0,0,61,,,https://www.housecanary.com/blog/what-is-the-value-of-my-home,134
prediction on housing market,Informational,170,70,2.69,0.13,0,0,16,,,https://www.housecanary.com/blog/housing-market-predictions,134
predictions of housing market,Informational,170,85,1.08,0.33,0,0,23,,,https://www.housecanary.com/blog/housing-market-predictions,131
properti platform most listings,Informational,170,17,0.00,0.00,0,0,11,,,https://www.housecanary.com/blog/real-estate-api,150
property data app,Informational,170,54,0.00,0.04,0,0,9,,,https://www.housecanary.com/blog/real-estate-api,153
property insights,Informational,170,10,3.98,0.12,0,0,32,,,https://www.housecanary.com/solutions/investment-insights,137
property researchers,Informational,170,40,2.66,0.22,0,0,49,,,https://www.housecanary.com/,110
quantarium meaning,Informational,170,16,3.31,0.01,0,0,43,,,https://www.housecanary.com/,107
real estate ai agents,Informational,170,35,6.11,0.63,0,0,6,,,https://www.housecanary.com/blog/5-ai-tools-for-real-estate-agents,121
real estate apis,Informational,170,33,4.29,0.53,0,0,9,,,https://www.housecanary.com/blog/real-estate-api,153
real estate capital raising software,Informational,170,13,0.00,0.04,0,0,27,,,https://www.housecanary.com/blog/real-estate-investment-software,133
real estate comparative market analysis,Informational,170,35,3.62,0.38,0,0,14,,,https://www.housecanary.com/blog/comparative-market-analysis-tool,132
real estate forecast 2026,Informational,170,50,1.98,0.11,0,0,19,,,https://www.housecanary.com/blog/housing-market-predictions,125
real estate forecast next 5 years california,Informational,170,67,2.80,0.08,0,0,25,,,https://www.housecanary.com/blog/housing-market-predictions,126
real estate investing all in one software,Informational,170,35,0.00,0.02,0,0,6,,,https://www.housecanary.com/blog/real-estate-investment-software,110000000
real estate investment reporting software,Informational,170,15,0.00,0.33,0,0,11,,,https://www.housecanary.com/blog/real-estate-investment-software,111
real estate investor reporting software,,170,20,0.00,0.00,0,0,12,,,https://www.housecanary.com/blog/real-estate-investment-software,57
real estate market forecast 2026,Informational,170,45,1.60,0.10,0,0,18,,,https://www.housecanary.com/blog/housing-market-predictions,125
real estate market intelligence investor strategy,Informational,170,25,0.00,0.00,0,0,21,,,https://www.housecanary.com/blog/real-estate-investment-software,135
real estate tools for realtors,Informational,170,33,6.71,0.21,0,0,11,,,https://www.housecanary.com/blog/5-ai-tools-for-real-estate-agents,178
rental returns,Informational,170,44,0.00,0.06,0,0,12,,,https://www.housecanary.com/blog/rental-yield,128
rental yield,Informational,170,37,0.00,0.33,0,0,41,,,https://www.housecanary.com/blog/rental-yield,124
software for real estate brokerage,"Commercial, Informational",170,36,33.72,0.15,0,0,32,,,https://www.housecanary.com/blog/real-estate-investment-software,159
software real estate investors,Informational,170,21,14.05,0.08,0,0,8,,,https://www.housecanary.com/blog/real-estate-investment-software,155
streeteasy api,Informational,170,23,6.24,0.14,0,0,20,,,https://www.housecanary.com/blog/real-estate-api,127
top ai for property management,Commercial,170,33,0.00,0.00,0,0,17,,,https://www.housecanary.com/blog/5-ai-tools-for-real-estate-agents,121
top resources for real estate investment insights,"Commercial, Informational",170,13,0.00,0.00,0,0,8,,,https://www.housecanary.com/blog/real-estate-investment-software,130
trends in real estate,Informational,170,50,2.11,0.10,0,0,59,,,https://www.housecanary.com/blog/real-estate-market-trends,91
up and coming real estate markets,Informational,170,68,1.91,0.13,0,0,12,,,https://www.housecanary.com/blog/housing-market-predictions,124
us housing market forecast 2025,Informational,170,59,0.00,0.00,0,0,14,,,https://www.housecanary.com/blog/housing-market-predictions,133
us housing market predictions,Informational,170,83,2.09,0.08,0,0,12,,,https://www.housecanary.com/blog/housing-market-predictions,131
va assumable loans,Informational,170,53,3.83,0.25,0,0,25,,,https://www.housecanary.com/blog/assumable-mortgage,107
value of a house,Informational,170,77,2.47,0.51,0,0,30,,,https://www.housecanary.com/blog/what-is-the-value-of-my-home,134
value of my property,Informational,170,78,3.76,0.66,0,0,34,,,https://www.housecanary.com/blog/what-is-the-value-of-my-home,140
value of the house,Informational,170,67,2.28,0.54,0,0,34,,,https://www.housecanary.com/blog/what-is-the-value-of-my-home,139
what does the cap rate mean in real estate,Informational,170,37,0.15,0.46,0,0,48,,,https://www.housecanary.com/blog/cap-rate,191000000
what is a cap rate on rental property,Informational,170,43,0.10,0.34,0,0,48,,,https://www.housecanary.com/blog/cap-rate,137
what is a rental income,Informational,170,28,0.00,0.33,0,0,56,,,https://www.housecanary.com/blog/rental-yield,180
what is an assumed mortgage,Informational,170,32,0.08,0.10,0,0,24,,,https://www.housecanary.com/blog/assumable-mortgage,134
what is my home,Informational,170,79,5.27,0.16,0,0,43,,,https://www.housecanary.com/blog/what-is-the-value-of-my-home,124
what is my homes market value,Informational,170,77,2.71,0.67,0,0,48,,,https://www.housecanary.com/blog/what-is-the-value-of-my-home,136
what is my house,Informational,170,79,5.73,0.13,0,0,64,,,https://www.housecanary.com/blog/what-is-the-value-of-my-home,140
what is real estate cap rate,Informational,170,30,0.11,0.36,0,0,16,,,https://www.housecanary.com/blog/cap-rate,163
what is the capitalization rate,Informational,170,24,0.11,0.26,0,0,7,,,https://www.housecanary.com/blog/cap-rate,131
what is the estimate value,Informational,170,78,0.00,0.33,0,0,47,,,https://www.housecanary.com/blog/what-is-the-value-of-my-home,130
what is your house worth,Informational,170,77,3.30,0.46,0,0,60,,,https://www.housecanary.com/blog/what-is-the-value-of-my-home,154
whats cap rate in real estate,Informational,170,38,0.13,0.37,0,0,11,,,https://www.housecanary.com/blog/cap-rate,129
when is the house market expected to crash,Informational,170,41,2.40,0.04,0,0,42,,,https://www.housecanary.com/blog/is-the-housing-market-going-to-crash,156
when will housing market pick up,Informational,170,49,1.21,0.07,0,0,22,,,https://www.housecanary.com/blog/housing-market-predictions,134
when will the housing prices go down,Transactional,170,47,2.32,0.02,0,0,35,,,https://www.housecanary.com/blog/housing-market-predictions,134
will the housing market crash again,Informational,170,32,0.00,0.01,0,0,30,,,https://www.housecanary.com/blog/is-the-housing-market-going-to-crash,126
your home worth,Informational,170,78,3.27,0.62,0,0,68,,,https://www.housecanary.com/blog/what-is-the-value-of-my-home,137
1098 valenquar avenue nytharia wv 36742,Informational,140,0,0.00,0.33,0,0,58,,,https://www.housecanary.com/products/property-explorer,681
2026 housing market forecast,Informational,140,43,1.17,0.14,0,0,21,,,https://www.housecanary.com/blog/housing-market-predictions,122
april us housing market report,Informational,140,58,0.00,0.00,0,0,13,,,https://www.housecanary.com/blog/market-pulse-2026-april,131
are house prices going to drop,Transactional,140,57,0.00,0.01,0,0,34,,,https://www.housecanary.com/blog/housing-market-predictions,132
are house prices going up,Transactional,140,73,1.22,0.02,0,0,24,,,https://www.housecanary.com/blog/housing-market-predictions,133
artificial intelligence and real estate,Informational,140,64,4.53,0.50,0,0,90,,,https://www.housecanary.com/blog/5-ai-tools-for-real-estate-investors,130
arv formula,Informational,140,24,1.09,0.26,0,0,7,,,https://www.housecanary.com/blog/arv,132
arv home,Informational,140,22,4.23,0.16,0,0,3,,,https://www.housecanary.com/blog/arv,26400000
arv means,Informational,140,21,0.00,0.02,0,0,22,,,https://www.housecanary.com/blog/arv,128
assumable lease,Informational,140,47,0.70,0.26,0,0,31,,,https://www.housecanary.com/blog/assumable-mortgage,136
assumable mortgage loans,Informational,140,48,1.56,0.11,0,0,21,,,https://www.housecanary.com/blog/assumable-mortgage,136
assumable mortgage website,Commercial,140,47,2.20,0.33,0,0,40,,,https://www.housecanary.com/blog/assumable-mortgage,134
attom 2024 home flipping report best markets,Commercial,140,22,0.00,0.00,0,0,36,,,https://www.housecanary.com/blog/fall-2025-home-flip-forecast-hottest-zip-codes-for-investors,114
automated valuation model appraisal,Informational,140,37,4.09,0.36,0,0,32,,,https://www.housecanary.com/blog/automated-valuation-model,119
average home price florida,Commercial,140,50,1.21,0.04,0,0,16,,,https://www.housecanary.com/blog/florida-housing-market,131
avm value,Informational,140,35,3.01,0.26,0,0,19,,,https://www.housecanary.com/blog/real-estate-avm-accuracy,112
azarine mortgage book value,Informational,140,18,0.00,0.00,0,0,22,,,https://www.housecanary.com/industries/mortgage-lenders,533
best ai avatar creators for real estate walkthroughs.,Commercial,140,3,0.00,0.00,0,0,13,,,https://www.housecanary.com/blog/5-ai-tools-for-real-estate-agents,99
best ai for hoa,Commercial,140,3,0.00,0.00,0,0,28,,,https://www.housecanary.com/blog/5-ai-tools-for-real-estate-agents,135
best ai tools for real estate,Commercial,140,22,8.79,0.64,0,0,28,,,https://www.housecanary.com/blog/5-ai-tools-for-real-estate-agents,140
best cma software for realtors,Commercial,140,22,13.23,0.82,0,37,0,,https://bricked.ai/best/cma-software-for-real-estate-agents,,117
best lead generation companies for realtors,Commercial,140,25,23.28,0.64,0,0,21,,,https://www.housecanary.com/blog/best-lead-generation-for-realtors,119
best lead generation real estate,"Commercial, Informational",140,27,28.13,0.46,0,0,21,,,https://www.housecanary.com/blog/best-lead-generation-for-realtors,158
best real estate asset management software,"Commercial, Informational",140,16,0.00,0.33,0,0,35,,,https://www.housecanary.com/blog/real-estate-investment-software,113
best real estate lead generator,"Commercial, Informational",140,31,24.26,0.43,0,0,46,,,https://www.housecanary.com/blog/best-lead-generation-for-realtors,160
buyer leads for real estate agents,Informational,140,26,27.56,0.43,0,0,14,,,https://www.housecanary.com/blog/best-lead-generation-for-realtors,161
calculate arv,Informational,140,16,2.42,0.51,0,0,22,,,https://www.housecanary.com/blog/arv,124
calculating the cap rate,Informational,140,38,0.79,0.14,0,0,8,,,https://www.housecanary.com/blog/cap-rate,132
cap rate calculation formula,Informational,140,40,0.51,0.29,0,0,7,,,https://www.housecanary.com/blog/cap-rate,122
cap rate definition in real estate,Informational,140,45,0.18,0.39,0,0,45,,,https://www.housecanary.com/blog/cap-rate,133
cap rate for real estate,Informational,140,32,0.36,0.30,0,0,15,,,https://www.housecanary.com/blog/cap-rate,132
cap rate meaning in real estate,Informational,140,32,0.10,0.40,0,0,18,,,https://www.housecanary.com/blog/cap-rate,158
cap rates by property type,Informational,140,29,0.00,0.33,0,0,14,,,https://www.housecanary.com/blog/cap-rate,154
casafy,Navigational,140,9,3.64,0.03,0,0,20,,,https://www.housecanary.com/,0
city of naples florida market signals and disasters 2024 2025,Informational,140,14,0.00,0.00,0,0,94,,,https://www.housecanary.com/blog/florida-housing-market,95700
clario home,Navigational,140,43,0.00,0.33,0,0,50,,,https://www.housecanary.com/solutions/comehome,107
cma appraisal,Informational,140,6,3.15,0.39,0,0,16,,,https://www.housecanary.com/blog/comparative-market-analysis-tool,129
cma software,Informational,140,30,5.62,0.66,0,25,0,,https://bricked.ai/best/cma-software,,95
cma software for realtors,"Commercial, Informational",140,22,10.22,0.68,0,42,0,,https://bricked.ai/best/cma-software-for-real-estate-agents,,114
come home home,Informational,140,21,0.00,0.33,0,0,5,,,https://www.housecanary.com/solutions/comehome,114
comp market analysis,Informational,140,36,4.40,0.21,0,0,12,,,https://www.housecanary.com/blog/comparative-market-analysis-tool,133
comp websites,Informational,140,24,1.13,0.69,0,21,0,,https://bricked.ai/best/comping-software,,106
current residential development market conditions national real estate,Informational,140,62,0.00,0.00,0,0,41,,,https://www.housecanary.com/blog/real-estate-market-trends,133
determining cap rate on rental property,Informational,140,31,1.01,0.30,0,0,31,,,https://www.housecanary.com/blog/cap-rate,135
digital real estate platforms,Informational,140,19,5.07,0.10,0,0,25,,,https://www.housecanary.com/blog/real-estate-investment-software,122
estated api,"Navigational, Transactional",140,10,5.49,0.65,0,0,21,,,https://www.housecanary.com/blog/real-estate-api,107
find out the value of your home,Informational,140,77,3.28,0.67,0,0,61,,,https://www.housecanary.com/blog/what-is-the-value-of-my-home,129
fl real estate market,Informational,140,41,1.27,0.19,0,0,22,,,https://www.housecanary.com/blog/florida-housing-market,130
florida housing market 2025,Informational,140,49,0.00,0.33,0,0,10,,,https://www.housecanary.com/blog/florida-housing-market,132
florida real estate market predictions,Informational,140,34,0.00,0.03,0,0,1,,,https://www.housecanary.com/blog/housing-market-predictions,118
free ai tools real estate agents,"Commercial, Informational",140,42,0.00,0.00,0,0,6,,,https://www.housecanary.com/blog/5-ai-tools-for-real-estate-agents,118
free cma generator,"Commercial, Informational",140,7,3.14,0.99,0,56,0,,https://bricked.ai/best/cma-software-for-real-estate-agents,,113
free cma real estate tool,Informational,140,12,3.70,0.81,0,64,18,,https://bricked.ai/best/cma-software-for-real-estate-agents,https://www.housecanary.com/blog/comparative-market-analysis-tool,126
free comparative market analysis,Commercial,140,9,4.43,0.72,0,0,9,,,https://www.housecanary.com/blog/comparative-market-analysis-tool,132
future housing market,Informational,140,68,1.94,0.14,0,0,30,,,https://www.housecanary.com/blog/housing-market-predictions,126
generate real estate seller leads,"Commercial, Informational",140,27,0.00,0.33,0,0,13,,,https://www.housecanary.com/blog/best-lead-generation-for-realtors,166
google home listings,Informational,140,45,7.88,0.02,0,0,3,,,https://www.housecanary.com/google,160
higharc careers,Commercial,140,17,0.00,0.33,0,0,64,,,https://www.housecanary.com/resources/careers,109
home calue,Informational,140,78,2.49,0.45,0,0,19,,,https://www.housecanary.com/blog/what-is-the-value-of-my-home,137
home price predictions,Transactional,140,78,1.53,0.04,0,0,24,,,https://www.housecanary.com/blog/housing-market-predictions,136
homebuyer lead generation,Informational,140,27,0.00,0.00,0,0,6,,,https://www.housecanary.com/blog/best-lead-generation-for-realtors,128
homedata,Informational,140,41,0.58,0.30,0,0,38,,,https://www.housecanary.com/products/data-explorer,116
hot real estate market,Informational,140,62,1.81,0.05,0,0,43,,,https://www.housecanary.com/blog/real-estate-market-trends,135
house iq,Informational,140,13,0.00,0.33,0,0,40,,,https://www.housecanary.com/,108
house market prediction 2026,Informational,140,50,1.99,0.12,0,0,23,,,https://www.housecanary.com/blog/housing-market-predictions,125
houseplant careers,Commercial,140,20,0.00,0.33,0,0,38,,,https://www.housecanary.com/resources/careers,107
housing market going to crash,Informational,140,36,0.00,0.33,0,0,25,,,https://www.housecanary.com/blog/is-the-housing-market-going-to-crash,109
housing market in 2026,Informational,140,49,1.71,0.10,0,0,16,,,https://www.housecanary.com/blog/housing-market-predictions,107
housing market outlook 2025,Informational,140,62,0.00,0.00,0,0,18,,,https://www.housecanary.com/blog/housing-market-predictions,133
housing market predictions 2023,Informational,140,49,0.00,0.33,0,0,18,,,https://www.housecanary.com/blog/housing-market-predictions,138
housing market predictions next 5 years,Informational,140,30,1.97,0.05,0,0,38,,,https://www.housecanary.com/blog/housing-market-predictions,132
housing predictions,Informational,140,60,2.12,0.01,0,0,10,,,https://www.housecanary.com/blog/housing-market-predictions,134
how can i know how much my house is worth,Informational,140,76,3.64,0.71,0,0,68,,,https://www.housecanary.com/blog/what-is-the-value-of-my-home,133
how do i calculate the value of my house,Informational,140,76,2.91,0.59,0,0,63,,,https://www.housecanary.com/blog/what-is-the-value-of-my-home,156
how do i find the current value of my home,Informational,140,75,2.73,0.64,0,0,58,,,https://www.housecanary.com/blog/what-is-the-value-of-my-home,137
how do i find the market value of my house,Informational,140,76,2.88,0.68,0,0,63,,,https://www.housecanary.com/blog/what-is-the-value-of-my-home,135
how do you find the cap rate,Informational,140,42,0.48,0.17,0,0,25,,,https://www.housecanary.com/blog/cap-rate,131
how does a mortgage assumption work,Informational,140,46,0.24,0.19,0,0,22,,,https://www.housecanary.com/blog/assumable-mortgage,130
how to calculate a cap rate for real estate,Informational,140,40,0.58,0.42,0,0,26,,,https://www.housecanary.com/blog/cap-rate,134
how to calculate the cap rate in real estate,Informational,140,29,0.58,0.42,0,0,30,,,https://www.housecanary.com/blog/cap-rate,131
how to compute cap rate,Informational,140,30,0.25,0.27,0,0,11,,,https://www.housecanary.com/blog/cap-rate,182
how to determine house value,Informational,140,78,1.94,0.54,0,0,63,,,https://www.housecanary.com/blog/what-is-the-value-of-my-home,124
how to determine your house value,Informational,140,78,2.78,0.66,0,0,69,,,https://www.housecanary.com/blog/what-is-the-value-of-my-home,131
how to estimate the value of your home,Informational,140,77,2.48,0.52,0,0,88,,,https://www.housecanary.com/blog/what-is-the-value-of-my-home,173
how to find estimated value of home,Informational,140,73,2.76,0.70,0,0,65,,,https://www.housecanary.com/blog/what-is-the-value-of-my-home,128
how to find out the value of my home,Informational,140,76,3.37,0.69,0,0,50,,,https://www.housecanary.com/blog/what-is-the-value-of-my-home,132
how to find the current value of my home,Informational,140,74,2.73,0.64,0,0,71,,,https://www.housecanary.com/blog/what-is-the-value-of-my-home,130
how to find the market value of a house,Informational,140,77,2.07,0.52,0,0,68,,,https://www.housecanary.com/blog/what-is-the-value-of-my-home,129
how to find the value of a house,Informational,140,77,2.41,0.70,0,0,67,,,https://www.housecanary.com/blog/what-is-the-value-of-my-home,127
how to know how much my home is worth,Informational,140,76,3.64,0.71,0,0,69,,,https://www.housecanary.com/blog/what-is-the-value-of-my-home,130
hpi search,Informational,140,22,1.24,0.45,0,0,44,,,https://www.housecanary.com/products/hpi-rpi-data,178
is housing market crash,Informational,140,42,1.42,0.01,0,0,35,,,https://www.housecanary.com/blog/is-the-housing-market-going-to-crash,112
is the housing market gonna crash,Informational,140,30,0.00,0.01,0,0,25,,,https://www.housecanary.com/blog/is-the-housing-market-going-to-crash,149
mortgage take over,Informational,140,46,3.39,0.30,0,0,24,,,https://www.housecanary.com/blog/assumable-mortgage,135
my home's current value,Informational,140,77,3.04,0.63,0,0,66,,,https://www.housecanary.com/blog/what-is-the-value-of-my-home,136
next housing market crash,Informational,140,38,0.00,0.01,0,0,26,,,https://www.housecanary.com/blog/is-the-housing-market-going-to-crash,151
non disclosure states real estate,Informational,140,11,0.36,0.05,0,0,1,,,https://www.housecanary.com/blog/non-disclosure-states,132
online home value,Informational,140,78,4.64,0.53,0,0,68,,,https://www.housecanary.com/blog/what-is-the-value-of-my-home,135
ownersicon real estate market trends archives,Informational,140,40,0.00,0.33,0,0,14,,,https://www.housecanary.com/blog/real-estate-market-trends,34100
potential housing market crash,Informational,140,34,0.00,0.01,0,0,25,,,https://www.housecanary.com/blog/is-the-housing-market-going-to-crash,148
proforma cap rate,Informational,140,5,0.20,0.14,0,0,26,,,https://www.housecanary.com/blog/cap-rate,106
property due diligence software,Informational,140,7,0.00,0.14,0,0,36,,,https://www.housecanary.com/blog/real-estate-investment-software,120
property estimated value,Informational,140,78,2.82,0.63,0,0,38,,,https://www.housecanary.com/blog/what-is-the-value-of-my-home,138
property management company no ai automation software los angeles 2026,Commercial,140,16,0.00,0.00,0,0,26,,,https://www.housecanary.com/blog/5-ai-tools-for-real-estate-agents,44500000
property valuation company,Informational,140,45,0.00,0.09,0,0,64,,,https://www.housecanary.com/,154
rate of return on rental property,Informational,140,34,1.28,0.07,0,0,50,,,https://www.housecanary.com/blog/rental-yield,138
real estate abbreviations,Informational,140,3,0.00,0.33,0,0,24,,,https://www.housecanary.com/blog/alphabet-soup-real-estate-acronyms-decoded,133
real estate avm,Informational,140,36,3.17,0.44,0,0,14,,,https://www.housecanary.com/blog/real-estate-avm-accuracy,123
real estate forcast,Informational,140,71,2.04,0.09,0,0,24,,,https://www.housecanary.com/blog/housing-market-predictions,140
real estate future,Informational,140,50,1.78,0.12,0,0,23,,,https://www.housecanary.com/blog/housing-market-predictions,125
real estate investment management software pricing,Transactional,140,26,22.58,0.08,0,0,10,,,https://www.housecanary.com/blog/real-estate-investment-software,103
real estate investment syndication software,Informational,140,8,0.00,0.33,0,0,25,,,https://www.housecanary.com/blog/real-estate-investment-software,126
real estate lead generation system,Informational,140,32,23.58,0.07,0,0,4,,,https://www.housecanary.com/blog/best-lead-generation-for-realtors,125
real estate lead sources,Informational,140,29,28.29,0.55,0,0,13,,,https://www.housecanary.com/blog/best-lead-generation-for-realtors,123
real estate listing lead generation,Informational,140,27,30.93,0.46,0,0,9,,,https://www.housecanary.com/blog/best-lead-generation-for-realtors,128
real estate market outlook 2025,Informational,140,73,0.00,0.33,0,0,16,,,https://www.housecanary.com/blog/housing-market-predictions,132
real estate predictions,Informational,140,38,2.12,0.14,0,0,15,,,https://www.housecanary.com/blog/housing-market-predictions,137
real estate rate of return,Informational,140,34,0.00,0.03,0,0,25,,,https://www.housecanary.com/blog/rental-yield,136
real estate underwriting software,Informational,140,8,8.24,0.25,0,0,26,,,https://www.housecanary.com/blog/real-estate-investment-software,128
realtor com api,Informational,140,37,3.98,0.47,0,0,16,,,https://www.housecanary.com/blog/real-estate-api,106
realtor marketing tools,Commercial,140,33,8.90,0.18,0,0,22,,,https://www.housecanary.com/blog/best-lead-generation-for-realtors,135
residential real estate data analytics,Informational,140,31,0.00,0.33,0,0,66,,,https://www.housecanary.com/solutions/investment-insights,132
rvm meaning real estate,Informational,140,8,0.00,0.01,0,0,22,,,https://www.housecanary.com/blog/real-estate-avm-accuracy,105
seller leads for real estate agents,Commercial,140,29,21.98,0.77,0,0,10,,,https://www.housecanary.com/blog/best-lead-generation-for-realtors,128
signs of housing market crash,Informational,140,36,0.00,0.33,0,0,36,,,https://www.housecanary.com/blog/is-the-housing-market-going-to-crash,156
smart valuation,Informational,140,6,0.00,0.33,0,0,47,,,https://www.housecanary.com/blog/automated-valuation-model,126
software for real estate investing,Commercial,140,24,13.08,0.04,0,0,9,,,https://www.housecanary.com/blog/real-estate-investment-software,107
take over payments on house,"Commercial, Informational",140,45,3.74,0.41,0,0,24,,,https://www.housecanary.com/blog/assumable-mortgage,131
the housing market will crash again,Informational,140,44,0.00,0.33,0,0,15,,,https://www.housecanary.com/blog/is-the-housing-market-going-to-crash,146
try not to get bricked,Informational,140,23,0.00,0.33,0,57,0,,https://bricked.ai/,,170
urban planning real estate trends,Informational,140,34,0.00,0.33,0,0,64,,,https://www.housecanary.com/blog/real-estate-market-trends,130
valuation of homes,Informational,140,78,2.49,0.46,0,0,27,,,https://www.housecanary.com/blog/what-is-the-value-of-my-home,133
value of homes,Informational,140,78,2.49,0.46,0,0,32,,,https://www.housecanary.com/blog/what-is-the-value-of-my-home,135
value of real estate,Informational,140,78,2.26,0.42,0,0,42,,,https://www.housecanary.com/blog/what-is-the-value-of-my-home,135
what did my house appraise for,Informational,140,64,2.28,0.73,0,0,53,,,https://www.housecanary.com/blog/what-is-the-value-of-my-home,138
what does it mean to assume a loan,Informational,140,50,0.06,0.11,0,0,24,,,https://www.housecanary.com/blog/assumable-mortgage,131
what does the cap rate mean,Informational,140,43,0.11,0.34,0,0,15,,,https://www.housecanary.com/blog/cap-rate,135
what happens if housing market crashes,Informational,140,18,0.00,0.33,0,0,50,,,https://www.housecanary.com/blog/is-the-housing-market-going-to-crash,132
what is a good rate of return on rental property,Informational,140,22,0.75,0.08,0,0,48,,,https://www.housecanary.com/blog/rental-yield,181
what is a real estate cap rate,Informational,140,30,0.13,0.37,0,0,14,,,https://www.housecanary.com/blog/cap-rate,135
what is an assumption of mortgage,Informational,140,41,0.16,0.09,0,0,31,,,https://www.housecanary.com/blog/assumable-mortgage,129
what is asset management in real estate,Informational,140,27,1.02,0.04,0,0,8,,,https://www.housecanary.com/blog/real-estate-asset-management,147
what is assumption of mortgage,Informational,140,46,0.42,0.05,0,0,40,,,https://www.housecanary.com/blog/assumable-mortgage,135
what is house price index,Informational,140,54,1.43,0.01,0,0,57,,,https://www.housecanary.com/products/hpi-rpi-data,122
what is property value of my house,Informational,140,77,3.12,0.61,0,0,53,,,https://www.housecanary.com/blog/what-is-the-value-of-my-home,139
what is real estate asset management,Informational,140,31,1.02,0.04,0,0,7,,,https://www.housecanary.com/blog/real-estate-asset-management,123
what is the best lead generation for real estate,Commercial,140,24,22.79,0.75,0,0,5,,,https://www.housecanary.com/blog/best-lead-generation-for-realtors,103
what is the industry of thehouse.properties,Informational,140,5,0.00,0.00,0,0,58,,,https://www.housecanary.com/resources/about-us,735000000
what is the price of my home,Informational,140,77,3.30,0.46,0,0,44,,,https://www.housecanary.com/blog/what-is-the-value-of-my-home,208
what is the property market doing,Informational,140,82,1.03,0.27,0,0,45,,,https://www.housecanary.com/blog/real-estate-market-trends,133
what is the value of home,Informational,140,76,2.28,0.33,0,0,15,,,https://www.housecanary.com/blog/what-is-the-value-of-my-home,136
whats cap rate,Informational,140,55,0.15,0.18,0,0,35,,,https://www.housecanary.com/blog/cap-rate,131
when was the last housing crash,Informational,140,38,0.00,0.33,0,0,52,,,https://www.housecanary.com/blog/is-the-housing-market-going-to-crash,172
when will real estate prices drop,Transactional,140,51,0.00,0.33,0,0,35,,,https://www.housecanary.com/blog/housing-market-predictions,134
when will the housing market drop,Informational,140,37,5.33,0.03,0,0,34,,,https://www.housecanary.com/blog/housing-market-predictions,125
which ai is best for property management,Commercial,140,40,0.00,0.00,0,0,24,,,https://www.housecanary.com/blog/5-ai-tools-for-real-estate-agents,90
which property is illustrated by the following statement,Informational,140,16,0.00,0.33,0,0,48,,,https://www.housecanary.com/products/property-explorer,221
will house market crash,Informational,140,30,2.60,0.01,0,0,29,,,https://www.housecanary.com/blog/is-the-housing-market-going-to-crash,127
will house orices crash,Transactional,140,28,0.00,0.00,0,0,36,,,https://www.housecanary.com/blog/is-the-housing-market-going-to-crash,123
will housing market crash soon,Informational,140,26,0.00,0.02,0,0,56,,,https://www.housecanary.com/blog/is-the-housing-market-going-to-crash,132
will real estate market crash again,Informational,140,38,0.00,0.01,0,0,26,,,https://www.housecanary.com/blog/is-the-housing-market-going-to-crash,124
will the housing market get better,Informational,140,47,1.29,0.05,0,0,23,,,https://www.housecanary.com/blog/housing-market-predictions,107
will there be a house market crash,Informational,140,25,0.00,0.01,0,0,31,,,https://www.housecanary.com/blog/is-the-housing-market-going-to-crash,125
2025 housing market,Informational,110,36,0.00,0.05,0,0,12,,,https://www.housecanary.com/blog/housing-market-predictions,133
2026 house market,Informational,110,43,2.01,0.11,0,0,19,,,https://www.housecanary.com/blog/housing-market-predictions,125
2027 housing market predictions,Informational,110,42,2.02,0.04,0,0,39,,,https://www.housecanary.com/blog/housing-market-predictions,125
ai crm real estate,Informational,110,43,13.99,0.65,0,0,16,,,https://www.housecanary.com/blog/5-ai-tools-for-real-estate-agents,119
ai for real estate investing,Informational,110,29,6.33,0.26,0,0,22,,,https://www.housecanary.com/blog/5-ai-tools-for-real-estate-investors,137
ai for real estate investment,Informational,110,28,6.33,0.26,0,0,31,,,https://www.housecanary.com/blog/5-ai-tools-for-real-estate-investors,116
ai for real estate investors,"Commercial, Informational",110,28,5.90,0.33,0,0,17,,,https://www.housecanary.com/blog/5-ai-tools-for-real-estate-investors,116
ai in real estate development,Informational,110,63,7.82,0.39,0,0,59,,,https://www.housecanary.com/blog/5-ai-tools-for-real-estate-investors,147
ai real estate agents,Informational,110,50,5.04,0.56,0,0,6,,,https://www.housecanary.com/blog/5-ai-tools-for-real-estate-agents,108
ai real estate software,Commercial,110,44,14.76,0.58,0,0,27,,,https://www.housecanary.com/blog/5-ai-tools-for-real-estate-investors,106
ai recommend real estate tools,Informational,110,31,0.00,0.00,0,0,9,,,https://www.housecanary.com/blog/5-ai-tools-for-real-estate-agents,105
ai recommended lenders for real estate investors 2026,Informational,110,8,0.00,0.00,0,0,2,,,https://www.housecanary.com/blog/5-ai-tools-for-real-estate-investors,113
ai solutions for real estate,Informational,110,50,0.00,0.24,0,0,48,,,https://www.housecanary.com/blog/5-ai-tools-for-real-estate-investors,114
allintitle:ai agents for real estate,Informational,110,49,7.93,0.40,0,0,63,,,https://www.housecanary.com/blog/ai-agents-for-real-estate,32200
api for real estate,Commercial,110,24,4.29,0.53,0,0,7,,,https://www.housecanary.com/blog/real-estate-api,123
april housing trends report,Informational,110,4,0.00,0.00,0,0,21,,,https://www.housecanary.com/blog/market-pulse-2026-april,131
are home loans assumable,Informational,110,55,0.65,0.04,0,0,25,,,https://www.housecanary.com/blog/assumable-mortgage,132
are home prices going to drop,Transactional,110,50,0.00,0.02,0,0,33,,,https://www.housecanary.com/blog/housing-market-predictions,130
are house prices coming down,Transactional,110,43,0.52,0.03,0,0,25,,,https://www.housecanary.com/blog/housing-market-predictions,123
ariesview,Informational,110,0,0.00,0.01,0,0,41,,,https://www.housecanary.com/,109
arv calculator free,Commercial,110,2,2.48,0.71,0,18,0,,https://bricked.ai/best/arv-calculators-for-real-estate-investors,,106
arv definition,Informational,110,34,0.00,0.01,0,0,10,,,https://www.housecanary.com/blog/arv,133
assumable fha loan meaning,Informational,110,44,0.00,0.07,0,0,26,,,https://www.housecanary.com/blog/assumable-mortgage,135
assumable houses,Informational,110,48,1.51,0.21,0,0,22,,,https://www.housecanary.com/blog/assumable-mortgage,134
assumable loan requirements,Informational,110,52,1.57,0.20,0,0,22,,,https://www.housecanary.com/blog/assumable-mortgage,136
assumable mortgage listing,Informational,110,30,2.10,0.46,0,0,30,,,https://www.housecanary.com/blog/assumable-mortgage,134
assumable mortgage process,Informational,110,54,0.11,0.17,0,0,25,,,https://www.housecanary.com/blog/assumable-mortgage,132
assumption loan agreement,Informational,110,32,1.23,0.18,0,0,48,,,https://www.housecanary.com/blog/assumable-mortgage,128
assumption loan mortgage,Informational,110,50,1.56,0.11,0,0,27,,,https://www.housecanary.com/blog/assumable-mortgage,129
assumption loans,Informational,110,50,2.47,0.12,0,0,28,,,https://www.housecanary.com/blog/assumable-mortgage,134
automated valuation model avm,Informational,110,38,4.48,0.52,0,0,9,,,https://www.housecanary.com/blog/automated-valuation-model,113
average cap rate residential real estate,Informational,110,30,0.00,0.33,0,0,13,,,https://www.housecanary.com/blog/cap-rate,138
average home price 2026,Transactional,110,76,0.00,0.33,0,0,28,,,https://www.housecanary.com/blog/housing-market-predictions,131
avm market,Informational,110,14,0.00,0.04,0,0,9,,,https://www.housecanary.com/blog/automated-valuation-model,121
bankrate home value estimator,Informational,110,84,2.20,0.30,0,0,37,,,https://www.housecanary.com/blog/what-is-the-value-of-my-home,109
bay area housing market news june 2026,Informational,110,-1,0.00,0.00,0,0,37,,,https://www.housecanary.com/blog/market-pulse-2026-june,131
best ai for realtors like zanus,"Commercial, Informational",110,15,0.00,0.00,0,0,12,,,https://www.housecanary.com/blog/5-ai-tools-for-real-estate-agents,30900
best ai tools for real estate agents 2026,Commercial,110,18,0.00,0.00,0,0,5,,,https://www.housecanary.com/blog/5-ai-tools-for-real-estate-agents,108
best ai tools for real estate investors,Commercial,110,33,7.91,0.68,0,0,15,,,https://www.housecanary.com/blog/5-ai-tools-for-real-estate-agents,153
best apis for automated borrower notifications,"Commercial, Informational",110,0,0.00,0.00,0,0,34,,,https://www.housecanary.com/blog/5-ai-tools-for-real-estate-agents,9190000
best cash flow rental markets,Commercial,110,19,0.00,0.02,0,0,23,,,https://www.housecanary.com/blog/how-to-maximize-cash-flow-for-rental-properties,9510
best lead generating websites for real estate,Commercial,110,35,22.51,0.15,0,0,15,,,https://www.housecanary.com/blog/best-lead-generation-for-realtors,127
best lead generation websites for real estate,Commercial,110,33,35.53,0.13,0,0,10,,,https://www.housecanary.com/blog/best-lead-generation-for-realtors,154
best leads for real estate agents,Commercial,110,26,23.81,0.64,0,0,38,,,https://www.housecanary.com/blog/best-lead-generation-for-realtors,119
best property management ai,Commercial,110,50,0.00,0.00,0,0,32,,,https://www.housecanary.com/blog/5-ai-tools-for-real-estate-agents,89
best real estate investing software,Commercial,110,18,8.87,0.56,0,0,16,,,https://www.housecanary.com/blog/real-estate-investment-software,117
best real estate investment apps,Commercial,110,43,5.05,0.51,0,0,49,,,https://www.housecanary.com/blog/real-estate-investment-software,132
best real estate investor software,Commercial,110,14,0.00,0.00,0,0,17,,,https://www.housecanary.com/blog/real-estate-investment-software,118
best real estate lead,Commercial,110,33,24.26,0.43,0,0,18,,,https://www.housecanary.com/blog/best-lead-generation-for-realtors,117
best real estate lead generation sites,Commercial,110,33,22.51,0.15,0,0,24,,,https://www.housecanary.com/blog/best-lead-generation-for-realtors,152
best real estate lead generation software,"Commercial, Informational",110,50,0.00,0.33,0,0,30,,,https://www.housecanary.com/blog/best-lead-generation-for-realtors,124
best real estate lead generation software for solo agents,"Commercial, Informational",110,24,0.00,0.00,0,0,6,,,https://www.housecanary.com/blog/best-lead-generation-for-realtors,126
best real estate lead generation tools,Commercial,110,24,0.00,0.33,0,0,5,,,https://www.housecanary.com/blog/best-lead-generation-for-realtors,156
best real estate leads to buy,Commercial,110,33,35.23,0.59,0,0,15,,,https://www.housecanary.com/blog/best-lead-generation-for-realtors,122
best real estate portfolio efficiency services,Commercial,110,8,0.00,0.33,0,0,17,,,https://www.housecanary.com/blog/real-estate-investment-software,206
brickedai,Informational,110,23,0.04,0.01,0,1,0,,https://bricked.ai/,,169
brikd,Informational,110,24,1.03,0.57,0,14,0,,https://bricked.ai/,,105
can the housing market crash again,Informational,110,21,0.00,0.33,0,0,32,,,https://www.housecanary.com/blog/is-the-housing-market-going-to-crash,125
can you assume a mortgage loan,Informational,110,42,0.58,0.06,0,0,23,,,https://www.housecanary.com/blog/assumable-mortgage,132
canary.com,Transactional,110,58,3.21,0.03,0,0,19,,,https://www.housecanary.com/,93300000
cap rate equation real estate,Informational,110,26,0.60,0.27,0,0,25,,,https://www.housecanary.com/blog/cap-rate,136
cap rate valuation,Informational,110,41,0.67,0.29,0,0,17,,,https://www.housecanary.com/blog/cap-rate,130
capitalisation rate in real estate,Informational,110,29,0.36,0.30,0,0,15,,,https://www.housecanary.com/blog/cap-rate,131
capitalisation rate real estate,Informational,110,32,0.36,0.30,0,0,15,,,https://www.housecanary.com/blog/cap-rate,129
capping value,Informational,110,13,0.00,0.01,0,0,46,,,https://www.housecanary.com/blog/cap-rate,129
casafari,Navigational,110,37,4.98,0.09,0,0,33,,,https://www.housecanary.com/,134
cash flow rental property,Informational,110,45,2.99,0.24,0,0,13,,,https://www.housecanary.com/blog/how-to-maximize-cash-flow-for-rental-properties,134
chat arv ai,"Informational, Navigational",110,24,4.66,0.10,0,20,43,,https://bricked.ai/alternatives/chatarv-alternatives,https://www.housecanary.com/,106
chatarv ai,Navigational,110,20,8.51,0.06,0,15,20,,https://bricked.ai/alternatives/chatarv-alternatives,https://www.housecanary.com/,108
cma home value,Informational,110,23,2.96,0.64,0,0,15,,,https://www.housecanary.com/blog/comparative-market-analysis-tool,106
coming housing crash,Informational,110,37,0.00,0.01,0,0,35,,,https://www.housecanary.com/blog/is-the-housing-market-going-to-crash,132
commercial avm california,Informational,110,20,0.00,0.00,0,0,23,,,https://www.housecanary.com/blog/automated-valuation-model,117
commercial real estate api,Informational,110,14,7.74,0.99,0,0,9,,,https://www.housecanary.com/blog/real-estate-api,118
comp analysis real estate,Informational,110,27,3.74,0.63,0,0,5,,,https://www.housecanary.com/blog/comparative-market-analysis-tool,125
comparative market analysis software,Informational,110,22,7.57,0.66,0,42,12,,https://bricked.ai/best/cma-software-for-real-estate-agents,https://www.housecanary.com/blog/comparative-market-analysis-tool,118
compare ai for hoa,Informational,110,3,0.00,0.00,0,0,28,,,https://www.housecanary.com/blog/5-ai-tools-for-real-estate-agents,123
current us housing market trends april 2026,Informational,110,39,0.00,0.00,0,0,18,,,https://www.housecanary.com/blog/market-pulse-2026-april,136
current us housing market trends june 2026,Informational,110,26,0.00,0.00,0,0,12,,,https://www.housecanary.com/blog/market-pulse-2026-june,135
data tree pricing,Navigational,110,14,6.48,0.59,0,0,38,,,https://www.housecanary.com/pricing,106
define capitalization rate,Informational,110,42,0.09,0.32,0,0,14,,,https://www.housecanary.com/blog/cap-rate,132
definition of cap rate in real estate,Informational,110,46,0.18,0.39,0,0,46,,,https://www.housecanary.com/blog/cap-rate,127
determine house value,Informational,110,78,2.16,0.43,0,0,67,,,https://www.housecanary.com/blog/what-is-the-value-of-my-home,129
escapia pricing,"Navigational, Transactional",110,17,13.16,0.50,0,0,59,,,https://www.housecanary.com/pricing,100
estimating house value,Commercial,110,78,2.37,0.62,0,0,62,,,https://www.housecanary.com/blog/what-is-the-value-of-my-home,134
fair market rental value of my home,Informational,110,24,4.01,0.66,0,0,33,,,https://www.housecanary.com/blog/find-perfect-rent-rate-housecanary-rental-cma,163
find market value,Informational,110,78,0.00,0.33,0,0,74,,,https://www.housecanary.com/blog/what-is-the-value-of-my-home,133
find value of home,Informational,110,77,2.62,0.60,0,0,64,,,https://www.housecanary.com/blog/what-is-the-value-of-my-home,134
find what my home is worth,Informational,110,77,3.55,0.68,0,0,73,,,https://www.housecanary.com/blog/what-is-the-value-of-my-home,136
florida housing market predictions,Informational,110,32,0.00,0.03,0,0,8,,,https://www.housecanary.com/blog/housing-market-predictions,114
florida real estate market forecast,Informational,110,33,0.00,0.03,0,0,4,,,https://www.housecanary.com/blog/housing-market-predictions,128
florida real estate trends,Informational,110,41,0.95,0.07,0,0,20,,,https://www.housecanary.com/blog/florida-housing-market,133
florida's real estate market,Informational,110,43,1.26,0.11,0,0,23,,,https://www.housecanary.com/blog/florida-housing-market,134
forecast for real estate market,Informational,110,68,2.78,0.08,0,0,18,,,https://www.housecanary.com/blog/housing-market-predictions,193
forecast of housing market,Informational,110,82,0.00,0.12,0,0,21,,,https://www.housecanary.com/blog/housing-market-predictions,136
formula to calculate cap rate,Informational,110,36,0.34,0.19,0,0,10,,,https://www.housecanary.com/blog/cap-rate,124
free comparative market analysis tool,Informational,110,21,4.98,0.60,0,0,8,,,https://www.housecanary.com/blog/comparative-market-analysis-tool,126
free real estate api,Commercial,110,27,3.88,0.59,0,0,3,,,https://www.housecanary.com/blog/real-estate-api,122
generate leads in real estate,Informational,110,23,18.33,0.27,0,0,15,,,https://www.housecanary.com/blog/best-lead-generation-for-realtors,131
generative ai real estate,Informational,110,25,0.00,0.02,0,0,44,,,https://www.housecanary.com/blog/5-ai-tools-for-real-estate-investors,124
google properties,Informational,110,57,5.03,0.06,0,0,25,,,https://www.housecanary.com/google,108
gross rental yield,Informational,110,36,0.00,0.04,0,0,38,,,https://www.housecanary.com/blog/rental-yield,127
home property values,Informational,110,78,2.87,0.48,0,0,24,,,https://www.housecanary.com/blog/what-is-the-value-of-my-home,138
home seller leads for realtors,"Commercial, Informational",110,30,0.00,0.00,0,0,15,,,https://www.housecanary.com/blog/best-lead-generation-for-realtors,124
homevaluation,Informational,110,64,2.49,0.46,0,0,42,,,https://www.housecanary.com/blog/what-is-the-value-of-my-home,139
homeyrack,Navigational,110,19,0.00,0.00,0,0,32,,,https://www.housecanary.com/,108
hot markets for real estate,Informational,110,70,1.42,0.06,0,0,67,,,https://www.housecanary.com/blog/real-estate-market-trends,146
hot real estate markets 2026,Informational,110,46,1.85,0.17,0,0,15,,,https://www.housecanary.com/blog/housing-market-predictions,125
hottest real estate markets 2025,Informational,110,66,0.00,0.18,0,0,37,,,https://www.housecanary.com/blog/real-estate-market-trends,135
house market about to crash,Informational,110,23,0.00,0.01,0,0,44,,,https://www.housecanary.com/blog/is-the-housing-market-going-to-crash,118
house market crash 2025,Informational,110,30,0.00,0.01,0,0,22,,,https://www.housecanary.com/blog/is-the-housing-market-going-to-crash,152
house market predictions,Informational,110,41,2.39,0.17,0,0,20,,,https://www.housecanary.com/blog/housing-market-predictions,134
house market to crash,Informational,110,24,0.00,0.01,0,0,34,,,https://www.housecanary.com/blog/is-the-housing-market-going-to-crash,108
house prices 2026,Transactional,110,47,1.04,0.06,0,0,16,,,https://www.housecanary.com/blog/housing-market-predictions,129
house property value,Informational,110,77,2.53,0.51,0,0,17,,,https://www.housecanary.com/blog/what-is-the-value-of-my-home,139
house take over payments,Commercial,110,55,3.74,0.41,0,0,28,,,https://www.housecanary.com/blog/assumable-mortgage,126
house tracker,Informational,110,18,1.06,0.03,0,0,54,,,https://www.housecanary.com/,113
houseworth,Informational,110,27,3.05,0.46,0,0,26,,,https://www.housecanary.com/blog/what-is-the-value-of-my-home,104
housing market about to crash,Informational,110,31,1.98,0.01,0,0,20,,,https://www.housecanary.com/blog/is-the-housing-market-going-to-crash,114
housing market analysis,Informational,110,65,2.51,0.40,0,0,37,,,https://www.housecanary.com/blog/real-estate-market-trends,136
housing market crash prediction 2025,Informational,110,38,0.00,0.07,0,0,12,,,https://www.housecanary.com/blog/is-the-housing-market-going-to-crash,158
housing market prediction next 5 years,Informational,110,33,2.22,0.08,0,0,38,,,https://www.housecanary.com/blog/housing-market-predictions,133
housing market reset,Informational,110,42,0.00,0.01,0,0,15,,,https://www.housecanary.com/blog/housing-market-predictions,123
housing market trends october 2025,Informational,110,16,0.00,0.00,0,0,16,,,https://www.housecanary.com/blog/market-pulse-2025-october,130
housing market update june 2026,Informational,110,-1,0.00,0.00,0,0,23,,,https://www.housecanary.com/blog/market-pulse-2026-june,129
housing market warning signs,Informational,110,27,0.00,0.33,0,0,34,,,https://www.housecanary.com/blog/is-the-housing-market-going-to-crash,124
how do i determine my home value,Informational,110,76,3.43,0.67,0,0,67,,,https://www.housecanary.com/blog/what-is-the-value-of-my-home,126
how do i figure out the value of my house,Informational,110,75,3.27,0.66,0,0,78,,,https://www.housecanary.com/blog/what-is-the-value-of-my-home,189
how do i find the estimated value of my home,Informational,110,75,2.76,0.70,0,0,55,,,https://www.housecanary.com/blog/what-is-the-value-of-my-home,132
how do i find what my house is worth,Informational,110,76,4.03,0.69,0,0,61,,,https://www.housecanary.com/blog/what-is-the-value-of-my-home,134
how do i know the value of my home,Informational,110,72,3.66,0.69,0,0,44,,,https://www.housecanary.com/blog/what-is-the-value-of-my-home,131
how do i know what my home is worth,Informational,110,75,3.66,0.69,0,0,69,,,https://www.housecanary.com/blog/what-is-the-value-of-my-home,199
how do i value my home,Informational,110,77,4.03,0.69,0,0,48,,,https://www.housecanary.com/blog/what-is-the-value-of-my-home,127
how to afford a million dollar house,Informational,110,30,4.54,0.25,0,0,64,,,https://www.housecanary.com/blog/one-million-dollars-what-it-buys-in-united-states-housing-market,124
how to calculate cap rate real estate,Informational,110,30,0.27,0.42,0,0,10,,,https://www.housecanary.com/blog/cap-rate,131
how to calculate real estate cap rate,Informational,110,22,0.40,0.39,0,0,8,,,https://www.housecanary.com/blog/cap-rate,130
how to calculate the cap rate,Informational,110,27,0.25,0.25,0,0,28,,,https://www.housecanary.com/blog/cap-rate,132
how to check my home value,Informational,110,76,3.52,0.74,0,0,58,,,https://www.housecanary.com/blog/what-is-the-value-of-my-home,135
how to figure out a cap rate,Informational,110,36,0.25,0.27,0,0,14,,,https://www.housecanary.com/blog/cap-rate,129
how to figure out the value of your home,Informational,110,77,2.48,0.52,0,0,60,,,https://www.housecanary.com/blog/what-is-the-value-of-my-home,128
how to find estimated home value,Informational,110,73,2.76,0.70,0,0,53,,,https://www.housecanary.com/blog/what-is-the-value-of-my-home,132
how to find out the value of your house,Informational,110,77,3.24,0.67,0,0,62,,,https://www.housecanary.com/blog/what-is-the-value-of-my-home,124
how to find out what my home is worth,Informational,110,75,3.27,0.66,0,0,60,,,https://www.housecanary.com/blog/what-is-the-value-of-my-home,195
how to find out what your house is worth,Informational,110,75,3.24,0.67,0,0,68,,,https://www.housecanary.com/blog/what-is-the-value-of-my-home,130
how to find the estimated value of my home,Informational,110,75,2.76,0.70,0,0,56,,,https://www.housecanary.com/blog/what-is-the-value-of-my-home,131
how to use ai in real estate,Informational,110,51,3.71,0.51,0,0,10,,,https://www.housecanary.com/blog/5-ai-tools-for-real-estate-agents,103
how to value your home,Informational,110,77,3.35,0.68,0,0,59,,,https://www.housecanary.com/blog/what-is-the-value-of-my-home,126
hpi house,Informational,110,55,0.00,0.01,0,0,13,,,https://www.housecanary.com/products/hpi-rpi-data,182
investor property management software,Informational,110,37,0.00,0.00,0,0,9,,,https://www.housecanary.com/blog/real-estate-investment-software,101
is a house market crash coming,Informational,110,44,3.92,0.01,0,0,25,,,https://www.housecanary.com/blog/is-the-housing-market-going-to-crash,108
is commercial real estate headed for a crash,Informational,110,33,0.00,0.00,0,0,47,,,https://www.housecanary.com/blog/is-the-housing-market-going-to-crash,127
is housing market about to crash,Informational,110,49,0.00,0.01,0,0,30,,,https://www.housecanary.com/blog/is-the-housing-market-going-to-crash,154
is the florida housing market crashing,Informational,110,43,0.00,0.01,0,0,23,,,https://www.housecanary.com/blog/florida-housing-market,109
is the housing market getting better,Informational,110,74,1.95,0.10,0,0,17,,,https://www.housecanary.com/blog/housing-market-predictions,111
is the housing market going down in florida,"Commercial, Informational",110,41,1.14,0.03,0,0,19,,,https://www.housecanary.com/blog/florida-housing-market,121
is the housing market going to crash soon,Informational,110,21,2.58,0.03,0,0,28,,,https://www.housecanary.com/blog/is-the-housing-market-going-to-crash,123
is the real estate market about to crash,Informational,110,16,0.00,0.01,0,0,33,,,https://www.housecanary.com/blog/is-the-housing-market-going-to-crash,109
is the us housing market going to crash,Informational,110,32,0.00,0.01,0,0,29,,,https://www.housecanary.com/blog/is-the-housing-market-going-to-crash,148
is there a housing market crash coming,Informational,110,25,0.00,0.01,0,0,27,,,https://www.housecanary.com/blog/is-the-housing-market-going-to-crash,119
is there going to be a housing market crash,Informational,110,47,0.00,0.33,0,0,22,,,https://www.housecanary.com/blog/is-the-housing-market-going-to-crash,158
latest us housing market report june 2026,Informational,110,33,0.00,0.00,0,0,22,,,https://www.housecanary.com/blog/market-pulse-2026-june,130
lead generation real estate agent,"Commercial, Informational",110,24,18.33,0.27,0,0,11,,,https://www.housecanary.com/blog/best-lead-generation-for-realtors,128
lead generator real estate,"Commercial, Informational",110,31,19.49,0.43,0,0,12,,,https://www.housecanary.com/blog/best-lead-generation-for-realtors,129
market analysis on a house,Informational,110,44,3.51,0.43,0,0,15,,,https://www.housecanary.com/blog/comparative-market-analysis-tool,459000
market cap rate,Informational,110,25,0.39,0.18,0,0,5,,,https://www.housecanary.com/blog/cap-rate,129
market value of real estate,Informational,110,62,2.69,0.19,0,0,41,,,https://www.housecanary.com/blog/what-is-the-value-of-my-home,130
mortgage valuation,Informational,110,42,3.02,0.14,0,0,37,,,https://www.housecanary.com/industries/private-money-lenders,132
mortgage value,Informational,110,80,3.02,0.14,0,0,50,,,https://www.housecanary.com/industries/private-money-lenders,139
my home estimated value,Informational,110,77,3.61,0.68,0,0,44,,,https://www.housecanary.com/blog/what-is-the-value-of-my-home,134
my house price,Transactional,110,78,2.68,0.58,0,0,46,,,https://www.housecanary.com/blog/what-is-the-value-of-my-home,142
online comparative market analysis,Commercial,110,14,4.58,0.63,0,0,10,,,https://www.housecanary.com/blog/comparative-market-analysis-tool,128
outlook for real estate,Informational,110,52,1.92,0.09,0,0,34,,,https://www.housecanary.com/blog/housing-market-predictions,139
percentage return on rental property,Informational,110,43,1.28,0.07,0,0,28,,,https://www.housecanary.com/blog/rental-yield,134
private ai for property,Informational,110,38,0.00,0.00,0,0,33,,,https://www.housecanary.com/,152
rate spread calculator hmda,Informational,110,10,0.00,0.01,0,0,51,,,https://www.housecanary.com/industries/private-money-lenders,97
real asset portfolio management,Informational,110,23,0.00,0.03,0,0,25,,,https://www.housecanary.com/blog/real-estate-asset-management,138
real estate acronyms,Informational,110,3,0.00,0.01,0,0,13,,,https://www.housecanary.com/blog/alphabet-soup-real-estate-acronyms-decoded,125
real estate agent for property valuation,Informational,110,61,0.00,0.36,0,0,17,,,https://www.housecanary.com/blog/what-is-the-value-of-my-home,564000000
real estate agent lead generation strategies 2025,Informational,110,27,0.00,0.00,0,0,9,,,https://www.housecanary.com/blog/best-lead-generation-for-realtors,135
real estate agents leads,Informational,110,30,19.49,0.43,0,0,13,,,https://www.housecanary.com/blog/best-lead-generation-for-realtors,119
real estate ai companies,Informational,110,43,4.06,0.56,0,0,61,,,https://www.housecanary.com/blog/5-ai-tools-for-real-estate-investors,120
real estate arv,Informational,110,20,0.65,0.18,0,0,29,,,https://www.housecanary.com/blog/arv,137
real estate asset,Informational,110,33,3.04,0.07,0,0,8,,,https://www.housecanary.com/blog/real-estate-asset-management,134
real estate buyer lead,"Commercial, Informational",110,29,24.82,0.42,0,0,9,,,https://www.housecanary.com/blog/best-lead-generation-for-realtors,125
real estate crash 2025,Informational,110,41,0.00,0.00,0,0,21,,,https://www.housecanary.com/blog/is-the-housing-market-going-to-crash,124
real estate crash coming,Informational,110,43,0.00,0.01,0,0,28,,,https://www.housecanary.com/blog/is-the-housing-market-going-to-crash,135
real estate forecast next 5 years usa,Informational,110,54,0.00,0.10,0,0,33,,,https://www.housecanary.com/blog/housing-market-predictions,134
real estate industry software,Commercial,110,27,10.48,0.28,0,0,20,,,https://www.housecanary.com/blog/real-estate-investment-software,126
real estate industry statistics,Informational,110,53,2.51,0.17,0,0,32,,,https://www.housecanary.com/blog/real-estate-market-trends,136
real estate intelligence,Informational,110,11,5.55,0.40,0,0,30,,,https://www.housecanary.com/,132
real estate investment trends,Informational,110,49,0.00,0.02,0,0,59,,,https://www.housecanary.com/blog/real-estate-market-trends,124
real estate lead conversion,Informational,110,17,0.00,0.01,0,0,16,,,https://www.housecanary.com/blog/best-lead-generation-for-realtors,127
real estate lead generating websites,Informational,110,31,17.36,0.17,0,0,13,,,https://www.housecanary.com/blog/best-lead-generation-for-realtors,130
real estate lead generation sources,Informational,110,30,28.29,0.66,0,0,11,,,https://www.housecanary.com/blog/best-lead-generation-for-realtors,122
real estate lead systems,"Commercial, Informational",110,42,28.55,0.10,0,0,3,,,https://www.housecanary.com/blog/best-lead-generation-for-realtors,121
real estate market conditions,Informational,110,82,1.82,0.03,0,0,38,,,https://www.housecanary.com/blog/real-estate-market-trends,136
real estate market forecast 2025,Informational,110,53,0.00,0.33,0,0,6,,,https://www.housecanary.com/blog/housing-market-predictions,134
real estate market news april 2026,Informational,110,31,0.00,0.00,0,0,10,,,https://www.housecanary.com/blog/market-pulse-2026-april,258
real estate market prediction,Informational,110,62,2.58,0.19,0,0,19,,,https://www.housecanary.com/blog/housing-market-predictions,136
real estate market predictions 2025,Informational,110,54,0.00,0.05,0,0,10,,,https://www.housecanary.com/blog/housing-market-predictions,135
real estate news and trends,Informational,110,88,1.79,0.25,0,0,33,,,https://www.housecanary.com/blog/real-estate-market-trends,135
real estate non disclosure states,Informational,110,14,0.92,0.05,0,0,2,,,https://www.housecanary.com/blog/non-disclosure-states,137
real estate portfolio management strategy,Informational,110,21,0.00,0.33,0,0,7,,,https://www.housecanary.com/blog/real-estate-asset-management,126
real estate private equity software,Informational,110,23,15.87,0.33,0,0,15,,,https://www.housecanary.com/blog/real-estate-investment-software,126
real estates leads,"Commercial, Informational",110,31,19.49,0.43,0,0,15,,,https://www.housecanary.com/blog/best-lead-generation-for-realtors,125
realestate api,Commercial,110,28,4.29,0.53,0,0,5,,,https://www.housecanary.com/blog/real-estate-api,125
realestate lead generation,Informational,110,24,19.49,0.43,0,0,10,,,https://www.housecanary.com/blog/best-lead-generation-for-realtors,130
realestate market trends,Informational,110,81,1.48,0.07,0,0,27,,,https://www.housecanary.com/blog/real-estate-market-trends,143
realtor seller leads,"Commercial, Informational",110,37,19.48,0.82,0,0,13,,,https://www.housecanary.com/blog/best-lead-generation-for-realtors,121
recommend ai for hoa,Informational,110,3,0.00,0.00,0,0,29,,,https://www.housecanary.com/blog/5-ai-tools-for-real-estate-agents,137
rental property value estimator,Informational,110,58,2.65,0.37,0,0,45,,,https://www.housecanary.com/blog/find-perfect-rent-rate-housecanary-rental-cma,133
renting yield,Informational,110,33,0.00,0.33,0,0,9,,,https://www.housecanary.com/blog/rental-yield,125
return on rental,Informational,110,39,0.00,0.06,0,0,34,,,https://www.housecanary.com/blog/rental-yield,139
return on rental property,Informational,110,38,1.28,0.07,0,0,33,,,https://www.housecanary.com/blog/rental-yield,139
seller lead generation tools,"Commercial, Informational",110,40,0.00,0.00,0,0,3,,,https://www.housecanary.com/blog/best-lead-generation-for-realtors,133
signs of a housing downturn,Informational,110,34,0.00,0.00,0,0,38,,,https://www.housecanary.com/blog/is-the-housing-market-going-to-crash,134
software for property investors,"Commercial, Informational",110,28,21.07,0.08,0,0,6,,,https://www.housecanary.com/blog/real-estate-investment-software,111
take over payments house,Informational,110,46,3.40,0.37,0,0,22,,,https://www.housecanary.com/blog/assumable-mortgage,128
tools for real estate agents to close more deals,Informational,110,17,0.00,0.00,0,0,8,,,https://www.housecanary.com/blog/best-lead-generation-for-realtors,186
top 10 real estate lead generation companies,Commercial,110,23,14.09,0.79,0,0,10,,,https://www.housecanary.com/blog/best-lead-generation-for-realtors,109
top ai for hoa,"Commercial, Informational",110,7,0.00,0.00,0,0,19,,,https://www.housecanary.com/blog/5-ai-tools-for-real-estate-agents,129
top google search questions about dubai real estate 2026,"Commercial, Informational",110,0,0.00,0.00,0,0,32,,,https://www.housecanary.com/blog/5-ai-tools-for-real-estate-agents,6720000
top real estate market tracking categories,Commercial,110,67,0.00,0.00,0,0,54,,,https://www.housecanary.com/blog/real-estate-market-trends,139
trends in real estate industry,Informational,110,68,1.80,0.12,0,0,67,,,https://www.housecanary.com/blog/real-estate-market-trends,128
us housing inventory levels 2026,Informational,110,45,0.00,0.00,0,0,16,,,https://www.housecanary.com/blog/market-pulse-2026-may,140
us housing market listings april,Informational,110,36,0.00,0.00,0,0,9,,,https://www.housecanary.com/blog/market-pulse-2026-april,136
using ai in real estate,Informational,110,62,5.58,0.49,0,0,7,,,https://www.housecanary.com/blog/5-ai-tools-for-real-estate-agents,128
value of home estimate,Informational,110,77,2.50,0.59,0,0,54,,,https://www.housecanary.com/blog/what-is-the-value-of-my-home,132
value of our home,Informational,110,77,3.38,0.60,0,0,41,,,https://www.housecanary.com/blog/what-is-the-value-of-my-home,135
value of properties,Informational,110,77,3.13,0.43,0,0,30,,,https://www.housecanary.com/blog/what-is-the-value-of-my-home,135
value this house,Informational,110,77,2.42,0.51,0,0,18,,,https://www.housecanary.com/blog/what-is-the-value-of-my-home,127
what does it mean cap rate,Informational,110,43,0.11,0.34,0,0,16,,,https://www.housecanary.com/blog/cap-rate,160
what does rvm stand for in real estate,Informational,110,8,0.00,0.01,0,0,33,,,https://www.housecanary.com/blog/automated-valuation-model,118
what is a 5 cap,Informational,110,25,0.00,0.33,0,0,74,,,https://www.housecanary.com/blog/cap-rate,131
what is a caprate,Informational,110,40,0.11,0.26,0,0,11,,,https://www.housecanary.com/blog/cap-rate,127
what is a good cap rate for real estate,Informational,110,23,0.16,0.13,0,0,21,,,https://www.housecanary.com/blog/cap-rate,184
what is assumable mortgage mean,Informational,110,50,0.06,0.14,0,0,25,,,https://www.housecanary.com/blog/assumable-mortgage,130
what is cap rate real estate,Informational,110,38,0.16,0.40,0,0,46,,,https://www.housecanary.com/blog/cap-rate,135
what is market value of home,Informational,110,74,2.44,0.51,0,0,69,,,https://www.housecanary.com/blog/what-is-the-value-of-my-home,132
what is my current home value,Informational,110,77,3.33,0.65,0,0,46,,,https://www.housecanary.com/blog/what-is-the-value-of-my-home,137
what is my home currently worth,Informational,110,77,3.33,0.65,0,0,48,,,https://www.housecanary.com/blog/what-is-the-value-of-my-home,136
what is my house and property worth,Informational,110,76,3.30,0.46,0,0,56,,,https://www.housecanary.com/blog/what-is-the-value-of-my-home,139
what is my house's value,Informational,110,77,3.02,0.55,0,0,38,,,https://www.housecanary.com/blog/what-is-the-value-of-my-home,138
what is the estimated value of my house,Informational,110,76,3.30,0.65,0,0,56,,,https://www.housecanary.com/blog/what-is-the-value-of-my-home,173
what is the value of the house,Informational,110,73,2.28,0.33,0,0,10,,,https://www.housecanary.com/blog/what-is-the-value-of-my-home,182
what is usually included in an avms valuation,Informational,110,31,0.00,0.33,0,0,45,,,https://www.housecanary.com/blog/automated-valuation-model,144
what is value of home,Informational,110,65,2.12,0.29,0,0,43,,,https://www.housecanary.com/blog/what-is-the-value-of-my-home,134
what's value of my home,Informational,110,77,3.25,0.62,0,0,59,,,https://www.housecanary.com/blog/what-is-the-value-of-my-home,138
when is the next housing market crash,Informational,110,20,0.00,0.01,0,0,58,,,https://www.housecanary.com/blog/is-the-housing-market-going-to-crash,130
when the house price will go down,Transactional,110,39,2.54,0.04,0,0,32,,,https://www.housecanary.com/blog/housing-market-predictions,134
when will it be a sellers market again,Informational,110,78,2.00,0.06,0,0,25,,,https://www.housecanary.com/blog/housing-market-predictions,224
when will the housing market pick up,Informational,110,44,1.21,0.07,0,0,25,,,https://www.housecanary.com/blog/housing-market-predictions,136
when will the real estate market crash,Informational,110,45,0.00,0.02,0,0,33,,,https://www.housecanary.com/blog/is-the-housing-market-going-to-crash,146
where is the housing market headed,Informational,110,46,1.91,0.26,0,0,16,,,https://www.housecanary.com/blog/housing-market-predictions,137
will house prices go down in 2025,Transactional,110,43,0.00,0.33,0,0,27,,,https://www.housecanary.com/blog/housing-market-predictions,134
will the housing market ever get better,"Informational, Transactional",110,49,1.05,0.02,0,0,24,,,https://www.housecanary.com/blog/housing-market-predictions,120
will the real estate market go down,Informational,110,37,2.09,0.05,0,0,18,,,https://www.housecanary.com/blog/housing-market-predictions,128
will the us housing market crash again,Informational,110,40,0.00,0.01,0,0,35,,,https://www.housecanary.com/blog/is-the-housing-market-going-to-crash,118
worth of my home,Informational,110,77,3.37,0.57,0,0,44,,,https://www.housecanary.com/blog/what-is-the-value-of-my-home,137
yield rent,Informational,110,27,3.52,0.01,0,0,15,,,https://www.housecanary.com/blog/rental-yield,125
2025 best cities for house flipping attom report,Commercial,90,32,0.00,0.00,0,0,21,,,https://www.housecanary.com/blog/fall-2025-home-flip-forecast-hottest-zip-codes-for-investors,117
2025 housing market predictions,Informational,90,34,0.00,0.05,0,0,17,,,https://www.housecanary.com/blog/housing-market-predictions,135
2026 real estate market predictions,Informational,90,47,1.89,0.09,0,0,27,,,https://www.housecanary.com/blog/housing-market-predictions,140
39899 balentine drive newark ca,Informational,90,0,0.00,0.10,0,0,77,,,https://www.housecanary.com/info/brokerage,104
6 cap rate meaning,Informational,90,21,0.13,0.25,0,0,55,,,https://www.housecanary.com/blog/cap-rate,132
6345 balboa blvd,Informational,90,7,0.00,0.01,0,0,76,,,https://www.housecanary.com/info/brokerage,110
6345 balboa blvd encino ca 91316,Informational,90,8,0.00,0.01,0,0,74,,,https://www.housecanary.com/info/brokerage,108
6345 balboa boulevard,Informational,90,10,0.00,0.01,0,0,64,,,https://www.housecanary.com/info/brokerage,109
acronym real estate,Informational,90,7,0.00,0.33,0,0,13,,,https://www.housecanary.com/blog/alphabet-soup-real-estate-acronyms-decoded,127
acronyms in real estate,Informational,90,3,0.00,0.01,0,0,18,,,https://www.housecanary.com/blog/alphabet-soup-real-estate-acronyms-decoded,132
ai assistant for real estate,Informational,90,21,10.68,0.33,0,0,10,,,https://www.housecanary.com/blog/5-ai-tools-for-real-estate-agents,141
ai bot for real estate,Informational,90,37,0.00,0.00,0,0,15,,,https://www.housecanary.com/blog/5-ai-tools-for-real-estate-agents,119
ai home search,Informational,90,36,1.85,0.55,0,0,26,,,https://www.housecanary.com/,125
ai in real estate industry,"Commercial, Informational",90,65,5.73,0.46,0,0,18,,,https://www.housecanary.com/blog/5-ai-tools-for-real-estate-agents,125
ai properties,Informational,90,48,4.63,0.14,0,0,47,,,https://www.housecanary.com/blog/5-ai-tools-for-real-estate-investors,130
ai property listing generation,Informational,90,33,0.00,0.00,0,0,6,,,https://www.housecanary.com/blog/5-ai-tools-for-real-estate-agents,277000000
ai real estate agent virtual showing matching,Informational,90,15,0.00,0.00,0,0,9,,,https://www.housecanary.com/blog/5-ai-tools-for-real-estate-agents,132000000
ai real estate investing,Informational,90,34,4.31,0.06,0,0,16,,,https://www.housecanary.com/blog/5-ai-tools-for-real-estate-investors,127
ai real estate search,Informational,90,35,2.00,0.49,0,0,8,,,https://www.housecanary.com/blog/5-ai-tools-for-real-estate-agents,117
ai real estate showing scheduling software,Commercial,90,3,0.00,0.00,0,0,8,,,https://www.housecanary.com/blog/5-ai-tools-for-real-estate-agents,125
ai tools for property marketing,Informational,90,-1,0.00,0.00,0,0,6,,,https://www.housecanary.com/blog/5-ai-tools-for-real-estate-agents,117
ai tools for real estate agents 2026,Informational,90,16,0.00,0.00,0,0,6,,,https://www.housecanary.com/blog/5-ai-tools-for-real-estate-agents,112
ai tools for real estate lead generation,Informational,90,27,10.89,0.51,0,0,6,,,https://www.housecanary.com/blog/best-lead-generation-for-realtors,111
ai tools for realtors,Informational,90,32,8.66,0.55,0,0,6,,,https://www.housecanary.com/blog/5-ai-tools-for-real-estate-agents,100
alice springs real estate market trends 2024 2025 2026,Informational,90,-1,0.00,0.00,0,0,30,,,https://www.housecanary.com/blog/housing-market-predictions,5920000
appraisal avm,Informational,90,29,3.57,0.29,0,0,13,,,https://www.housecanary.com/blog/automated-valuation-model,111
are housing prices expected to drop,Transactional,90,62,1.26,0.04,0,0,16,,,https://www.housecanary.com/blog/housing-market-predictions,138
arv mean,Informational,90,11,0.20,0.04,0,0,28,,,https://www.housecanary.com/blog/arv,133
arv value,Informational,90,8,1.26,0.24,0,0,23,,,https://www.housecanary.com/blog/arv,132
asset management in real estate,Informational,90,18,6.21,0.26,0,0,7,,,https://www.housecanary.com/blog/real-estate-asset-management,153
asset management rentals,Informational,90,49,3.77,0.22,0,0,12,,,https://www.housecanary.com/blog/real-estate-asset-management,149
assumable home,"Commercial, Informational",90,52,2.48,0.13,0,0,22,,,https://www.housecanary.com/blog/assumable-mortgage,190
assumable home loans lenders,Informational,90,50,0.00,0.00,0,0,13,,,https://www.housecanary.com/blog/assumable-mortgage,140
assumable homes,Informational,90,53,2.20,0.21,0,0,26,,,https://www.housecanary.com/blog/assumable-mortgage,134
assumable mortgage homes,Commercial,90,44,2.61,0.32,0,0,28,,,https://www.housecanary.com/blog/assumable-mortgage,133
assumable mortgage investment property,Informational,90,42,0.00,0.33,0,0,13,,,https://www.housecanary.com/blog/assumable-mortgage,128
assumable mortgage news,Informational,90,35,0.00,0.00,0,0,33,,,https://www.housecanary.com/blog/assumable-mortgage,119
assumable mortgages for sale,Transactional,90,50,1.89,0.31,0,0,49,,,https://www.housecanary.com/blog/assumable-mortgage,136
assumed loan definition,Informational,90,54,0.05,0.06,0,0,20,,,https://www.housecanary.com/blog/assumable-mortgage,134
assumed loans,"Commercial, Informational",90,56,2.20,0.11,0,0,19,,,https://www.housecanary.com/blog/assumable-mortgage,123
assumed mortgages,Informational,90,50,1.57,0.18,0,0,23,,,https://www.housecanary.com/blog/assumable-mortgage,135
assuming loan from seller,Informational,90,46,1.28,0.10,0,0,21,,,https://www.housecanary.com/blog/assumable-mortgage,130
automated property measurements,Informational,90,13,11.72,0.18,0,0,34,,,https://www.housecanary.com/blog/real-estate-avm-accuracy,189000000
automatic real estate investment platform,Informational,90,43,0.00,0.00,0,0,3,,,https://www.housecanary.com/blog/real-estate-investment-software,132
average cash flow per rental property us 2024,Informational,90,-1,0.00,0.00,0,0,16,,,https://www.housecanary.com/blog/how-to-maximize-cash-flow-for-rental-properties,138
average house cost florida,Informational,90,49,1.02,0.06,0,0,17,,,https://www.housecanary.com/blog/florida-housing-market,133
average rate of return on rental property,Informational,90,35,1.56,0.06,0,0,36,,,https://www.housecanary.com/blog/rental-yield,136
average rental property return,Informational,90,38,1.56,0.06,0,0,28,,,https://www.housecanary.com/blog/rental-yield,136
average suburban house,Informational,90,29,0.00,0.33,0,0,40,,,https://www.housecanary.com/blog/cities-vs-suburbs-report,126
avm appraisal meaning,Informational,90,27,1.65,0.05,0,0,8,,,https://www.housecanary.com/blog/automated-valuation-model,106
avm automated valuation,Informational,90,28,3.01,0.26,0,0,31,,,https://www.housecanary.com/blog/automated-valuation-model,114
avm companies,Informational,90,31,10.22,0.14,0,0,20,,,https://www.housecanary.com/industries/capital-markets,125
avm mortgage meaning,Informational,90,30,0.00,0.01,0,0,36,,,https://www.housecanary.com/blog/automated-valuation-model,100
avm realestate,Informational,90,36,3.37,0.15,0,0,13,,,https://www.housecanary.com/blog/real-estate-avm-accuracy,110
avm report,Informational,90,26,4.04,0.33,0,0,18,,,https://www.housecanary.com/blog/automated-valuation-model,116
bay area housing market update june 2026,Informational,90,0,0.00,0.00,0,0,39,,,https://www.housecanary.com/blog/market-pulse-2026-june,128
best ai answering service real estate leads,Commercial,90,13,0.00,0.00,0,0,14,,,https://www.housecanary.com/blog/5-ai-tools-for-real-estate-agents,127
best ai apps for real estate agents,Commercial,90,21,8.65,0.53,0,0,10,,,https://www.housecanary.com/blog/5-ai-tools-for-real-estate-agents,116
best ai for property management like zanus,Commercial,90,22,0.00,0.00,0,0,15,,,https://www.housecanary.com/blog/5-ai-tools-for-real-estate-agents,22900
best cities for house flipping 2024 attom,Commercial,90,25,0.00,0.00,0,0,39,,,https://www.housecanary.com/blog/fall-2025-home-flip-forecast-hottest-zip-codes-for-investors,112
best cities for house flipping 2024 attom report,Commercial,90,27,0.00,0.00,0,0,30,,,https://www.housecanary.com/blog/fall-2025-home-flip-forecast-hottest-zip-codes-for-investors,113
best cma software,Commercial,90,23,16.31,0.76,0,20,0,,https://bricked.ai/best/cma-software-for-real-estate-investors,,100
best leads in real estate,Commercial,90,27,24.26,0.43,0,0,17,,,https://www.housecanary.com/blog/best-lead-generation-for-realtors,112
best markets for house flipping 2024 attom report,Commercial,90,31,0.00,0.00,0,0,33,,,https://www.housecanary.com/blog/fall-2025-home-flip-forecast-hottest-zip-codes-for-investors,116
best property data collection service for remote appraisals,"Commercial, Informational",90,10,0.00,0.00,0,0,63,,,https://www.housecanary.com/,53700000
best property data platforms for nontechnical users,Commercial,90,12,0.00,0.00,0,0,6,,,https://www.housecanary.com/blog/real-estate-investment-software,15900000
best property data platforms owner portfolios,Commercial,90,16,0.00,0.00,0,0,7,,,https://www.housecanary.com/blog/real-estate-investment-software,121
best property data tools crm zapier integration,Commercial,90,29,0.00,0.00,0,0,25,,,https://www.housecanary.com/blog/real-estate-api,113
best real estate apps for investors,Commercial,90,21,3.53,0.50,0,0,20,,,https://www.housecanary.com/blog/real-estate-investment-software,145
best real estate buyer leads,Commercial,90,26,18.83,0.32,0,0,9,,,https://www.housecanary.com/blog/best-lead-generation-for-realtors,103
best real estate data platforms equity mortgage,Commercial,90,17,0.00,0.00,0,0,17,,,https://www.housecanary.com/blog/real-estate-investment-software,87400000
best real estate development software,Commercial,90,16,0.00,0.43,0,0,35,,,https://www.housecanary.com/blog/real-estate-investment-software,79
best real estate lead platforms skip tracing dialers,Commercial,90,3,0.00,0.00,0,0,16,,,https://www.housecanary.com/blog/best-lead-generation-for-realtors,121
best real estate lead sources,Commercial,90,27,26.63,0.56,0,0,24,,,https://www.housecanary.com/blog/best-lead-generation-for-realtors,120
best real estate leads generator,Commercial,90,28,28.13,0.46,0,0,12,,,https://www.housecanary.com/blog/best-lead-generation-for-realtors,168
best real estate technology,Commercial,90,30,0.00,0.00,0,0,48,,,https://www.housecanary.com/blog/real-estate-investment-software,124
best real estate tools reviews comparison,Commercial,90,20,0.00,0.00,0,0,7,,,https://www.housecanary.com/blog/5-ai-tools-for-real-estate-agents,121
best real estate websites for lead generation,"Commercial, Informational",90,20,35.53,0.13,0,0,14,,,https://www.housecanary.com/blog/best-lead-generation-for-realtors,154
best realtor lead,Commercial,90,30,24.26,0.43,0,0,11,,,https://www.housecanary.com/blog/best-lead-generation-for-realtors,121
best seller lead generation for realtors,Commercial,90,29,25.91,0.69,0,0,14,,,https://www.housecanary.com/blog/best-lead-generation-for-realtors,131
brickanta company,Informational,90,12,0.00,0.00,0,75,0,,https://bricked.ai/,,112
broke ai,Informational,90,12,5.53,0.10,0,59,0,,https://bricked.ai/,,129
bulk property,Informational,90,4,0.00,0.01,0,0,1,,,https://www.housecanary.com/products/bulk-property-data,141
buybox trademark real estate software,Commercial,90,2,0.00,0.00,0,0,34,,,https://www.housecanary.com/blog/5-ai-tools-for-real-estate-agents,285000
buyer real estate leads,Informational,90,29,11.14,0.33,0,0,12,,,https://www.housecanary.com/blog/best-lead-generation-for-realtors,125
buyers leads real estate,Informational,90,28,24.82,0.42,0,0,12,,,https://www.housecanary.com/blog/best-lead-generation-for-realtors,107
calculate house value,Informational,90,78,2.50,0.59,0,0,73,,,https://www.housecanary.com/blog/what-is-the-value-of-my-home,127
can a house,Informational,90,32,0.00,0.02,0,0,47,,,https://www.housecanary.com/solutions/comehome,127
can you take over someone else's mortgage,Informational,90,34,0.00,0.03,0,0,31,,,https://www.housecanary.com/blog/assumable-mortgage,134
canfinhomes careers,Commercial,90,-1,0.00,0.33,0,0,47,,,https://www.housecanary.com/resources/careers,106
cap in real estate,Informational,90,38,0.13,0.08,0,0,11,,,https://www.housecanary.com/blog/cap-rate,126
cap rate calculation real estate,Informational,90,39,1.17,0.26,0,0,15,,,https://www.housecanary.com/blog/cap-rate,136
cap rate data,Informational,90,38,3.49,0.33,0,0,5,,,https://www.housecanary.com/blog/cap-rate,129
cap rate example,Informational,90,31,0.72,0.33,0,0,10,,,https://www.housecanary.com/blog/cap-rate,133
cap rate in real estate meaning,Informational,90,33,0.11,0.29,0,0,25,,,https://www.housecanary.com/blog/cap-rate,135
cap rate mean,Informational,90,44,0.09,0.32,0,0,15,,,https://www.housecanary.com/blog/cap-rate,135
cap rate real estate meaning,Informational,90,41,0.09,0.30,0,0,25,,,https://www.housecanary.com/blog/cap-rate,138
cap rate residential real estate,Informational,90,33,0.81,0.13,0,0,11,,,https://www.housecanary.com/blog/cap-rate,137
casino insights appraisal hphent,Informational,90,13,0.00,0.33,0,0,40,,,https://www.housecanary.com/products/agile-insights,12100
clariohome com,Navigational,90,31,0.00,0.10,0,0,35,,,https://www.housecanary.com/solutions/comehome,0
cloud based investment analysis software,"Commercial, Informational",90,12,0.00,0.33,0,0,11,,,https://www.housecanary.com/blog/real-estate-investment-software,396000000
cma for realtors,"Commercial, Informational",90,28,5.23,0.16,0,50,0,,https://bricked.ai/best/cma-software-for-real-estate-agents,,118
coastal market property optimizer software,Informational,90,0,0.00,0.00,0,0,57,,,https://www.housecanary.com/blog/real-estate-investment-software,18000000
come home real estate,Navigational,90,29,4.16,0.18,0,0,2,,,https://www.housecanary.com/solutions/comehome,113
coming home real estate,Navigational,90,28,4.16,0.18,0,0,38,,,https://www.housecanary.com/solutions/comehome,112
commercial avm,Informational,90,21,4.49,0.66,0,0,55,,,https://www.housecanary.com/blog/automated-valuation-model,116
commercial avm los angeles,Informational,90,27,0.00,0.00,0,0,49,,,https://www.housecanary.com/industries/capital-markets,89700
comparative market research,Informational,90,33,0.00,0.33,0,0,9,,,https://www.housecanary.com/blog/comparative-market-analysis-tool,130
compare ai for property,Informational,90,23,0.00,0.00,0,0,2,,,https://www.housecanary.com/blog/5-ai-tools-for-real-estate-agents,108
competitor content analysis in real estate 2025,Informational,90,19,0.00,0.00,0,0,63,,,https://www.housecanary.com/blog/comparative-market-analysis-tool,363000000
conventional assumable loan,Informational,90,46,0.00,0.14,0,0,20,,,https://www.housecanary.com/blog/assumable-mortgage,136
corelogic automated valuation model,Informational,90,24,4.16,0.32,0,0,30,,,https://www.housecanary.com/blog/automated-valuation-model,108
cre portfolio monitoring,Informational,90,1,0.00,0.00,0,0,32,,,https://www.housecanary.com/products/portfolio-monitoring,121
current real estate trends,Informational,90,76,1.59,0.20,0,0,38,,,https://www.housecanary.com/blog/real-estate-market-trends,147
current us housing market conditions april 2026,Informational,90,33,0.00,0.00,0,0,17,,,https://www.housecanary.com/blog/market-pulse-2026-april,135
estimate what my house is worth,Informational,90,76,3.55,0.68,0,0,63,,,https://www.housecanary.com/blog/what-is-the-value-of-my-home,136
explain cap rate in real estate,Informational,90,38,0.12,0.50,0,0,9,,,https://www.housecanary.com/blog/cap-rate,130
fair rental value of my home,Informational,90,31,4.09,0.66,0,0,35,,,https://www.housecanary.com/blog/find-perfect-rent-rate-housecanary-rental-cma,135
find out how much my house is worth,Informational,90,76,4.40,0.76,0,0,57,,,https://www.housecanary.com/blog/what-is-the-value-of-my-home,135
find your house value,"Commercial, Informational",90,77,3.35,0.64,0,0,64,,,https://www.housecanary.com/blog/what-is-the-value-of-my-home,136
florida housing market positive shift,Informational,90,7,0.00,0.00,0,0,16,,,https://www.housecanary.com/blog/florida-housing-market,135
florida housing market predictions 2025,Informational,90,50,0.00,0.33,0,0,1,,,https://www.housecanary.com/blog/housing-market-predictions,129
florida property market,Informational,90,43,1.27,0.19,0,0,23,,,https://www.housecanary.com/blog/florida-housing-market,133
florida property market forecast,Informational,90,37,0.63,0.07,0,0,29,,,https://www.housecanary.com/blog/florida-housing-market,128
florida real estate market 2025,Informational,90,45,0.00,0.33,0,0,9,,,https://www.housecanary.com/blog/florida-housing-market,129
florida's housing market,Informational,90,37,1.67,0.12,0,0,19,,,https://www.housecanary.com/blog/florida-housing-market,128
future of housing,Informational,90,54,1.15,0.04,0,0,48,,,https://www.housecanary.com/blog/housing-market-predictions,110
gold coast real estate market conditions 2026,Informational,90,3,0.00,0.00,0,0,49,,,https://www.housecanary.com/blog/housing-market-predictions,138
gross yield real estate,Informational,90,18,0.00,0.04,0,0,6,,,https://www.housecanary.com/blog/rental-yield,124
guaranteed real estate leads,"Commercial, Informational",90,30,20.10,0.66,0,0,7,,,https://www.housecanary.com/blog/best-lead-generation-for-realtors,123
history of automated valuation models avm real estate,Informational,90,34,0.00,0.00,0,0,3,,,https://www.housecanary.com/blog/automated-valuation-model,112
home loan assumption,Informational,90,50,1.65,0.11,0,0,34,,,https://www.housecanary.com/blog/assumable-mortgage,134
home market forecast,Informational,90,83,0.00,0.12,0,0,21,,,https://www.housecanary.com/blog/housing-market-predictions,139
house canary valuation,Navigational,90,21,14.80,0.59,0,0,1,,,https://www.housecanary.com/,0
house evaluation,Informational,90,79,2.28,0.54,0,0,22,,,https://www.housecanary.com/blog/what-is-the-value-of-my-home,139
house market crash prediction,Informational,90,20,5.11,0.02,0,0,30,,,https://www.housecanary.com/blog/is-the-housing-market-going-to-crash,156
house price projection,Transactional,90,52,2.47,0.15,0,0,24,,,https://www.housecanary.com/blog/housing-market-predictions,135
house prices in 2026,Transactional,90,43,0.00,0.01,0,0,20,,,https://www.housecanary.com/blog/housing-market-predictions,121
house worth online,Informational,90,78,3.86,0.40,0,0,69,,,https://www.housecanary.com/blog/what-is-the-value-of-my-home,140
housecanary valuation,Navigational,90,21,14.80,0.59,0,0,1,,,https://www.housecanary.com/,97
houselogic,Informational,90,1,0.00,0.01,0,0,39,,,https://www.housecanary.com/,102
housereal net,Navigational,90,31,0.00,0.01,0,0,16,,,https://www.housecanary.com/,95
housing costs in florida,"Commercial, Informational",90,43,0.95,0.26,0,0,24,,,https://www.housecanary.com/blog/florida-housing-market,125
housing market future,Informational,90,68,1.94,0.14,0,0,18,,,https://www.housecanary.com/blog/housing-market-predictions,122
housing market projection,Informational,90,61,2.10,0.25,0,0,25,,,https://www.housecanary.com/blog/housing-market-predictions,68
housing markets in florida,Informational,90,54,1.60,0.17,0,0,21,,,https://www.housecanary.com/blog/florida-housing-market,137
housing price forecast,Transactional,90,80,2.08,0.07,0,0,23,,,https://www.housecanary.com/blog/housing-market-predictions,137
housing prices in florida,Commercial,90,58,1.05,0.39,0,0,21,,,https://www.housecanary.com/blog/florida-housing-market,137
how can i find the current value of my home,Informational,90,75,2.73,0.64,0,0,70,,,https://www.housecanary.com/blog/what-is-the-value-of-my-home,190
how do i figure cap rate,Informational,90,28,0.14,0.42,0,0,13,,,https://www.housecanary.com/blog/cap-rate,132
how do i find my home value,Informational,90,76,3.43,0.67,0,0,53,,,https://www.housecanary.com/blog/what-is-the-value-of-my-home,3710000000
how do i find the value of a property,Informational,90,66,1.69,0.56,0,0,56,,,https://www.housecanary.com/blog/what-is-the-value-of-my-home,129
how do i know what my house is worth,Informational,90,76,3.66,0.69,0,0,63,,,https://www.housecanary.com/blog/what-is-the-value-of-my-home,129
how do you determine the value of a house,Informational,90,77,2.14,0.45,0,0,64,,,https://www.housecanary.com/blog/what-is-the-value-of-my-home,125
how do you determine the value of your home,Informational,90,76,2.48,0.52,0,0,64,,,https://www.housecanary.com/blog/what-is-the-value-of-my-home,126
how do you find out what your home is worth,Informational,90,75,3.43,0.67,0,0,62,,,https://www.housecanary.com/blog/what-is-the-value-of-my-home,129
how do you find the value of your home,Informational,90,72,3.35,0.68,0,0,56,,,https://www.housecanary.com/blog/what-is-the-value-of-my-home,128
how much is a million acres,Informational,90,19,0.00,0.33,0,0,55,,,https://www.housecanary.com/blog/one-million-dollars-what-it-buys-in-united-states-housing-market,134
how often does housing market crash,Informational,90,44,0.00,0.33,0,0,45,,,https://www.housecanary.com/blog/is-the-housing-market-going-to-crash,165
how often does the housing market crash,Informational,90,39,0.00,0.33,0,0,28,,,https://www.housecanary.com/blog/is-the-housing-market-going-to-crash,121
how to calculate cap rate for real estate,Informational,90,30,0.58,0.42,0,0,30,,,https://www.housecanary.com/blog/cap-rate,133
how to calculate capitalization rate for rental property,Informational,90,23,0.54,0.37,0,0,8,,,https://www.housecanary.com/blog/cap-rate,128
how to calculate fair rental value,Informational,90,22,2.97,0.26,0,0,41,,,https://www.housecanary.com/blog/find-perfect-rent-rate-housecanary-rental-cma,157
how to determine what my house is worth,Informational,90,77,2.91,0.59,0,0,74,,,https://www.housecanary.com/blog/what-is-the-value-of-my-home,132
how to do a comparative market analysis real estate,Informational,90,28,3.55,0.60,0,0,10,,,https://www.housecanary.com/blog/comparative-market-analysis-tool,128
how to estimate your house value,Informational,90,78,2.48,0.52,0,0,67,,,https://www.housecanary.com/blog/what-is-the-value-of-my-home,187
how to find a property value,Informational,90,76,1.58,0.63,0,0,66,,,https://www.housecanary.com/blog/what-is-the-value-of-my-home,126
how to find arv,Informational,90,39,3.08,0.66,0,0,16,,,https://www.housecanary.com/blog/arv,130
how to find home worth,Informational,90,77,2.24,0.58,0,0,62,,,https://www.housecanary.com/blog/what-is-the-value-of-my-home,131
how to find my homes value,Informational,90,76,3.43,0.67,0,0,60,,,https://www.housecanary.com/blog/what-is-the-value-of-my-home,131
how to find out the current value of my home,Informational,90,75,2.73,0.64,0,0,66,,,https://www.housecanary.com/blog/what-is-the-value-of-my-home,137
how to find out the value of my house,Informational,90,76,3.24,0.67,0,0,54,,,https://www.housecanary.com/blog/what-is-the-value-of-my-home,129
how to find what my home is worth,Informational,90,76,3.42,0.74,0,0,77,,,https://www.housecanary.com/blog/what-is-the-value-of-my-home,128
how to find your home's value,Informational,90,76,2.78,0.66,0,0,55,,,https://www.housecanary.com/blog/what-is-the-value-of-my-home,125
how to know the value of my house,Informational,90,76,3.66,0.69,0,0,55,,,https://www.housecanary.com/blog/what-is-the-value-of-my-home,128
how to know what your home is worth,Informational,90,75,3.66,0.69,0,0,77,,,https://www.housecanary.com/blog/what-is-the-value-of-my-home,130
how to see how much a house is worth,Informational,90,75,2.67,0.69,0,0,65,,,https://www.housecanary.com/blog/what-is-the-value-of-my-home,127
how to work out rental yield,Informational,90,39,0.46,0.06,0,0,34,,,https://www.housecanary.com/blog/rental-yield,129
how value,Informational,90,79,2.86,0.04,0,0,44,,,https://www.housecanary.com/blog/what-is-the-value-of-my-home,132
hpi calculator,"Informational, Transactional",90,48,2.09,0.03,0,0,50,,,https://www.housecanary.com/products/hpi-rpi-data,175
hpi index,Informational,90,62,0.00,0.02,0,0,12,,,https://www.housecanary.com/products/hpi-rpi-data,186
is a house considered an asset,Informational,90,14,0.00,0.33,0,0,81,,,https://www.housecanary.com/,129
is my house,Informational,90,74,0.00,0.01,0,0,60,,,https://www.housecanary.com/blog/what-is-the-value-of-my-home,138
is real estate market crashing,Informational,90,50,0.00,0.02,0,0,36,,,https://www.housecanary.com/blog/is-the-housing-market-going-to-crash,108
is texas a non disclosure state,Informational,90,11,0.00,0.33,0,0,2,,,https://www.housecanary.com/blog/non-disclosure-states,121
is the house market gonna crash,Informational,90,41,0.00,0.01,0,0,20,,,https://www.housecanary.com/blog/is-the-housing-market-going-to-crash,120
lead gen for real estate agents,Informational,90,26,23.77,0.25,0,0,12,,,https://www.housecanary.com/blog/best-lead-generation-for-realtors,153
lead generating websites for realtors,Informational,90,32,0.00,0.06,0,0,8,,,https://www.housecanary.com/blog/best-lead-generation-for-realtors,123
lead generation for agents,Informational,90,28,12.93,0.18,0,0,11,,,https://www.housecanary.com/blog/best-lead-generation-for-realtors,133
lead generation websites for real estate agents,Informational,90,30,50.82,0.14,0,0,10,,,https://www.housecanary.com/blog/best-lead-generation-for-realtors,226
lead generator for real estate,"Commercial, Informational",90,24,19.49,0.43,0,0,5,,,https://www.housecanary.com/blog/best-lead-generation-for-realtors,162
lead genie real estate,Informational,90,20,0.00,0.33,0,0,5,,,https://www.housecanary.com/blog/best-lead-generation-for-realtors,2070000
listing lead generation,Informational,90,31,18.65,0.32,0,0,2,,,https://www.housecanary.com/blog/best-lead-generation-for-realtors,125
listing leads real estate,"Commercial, Informational",90,28,16.45,0.22,0,0,14,,,https://www.housecanary.com/blog/best-lead-generation-for-realtors,121
loan valuation,Informational,90,15,4.35,0.06,0,0,63,,,https://www.housecanary.com/industries/private-money-lenders,130
market rent estimator,Informational,90,23,2.18,0.47,0,0,38,,,https://www.housecanary.com/blog/find-perfect-rent-rate-housecanary-rental-cma,155
median home price 2026,Transactional,90,77,0.00,0.33,0,0,27,,,https://www.housecanary.com/blog/housing-market-predictions,133
median home price in florida,Informational,90,68,1.05,0.03,0,0,25,,,https://www.housecanary.com/blog/florida-housing-market,131
median home price us april 2026,Transactional,90,73,0.00,0.00,0,0,24,,,https://www.housecanary.com/blog/market-pulse-2026-april,142
my current home value,Informational,90,77,2.95,0.64,0,0,49,,,https://www.housecanary.com/blog/what-is-the-value-of-my-home,135
my homes worth,Informational,90,79,3.44,0.68,0,0,31,,,https://www.housecanary.com/blog/what-is-the-value-of-my-home,135
non-disclosure states,Informational,90,12,1.11,0.04,0,0,2,,,https://www.housecanary.com/blog/non-disclosure-states,134
omnichannel for mortgage,Informational,90,11,0.00,0.33,0,0,86,,,https://www.housecanary.com/industries/mortgage-lenders,141
online house valuation,Informational,90,79,3.86,0.40,0,0,53,,,https://www.housecanary.com/blog/what-is-the-value-of-my-home,135
online lead generation for real estate,Informational,90,29,0.00,0.51,0,0,8,,,https://www.housecanary.com/blog/best-lead-generation-for-realtors,130
prediction of real estate market,Informational,90,45,1.86,0.17,0,0,12,,,https://www.housecanary.com/blog/housing-market-predictions,131
privy alternatives,Informational,90,11,13.15,0.58,0,15,0,,https://bricked.ai/alternatives/privy-alternatives,,99
property ai software,Informational,90,52,0.00,0.00,0,0,5,,,https://www.housecanary.com/blog/5-ai-tools-for-real-estate-agents,118
property api,Informational,90,12,4.39,0.66,0,0,5,,,https://www.housecanary.com/blog/real-estate-api,129
property explorer,Informational,90,21,2.25,0.05,0,0,2,,,https://www.housecanary.com/products/property-explorer,116
property management api,Informational,90,12,0.00,0.21,0,0,12,,,https://www.housecanary.com/blog/real-estate-api,123
property valued,Informational,90,79,2.33,0.38,0,0,26,,,https://www.housecanary.com/blog/what-is-the-value-of-my-home,137
real asset management,Informational,90,28,5.96,0.20,0,0,20,,,https://www.housecanary.com/blog/real-estate-asset-management,105
real estate agent ai,Informational,90,56,5.72,0.68,0,0,6,,,https://www.housecanary.com/blog/5-ai-tools-for-real-estate-agents,108
real estate agents online lead generation challenges,Informational,90,24,0.00,0.00,0,0,9,,,https://www.housecanary.com/blog/best-lead-generation-for-realtors,137
real estate api free,Informational,90,30,3.86,0.55,0,0,4,,,https://www.housecanary.com/blog/real-estate-api,124
real estate cap rate meaning,Informational,90,35,0.18,0.39,0,0,61,,,https://www.housecanary.com/blog/cap-rate,134
real estate capitalization rate,Informational,90,29,0.40,0.35,0,0,11,,,https://www.housecanary.com/blog/cap-rate,136
real estate forecasts,Informational,90,92,2.04,0.09,0,0,22,,,https://www.housecanary.com/blog/housing-market-predictions,139
real estate investment analytics,Informational,90,27,0.00,0.43,0,0,21,,,https://www.housecanary.com/blog/real-estate-investment-software,129
real estate lead generating,"Commercial, Informational",90,32,19.49,0.43,0,0,7,,,https://www.housecanary.com/blog/best-lead-generation-for-realtors,129
real estate lead generation tools,"Commercial, Informational",90,24,12.41,0.13,0,0,3,,,https://www.housecanary.com/blog/best-lead-generation-for-realtors,128
real estate lead software,Commercial,90,43,15.58,0.18,0,0,7,,,https://www.housecanary.com/blog/best-lead-generation-for-realtors,122
real estate leads software,Informational,90,48,0.00,0.07,0,0,11,,,https://www.housecanary.com/blog/best-lead-generation-for-realtors,121
real estate outlook 2025,Informational,90,68,0.00,0.00,0,0,18,,,https://www.housecanary.com/blog/housing-market-predictions,130
real estate prediction,Informational,90,46,2.12,0.14,0,0,16,,,https://www.housecanary.com/blog/housing-market-predictions,135
real estate seller lead generation,Informational,90,26,23.67,0.43,0,0,9,,,https://www.housecanary.com/blog/best-lead-generation-for-realtors,121
real estate website lead generation,Informational,90,22,23.94,0.17,0,0,10,,,https://www.housecanary.com/blog/best-lead-generation-for-realtors,124
realestate software,Informational,90,42,10.48,0.28,0,0,26,,,https://www.housecanary.com/blog/real-estate-investment-software,127
realtor api,Commercial,90,28,3.50,0.53,0,0,21,,,https://www.housecanary.com/blog/real-estate-api,102
realtor buyer leads,"Commercial, Informational",90,27,31.11,0.62,0,0,12,,,https://www.housecanary.com/blog/best-lead-generation-for-realtors,132
redfin data api,Informational,90,22,3.47,0.33,0,0,49,,,https://www.housecanary.com/products/data-explorer,102
rental comparative market analysis,Informational,90,15,4.74,0.36,0,0,43,,,https://www.housecanary.com/blog/find-perfect-rent-rate-housecanary-rental-cma,129
rental property analytics,Informational,90,34,0.00,0.33,0,0,41,,,https://www.housecanary.com/blog/housecanary-data-points-part-iii-rental-analysis,133
rental property average return,Informational,90,39,1.56,0.06,0,0,28,,,https://www.housecanary.com/blog/rental-yield,136
rental property returns,Informational,90,32,1.28,0.07,0,0,29,,,https://www.housecanary.com/blog/rental-yield,137
rental valuation,Informational,90,56,5.65,0.28,0,0,30,,,https://www.housecanary.com/blog/find-perfect-rent-rate-housecanary-rental-cma,136
smartzip home values,"Navigational, Transactional",90,24,1.97,0.42,0,0,54,,,https://www.housecanary.com/blog/ai-real-estate-forecast,102
software real estate,Informational,90,46,0.00,0.05,0,0,24,,,https://www.housecanary.com/blog/real-estate-investment-software,118
technology for real estate agents,Informational,90,30,3.39,0.32,0,0,9,,,https://www.housecanary.com/blog/5-ai-tools-for-real-estate-agents,123
today canary greens,Informational,90,8,0.00,0.33,0,0,57,,,https://www.housecanary.com/,173
tools for real estate agents,Informational,90,33,6.71,0.21,0,0,7,,,https://www.housecanary.com/blog/5-ai-tools-for-real-estate-agents,178
tools that help real estate agents close more deals,Informational,90,13,0.00,0.00,0,0,11,,,https://www.housecanary.com/blog/5-ai-tools-for-real-estate-agents,187
top ai for property,"Commercial, Informational",90,-1,0.00,0.00,0,0,5,,,https://www.housecanary.com/blog/5-ai-tools-for-real-estate-agents,112
trueparity,Informational,90,34,6.90,0.14,0,0,53,,,https://www.housecanary.com/,107
understanding cap rates,Informational,90,20,0.22,0.49,0,0,17,,,https://www.housecanary.com/blog/cap-rate,129
us house prices forecast,Transactional,90,89,0.00,0.33,0,0,23,,,https://www.housecanary.com/blog/housing-market-predictions,138
us housing market trends april 2026,Informational,90,44,0.00,0.00,0,0,12,,,https://www.housecanary.com/blog/market-pulse-2026-april,139
us housing starts may 2026,Informational,90,51,0.00,0.00,0,0,53,,,https://www.housecanary.com/blog/market-pulse-2026-may,126
valuation house,Informational,90,79,3.66,0.33,0,0,12,,,https://www.housecanary.com/blog/what-is-the-value-of-my-home,137
valuation websites,Informational,90,79,2.23,0.06,0,0,31,,,https://www.housecanary.com/,123
value house,Informational,90,68,3.66,0.33,0,0,37,,,https://www.housecanary.com/blog/what-is-the-value-of-my-home,138
what a good cap rate for investment property,Informational,90,18,0.64,0.18,0,0,26,,,https://www.housecanary.com/blog/cap-rate,142
what are rental yields,Informational,90,32,0.00,0.01,0,0,14,,,https://www.housecanary.com/blog/rental-yield,120
what does assume the loan mean,Informational,90,48,0.06,0.11,0,0,22,,,https://www.housecanary.com/blog/assumable-mortgage,132
what does it mean to assume a mortgage loan,Informational,90,35,0.05,0.13,0,0,27,,,https://www.housecanary.com/blog/assumable-mortgage,133
what does the housing market look like for 2026,Informational,90,59,0.47,0.17,0,0,23,,,https://www.housecanary.com/blog/housing-market-predictions,156
what is a assumption loan,Informational,90,50,1.12,0.05,0,0,27,,,https://www.housecanary.com/blog/assumable-mortgage,134
what is a cap rate for real estate,Informational,90,40,0.13,0.37,0,0,9,,,https://www.housecanary.com/blog/cap-rate,136
what is a good rental yield,Informational,90,25,0.00,0.02,0,0,8,,,https://www.housecanary.com/blog/rental-yield,182
what is an automated valuation model,Informational,90,43,7.44,0.04,0,0,11,,,https://www.housecanary.com/blog/automated-valuation-model,131
what is an avm appraisal,Informational,90,25,6.46,0.06,0,0,76,,,https://www.housecanary.com/blog/automated-valuation-model,111
what is caprate,Informational,90,47,0.11,0.24,0,0,12,,,https://www.housecanary.com/blog/cap-rate,130
what is home value,Informational,90,78,2.28,0.33,0,0,29,,,https://www.housecanary.com/blog/what-is-the-value-of-my-home,137
what is market cap rate,Informational,90,38,0.09,0.11,0,0,14,,,https://www.housecanary.com/blog/cap-rate,134
what is my home estimated value,Informational,90,76,3.49,0.63,0,0,49,,,https://www.housecanary.com/blog/what-is-the-value-of-my-home,135
what is pro forma cap rate,Informational,90,11,0.26,0.18,0,0,33,,,https://www.housecanary.com/blog/cap-rate,131
what is property worth,Informational,90,77,2.38,0.11,0,0,46,,,https://www.housecanary.com/blog/what-is-the-value-of-my-home,136
what is the home price index,Informational,90,46,0.00,0.01,0,0,29,,,https://www.housecanary.com/products/hpi-rpi-data,123
what is the value of your house,Informational,90,67,2.82,0.65,0,0,50,,,https://www.housecanary.com/blog/what-is-the-value-of-my-home,135
what my property worth,Informational,90,77,4.37,0.09,0,0,45,,,https://www.housecanary.com/blog/what-is-the-value-of-my-home,138
what's cap rate in real estate,Informational,90,32,0.13,0.37,0,0,14,,,https://www.housecanary.com/blog/cap-rate,136
what's my home's value,Informational,90,73,3.97,0.67,0,0,69,,,https://www.housecanary.com/blog/what-is-the-value-of-my-home,140
what's my house,Informational,90,80,7.21,0.18,0,0,47,,,https://www.housecanary.com/blog/what-is-the-value-of-my-home,141
whats home worth,Informational,90,77,3.26,0.23,0,0,67,,,https://www.housecanary.com/blog/what-is-the-value-of-my-home,134
whats house worth,Informational,90,77,3.26,0.23,0,0,43,,,https://www.housecanary.com/blog/what-is-the-value-of-my-home,136
whats my house value,Informational,90,77,2.99,0.35,0,0,63,,,https://www.housecanary.com/blog/what-is-the-value-of-my-home,139
whats property worth,Informational,90,77,3.23,0.14,0,0,20,,,https://www.housecanary.com/blog/what-is-the-value-of-my-home,134
when housing prices will drop,Transactional,90,47,0.00,0.02,0,0,38,,,https://www.housecanary.com/blog/housing-market-predictions,137
when is the housing market going to get better,Transactional,90,52,2.14,0.33,0,0,17,,,https://www.housecanary.com/blog/housing-market-predictions,133
when will housing market get better,Informational,90,46,0.41,0.06,0,0,20,,,https://www.housecanary.com/blog/housing-market-predictions,134
when will it be a buyers market again,Informational,90,53,0.00,0.03,0,0,39,,,https://www.housecanary.com/blog/housing-market-predictions,108
why are blue states more expensive than red states,Informational,90,10,0.00,0.33,0,0,27,,,https://www.housecanary.com/blog/guardian-red-state-blue-state,106
will house market crash again,Informational,90,25,0.00,0.01,0,0,36,,,https://www.housecanary.com/blog/is-the-housing-market-going-to-crash,126
will the housing market collapse again,Informational,90,36,0.00,0.01,0,0,34,,,https://www.housecanary.com/blog/is-the-housing-market-going-to-crash,122
will there be another housing market crash,Informational,90,39,0.00,0.01,0,0,41,,,https://www.housecanary.com/blog/is-the-housing-market-going-to-crash,167
2024 best markets for house flipping attom report,Commercial,70,28,0.00,0.00,0,0,36,,,https://www.housecanary.com/blog/fall-2025-home-flip-forecast-hottest-zip-codes-for-investors,112
2025 best markets for house flipping attom report,Commercial,70,23,0.00,0.00,0,0,22,,,https://www.housecanary.com/blog/fall-2025-home-flip-forecast-hottest-zip-codes-for-investors,115
2025 housing market forecasts,Informational,70,60,0.00,0.33,0,0,12,,,https://www.housecanary.com/blog/housing-market-predictions,135
39899 balentine dr,Informational,70,5,5.60,0.06,0,0,72,,,https://www.housecanary.com/info/brokerage,104
39899 balentine dr newark ca 94560,Informational,70,0,0.00,0.07,0,0,72,,,https://www.housecanary.com/info/brokerage,106
39899 balentine drive,Informational,70,16,5.60,0.06,0,0,69,,,https://www.housecanary.com/info/brokerage,106
39899 balentine drive newark,Informational,70,1,8.38,0.09,0,0,67,,,https://www.housecanary.com/info/brokerage,103
abbreviation for property management,Informational,70,0,0.00,0.01,0,0,17,,,https://www.housecanary.com/blog/alphabet-soup-real-estate-acronyms-decoded,102
acorn house acquisition,Informational,70,6,0.00,0.03,0,0,34,,,https://www.housecanary.com/solutions/instant-insights,107
acronyms for real estate,Informational,70,12,0.00,0.33,0,0,15,,,https://www.housecanary.com/blog/alphabet-soup-real-estate-acronyms-decoded,130
after renovation value calculator,Informational,70,21,1.73,0.29,0,0,18,,,https://www.housecanary.com/blog/arv,115
after repair value for real estate investors,Informational,70,19,0.00,0.33,0,0,19,,,https://www.housecanary.com/blog/arv,141
ai agents real estate,Informational,70,36,6.39,0.75,0,0,6,,,https://www.housecanary.com/blog/5-ai-tools-for-real-estate-agents,116
ai assistant for real estate agents,Informational,70,21,12.78,0.15,0,0,9,,,https://www.housecanary.com/blog/5-ai-tools-for-real-estate-agents,126
ai chatbot for real estate agents,Informational,70,24,8.08,0.41,0,0,19,,,https://www.housecanary.com/blog/5-ai-tools-for-real-estate-agents,138
ai for real estate brokers,Informational,70,50,7.11,0.35,0,0,6,,,https://www.housecanary.com/blog/5-ai-tools-for-real-estate-agents,111
ai house search platform,Informational,70,24,0.00,0.00,0,0,9,,,https://www.housecanary.com/blog/5-ai-tools-for-real-estate-agents,129
ai in realestate,Informational,70,56,5.48,0.40,0,0,50,,,https://www.housecanary.com/blog/ai-in-real-estate,125
ai lead scoring real estate industry,Informational,70,-1,0.00,0.00,0,0,15,,,https://www.housecanary.com/blog/5-ai-tools-for-real-estate-agents,118
ai property search,Informational,70,15,2.03,0.51,0,0,30,,,https://www.housecanary.com/,125
ai real estate broker,Informational,70,56,4.87,0.50,0,0,8,,,https://www.housecanary.com/blog/5-ai-tools-for-real-estate-agents,107
ai real estate crm,Commercial,70,25,12.30,0.47,0,0,19,,,https://www.housecanary.com/blog/5-ai-tools-for-real-estate-agents,99
ai real estate marketing,Informational,70,38,8.19,0.64,0,0,6,,,https://www.housecanary.com/blog/5-ai-tools-for-real-estate-agents,107
ai real estate website,Informational,70,38,10.12,0.40,0,0,1,,,https://www.housecanary.com/,102
ai realestate,Informational,70,59,5.48,0.40,0,0,35,,,https://www.housecanary.com/blog/5-ai-tools-for-real-estate-investors,117
ai services for real estate,Informational,70,58,0.00,0.00,0,0,7,,,https://www.housecanary.com/blog/5-ai-tools-for-real-estate-agents,99
ai tools for commercial real estate,"Commercial, Informational",70,18,12.45,0.31,0,0,24,,,https://www.housecanary.com/blog/5-ai-tools-for-real-estate-agents,119
ai-based scoring model real estate crm property valuation,Informational,70,11,0.00,0.00,0,0,8,,,https://www.housecanary.com/blog/5-ai-tools-for-real-estate-agents,123
ai-driven procurement automation platforms construction multifamily real estate,Informational,70,29,0.00,0.00,0,0,83,,,https://www.housecanary.com/blog/5-ai-tools-for-real-estate-investors,397000
ai-driven property analysis tools for insurance carriers,Informational,70,23,0.00,0.00,0,0,18,,,https://www.housecanary.com/blog/5-ai-tools-for-real-estate-agents,129
alice springs real estate market report 2024 2025,Informational,70,16,0.00,0.00,0,0,27,,,https://www.housecanary.com/blog/real-estate-market-trends,113
allintitle:ai for real estate listings,Informational,70,40,7.06,0.73,0,0,96,,,https://www.housecanary.com/blog/5-ai-tools-for-real-estate-investors,17400
alto built-in ai for estate agents,Informational,70,18,0.00,0.00,0,0,10,,,https://www.housecanary.com/blog/5-ai-tools-for-real-estate-agents,139
american home valuation,"Informational, Transactional",70,72,1.96,0.10,0,0,46,,,https://www.housecanary.com/blog/what-is-the-value-of-my-home,138
appraisal tool for market conditions,Informational,70,4,0.00,0.00,0,0,14,,,https://www.housecanary.com/blog/comparative-market-analysis-tool,187
are housing prices going to come down,Transactional,70,57,0.00,0.04,0,0,22,,,https://www.housecanary.com/blog/housing-market-predictions,127
are single family mortgages assumable,Informational,70,51,0.00,0.00,0,0,27,,,https://www.housecanary.com/blog/assumable-mortgage,139
are the price of houses going up,Informational,70,68,3.25,0.06,0,0,24,,,https://www.housecanary.com/blog/housing-market-predictions,133
arv define,Informational,70,30,0.00,0.01,0,0,29,,,https://www.housecanary.com/blog/arv,129
asset management agreement real estate,Informational,70,9,0.00,0.01,0,0,19,,,https://www.housecanary.com/blog/real-estate-asset-management,135
assumable home loan,"Commercial, Informational",70,49,1.57,0.18,0,0,22,,,https://www.housecanary.com/blog/assumable-mortgage,135
assumable loan second mortgage,Informational,70,27,0.00,0.33,0,0,24,,,https://www.housecanary.com/blog/assumable-mortgage,133
assumable va loan homes,"Commercial, Informational",70,50,4.35,0.40,0,0,25,,,https://www.housecanary.com/blog/assumable-mortgage,134
assumable.mortgages,Informational,70,54,1.57,0.18,0,0,18,,,https://www.housecanary.com/blog/assumable-mortgage,132
assume the loan,Informational,70,51,2.23,0.11,0,0,25,,,https://www.housecanary.com/blog/assumable-mortgage,131
assumed mortgage meaning,Informational,70,51,0.42,0.11,0,0,26,,,https://www.housecanary.com/blog/assumable-mortgage,133
assuming loan mortgage,Informational,70,49,2.12,0.12,0,0,21,,,https://www.housecanary.com/blog/assumable-mortgage,133
assumption loan requirements,Informational,70,45,0.00,0.33,0,0,31,,,https://www.housecanary.com/blog/assumable-mortgage,107
asumable,Informational,70,58,3.09,0.05,0,0,47,,,https://www.housecanary.com/blog/assumable-mortgage,134
attom home flipping report 2025 best markets,Commercial,70,21,0.00,0.00,0,0,26,,,https://www.housecanary.com/blog/fall-2025-home-flip-forecast-hottest-zip-codes-for-investors,113
automated advertising platforms real estate lead generation,Informational,70,-1,0.00,0.00,0,0,5,,,https://www.housecanary.com/blog/best-lead-generation-for-realtors,127
automated appraisal system,Informational,70,19,6.37,0.66,0,0,36,,,https://www.housecanary.com/blog/avms-reshape-real-estate,130
automated estimates for commercial property measurement,Informational,70,0,0.00,0.33,0,0,85,,,https://www.housecanary.com/blog/automated-valuation-model,190
automated real estate investing,Informational,70,25,0.00,0.00,0,0,7,,,https://www.housecanary.com/blog/5-ai-tools-for-real-estate-investors,147
automated valuation,Informational,70,26,4.92,0.47,0,0,10,,,https://www.housecanary.com/blog/automated-valuation-model,124
automated valuation model free,Informational,70,53,2.95,0.66,0,0,30,,,https://www.housecanary.com/blog/automated-valuation-model,137
automated value model,Informational,70,30,3.35,0.66,0,0,21,,,https://www.housecanary.com/blog/automated-valuation-model,145
average cap rate,Informational,70,29,0.14,0.11,0,0,21,,,https://www.housecanary.com/blog/cap-rate,130
average capitalization rate,Informational,70,31,0.73,0.33,0,0,14,,,https://www.housecanary.com/blog/cap-rate,135
average home price puerto rico 2025,Transactional,70,29,0.00,0.00,0,0,44,,,https://www.housecanary.com/blog/housing-market-predictions,163
average house cost in 2026,Informational,70,67,0.00,0.33,0,0,35,,,https://www.housecanary.com/blog/housing-market-predictions,129
average house price in 2026,Transactional,70,83,0.00,0.33,0,0,29,,,https://www.housecanary.com/blog/housing-market-predictions,129
average new home price 2025,Transactional,70,85,0.00,0.01,0,0,54,,,https://www.housecanary.com/blog/housing-market-predictions,211
avm for real estate,Informational,70,35,3.37,0.15,0,0,14,,,https://www.housecanary.com/blog/real-estate-avm-accuracy,116
avm property valuation,Informational,70,38,3.03,0.46,0,0,12,,,https://www.housecanary.com/blog/automated-valuation-model,117
avm property value,Informational,70,37,3.03,0.66,0,0,17,,,https://www.housecanary.com/blog/real-estate-avm-accuracy,117
bay area housing market may 2026 trends,Informational,70,26,0.00,0.00,0,0,33,,,https://www.housecanary.com/blog/market-pulse-2026-may,126
best ai for real estate like zanus,Informational,70,14,0.00,0.00,0,0,11,,,https://www.housecanary.com/blog/5-ai-tools-for-real-estate-agents,38600
best ai for realtors,Commercial,70,22,7.84,0.75,0,0,11,,,https://www.housecanary.com/blog/5-ai-tools-for-real-estate-agents,103
best ai property management software for portfolio optimization,Commercial,70,-1,0.00,0.00,0,0,15,,,https://www.housecanary.com/blog/real-estate-investment-software,125
best ai tool for real estate agents,"Commercial, Informational",70,17,7.39,0.70,0,0,16,,,https://www.housecanary.com/blog/5-ai-tools-for-real-estate-agents,109
best ai tools for realtors,Commercial,70,22,12.89,0.74,0,0,16,,,https://www.housecanary.com/blog/5-ai-tools-for-real-estate-agents,132
best all-in-one platform for real estate syndication,Commercial,70,12,0.00,0.00,0,0,12,,,https://www.housecanary.com/blog/real-estate-investment-software,180
best analytics software for multi-property casinos,Commercial,70,16,0.00,0.00,0,0,17,,,https://www.housecanary.com/blog/real-estate-investment-software,29200000
best app for real estate investing,Commercial,70,21,6.24,0.42,0,0,9,,,https://www.housecanary.com/blog/real-estate-investment-software,142
best apps for real estate investors,Commercial,70,38,3.69,0.35,0,0,45,,,https://www.housecanary.com/blog/real-estate-investment-software,155
best buyer leads,Commercial,70,25,35.29,0.35,0,0,12,,,https://www.housecanary.com/blog/best-lead-generation-for-realtors,44
best cities for house flipping 2024 2025 report,Commercial,70,12,0.00,0.00,0,0,5,,,https://www.housecanary.com/blog/fall-2025-home-flip-forecast-hottest-zip-codes-for-investors,98000000
best cities for house flipping 2024 report,Commercial,70,15,0.00,0.00,0,0,15,,,https://www.housecanary.com/blog/fall-2025-home-flip-forecast-hottest-zip-codes-for-investors,127
best cities for house flipping 2025 attom,Commercial,70,19,0.00,0.00,0,0,23,,,https://www.housecanary.com/blog/fall-2025-home-flip-forecast-hottest-zip-codes-for-investors,1550000
best cities to flip houses,Commercial,70,19,3.40,0.14,0,0,23,,,https://www.housecanary.com/blog/fall-2025-home-flip-forecast-hottest-zip-codes-for-investors,97
best cma tool for realtors,Commercial,70,16,9.20,0.86,0,34,18,,https://bricked.ai/best/cma-software-for-real-estate-agents,https://www.housecanary.com/blog/comparative-market-analysis-tool,152
best data pricing solutions in real estate,Commercial,70,10,0.00,0.00,0,0,4,,,https://www.housecanary.com/blog/real-estate-api,131
best digital inspection platform for real estate teams,Commercial,70,9,0.00,0.00,0,0,12,,,https://www.housecanary.com/blog/5-ai-tools-for-real-estate-agents,118
best end-to-end marketing analytics platforms residential real estate developers,"Commercial, Informational",70,28,0.00,0.00,0,0,5,,,https://www.housecanary.com/blog/real-estate-api,120
best franchise research platform for multi-unit investors,Commercial,70,9,0.00,0.00,0,0,25,,,https://www.housecanary.com/blog/real-estate-investment-software,25500000
best land data platforms us real estate investment,"Commercial, Informational",70,22,0.00,0.00,0,0,6,,,https://www.housecanary.com/blog/real-estate-investment-software,117
best lead automation software for estate agents lettings,Commercial,70,-1,0.00,0.00,0,0,4,,,https://www.housecanary.com/blog/best-lead-generation-for-realtors,118
best lead generating real estate websites,"Commercial, Informational",70,27,22.51,0.15,0,0,7,,,https://www.housecanary.com/blog/best-lead-generation-for-realtors,133
best lead generation for real estate investors,"Commercial, Informational",70,26,10.34,0.64,0,0,12,,,https://www.housecanary.com/blog/best-lead-generation-for-realtors,117
best lead generator for realtors,"Commercial, Informational",70,23,23.81,0.64,0,0,26,,,https://www.housecanary.com/blog/best-lead-generation-for-realtors,143
best lead sources for realtors,"Commercial, Informational",70,20,28.91,0.67,0,0,22,,,https://www.housecanary.com/blog/best-lead-generation-for-realtors,123
best mobile risk engineering app for complex property portfolios,Commercial,70,17,0.00,0.00,0,0,4,,,https://www.housecanary.com/blog/real-estate-investment-software,43400000
best places to flip houses 2023,Commercial,70,14,0.00,0.00,0,0,29,,,https://www.housecanary.com/blog/fall-2025-home-flip-forecast-hottest-zip-codes-for-investors,137
best property data api platforms u.s. real estate,Commercial,70,26,0.00,0.00,0,0,1,,,https://www.housecanary.com/blog/real-estate-api,131
best property data platforms webhooks ownership changes,Commercial,70,0,0.00,0.00,0,0,4,,,https://www.housecanary.com/blog/real-estate-api,5440000
best property investment apps,Commercial,70,17,4.76,0.58,0,0,32,,,https://www.housecanary.com/blog/real-estate-investment-software,137
best property tracking app for cash flow reports,Commercial,70,18,0.00,0.00,0,0,12,,,https://www.housecanary.com/blog/real-estate-investment-software,146
best property valuation platforms for mortgage banks us,Commercial,70,37,0.00,0.00,0,0,3,,,https://www.housecanary.com/,101
best real estate data providers,Commercial,70,10,17.13,0.43,0,0,42,,,https://www.housecanary.com/blog/real-estate-api,130
best real estate data providers for lead generation,Commercial,70,29,0.00,0.00,0,0,1,,,https://www.housecanary.com/blog/best-lead-generation-for-realtors,120
best real estate data subscriptions u.s. rental markets,Commercial,70,9,0.00,0.00,0,0,7,,,https://www.housecanary.com/blog/real-estate-investment-software,137
best real estate isa service for listing leads,"Commercial, Informational",70,23,0.00,0.00,0,0,8,,,https://www.housecanary.com/blog/best-lead-generation-for-realtors,125
best real estate isa service for online lead sources,"Commercial, Informational",70,21,0.00,0.00,0,0,8,,,https://www.housecanary.com/blog/best-lead-generation-for-realtors,6790000
best refinance monitoring software real-time mortgage data,Commercial,70,6,0.00,0.00,0,0,54,,,https://www.housecanary.com/industries/private-money-lenders,91
best residential appraisal service for national lenders,Commercial,70,30,0.00,0.00,0,0,62,,,https://www.housecanary.com/industries/private-money-lenders,114
best residential property data solution uk lenders,Commercial,70,1,0.00,0.00,0,0,10,,,https://www.housecanary.com/blog/real-estate-investment-software,64900000
best revenue management tools for large multifamily portfolios,Commercial,70,15,0.00,0.00,0,0,23,,,https://www.housecanary.com/blog/real-estate-investment-software,110
best seller leads for realtors,Commercial,70,32,20.34,0.66,0,0,22,,,https://www.housecanary.com/blog/best-lead-generation-for-realtors,180
best sources for u.s. housing market forecasts,Commercial,70,74,0.00,0.00,0,0,23,,,https://www.housecanary.com/blog/housing-market-predictions,142
best subscription for analyzing real estate markets,"Commercial, Informational",70,-1,0.00,0.00,0,0,7,,,https://www.housecanary.com/blog/real-estate-investment-software,114
best tools for real estate agents to find likely sellers,Commercial,70,27,0.00,0.00,0,0,1,,,https://www.housecanary.com/blog/best-lead-generation-for-realtors,136
blue and red states map 2026,Informational,70,47,0.00,0.33,0,0,88,,,https://www.housecanary.com/blog/guardian-red-state-blue-state,1120000000
brickanta,Navigational,70,18,0.00,0.04,0,62,0,,https://bricked.ai/,,108
brokers lead generation property search software,"Commercial, Informational",70,-1,0.00,0.00,0,0,7,,,https://www.housecanary.com/blog/best-lead-generation-for-realtors,129
bulk real estate data,Informational,70,8,0.00,0.43,0,0,2,,,https://www.housecanary.com/products/bulk-property-data,135
buyer lead generation,Commercial,70,27,26.50,0.38,0,0,4,,,https://www.housecanary.com/blog/best-lead-generation-for-realtors,131
buyer leads real estate,Commercial,70,27,25.95,0.59,0,0,12,,,https://www.housecanary.com/blog/best-lead-generation-for-realtors,124
calculate the value of my home,Informational,70,76,3.55,0.68,0,0,58,,,https://www.housecanary.com/blog/what-is-the-value-of-my-home,133
calculating cap rate real estate,Informational,70,35,0.96,0.29,0,0,23,,,https://www.housecanary.com/blog/cap-rate,127
calculating home value,Informational,70,78,2.50,0.59,0,0,76,,,https://www.housecanary.com/blog/what-is-the-value-of-my-home,128
calculating house value,Informational,70,77,2.50,0.59,0,0,73,,,https://www.housecanary.com/blog/what-is-the-value-of-my-home,124
call a home,Informational,70,22,1.05,0.09,0,0,47,,,https://www.housecanary.com/solutions/comehome,108
can i afford a million dollar home,Informational,70,37,3.09,0.50,0,0,67,,,https://www.housecanary.com/blog/one-million-dollars-what-it-buys-in-united-states-housing-market,162
can you take over a mortgage loan,Informational,70,43,2.22,0.06,0,0,25,,,https://www.housecanary.com/blog/assumable-mortgage,131
canary inc,"Informational, Navigational",70,74,0.00,0.03,0,0,9,,,https://www.housecanary.com/,133
cap rate by property type,Informational,70,35,0.00,0.00,0,0,9,,,https://www.housecanary.com/blog/cap-rate,141
cap rate def,Informational,70,43,0.09,0.32,0,0,23,,,https://www.housecanary.com/blog/cap-rate,132
cap rate investment property,Informational,70,42,0.76,0.28,0,0,13,,,https://www.housecanary.com/blog/cap-rate,134
cap rate of rental property,Informational,70,38,0.59,0.27,0,0,47,,,https://www.housecanary.com/blog/cap-rate,138
cap rate property,Informational,70,43,0.32,0.19,0,0,15,,,https://www.housecanary.com/blog/cap-rate,129
cap rate spread,Informational,70,13,0.00,0.01,0,0,23,,,https://www.housecanary.com/blog/cap-rate,130
cape rate,Informational,70,49,0.17,0.20,0,0,12,,,https://www.housecanary.com/blog/cap-rate,136
capitalization rate calculation,Informational,70,46,0.81,0.10,0,0,30,,,https://www.housecanary.com/blog/cap-rate,125
capitalization rate calculation real estate,Informational,70,29,1.17,0.26,0,0,13,,,https://www.housecanary.com/blog/cap-rate,131
capitalization rate definition real estate,Informational,70,32,0.11,0.29,0,0,19,,,https://www.housecanary.com/blog/cap-rate,131
capitalization rate in real estate,Informational,70,40,0.36,0.30,0,0,14,,,https://www.housecanary.com/blog/cap-rate,135
changes in real estate market,Informational,70,88,0.00,0.33,0,0,29,,,https://www.housecanary.com/blog/real-estate-market-trends,172
chartarv,Navigational,70,20,4.35,0.22,0,13,16,,https://bricked.ai/alternatives/chatarv-alternatives,https://www.housecanary.com/,107
check the value of my house,Informational,70,76,3.84,0.67,0,0,95,,,https://www.housecanary.com/blog/what-is-the-value-of-my-home,138
cma real estate calculator,Informational,70,34,2.44,0.43,0,0,50,,,https://www.housecanary.com/blog/find-perfect-rent-rate-housecanary-rental-cma,132
cma real estate free,"Commercial, Informational",70,12,5.02,0.75,0,0,27,,,https://www.housecanary.com/blog/comparative-market-analysis-tool,128
cma tool,Commercial,70,17,5.35,0.66,0,30,0,,https://bricked.ai/best/cma-software,,158
coming housing market crash,Informational,70,24,0.00,0.01,0,0,39,,,https://www.housecanary.com/blog/is-the-housing-market-going-to-crash,143
commercial real estate lead generation software,Informational,70,19,0.00,0.33,0,0,8,,,https://www.housecanary.com/blog/best-lead-generation-for-realtors,129
commercial real estate news may 2026,Informational,70,36,0.00,0.00,0,0,30,,,https://www.housecanary.com/blog/market-pulse-2026-may,126
compare ai for real estate,Commercial,70,21,0.00,0.00,0,0,4,,,https://www.housecanary.com/blog/5-ai-tools-for-real-estate-agents,101
comparison market analysis,"Commercial, Informational",70,26,3.83,0.49,0,0,10,,,https://www.housecanary.com/blog/comparative-market-analysis-tool,126
condo analytics,Navigational,70,12,0.00,0.33,0,0,50,,,https://www.housecanary.com/,0
cost to build house florida per square foot 2026,Informational,70,-1,0.00,0.00,0,0,82,,,https://www.housecanary.com/blog/florida-housing-market,172
crary homes and real estate,Navigational,70,26,0.00,0.06,0,0,32,,,https://www.housecanary.com/blog/what-is-the-value-of-my-home,0
current real estate cap rates,Informational,70,37,0.86,0.33,0,0,14,,,https://www.housecanary.com/blog/cap-rate,178
current us median home price april 2026,Transactional,70,65,0.00,0.00,0,0,36,,,https://www.housecanary.com/blog/market-pulse-2026-april,181
daytona beach fl external market signals and disasters,Informational,70,24,0.00,0.00,0,0,54,,,https://www.housecanary.com/blog/florida-housing-market,196000
definition cap rate,Informational,70,41,0.09,0.32,0,0,22,,,https://www.housecanary.com/blog/cap-rate,135
did the housing market crash,Informational,70,58,0.00,0.01,0,0,32,,,https://www.housecanary.com/blog/is-the-housing-market-going-to-crash,146
distressed home seller leads,Informational,70,0,0.00,0.33,0,0,19,,,https://www.housecanary.com/blog/best-lead-generation-for-realtors,180
do you want a high or low cap rate,Informational,70,16,0.13,0.12,0,0,17,,,https://www.housecanary.com/blog/cap-rate,152
does cap rate include mortgage,Informational,70,36,0.80,0.08,0,0,31,,,https://www.housecanary.com/blog/cap-rate,130
due diligence software for real estate,Informational,70,6,0.00,0.00,0,0,55,,,https://www.housecanary.com/blog/real-estate-investment-software,154
emerging trends in real estate 2025,Informational,70,53,0.00,0.33,0,0,28,,,https://www.housecanary.com/blog/real-estate-market-trends,126
estate agents automation tools tenancy progression,Informational,70,17,0.00,0.00,0,0,8,,,https://www.housecanary.com/blog/5-ai-tools-for-real-estate-agents,6850000
estimate for house,Informational,70,76,3.53,0.60,0,0,53,,,https://www.housecanary.com/blog/what-is-the-value-of-my-home,206
estimate of my home,Informational,70,73,5.15,0.69,0,0,67,,,https://www.housecanary.com/blog/what-is-the-value-of-my-home,137
estimate what my home is worth,Informational,70,76,3.55,0.68,0,0,64,,,https://www.housecanary.com/blog/what-is-the-value-of-my-home,132
existing home sales may data,Transactional,70,47,0.00,0.06,0,0,54,,,https://www.housecanary.com/blog/market-pulse-2026-may,134
expired listing databases cost-effective leads solo agents,Informational,70,29,0.00,0.00,0,0,6,,,https://www.housecanary.com/blog/best-lead-generation-for-realtors,252000
fair market rental value calculator,Informational,70,42,3.54,0.46,0,0,24,,,https://www.housecanary.com/blog/find-perfect-rent-rate-housecanary-rental-cma,103
fast growing real estate markets,Informational,70,64,0.00,0.04,0,0,14,,,https://www.housecanary.com/blog/housing-market-predictions,132
fastest property finance services for closing,Informational,70,-1,0.00,0.00,0,0,53,,,https://www.housecanary.com/industries/private-money-lenders,104
find appraisal value of home,Informational,70,76,2.35,0.70,0,0,93,,,https://www.housecanary.com/blog/what-is-the-value-of-my-home,182
florida housing market 2026,Informational,70,41,0.00,0.33,0,0,13,,,https://www.housecanary.com/blog/florida-housing-market,101
florida housing market trends,Informational,70,42,0.99,0.09,0,0,21,,,https://www.housecanary.com/blog/florida-housing-market,129
florida multifamily vacancy rate 2025 or 2026,Informational,70,24,0.00,0.00,0,0,59,,,https://www.housecanary.com/blog/florida-housing-market,144
florida real estate market trends 2025,Informational,70,45,0.00,0.00,0,0,13,,,https://www.housecanary.com/blog/florida-housing-market,128
florida real estate market update april 2026,Informational,70,9,0.00,0.00,0,0,27,,,https://www.housecanary.com/blog/florida-housing-market,121
formula for capitalization,Informational,70,32,0.00,0.01,0,0,7,,,https://www.housecanary.com/blog/cap-rate,124
free ai for real estate listings,Informational,70,20,4.30,0.99,0,0,8,,,https://www.housecanary.com/blog/5-ai-tools-for-real-estate-agents,130
free cma tool,"Commercial, Informational",70,7,4.23,0.80,0,59,0,,https://bricked.ai/best/cma-software-for-real-estate-agents,,121
free property cma winter garden,Informational,70,-1,0.00,0.00,0,0,48,,,https://www.housecanary.com/blog/comparative-market-analysis-tool,349000
free real estate seller leads,Informational,70,23,0.00,0.50,0,0,17,,,https://www.housecanary.com/blog/best-lead-generation-for-realtors,115
get seller leads,Informational,70,35,46.26,0.82,0,0,15,,,https://www.housecanary.com/blog/best-lead-generation-for-realtors,109
good rental yield,Informational,70,31,0.00,0.01,0,0,7,,,https://www.housecanary.com/blog/rental-yield,130
hazard insight platforms for property-backed lending us,Informational,70,26,0.00,0.00,0,0,76,,,https://www.housecanary.com/industries/private-money-lenders,340000000
high cap rate means,Informational,70,18,0.15,0.33,0,0,27,,,https://www.housecanary.com/blog/cap-rate,133
history of automated valuation models avm emergence,Informational,70,19,0.00,0.00,0,0,13,,,https://www.housecanary.com/blog/automated-valuation-model,109
history of automated valuation models avms,Informational,70,33,0.00,0.00,0,0,7,,,https://www.housecanary.com/blog/automated-valuation-model,207
history of automated valuation models emergence,Informational,70,16,0.00,0.00,0,0,15,,,https://www.housecanary.com/blog/automated-valuation-model,108
home buyer leads,Informational,70,30,26.48,0.66,0,0,9,,,https://www.housecanary.com/blog/best-lead-generation-for-realtors,124
home buyer leads for realtors,Informational,70,15,14.61,0.66,0,0,14,,,https://www.housecanary.com/blog/best-lead-generation-for-realtors,191
home canary,Navigational,70,17,13.77,0.66,0,0,1,,,https://www.housecanary.com/,170
home price prediction,Transactional,70,59,1.87,0.12,0,0,26,,,https://www.housecanary.com/blog/housing-market-predictions,135
home price predictions 2026,Transactional,70,50,0.00,0.01,0,0,22,,,https://www.housecanary.com/blog/housing-market-predictions,122
home price projections,Transactional,70,78,0.00,0.33,0,0,22,,,https://www.housecanary.com/blog/housing-market-predictions,134
home prices forecast,Transactional,70,55,2.08,0.07,0,0,22,,,https://www.housecanary.com/blog/housing-market-predictions,137
home prices forecast 2026,Transactional,70,49,3.39,0.07,0,0,18,,,https://www.housecanary.com/blog/housing-market-predictions,122
home resale value,Informational,70,77,4.74,0.30,0,0,57,,,https://www.housecanary.com/blog/what-is-the-value-of-my-home,139
home valuation api,Informational,70,23,4.15,0.63,0,0,2,,,https://www.housecanary.com/blog/real-estate-api,130
home value calculation,Informational,70,78,2.41,0.65,0,0,69,,,https://www.housecanary.com/blog/what-is-the-value-of-my-home,118
home value projections,Informational,70,69,1.92,0.22,0,0,24,,,https://www.housecanary.com/blog/housing-market-predictions,140
home's current market value,Informational,70,77,2.81,0.62,0,0,47,,,https://www.housecanary.com/blog/what-is-the-value-of-my-home,139
homeshare-admin.io docs api,Informational,70,22,0.00,0.00,0,0,70,,,https://api-docs.housecanary.com/,26000
hosue value,Informational,70,78,2.28,0.54,0,0,28,,,https://www.housecanary.com/blog/what-is-the-value-of-my-home,141
house and property values,Informational,70,66,2.53,0.51,0,0,24,,,https://www.housecanary.com/blog/what-is-the-value-of-my-home,2140
house canary ai,"Informational, Navigational",70,16,12.77,0.66,0,0,1,,,https://www.housecanary.com/,103
house canary reviews,Commercial,70,26,13.42,0.35,0,0,1,,,https://www.housecanary.com/,107
house careers,Commercial,70,19,0.00,0.04,0,0,33,,,https://www.housecanary.com/resources/careers,147
house value estimation,Informational,70,77,2.37,0.62,0,0,58,,,https://www.housecanary.com/blog/what-is-the-value-of-my-home,133
house whisper,Navigational,70,27,3.56,0.37,0,0,48,,,https://www.housecanary.com/,0
house whisperer ai,Informational,70,15,6.79,0.71,0,0,29,,,https://www.housecanary.com/,118
houseapp,Informational,70,18,1.46,0.39,0,0,34,,,https://www.housecanary.com/,109
housecall pro career,Commercial,70,26,2.22,0.02,0,0,53,,,https://www.housecanary.com/resources/careers,0
housecanary ai,Navigational,70,19,12.77,0.66,0,0,1,,,https://www.housecanary.com/,103
housegather,Navigational,70,33,3.88,0.34,0,0,12,,,https://www.housecanary.com/,111
housing market fl,Informational,70,63,1.67,0.12,0,0,22,,,https://www.housecanary.com/blog/florida-housing-market,130
housing market forecasts,Informational,70,70,1.84,0.15,0,0,19,,,https://www.housecanary.com/blog/housing-market-predictions,139
housing market is,Informational,70,75,0.55,0.08,0,0,45,,,https://www.housecanary.com/blog/real-estate-market-trends,133
housing market is crashing,Informational,70,32,0.00,0.01,0,0,12,,,https://www.housecanary.com/blog/is-the-housing-market-going-to-crash,110
housing market news florida,Informational,70,48,0.00,0.03,0,0,26,,,https://www.housecanary.com/blog/florida-housing-market,127
housing market news today april 2026,Informational,70,38,0.00,0.00,0,0,18,,,https://www.housecanary.com/blog/market-pulse-2026-april,754
housing market predictions 2022,Informational,70,44,0.00,0.33,0,0,18,,,https://www.housecanary.com/blog/housing-market-predictions,138
housing market projection 2026,Informational,70,53,1.40,0.17,0,0,23,,,https://www.housecanary.com/blog/housing-market-predictions,119
housing market will crash,Informational,70,33,2.62,0.01,0,0,35,,,https://www.housecanary.com/blog/is-the-housing-market-going-to-crash,132
housing outlook 2026,Informational,70,45,1.42,0.23,0,0,21,,,https://www.housecanary.com/blog/housing-market-predictions,108
housing price prediction,Transactional,70,61,1.87,0.12,0,0,21,,,https://www.housecanary.com/blog/housing-market-predictions,132
housing price prediction 2026,Informational,70,46,0.00,0.33,0,0,18,,,https://www.housecanary.com/blog/housing-market-predictions,123
housing prices in 2026,Transactional,70,46,0.00,0.01,0,0,22,,,https://www.housecanary.com/blog/housing-market-predictions,123
housing recession 2025,Informational,70,51,0.00,0.33,0,0,38,,,https://www.housecanary.com/blog/is-the-housing-market-going-to-crash,168
housing value predictions,Informational,70,74,1.79,0.06,0,0,21,,,https://www.housecanary.com/blog/housing-market-predictions,136
how can i check the value of my home,Informational,70,75,3.52,0.74,0,0,43,,,https://www.housecanary.com/blog/what-is-the-value-of-my-home,134
how can i estimate the value of my home,Informational,70,75,3.82,0.74,0,0,65,,,https://www.housecanary.com/blog/what-is-the-value-of-my-home,125
how companies get property data for real estate apps,Informational,70,10,0.00,0.00,0,0,6,,,https://www.housecanary.com/blog/real-estate-api,134
how do i check the value of my house,Informational,70,75,3.37,0.61,0,0,46,,,https://www.housecanary.com/blog/what-is-the-value-of-my-home,135
how do i know the value of my house,Informational,70,77,3.66,0.69,0,0,74,,,https://www.housecanary.com/blog/what-is-the-value-of-my-home,130
how do the smartest property managers track performance,Informational,70,4,0.00,0.00,0,0,22,,,https://www.housecanary.com/blog/how-to-proactively-track-investment-property-performance,137
how do you assume a loan,Informational,70,39,0.59,0.12,0,0,25,,,https://www.housecanary.com/blog/assumable-mortgage,133
how do you calculate rental yield,Informational,70,34,0.66,0.09,0,0,32,,,https://www.housecanary.com/blog/rental-yield,128
how do you determine fair rental value,Informational,70,25,2.86,0.22,0,0,44,,,https://www.housecanary.com/blog/find-perfect-rent-rate-housecanary-rental-cma,136
how do you work out rental yield,Informational,70,34,0.66,0.09,0,0,36,,,https://www.housecanary.com/blog/rental-yield,131
how does assumable loan work,Informational,70,52,0.42,0.21,0,0,22,,,https://www.housecanary.com/blog/assumable-mortgage,128
how much does canary cost,Informational,70,15,0.00,0.33,0,0,17,,,https://www.housecanary.com/pricing,187
how much house worth,Informational,70,76,3.19,0.63,0,0,52,,,https://www.housecanary.com/blog/what-is-the-value-of-my-home,140
how much is my house is worth,Informational,70,75,3.19,0.63,0,0,65,,,https://www.housecanary.com/blog/what-is-the-value-of-my-home,138
how much is the house worth,Informational,70,77,3.01,0.65,0,0,50,,,https://www.housecanary.com/blog/what-is-the-value-of-my-home,136
how much your house is worth,Informational,70,76,3.05,0.53,0,0,59,,,https://www.housecanary.com/blog/what-is-the-value-of-my-home,138
how to calculate arv real estate,Informational,70,23,1.57,0.52,0,0,16,,,https://www.housecanary.com/blog/arv,124
how to check house valuation,Informational,70,77,2.21,0.67,0,0,43,,,https://www.housecanary.com/blog/what-is-the-value-of-my-home,128
how to check my house value,Informational,70,76,2.77,0.67,0,0,60,,,https://www.housecanary.com/blog/what-is-the-value-of-my-home,133
how to determine how much my house is worth,Informational,70,76,4.40,0.76,0,0,73,,,https://www.housecanary.com/blog/what-is-the-value-of-my-home,132
how to determine the value of my home,Informational,70,76,2.91,0.59,0,0,60,,,https://www.housecanary.com/blog/what-is-the-value-of-my-home,129
how to do a competitive market analysis real estate,Informational,70,19,3.55,0.60,0,0,13,,,https://www.housecanary.com/blog/comparative-market-analysis-tool,188
how to estimate house value,Informational,70,77,2.14,0.54,0,0,61,,,https://www.housecanary.com/blog/what-is-the-value-of-my-home,126
how to figure out arv,Informational,70,10,1.61,0.43,0,0,22,,,https://www.housecanary.com/blog/arv,128
how to figure out rental yield,Informational,70,45,0.46,0.06,0,0,30,,,https://www.housecanary.com/blog/rental-yield,158
how to find a home's value,Informational,70,77,2.24,0.58,0,0,64,,,https://www.housecanary.com/blog/what-is-the-value-of-my-home,128
how to find house valuation,Informational,70,77,2.41,0.70,0,0,62,,,https://www.housecanary.com/blog/what-is-the-value-of-my-home,124
how to find my home's value,Informational,70,76,3.42,0.74,0,0,64,,,https://www.housecanary.com/blog/what-is-the-value-of-my-home,127
how to find the market value of a home,Informational,70,76,2.07,0.52,0,0,63,,,https://www.housecanary.com/blog/what-is-the-value-of-my-home,124
how to find the value of a home,Informational,70,76,2.41,0.70,0,0,58,,,https://www.housecanary.com/blog/what-is-the-value-of-my-home,121
how to find the value of my property,Informational,70,76,3.73,0.67,0,0,57,,,https://www.housecanary.com/blog/what-is-the-value-of-my-home,108
how to find your house worth,Informational,70,82,3.26,0.72,0,0,58,,,https://www.housecanary.com/blog/what-is-the-value-of-my-home,179
how to get assumable mortgage,Informational,70,50,1.87,0.17,0,0,27,,,https://www.housecanary.com/blog/assumable-mortgage,132
how to see how much my house is worth,Informational,70,75,3.58,0.70,0,0,68,,,https://www.housecanary.com/blog/what-is-the-value-of-my-home,133
how to time luxury home purchases for investment returns,Informational,70,10,0.00,0.00,0,0,22,,,https://www.housecanary.com/blog/how-to-proactively-track-investment-property-performance,133
in the capitalization formula what does the i stand for,Informational,70,25,0.00,0.33,0,0,7,,,https://www.housecanary.com/blog/cap-rate,134
is house market going up,Informational,70,91,0.98,0.06,0,0,20,,,https://www.housecanary.com/blog/housing-market-predictions,181
is the housing market expected to crash,Informational,70,33,0.00,0.02,0,0,35,,,https://www.housecanary.com/blog/is-the-housing-market-going-to-crash,146
is the housing market going to crash again,Informational,70,20,0.00,0.04,0,0,27,,,https://www.housecanary.com/blog/is-the-housing-market-going-to-crash,121
is the housing market going to crash in 2021,Informational,70,34,0.00,0.33,0,0,21,,,https://www.housecanary.com/blog/is-the-housing-market-going-to-crash,171
is the housing market going to drop,Informational,70,42,1.65,0.05,0,0,44,,,https://www.housecanary.com/blog/is-the-housing-market-going-to-crash,122
is the housing market going up,Informational,70,51,0.98,0.06,0,0,20,,,https://www.housecanary.com/blog/housing-market-predictions,170
is the real estate market going up,Informational,70,81,0.98,0.06,0,0,19,,,https://www.housecanary.com/blog/housing-market-predictions,182
latest real estate trends,Informational,70,63,1.59,0.20,0,0,46,,,https://www.housecanary.com/blog/real-estate-market-trends,137
lead generation sites for realtors,"Commercial, Informational",70,28,0.00,0.33,0,0,12,,,https://www.housecanary.com/blog/best-lead-generation-for-realtors,124
lead generation tools for real estate agents,"Commercial, Informational",70,24,29.28,0.33,0,0,3,,,https://www.housecanary.com/blog/best-lead-generation-for-realtors,146
leading property management platforms open api integrations,Informational,70,10,0.00,0.00,0,0,24,,,https://www.housecanary.com/blog/real-estate-api,133
lenders valuation services,Informational,70,15,6.49,0.11,0,0,39,,,https://www.housecanary.com/industries/private-money-lenders,127
machine a capping rate,"Commercial, Informational",70,0,0.00,0.00,0,0,64,,,https://www.housecanary.com/blog/cap-rate,526000000
market intelligence platforms real estate investment firms,Informational,70,29,0.00,0.00,0,0,5,,,https://www.housecanary.com/blog/real-estate-investment-software,136
market rent analysis tools for apartment pricing decisions,Informational,70,19,0.00,0.00,0,0,74,,,https://www.housecanary.com/blog/find-perfect-rent-rate-housecanary-rental-cma,177
market value my house,Informational,70,77,3.40,0.71,0,0,45,,,https://www.housecanary.com/blog/what-is-the-value-of-my-home,138
market value of house,Informational,70,77,2.56,0.60,0,0,49,,,https://www.housecanary.com/blog/what-is-the-value-of-my-home,138
mls database api,Informational,70,10,4.03,0.54,0,0,27,,,https://www.housecanary.com/blog/real-estate-api,101
mortgage avm,Informational,70,34,8.25,0.09,0,0,19,,,https://www.housecanary.com/blog/automated-valuation-model,109
mortgage loan assumption process,Informational,70,37,0.11,0.17,0,0,32,,,https://www.housecanary.com/blog/assumable-mortgage,132
mortgage portfolio monitoring,Informational,70,10,0.00,0.33,0,0,18,,,https://www.housecanary.com/products/portfolio-monitoring,142
mortgage sales conversion rate,Informational,70,0,0.00,0.00,0,0,87,,,https://www.housecanary.com/industries/private-money-lenders,107
mortgage sales data analysis,Informational,70,21,0.00,0.00,0,0,65,,,https://www.housecanary.com/industries/private-money-lenders,138
mortgage team refinance monitoring platforms evaluation,Informational,70,9,0.00,0.00,0,0,58,,,https://www.housecanary.com/industries/private-money-lenders,127
most reliable housing market data companies,Informational,70,63,0.00,0.00,0,0,3,,,https://www.housecanary.com/,129
msr valuations,Informational,70,14,0.00,0.01,0,0,54,,,https://www.housecanary.com/industries/private-money-lenders,175
multimodal real estate valuation datasets benchmarks,Informational,70,13,0.00,0.00,0,0,37,,,https://www.housecanary.com/resources/our-dna,116
myreaa,Informational,70,21,0.00,0.33,0,0,30,,,https://www.housecanary.com/,1060
nar 2050 home price forecast,Transactional,70,31,2.49,0.03,0,0,36,,,https://www.housecanary.com/blog/housing-market-predictions,108
new real estate data apis 2026,"Commercial, Informational",70,9,0.00,0.00,0,0,1,,,https://www.housecanary.com/blog/real-estate-api,125
next housing bubble crash,Informational,70,30,0.00,0.01,0,0,39,,,https://www.housecanary.com/blog/is-the-housing-market-going-to-crash,155
next housing collapse,Informational,70,39,0.00,0.03,0,0,33,,,https://www.housecanary.com/blog/is-the-housing-market-going-to-crash,123
next housing crash,Informational,70,40,0.00,0.33,0,0,20,,,https://www.housecanary.com/blog/is-the-housing-market-going-to-crash,129
noi cap rate formula,Informational,70,31,0.30,0.33,0,0,11,,,https://www.housecanary.com/blog/cap-rate,128
normal cap rate,Informational,70,44,0.63,0.07,0,0,49,,,https://www.housecanary.com/blog/cap-rate,128
northspyre pricing,"Navigational, Transactional",70,11,18.32,0.52,0,0,30,,,https://www.housecanary.com/pricing,109
priperty value,Informational,70,74,2.50,0.42,0,0,23,,,https://www.housecanary.com/blog/what-is-the-value-of-my-home,140
pro forma cap rate meaning,Informational,70,3,0.11,0.25,0,0,23,,,https://www.housecanary.com/blog/cap-rate,135
projected home prices,Transactional,70,52,1.92,0.22,0,0,26,,,https://www.housecanary.com/blog/housing-market-predictions,1830
property intelligence software,Informational,70,22,0.00,0.00,0,0,54,,,https://www.housecanary.com/,135
property investors software,Informational,70,29,16.90,0.09,0,0,6,,,https://www.housecanary.com/blog/real-estate-investment-software,121
property management abbreviation,Informational,70,0,0.00,0.33,0,0,19,,,https://www.housecanary.com/blog/alphabet-soup-real-estate-acronyms-decoded,112
property market trends,Informational,70,82,0.00,0.33,0,0,36,,,https://www.housecanary.com/blog/real-estate-market-trends,142
property monitor,Navigational,70,20,14.93,0.06,0,0,25,,,https://www.housecanary.com/products/portfolio-monitoring,174
property portfolio analysis,Informational,70,10,0.00,0.13,0,0,21,,,https://www.housecanary.com/blog/how-to-proactively-track-investment-property-performance,108
property software for investment managers,Informational,70,35,0.00,0.33,0,0,15,,,https://www.housecanary.com/blog/real-estate-investment-software,154
property technology companies external homemover data integration,Informational,70,0,0.00,0.00,0,0,19,,,https://www.housecanary.com/blog/real-estate-api,37500
property valuation workflow platforms for u.s. mortgage lenders,Informational,70,16,0.00,0.00,0,0,12,,,https://www.housecanary.com/blog/real-estate-investment-software,85
pros and cons of assumable mortgage,Informational,70,53,3.26,0.09,0,0,14,,,https://www.housecanary.com/blog/assumable-mortgage,131
prperty value,Informational,70,50,2.50,0.42,0,0,23,,,https://www.housecanary.com/blog/what-is-the-value-of-my-home,143
real estate 2025,Informational,70,62,0.00,0.33,0,0,19,,,https://www.housecanary.com/blog/real-estate-market-trends,125
real estate abbreviations list,Informational,70,15,0.00,0.01,0,0,20,,,https://www.housecanary.com/blog/alphabet-soup-real-estate-acronyms-decoded,135
real estate ai answering,Informational,70,26,0.00,0.00,0,0,8,,,https://www.housecanary.com/blog/5-ai-tools-for-real-estate-agents,127
real estate aum,Informational,70,21,0.00,0.14,0,0,39,,,https://www.housecanary.com/blog/real-estate-asset-management,107
real estate bubble 2025,Informational,70,65,0.00,0.00,0,0,33,,,https://www.housecanary.com/blog/is-the-housing-market-going-to-crash,129
real estate cap rate formula,Informational,70,39,0.60,0.27,0,0,31,,,https://www.housecanary.com/blog/cap-rate,137
real estate comp analysis,Informational,70,38,4.93,0.49,0,0,24,,,https://www.housecanary.com/blog/comparative-market-analysis-tool,128
real estate comparative market analysis tool,Informational,70,20,9.46,0.41,0,0,14,,,https://www.housecanary.com/blog/comparative-market-analysis-tool,125
real estate data aggregation,Informational,70,0,0.00,0.00,0,0,23,,,https://www.housecanary.com/blog/real-estate-api,128
real estate data software,Informational,70,40,14.24,0.31,0,0,13,,,https://www.housecanary.com/blog/real-estate-investment-software,117
real estate data visualization,Informational,70,9,0.00,0.33,0,0,54,,,https://www.housecanary.com/,144
real estate database api,Informational,70,26,0.00,0.00,0,0,4,,,https://www.housecanary.com/blog/real-estate-api,129
real estate heat map tool,Informational,70,11,0.00,0.17,0,0,33,,,https://www.housecanary.com/products/data-explorer,136
real estate home value,Informational,70,73,2.02,0.54,0,0,33,,,https://www.housecanary.com/blog/what-is-the-value-of-my-home,136
real estate housing market 2023,Informational,70,37,0.00,0.33,0,0,27,,,https://www.housecanary.com/blog/real-estate-market-trends,137
real estate investment data,Informational,70,23,4.68,0.17,0,0,15,,,https://www.housecanary.com/solutions/investment-insights,135
real estate investment portfolio management software,Informational,70,18,0.00,0.00,0,0,12,,,https://www.housecanary.com/blog/real-estate-investment-software,116
real estate investment software management,Informational,70,24,0.00,0.33,0,0,8,,,https://www.housecanary.com/blog/real-estate-investment-software,120
real estate investment trends usa,Informational,70,66,2.32,0.77,0,0,49,,,https://www.housecanary.com/blog/real-estate-market-trends,134
real estate investor lead generation software,Informational,70,31,0.00,0.00,0,0,7,,,https://www.housecanary.com/blog/best-lead-generation-for-realtors,120
real estate lead generation news,Informational,70,26,0.00,0.00,0,0,2,,,https://www.housecanary.com/blog/best-lead-generation-for-realtors,68
real estate leads system,Informational,70,25,23.58,0.07,0,0,8,,,https://www.housecanary.com/blog/best-lead-generation-for-realtors,132
real estate market crash 2025,Informational,70,30,0.00,0.00,0,0,14,,,https://www.housecanary.com/blog/is-the-housing-market-going-to-crash,122
real estate market in florida,Informational,70,45,1.26,0.11,0,0,22,,,https://www.housecanary.com/blog/florida-housing-market,133
real estate market intelligence,Informational,70,86,8.55,0.33,0,0,28,,,https://www.housecanary.com/,135
real estate market right now,Informational,70,93,2.28,0.13,0,0,37,,,https://www.housecanary.com/blog/real-estate-market-trends,202
real estate market trends 2023,Informational,70,68,0.00,0.14,0,0,14,,,https://www.housecanary.com/blog/real-estate-market-trends,141
real estate market trends april 2026,Informational,70,26,0.00,0.00,0,0,1,,,https://www.housecanary.com/blog/market-pulse-2026-april,129
real estate marketing trends current,Informational,70,25,0.00,0.00,0,0,56,,,https://www.housecanary.com/blog/real-estate-market-trends,134
real estate msa,Informational,70,22,0.00,0.02,0,0,17,,,https://www.housecanary.com/products/market-insights,139
real estate non disclosure,Informational,70,9,1.88,0.18,0,0,1,,,https://www.housecanary.com/blog/non-disclosure-states,136
real estate performance strategy,Informational,70,37,0.00,0.00,0,0,14,,,https://www.housecanary.com/blog/how-to-proactively-track-investment-property-performance,116
real estate predictions 2025,Informational,70,51,0.00,0.00,0,0,13,,,https://www.housecanary.com/blog/housing-market-predictions,136
real estate sellers leads,"Commercial, Informational",70,30,21.35,0.32,0,0,15,,,https://www.housecanary.com/blog/best-lead-generation-for-realtors,124
real estate software for global portfolios,Commercial,70,16,13.08,0.04,0,0,10,,,https://www.housecanary.com/blog/real-estate-investment-software,112
real estate trends us,Informational,70,84,1.83,0.62,0,0,49,,,https://www.housecanary.com/blog/real-estate-market-trends,135
real estate yield,Informational,70,17,0.00,0.05,0,0,11,,,https://www.housecanary.com/blog/rental-yield,99
realavm,Informational,70,27,4.59,0.66,0,0,80,,,https://www.housecanary.com/industries/capital-markets,118
realestate values,Informational,70,76,2.26,0.42,0,0,25,,,https://www.housecanary.com/blog/what-is-the-value-of-my-home,145
realtor com assumable mortgages,Navigational,70,49,1.47,0.12,0,0,17,,,https://www.housecanary.com/blog/assumable-mortgage,0
realtor lead generation ideas,Informational,70,21,0.00,0.37,0,0,16,,,https://www.housecanary.com/blog/best-lead-generation-for-realtors,125
realtor.com assumable mortgages,Navigational,70,49,0.00,0.08,0,0,18,,,https://www.housecanary.com/blog/assumable-mortgage,147
realtors leads,"Commercial, Informational",70,31,32.99,0.48,0,0,10,,,https://www.housecanary.com/blog/best-lead-generation-for-realtors,130
realtors valuation model,Informational,70,30,2.93,0.03,0,0,18,,,https://www.housecanary.com/blog/real-estate-avm-accuracy,151
realty listing abbreviations,Informational,70,1,0.00,0.01,0,0,21,,,https://www.housecanary.com/blog/alphabet-soup-real-estate-acronyms-decoded,130
recent trends in real estate,Informational,70,76,1.69,0.11,0,0,62,,,https://www.housecanary.com/blog/real-estate-market-trends,128
rent yield,Informational,70,29,0.00,0.33,0,0,15,,,https://www.housecanary.com/blog/rental-yield,129
rental cma,Informational,70,2,6.45,0.17,0,0,23,,,https://www.housecanary.com/blog/find-perfect-rent-rate-housecanary-rental-cma,108
rental property rate of return,Informational,70,31,1.03,0.11,0,0,36,,,https://www.housecanary.com/blog/rental-yield,131
rental property return,Informational,70,38,1.28,0.07,0,0,38,,,https://www.housecanary.com/blog/rental-yield,137
rental rate of return,Informational,70,40,0.00,0.07,0,0,43,,,https://www.housecanary.com/blog/rental-yield,138
rental revenue,Informational,70,30,5.73,0.05,0,0,48,,,https://www.housecanary.com/blog/rental-yield,131
residential cap rates,Informational,70,31,0.00,0.04,0,0,15,,,https://www.housecanary.com/blog/cap-rate,138
residential real estate analytics,Informational,70,27,5.83,0.66,0,0,1,,,https://www.housecanary.com/,136
resimate,Navigational,70,34,2.47,0.38,0,0,47,,,https://www.housecanary.com/,109
richer values,Navigational,70,28,0.00,0.33,0,0,11,,,https://www.housecanary.com/,112
sales yield,Informational,70,21,0.00,0.33,0,0,43,,,https://www.housecanary.com/blog/rental-yield,120
seller lead generation,Informational,70,25,4.99,0.12,0,0,2,,,https://www.housecanary.com/blog/best-lead-generation-for-realtors,107
seller lead generation real estate,Informational,70,28,30.05,0.28,0,0,7,,,https://www.housecanary.com/blog/best-lead-generation-for-realtors,126
seller real estate leads,Commercial,70,28,30.05,0.28,0,0,13,,,https://www.housecanary.com/blog/best-lead-generation-for-realtors,123
seminal papers automated valuation models avm real estate,Informational,70,31,0.00,0.00,0,0,14,,,https://www.housecanary.com/blog/automated-valuation-model,120
signs of real estate market crash,Informational,70,32,0.00,0.33,0,0,39,,,https://www.housecanary.com/blog/is-the-housing-market-going-to-crash,171
signs the housing market is going to crash,Informational,70,27,0.00,0.33,0,0,15,,,https://www.housecanary.com/blog/is-the-housing-market-going-to-crash,117
smarty valuation,"Informational, Navigational",70,12,0.00,0.33,0,0,36,,,https://www.housecanary.com/products/agile-insights,99
software real estate agent,Commercial,70,35,9.21,0.10,0,0,13,,,https://www.housecanary.com/blog/5-ai-tools-for-real-estate-agents,122
supply net ai procurement automation construction real estate,Informational,70,18,0.00,0.00,0,0,49,,,https://www.housecanary.com/blog/5-ai-tools-for-real-estate-agents,11900000
sustainable builders housing data platforms,Informational,70,7,0.00,0.00,0,0,90,,,https://www.housecanary.com/,294000000
take over a mortgage,Informational,70,48,3.39,0.30,0,0,25,,,https://www.housecanary.com/blog/assumable-mortgage,134
take over payment homes,Commercial,70,49,3.74,0.41,0,0,28,,,https://www.housecanary.com/blog/assumable-mortgage,129
take over payment house,Commercial,70,46,3.74,0.41,0,0,24,,,https://www.housecanary.com/blog/assumable-mortgage,128
texture drift quasar review buy homes-are-us.com,Commercial,70,19,0.00,0.33,0,0,29,,,https://www.housecanary.com/resources/our-dna,45500
thathome,Navigational,70,6,4.46,0.10,0,0,39,,,https://www.housecanary.com/solutions/comehome,116
tiny house market growth us 2025 2026 forecast,Informational,70,38,0.00,0.00,0,0,38,,,https://www.housecanary.com/blog/housing-market-predictions,121
tools for listing agents,Informational,70,27,0.00,0.00,0,0,7,,,https://www.housecanary.com/blog/best-lead-generation-for-realtors,134
tools for real estate investors,Informational,70,23,7.22,0.46,0,0,4,,,https://www.housecanary.com/blog/real-estate-investment-software,128
top lead generation real estate,"Commercial, Informational",70,28,13.32,0.51,0,0,11,,,https://www.housecanary.com/blog/best-lead-generation-for-realtors,175
top vendors automated valuation models u.s. mortgage lenders home equity,"Commercial, Informational",70,21,0.00,0.00,0,0,54,,,https://www.housecanary.com/industries/private-money-lenders,106
trends shaping the real estate industry,Informational,70,35,0.00,0.33,0,0,51,,,https://www.housecanary.com/blog/real-estate-market-trends,110
typical cap rate,Informational,70,36,0.73,0.06,0,0,11,,,https://www.housecanary.com/blog/cap-rate,134
understanding capitalization rates,Informational,70,23,0.29,0.55,0,0,32,,,https://www.housecanary.com/blog/cap-rate,127
us housing market report may 2026,Informational,70,-1,0.00,0.00,0,0,20,,,https://www.housecanary.com/blog/market-pulse-2026-may,132
us housing market trends june 2026,Informational,70,38,0.00,0.00,0,0,16,,,https://www.housecanary.com/blog/market-pulse-2026-june,126
us median home price may 2026,Transactional,70,96,0.00,0.00,0,0,19,,,https://www.housecanary.com/blog/market-pulse-2026-may,129
us real estate market trends may 2026,Informational,70,31,0.00,0.00,0,0,18,,,https://www.housecanary.com/blog/market-pulse-2026-may,133
useownerly,Informational,70,31,0.00,0.33,0,0,22,,,https://www.housecanary.com/,106
valuation of home,Informational,70,77,2.31,0.48,0,0,20,,,https://www.housecanary.com/blog/what-is-the-value-of-my-home,132
values of properties,Informational,70,43,3.13,0.43,0,0,45,,,https://www.housecanary.com/blog/what-is-the-value-of-my-home,132
what 1 million dollars can buy,Informational,70,11,0.00,0.01,0,0,22,,,https://www.housecanary.com/blog/one-million-dollars-what-it-buys-in-united-states-housing-market,163
what cap rate,Informational,70,32,0.13,0.18,0,0,13,,,https://www.housecanary.com/blog/cap-rate,128
what happens to homeowners if the housing market crashes,Informational,70,35,0.00,0.01,0,0,46,,,https://www.housecanary.com/blog/is-the-housing-market-going-to-crash,156
what house is worth,Informational,70,76,2.36,0.40,0,0,45,,,https://www.housecanary.com/blog/what-is-the-value-of-my-home,137
what is a cap rate mean,Informational,70,40,0.11,0.34,0,0,19,,,https://www.housecanary.com/blog/cap-rate,133
what is an assumption loan,Informational,70,46,0.08,0.06,0,0,27,,,https://www.housecanary.com/blog/assumable-mortgage,135
what is cap rate definition,Informational,70,42,0.11,0.34,0,0,21,,,https://www.housecanary.com/blog/cap-rate,136
what is capitalization rate in real estate,Informational,70,34,0.12,0.24,0,0,13,,,https://www.housecanary.com/blog/cap-rate,134
what is collateral analytics,Informational,70,27,0.00,0.33,0,0,52,,,https://www.housecanary.com/products/agile-insights,112
what is fair rental value,Informational,70,13,0.00,0.33,0,0,51,,,https://www.housecanary.com/blog/find-perfect-rent-rate-housecanary-rental-cma,121
what is good rental yield,Informational,70,35,0.00,0.02,0,0,7,,,https://www.housecanary.com/blog/rental-yield,152
what is market value of my home,Informational,70,76,2.71,0.67,0,0,40,,,https://www.housecanary.com/blog/what-is-the-value-of-my-home,133
what is meant by cap rate,Informational,70,40,0.11,0.34,0,0,22,,,https://www.housecanary.com/blog/cap-rate,136
what is my house worht,Informational,70,77,2.88,0.61,0,0,53,,,https://www.housecanary.com/blog/what-is-the-value-of-my-home,135
what is the fair rental value of my home,Informational,70,29,3.18,0.58,0,0,31,,,https://www.housecanary.com/blog/find-perfect-rent-rate-housecanary-rental-cma,138
what is the housing market expected to do in 2026,Informational,70,48,1.32,0.16,0,0,17,,,https://www.housecanary.com/blog/housing-market-predictions,124
what is the meaning of cap rate,Informational,70,42,0.11,0.34,0,0,26,,,https://www.housecanary.com/blog/cap-rate,132
what is the property value of my house,Informational,70,75,2.82,0.65,0,0,24,,,https://www.housecanary.com/blog/what-is-the-value-of-my-home,139
what is the real estate market doing,Informational,70,69,1.47,0.25,0,0,36,,,https://www.housecanary.com/blog/real-estate-market-trends,205
what is the replacement value of my home,Informational,70,51,7.07,0.72,0,0,76,,,https://www.housecanary.com/blog/what-is-the-value-of-my-home,134
what is the value of your home,Informational,70,67,2.82,0.65,0,0,44,,,https://www.housecanary.com/blog/what-is-the-value-of-my-home,135
what is value of my house,Informational,70,75,2.99,0.35,0,0,38,,,https://www.housecanary.com/blog/what-is-the-value-of-my-home,137
what means cap rate,Informational,70,38,0.11,0.34,0,0,22,,,https://www.housecanary.com/blog/cap-rate,134
what my house value now,Informational,70,77,3.26,0.71,0,0,55,,,https://www.housecanary.com/blog/what-is-the-value-of-my-home,142
what one million dollars can buy,Informational,70,15,0.00,0.01,0,0,19,,,https://www.housecanary.com/blog/one-million-dollars-what-it-buys-in-united-states-housing-market,174
what the value of my home,Informational,70,76,3.37,0.57,0,0,45,,,https://www.housecanary.com/blog/what-is-the-value-of-my-home,189
what's a cap rate,Informational,70,45,0.15,0.10,0,0,41,,,https://www.housecanary.com/blog/cap-rate,131
what's my house worth now,Informational,70,77,3.59,0.66,0,0,40,,,https://www.housecanary.com/blog/what-is-the-value-of-my-home,138
what's the market value of my home,Informational,70,75,2.81,0.66,0,0,38,,,https://www.housecanary.com/blog/what-is-the-value-of-my-home,135
what's the value of my house now,Informational,70,76,3.59,0.66,0,0,45,,,https://www.housecanary.com/blog/what-is-the-value-of-my-home,138
whats this house worth,Informational,70,76,2.13,0.30,0,0,53,,,https://www.housecanary.com/blog/what-is-the-value-of-my-home,138
when is next housing market crash,Informational,70,40,0.00,0.01,0,0,40,,,https://www.housecanary.com/blog/is-the-housing-market-going-to-crash,152
when is the housing market expected to go down,Informational,70,54,3.23,0.09,0,0,16,,,https://www.housecanary.com/blog/housing-market-predictions,133
when is the housing market predicted to crash,Informational,70,43,0.00,0.33,0,0,39,,,https://www.housecanary.com/blog/is-the-housing-market-going-to-crash,154
when is the next house market crash,Informational,70,35,0.00,0.01,0,0,32,,,https://www.housecanary.com/blog/is-the-housing-market-going-to-crash,128
when is the next housing bubble,Informational,70,42,0.00,0.01,0,0,34,,,https://www.housecanary.com/blog/housing-market-predictions,200
when will housing market drop,Informational,70,47,5.33,0.03,0,0,21,,,https://www.housecanary.com/blog/housing-market-predictions,129
when will real estate crash,Informational,70,47,0.00,0.33,0,0,44,,,https://www.housecanary.com/blog/is-the-housing-market-going-to-crash,117
when will the housing market improve,Informational,70,50,0.49,0.12,0,0,30,,,https://www.housecanary.com/blog/housing-market-predictions,131
where do i find the value of my home,Informational,70,76,2.87,0.66,0,0,57,,,https://www.housecanary.com/blog/what-is-the-value-of-my-home,141
where is housing market headed,Informational,70,61,1.40,0.21,0,0,15,,,https://www.housecanary.com/blog/housing-market-predictions,137
where to get real estate leads,Informational,70,24,21.26,0.36,0,0,12,,,https://www.housecanary.com/blog/best-lead-generation-for-realtors,122
wholesaling software,"Commercial, Informational",70,3,21.35,0.45,0,5,0,,https://bricked.ai/best/wholesaling-software,,188
why are blue states more expensive,Informational,70,12,0.00,0.33,0,0,22,,,https://www.housecanary.com/blog/guardian-red-state-blue-state,108
will home prices go up in 2026,Informational,70,51,0.00,0.02,0,0,14,,,https://www.housecanary.com/blog/housing-market-predictions,126
will house prices go down in the next 5 years,Transactional,70,32,0.00,0.02,0,0,45,,,https://www.housecanary.com/blog/housing-market-predictions,131
will house prices go up in 2026,Transactional,70,50,0.00,0.04,0,0,15,,,https://www.housecanary.com/blog/housing-market-predictions,124
will housing market ever go down,Informational,70,33,0.00,0.02,0,0,42,,,https://www.housecanary.com/blog/is-the-housing-market-going-to-crash,125
will housing prices drop in 2025,Transactional,70,50,0.00,0.00,0,0,19,,,https://www.housecanary.com/blog/housing-market-predictions,138
will real estate crash,Informational,70,36,0.00,0.33,0,0,37,,,https://www.housecanary.com/blog/is-the-housing-market-going-to-crash,120
will the house price go down,Transactional,70,44,0.00,0.33,0,0,30,,,https://www.housecanary.com/blog/housing-market-predictions,134
will the housing market crash in 2020,Informational,70,34,0.00,0.00,0,0,38,,,https://www.housecanary.com/blog/is-the-housing-market-going-to-crash,129
will the housing market ever crash,Informational,70,20,0.00,0.33,0,0,36,,,https://www.housecanary.com/blog/is-the-housing-market-going-to-crash,147
xome value,Navigational,70,54,3.34,0.39,0,0,29,,,https://www.housecanary.com/blog/what-is-the-value-of-my-home,109
your house value,Informational,70,77,3.51,0.63,0,0,60,,,https://www.housecanary.com/blog/what-is-the-value-of-my-home,136
1030 canon drive san marino,Informational,50,13,0.00,0.33,0,0,67,,,https://www.housecanary.com/info/brokerage,107
2024 housing market predictions,Informational,50,45,0.00,0.00,0,0,18,,,https://www.housecanary.com/blog/housing-market-predictions,137
2026 housing market trends,Informational,50,59,0.00,0.33,0,0,14,,,https://www.housecanary.com/blog/housing-market-predictions,126
324 jordan ave montoursville pa,Informational,50,13,0.00,0.33,0,0,12,,,https://solutions.housecanary.com/pexp/shared/1gVxp1mwNeZA1DouRC9dtE,108
8 cap rate meaning,Informational,50,39,0.09,0.20,0,0,26,,,https://www.housecanary.com/blog/cap-rate,108
a notch above real estate,Navigational,50,27,0.49,0.33,0,0,91,,,https://www.housecanary.com/blog/top-5-hidden-factors-influence-home-value,168
abbreviation for appraisal,Informational,50,1,0.00,0.33,0,0,6,,,https://www.housecanary.com/blog/alphabet-soup-real-estate-acronyms-decoded,107
affordable real estate leads,Commercial,50,26,25.44,0.64,0,0,16,,,https://www.housecanary.com/blog/best-lead-generation-for-realtors,121
after renovation value,Informational,50,7,3.66,0.21,0,0,33,,,https://www.housecanary.com/blog/arv,134
after repair value definition,Informational,50,26,0.00,0.29,0,0,3,,,https://www.housecanary.com/blog/arv,124
agile neighborhoods,Informational,50,6,0.00,0.33,0,0,38,,,https://www.housecanary.com/products/agile-insights,6070000
ai appraisal tool,Informational,50,5,4.70,0.76,0,0,18,,,https://www.housecanary.com/blog/5-ai-tools-for-real-estate-agents,122
ai crm for real estate,Commercial,50,48,16.72,0.55,0,0,16,,,https://www.housecanary.com/blog/5-ai-tools-for-real-estate-agents,117
ai document indexing real estate,Informational,50,-1,0.00,0.00,0,0,15,,,https://www.housecanary.com/blog/5-ai-tools-for-real-estate-agents,640000000
ai for real estate underwriting,Informational,50,6,0.00,0.66,0,0,29,,,https://www.housecanary.com/blog/5-ai-tools-for-real-estate-investors,122
ai for wholesaling real estate,Informational,50,4,16.21,0.72,0,0,43,,,https://www.housecanary.com/blog/5-ai-tools-for-real-estate-investors,130
ai in real estate investment,Informational,50,40,5.45,0.08,0,0,25,,,https://www.housecanary.com/blog/5-ai-tools-for-real-estate-investors,118
ai marketing for real estate,Informational,50,40,11.69,0.67,0,0,8,,,https://www.housecanary.com/blog/5-ai-tools-for-real-estate-agents,117
ai property agent,Informational,50,40,6.97,0.15,0,0,8,,,https://www.housecanary.com/blog/5-ai-tools-for-real-estate-agents,121
ai property valuation,Informational,50,34,6.60,0.56,0,0,5,,,https://www.housecanary.com/,109
ai real estate appraisal,Informational,50,19,4.03,0.71,0,0,17,,,https://www.housecanary.com/blog/5-ai-tools-for-real-estate-agents,119
ai search for real estate,"Commercial, Informational",50,39,0.00,0.00,0,0,4,,,https://www.housecanary.com/,121
ai solutions for marketing real estate agency,Informational,50,50,0.00,0.00,0,0,9,,,https://www.housecanary.com/blog/5-ai-tools-for-real-estate-agents,116
ai tools for home buyers selling first,Informational,50,28,0.00,0.00,0,0,5,,,https://www.housecanary.com/blog/5-ai-tools-for-real-estate-agents,107
ai tools for property investment,Informational,50,20,0.00,0.00,0,0,7,,,https://www.housecanary.com/blog/5-ai-tools-for-real-estate-investors,109
ai tools for property management,Informational,50,43,24.64,0.55,0,0,21,,,https://www.housecanary.com/blog/5-ai-tools-for-real-estate-agents,123
ai tools for real estate investing,Informational,50,24,7.61,0.12,0,0,6,,,https://www.housecanary.com/blog/5-ai-tools-for-real-estate-investors,128
ai underwriting real estate,"Commercial, Informational",50,7,8.25,0.55,0,0,41,,,https://www.housecanary.com/blog/5-ai-tools-for-real-estate-investors,128
ai-qualified real estate leads platforms,Informational,50,27,0.00,0.00,0,0,13,,,https://www.housecanary.com/blog/5-ai-tools-for-real-estate-agents,186000000
an alternative to cash flow saving money with rental properties,Informational,50,6,0.00,0.00,0,0,14,,,https://www.housecanary.com/blog/how-to-maximize-cash-flow-for-rental-properties,130
analytics in real estate,Informational,50,16,3.62,0.22,0,0,68,,,https://www.housecanary.com/solutions/investment-insights,126
apis for property management features,"Commercial, Informational",50,8,0.00,0.00,0,0,2,,,https://www.housecanary.com/blog/real-estate-api,146
app for real estate investing,Commercial,50,25,4.23,0.36,0,0,15,,,https://www.housecanary.com/blog/real-estate-investment-software,143
appraisal abbreviations,Informational,50,4,0.00,0.33,0,0,8,,,https://www.housecanary.com/blog/alphabet-soup-real-estate-acronyms-decoded,110
apps for real estate investors,"Commercial, Informational",50,38,4.52,0.33,0,0,17,,,https://www.housecanary.com/blog/real-estate-investment-software,153
are florida home prices dropping,Informational,50,47,0.00,0.33,0,0,21,,,https://www.housecanary.com/blog/florida-housing-market,123
are house prices going down in florida,Transactional,50,41,1.22,0.05,0,0,23,,,https://www.housecanary.com/blog/florida-housing-market,129
are houses going to get cheaper,Informational,50,60,0.00,0.02,0,0,41,,,https://www.housecanary.com/blog/housing-market-predictions,129
are houses prices going up,Transactional,50,63,0.39,0.04,0,0,22,,,https://www.housecanary.com/blog/housing-market-predictions,126
are housing prices going down in florida,Transactional,50,41,0.00,0.03,0,0,25,,,https://www.housecanary.com/blog/florida-housing-market,131
artificial intelligence for real estate,Informational,50,62,4.53,0.50,0,0,15,,,https://www.housecanary.com/blog/5-ai-tools-for-real-estate-agents,141
arv calculator real estate,Informational,50,16,1.76,0.38,0,0,26,,,https://www.housecanary.com/blog/arv,131
arv house,Informational,50,20,6.01,0.13,0,0,3,,,https://www.housecanary.com/blog/arv,11100000
ask cathy ai,Informational,50,4,0.00,0.02,0,0,34,,,https://www.housecanary.com/,112
asset management for real estate,Informational,50,25,6.33,0.31,0,0,7,,,https://www.housecanary.com/blog/real-estate-asset-management,127
asset management realty,Navigational,50,30,3.99,0.02,0,0,7,,,https://www.housecanary.com/blog/real-estate-asset-management,139
assumable morgage,Informational,50,53,1.57,0.18,0,0,16,,,https://www.housecanary.com/blog/assumable-mortgage,131
assumable mortgage for sale,Transactional,50,45,1.89,0.33,0,0,47,,,https://www.housecanary.com/blog/assumable-mortgage,134
assume a mortgage loan,Informational,50,45,2.12,0.12,0,0,24,,,https://www.housecanary.com/blog/assumable-mortgage,132
assume list mortgage,Navigational,50,54,0.00,0.33,0,0,19,,,https://www.housecanary.com/blog/assumable-mortgage,0
at home valuation,Informational,50,76,0.00,0.00,0,0,27,,,https://www.housecanary.com/blog/what-is-the-value-of-my-home,133
automated real estate systems,Informational,50,26,0.00,0.00,0,0,19,,,https://www.housecanary.com/blog/5-ai-tools-for-real-estate-agents,130
automated valuation model companies,Informational,50,32,17.81,0.33,0,0,9,,,https://www.housecanary.com/blog/automated-valuation-model,116
average cash flow per rental property 2024,Informational,50,1,0.00,0.00,0,0,19,,,https://www.housecanary.com/blog/how-to-maximize-cash-flow-for-rental-properties,132
average home price florida 2025,Transactional,50,54,0.00,0.00,0,0,9,,,https://www.housecanary.com/blog/housing-market-predictions,188
average home price in 2026,Transactional,50,-1,0.00,0.33,0,0,27,,,https://www.housecanary.com/blog/housing-market-predictions,129
average home prices in florida,Commercial,50,46,1.05,0.03,0,0,23,,,https://www.housecanary.com/blog/florida-housing-market,132
avm confidence score,Informational,50,20,2.25,0.12,0,0,41,,,https://www.housecanary.com/blog/automated-valuation-model,113
avm estimate,Informational,50,31,5.16,0.66,0,0,17,,,https://www.housecanary.com/blog/real-estate-avm-accuracy,125
avm free,Informational,50,36,3.61,0.73,0,0,31,,,https://www.housecanary.com/blog/automated-valuation-model,112
avm in real estate meaning,Informational,50,33,0.00,0.02,0,0,22,,,https://www.housecanary.com/blog/automated-valuation-model,110
avms real estate,Informational,50,24,3.38,0.12,0,0,10,,,https://www.housecanary.com/blog/real-estate-avm-accuracy,118
bank valuations,Informational,50,15,0.00,0.02,0,0,55,,,https://www.housecanary.com/industries/private-money-lenders,129
bay area housing market may 2026,Informational,50,14,0.00,0.00,0,0,44,,,https://www.housecanary.com/blog/market-pulse-2026-may,128
best ai agents for real estate,Commercial,50,23,0.00,0.00,0,0,16,,,https://www.housecanary.com/blog/5-ai-tools-for-real-estate-agents,105
best ai tools for title insurance 2026,Informational,50,0,0.00,0.00,0,0,8,,,https://www.housecanary.com/blog/5-ai-tools-for-real-estate-agents,117
best apis for embedding domestic payment functionality 2025 2026,Commercial,50,14,0.00,0.00,0,0,24,,,https://www.housecanary.com/blog/real-estate-api,70600000
best apps to buy real estate leads with zapier hooks,"Commercial, Informational",50,7,0.00,0.00,0,0,22,,,https://www.housecanary.com/blog/best-lead-generation-for-realtors,102000
best avm real estate,Commercial,50,33,8.23,0.57,0,0,8,,,https://www.housecanary.com/resources/our-avm,103
best cash flow rental markets 2024,Commercial,50,23,0.00,0.33,0,0,21,,,https://www.housecanary.com/blog/how-to-maximize-cash-flow-for-rental-properties,163
best chatbot for real estate,Commercial,50,24,0.00,0.33,0,0,19,,,https://www.housecanary.com/blog/5-ai-tools-for-real-estate-agents,112
best cma,Commercial,50,29,10.68,0.14,0,45,0,,https://bricked.ai/best/cma-software,,124
best cma for realtors,Commercial,50,23,11.37,0.74,0,28,0,,https://bricked.ai/best/cma-software-for-real-estate-agents,,91
best digital real estate investing,Commercial,50,23,0.00,0.86,0,0,70,,,https://www.housecanary.com/blog/real-estate-investment-software,143
best home sale and relocation coordination platforms,Commercial,50,11,0.00,0.00,0,0,15,,,https://www.housecanary.com/blog/best-lead-generation-for-realtors,148
best land assessment software comparables policy ownership,"Commercial, Informational",50,16,0.00,0.00,0,0,8,,,https://www.housecanary.com/blog/real-estate-investment-software,97800000
best lead gen for realtors,"Commercial, Informational",50,30,24.37,0.72,0,0,21,,,https://www.housecanary.com/blog/best-lead-generation-for-realtors,104
best lead generation companies real estate,Commercial,50,26,23.28,0.64,0,0,9,,,https://www.housecanary.com/blog/best-lead-generation-for-realtors,110
best lead generation for new real estate agents,"Commercial, Informational",50,27,26.81,0.86,0,0,23,,,https://www.housecanary.com/blog/best-lead-generation-for-realtors,124
best lead generation tools for real estate agents,Commercial,50,22,0.00,0.00,0,0,3,,,https://www.housecanary.com/blog/best-lead-generation-for-realtors,133
best lead source for realtors,Commercial,50,20,26.63,0.56,0,0,21,,,https://www.housecanary.com/blog/best-lead-generation-for-realtors,169
best nyc real estate market analytics service,"Commercial, Informational",50,50,0.00,0.00,0,0,4,,,https://www.housecanary.com/,587000000
best platforms for managing real estate investor communications,"Commercial, Informational",50,13,0.00,0.00,0,0,15,,,https://www.housecanary.com/blog/real-estate-investment-software,109
best pre-listing repair roi analysis platforms,"Commercial, Informational",50,0,0.00,0.00,0,6,13,,https://bricked.ai/best/repair-estimate-software-for-real-estate-investors,https://www.housecanary.com/blog/real-estate-investment-software,151
best property data solutions for real estate,Commercial,50,21,0.00,0.00,0,0,5,,,https://www.housecanary.com/blog/real-estate-api,130
best property intelligence platform for small brokerages,Commercial,50,15,0.00,0.00,0,0,7,,,https://www.housecanary.com/blog/5-ai-tools-for-real-estate-agents,120
best property search engine for lead capture,"Commercial, Informational",50,26,0.00,0.00,0,0,5,,,https://www.housecanary.com/blog/best-lead-generation-for-realtors,124
best real estate appraisal software,Commercial,50,43,8.35,0.66,0,0,36,,,https://www.housecanary.com/blog/real-estate-investment-software,163
best real estate cma software,Commercial,50,22,0.00,0.36,0,18,19,,https://bricked.ai/best/cma-software-for-real-estate-agents,https://www.housecanary.com/blog/comparative-market-analysis-tool,119
best real estate investment app,Commercial,50,50,4.38,0.62,0,0,25,,,https://www.housecanary.com/blog/real-estate-investment-software,142
best real estate investment management tools for reporting compliance,Commercial,50,9,0.00,0.00,0,0,18,,,https://www.housecanary.com/blog/real-estate-investment-software,106
best real estate lead generation company,Commercial,50,29,26.60,0.54,0,0,19,,,https://www.housecanary.com/blog/best-lead-generation-for-realtors,97
best real estate lead generation ideas,Informational,50,23,0.00,0.33,0,0,16,,,https://www.housecanary.com/blog/best-lead-generation-for-realtors,156
best real estate lead service,"Commercial, Informational",50,27,31.96,0.33,0,0,22,,,https://www.housecanary.com/blog/best-lead-generation-for-realtors,133
best real estate lead services,Commercial,50,28,31.96,0.26,0,0,25,,,https://www.housecanary.com/blog/best-lead-generation-for-realtors,99
best real estate lead source,"Commercial, Informational",50,15,26.63,0.56,0,0,26,,,https://www.housecanary.com/blog/best-lead-generation-for-realtors,121
best real estate portfolio dashboard global properties,"Commercial, Informational",50,1,0.00,0.00,0,0,17,,,https://www.housecanary.com/blog/real-estate-investment-software,50
best real estate sales tools for agencies 2025 2026,"Commercial, Informational",50,20,0.00,0.00,0,0,4,,,https://www.housecanary.com/blog/best-lead-generation-for-realtors,129
best source for real estate leads,"Commercial, Informational",50,22,26.63,0.56,0,0,17,,,https://www.housecanary.com/blog/best-lead-generation-for-realtors,137
best states to flip houses,Commercial,50,25,1.31,0.15,0,0,50,,,https://www.housecanary.com/blog/fall-2025-home-flip-forecast-hottest-zip-codes-for-investors,124
best tools for personalized on-property notifications,Commercial,50,5,0.00,0.00,0,0,3,,,https://www.housecanary.com/blog/5-ai-tools-for-real-estate-agents,581000000
best tools for real estate agents,Commercial,50,21,6.15,0.51,0,0,23,,,https://www.housecanary.com/blog/best-lead-generation-for-realtors,81700
best tools for real estate investors,Commercial,50,15,5.22,0.45,0,0,4,,,https://www.housecanary.com/blog/real-estate-investment-software,124
best tools for real estate lead generation,"Commercial, Informational",50,28,0.00,0.00,0,0,3,,,https://www.housecanary.com/blog/best-lead-generation-for-realtors,131
best visitor-to-lead conversion platforms for us real estate property management,Commercial,50,7,0.00,0.00,0,0,3,,,https://www.housecanary.com/blog/best-lead-generation-for-realtors,123
best websites for house hunting,Commercial,50,41,1.15,0.62,0,0,54,,,https://www.housecanary.com/,171
brick data,Informational,50,15,6.27,0.18,0,46,0,,https://bricked.ai/,,122
brick.ai,Navigational,50,44,13.31,0.22,0,73,0,,https://bricked.ai/,,498000000
bulk data licensing real estate data,Informational,50,6,0.00,0.00,0,0,15,,,https://www.housecanary.com/products/bulk-property-data,139
bulk data real estate,Informational,50,1,0.00,0.00,0,0,9,,,https://www.housecanary.com/products/bulk-property-data,139
buyer leads real estate agents,"Commercial, Informational",50,31,27.56,0.43,0,0,13,,,https://www.housecanary.com/blog/best-lead-generation-for-realtors,127
calculation cap rate,Informational,50,29,0.82,0.16,0,0,9,,,https://www.housecanary.com/blog/cap-rate,132
can someone take over a mortgage,Informational,50,39,1.56,0.06,0,0,29,,,https://www.housecanary.com/blog/assumable-mortgage,134
can you buy someone's mortgage,Informational,50,43,0.00,0.03,0,0,35,,,https://www.housecanary.com/blog/assumable-mortgage,194
canary.ai,Informational,50,40,9.92,0.11,0,0,4,,,https://www.housecanary.com/products/canary-ai,31400000
canaryhouse,Navigational,50,31,4.84,0.04,0,0,1,,,https://www.housecanary.com/,40900
cap rate 10,Informational,50,24,0.15,0.15,0,0,54,,,https://www.housecanary.com/blog/cap-rate,131
cap rate means,Informational,50,37,0.09,0.32,0,0,26,,,https://www.housecanary.com/blog/cap-rate,136
cap rate spreads,Informational,50,8,0.00,0.33,0,0,28,,,https://www.housecanary.com/blog/cap-rate,140
cap rate vs price per square foot,Commercial,50,9,0.00,0.00,0,0,20,,,https://www.housecanary.com/blog/cap-rate,139
cap rates for dummies,Informational,50,32,0.17,0.33,0,0,15,,,https://www.housecanary.com/blog/cap-rate,125
capital rate,Informational,50,28,0.17,0.20,0,0,7,,,https://www.housecanary.com/blog/cap-rate,105
capitalisation rate calculation,Informational,50,41,0.82,0.16,0,0,11,,,https://www.housecanary.com/blog/cap-rate,125
capitalization rate for real estate,Informational,50,29,0.36,0.30,0,0,13,,,https://www.housecanary.com/blog/cap-rate,135
charlotte property investment analytics platform,"Commercial, Informational",50,7,0.00,0.00,0,0,18,,,https://www.housecanary.com/blog/real-estate-investment-software,28200000
clariohome,Navigational,50,30,0.79,0.07,0,0,55,,,https://www.housecanary.com/solutions/comehome,149
clear avm,"Informational, Navigational",50,22,3.58,0.19,0,0,18,,,https://www.housecanary.com/blog/automated-valuation-model,170
cma calculator real estate,Informational,50,17,2.55,0.49,0,0,50,,,https://www.housecanary.com/blog/comparative-market-analysis-tool,134
cma generator,Commercial,50,11,5.45,0.66,0,49,0,,https://bricked.ai/best/cma-software,,96
cma rents,Navigational,50,11,6.45,0.17,0,0,10,,,https://www.housecanary.com/blog/find-perfect-rent-rate-housecanary-rental-cma,109
cma software for real estate agents,Informational,50,20,10.28,0.48,0,73,0,,https://bricked.ai/best/cma-software,,147
cma tools for realtors,"Commercial, Informational",50,16,11.68,0.64,0,0,20,,,https://www.housecanary.com/blog/comparative-market-analysis-tool,181
collateral analytics avm,Informational,50,22,6.47,0.40,0,0,33,,,https://www.housecanary.com/blog/automated-valuation-model,114
common real estate industry challenges 2025,Informational,50,22,0.00,0.00,0,0,52,,,https://www.housecanary.com/blog/real-estate-market-trends,136
comparable rent schedule,Informational,50,9,2.22,0.33,0,0,59,,,https://www.housecanary.com/blog/find-perfect-rent-rate-housecanary-rental-cma,115
comparables analysis real estate,Informational,50,44,3.74,0.63,0,0,14,,,https://www.housecanary.com/blog/comparative-market-analysis-tool,130
comparative market analysis calculator,Informational,50,46,2.08,0.25,0,0,38,,,https://www.housecanary.com/blog/comparative-market-analysis-tool,130
comparative market analysis form,Informational,50,13,3.39,0.40,0,0,26,,,https://www.housecanary.com/blog/comparative-market-analysis-tool,128
comparative market analysis property appraisal,Informational,50,26,0.00,0.00,0,0,8,,,https://www.housecanary.com/blog/comparative-market-analysis-tool,136
comparative market analysis property appraisal method,Informational,50,23,0.00,0.00,0,0,3,,,https://www.housecanary.com/blog/comparative-market-analysis-tool,137
compare rpa platforms for real estate closing,Informational,50,7,0.00,0.00,0,0,15,,,https://www.housecanary.com/blog/5-ai-tools-for-real-estate-agents,8830000
complimentary building evaluation,Informational,50,10,0.00,0.00,0,0,96,,,https://www.housecanary.com/products/agile-insights,46300000
comprehensive property data apis for marketing agencies,Informational,50,18,0.00,0.00,0,0,2,,,https://www.housecanary.com/blog/real-estate-api,151
conventional loan assumption,Informational,50,44,0.00,0.33,0,0,32,,,https://www.housecanary.com/blog/assumable-mortgage,136
corporate real estate asset management,Informational,50,27,0.00,0.14,0,0,6,,,https://www.housecanary.com/blog/real-estate-asset-management,0
criteria for choosing real estate analysis tools,Informational,50,19,0.00,0.00,0,0,1,,,https://www.housecanary.com/blog/real-estate-investment-software,126
datatree api,Informational,50,9,5.00,0.69,0,0,12,,,https://www.housecanary.com/blog/real-estate-api,129
determining fair rental value,Informational,50,19,3.06,0.55,0,0,36,,,https://www.housecanary.com/blog/find-perfect-rent-rate-housecanary-rental-cma,132
doorprofit api,Navigational,50,13,0.00,0.00,0,0,36,,,https://api-docs.housecanary.com/,15000
e-house market,Informational,50,27,0.00,0.33,0,0,75,,,https://www.housecanary.com/blog/real-estate-market-trends,100
estately real estate leads,"Commercial, Navigational",50,13,19.91,0.54,0,0,18,,,https://www.housecanary.com/blog/best-lead-generation-for-realtors,107
estimate a house value,Informational,50,77,2.37,0.62,0,0,60,,,https://www.housecanary.com/blog/what-is-the-value-of-my-home,129
estimate market value of home,Informational,50,76,2.41,0.60,0,0,66,,,https://www.housecanary.com/blog/what-is-the-value-of-my-home,132
estimate of house value,Informational,50,76,2.37,0.62,0,0,67,,,https://www.housecanary.com/blog/what-is-the-value-of-my-home,133
estimate on house value,"Commercial, Informational",50,76,2.29,0.63,0,0,65,,,https://www.housecanary.com/blog/what-is-the-value-of-my-home,136
estimated value of a home,Informational,50,75,2.41,0.65,0,0,53,,,https://www.housecanary.com/blog/what-is-the-value-of-my-home,134
estimating property value,Informational,50,77,2.82,0.63,0,0,65,,,https://www.housecanary.com/blog/what-is-the-value-of-my-home,131
evaluate the asset management company rlam on real estate,Informational,50,5,0.00,0.00,0,0,3,,,https://www.housecanary.com/blog/real-estate-asset-management,9540
evaluate the fintech company zego on property ai tool,"Commercial, Informational",50,12,0.00,0.00,0,0,30,,,https://www.housecanary.com/blog/5-ai-tools-for-real-estate-investors,1680
explain capitalization rate,Informational,50,41,0.14,0.43,0,0,10,,,https://www.housecanary.com/blog/cap-rate,133
fair market value rental property calculator,Commercial,50,52,2.27,0.48,0,0,21,,,https://www.housecanary.com/blog/find-perfect-rent-rate-housecanary-rental-cma,124
fair rental value of home,Informational,50,20,0.00,0.38,0,0,36,,,https://www.housecanary.com/blog/find-perfect-rent-rate-housecanary-rental-cma,137
find house values,Informational,50,76,2.62,0.53,0,0,54,,,https://www.housecanary.com/blog/what-is-the-value-of-my-home,140
find out house value,Informational,50,77,2.76,0.45,0,0,50,,,https://www.housecanary.com/blog/what-is-the-value-of-my-home,137
find out my home value,Informational,50,76,4.21,0.66,0,0,45,,,https://www.housecanary.com/blog/what-is-the-value-of-my-home,136
find value of my house,Informational,50,76,4.21,0.66,0,0,63,,,https://www.housecanary.com/blog/what-is-the-value-of-my-home,138
find worth of house,Informational,50,77,4.21,0.66,0,0,68,,,https://www.housecanary.com/blog/what-is-the-value-of-my-home,138
florida house prices graph,Transactional,50,46,0.00,0.01,0,0,26,,,https://www.housecanary.com/blog/florida-housing-market,137
florida housing market cooling,Informational,50,47,0.00,0.33,0,0,31,,,https://www.housecanary.com/blog/florida-housing-market,133
florida housing market forecast 2025,Informational,50,53,0.00,0.33,0,0,1,,,https://www.housecanary.com/blog/housing-market-predictions,126
florida housing market predictions 2023,Informational,50,35,0.00,0.33,0,0,13,,,https://www.housecanary.com/blog/housing-market-predictions,132
florida housing market predictions 2024,Informational,50,34,0.00,0.33,0,0,8,,,https://www.housecanary.com/blog/housing-market-predictions,134
florida housing market predictions for next 5 years,Informational,50,36,0.00,0.02,0,0,3,,,https://www.housecanary.com/blog/housing-market-predictions,157
florida housing market risk,Informational,50,47,0.00,0.00,0,0,2,,,https://www.housecanary.com/blog/florida-housing-market,130
florida housing market trends 2026,Informational,50,37,0.00,0.00,0,0,15,,,https://www.housecanary.com/blog/florida-housing-market,120
florida median home price 2025,Transactional,50,54,0.00,0.00,0,0,8,,,https://www.housecanary.com/blog/housing-market-predictions,132
florida real estate market trends,Informational,50,36,0.00,0.03,0,0,29,,,https://www.housecanary.com/blog/florida-housing-market,122
forecast housing market,Informational,50,54,0.00,0.07,0,0,21,,,https://www.housecanary.com/blog/housing-market-predictions,139
free ai for real estate,Commercial,50,25,5.26,0.99,0,0,6,,,https://www.housecanary.com/blog/5-ai-tools-for-real-estate-agents,139
free online comparative market analysis,"Commercial, Informational",50,17,4.34,0.66,0,0,14,,,https://www.housecanary.com/blog/comparative-market-analysis-tool,133
free real estate leads app,Informational,50,25,0.00,0.43,0,0,23,,,https://www.housecanary.com/blog/best-lead-generation-for-realtors,151
generate realtor leads,Informational,50,23,0.00,0.01,0,0,8,,,https://www.housecanary.com/blog/best-lead-generation-for-realtors,135
generate seller leads,Informational,50,28,22.08,0.09,0,0,8,,,https://www.housecanary.com/blog/best-lead-generation-for-realtors,126
generating real estate leads online,Informational,50,28,19.49,0.43,0,0,19,,,https://www.housecanary.com/blog/best-lead-generation-for-realtors,125
generative ai in real estate market,Informational,50,57,0.00,0.00,0,0,19,,,https://www.housecanary.com/blog/5-ai-tools-for-real-estate-agents,126
get more seller leads,Informational,50,36,0.00,0.33,0,0,13,,,https://www.housecanary.com/blog/best-lead-generation-for-realtors,127
going-in cap rate,"Commercial, Informational",50,12,0.00,0.04,0,0,12,,,https://www.housecanary.com/blog/cap-rate,139
google lsa for real estate,Informational,50,26,0.00,0.00,0,0,42,,,https://www.housecanary.com/google,110
google maps home sales,Informational,50,31,0.52,0.37,0,0,49,,,https://www.housecanary.com/google,110
growing real estate markets,Informational,50,64,2.04,0.09,0,0,27,,,https://www.housecanary.com/blog/real-estate-market-trends,110
higher cap rate means,Informational,50,19,0.15,0.19,0,0,27,,,https://www.housecanary.com/blog/cap-rate,133
higher capitalization rate means,Informational,50,24,0.15,0.33,0,0,25,,,https://www.housecanary.com/blog/cap-rate,132
hoem value,Informational,50,78,2.31,0.48,0,0,18,,,https://www.housecanary.com/blog/what-is-the-value-of-my-home,133
home appraisal app,,50,28,2.59,0.54,0,0,36,,,https://www.housecanary.com/,86
home loans valuation,Informational,50,54,0.00,0.00,0,0,26,,,https://www.housecanary.com/industries/private-money-lenders,135
home prices in 2026,Transactional,50,47,0.00,0.01,0,0,19,,,https://www.housecanary.com/blog/housing-market-predictions,108
home prices prediction,Transactional,50,49,2.03,0.18,0,0,28,,,https://www.housecanary.com/blog/housing-market-predictions,136
home repair estimator app,Commercial,50,21,5.01,0.71,0,61,0,,https://bricked.ai/best/repair-estimate-software,,147
home value app,Informational,50,67,1.59,0.51,0,0,32,,,https://www.housecanary.com/,165
homecrown,Informational,50,14,0.00,0.33,0,0,39,,,https://www.housecanary.com/solutions/comehome,121
house canary inc,"Informational, Navigational",50,20,8.76,0.36,0,0,1,,,https://www.housecanary.com/,103
house data,Informational,50,87,2.07,0.15,0,0,12,,,https://www.housecanary.com/,138
house leads,"Commercial, Informational",50,29,6.88,0.13,0,0,5,,,https://www.housecanary.com/blog/best-lead-generation-for-realtors,129
house logic,Informational,50,11,0.00,0.01,0,0,41,,,https://www.housecanary.com/,104
house market florida 2025,Informational,50,43,0.00,0.00,0,0,30,,,https://www.housecanary.com/blog/florida-housing-market,137
house valu,Informational,50,63,2.47,0.51,0,0,41,,,https://www.housecanary.com/blog/what-is-the-value-of-my-home,137
house vslue,Informational,50,69,2.47,0.51,0,0,22,,,https://www.housecanary.com/blog/what-is-the-value-of-my-home,139
house whisper ai,Navigational,50,22,5.05,0.55,0,0,45,,,https://www.housecanary.com/,0
housecanary reviews,Commercial,50,24,15.86,0.49,0,0,1,,,https://www.housecanary.com/,105
housecenter,Informational,50,72,0.00,0.33,0,0,5,,,https://www.housecanary.com/,121
housefax,"Navigational, Transactional",50,26,1.42,0.16,0,0,18,,,https://www.housecanary.com/,106
housereal. net,Informational,50,66,0.00,0.01,0,0,4,,,https://www.housecanary.com/,2
houses with assumable mortgages,Commercial,50,41,2.61,0.32,0,0,27,,,https://www.housecanary.com/blog/assumable-mortgage,139
housing correction 2026,Informational,50,60,0.00,0.33,0,0,13,,,https://www.housecanary.com/blog/housing-market-predictions,108
housing market 2025 predictions,Informational,50,70,0.00,0.00,0,0,13,,,https://www.housecanary.com/blog/housing-market-predictions,136
housing market 2027 predictions,Informational,50,-1,0.92,0.04,0,0,45,,,https://www.housecanary.com/blog/housing-market-predictions,120
housing market correction 2025,Informational,50,40,0.00,0.07,0,0,16,,,https://www.housecanary.com/blog/is-the-housing-market-going-to-crash,133
housing market crash predictions 2025,Informational,50,46,0.00,0.00,0,0,10,,,https://www.housecanary.com/blog/housing-market-predictions,161
housing market florida 2025,Informational,50,50,0.00,0.00,0,0,3,,,https://www.housecanary.com/blog/florida-housing-market,130
housing market for 2026,Informational,50,45,1.03,0.35,0,0,17,,,https://www.housecanary.com/blog/housing-market-predictions,122
housing market forecast 2021,Informational,50,45,0.00,0.33,0,0,63,,,https://www.housecanary.com/blog/housing-market-predictions,1090000000
housing market forecast us,Informational,50,84,1.35,0.33,0,0,21,,,https://www.housecanary.com/blog/housing-market-predictions,136
housing market in florida 2025,Informational,50,41,0.00,0.33,0,0,3,,,https://www.housecanary.com/blog/florida-housing-market,126
housing market predictions 2021,Informational,50,39,0.00,0.33,0,0,47,,,https://www.housecanary.com/blog/housing-market-predictions,143
housing market predictions 2028,Informational,50,-1,0.00,0.02,0,0,30,,,https://www.housecanary.com/blog/housing-market-predictions,133
housing market predictions florida,Informational,50,41,0.63,0.07,0,0,5,,,https://www.housecanary.com/blog/housing-market-predictions,128
housing market trends november 2025,Informational,50,33,0.00,0.00,0,0,26,,,https://www.housecanary.com/blog/real-estate-market-trends,136
housing prices predictions 2026,Transactional,50,42,2.33,0.07,0,0,18,,,https://www.housecanary.com/blog/housing-market-predictions,125
housing trends 2026,Informational,50,42,0.41,0.23,0,0,20,,,https://www.housecanary.com/blog/housing-market-predictions,110
how can i get the value of my home,Informational,50,75,3.42,0.74,0,0,52,,,https://www.housecanary.com/blog/what-is-the-value-of-my-home,129
how can i know the value of my home,Informational,50,75,3.49,0.74,0,0,43,,,https://www.housecanary.com/blog/what-is-the-value-of-my-home,131
how can you find out the value of your home,Informational,50,75,2.78,0.66,0,0,53,,,https://www.housecanary.com/blog/what-is-the-value-of-my-home,129
how do i find out what a house is worth,Informational,50,75,2.59,0.56,0,0,63,,,https://www.housecanary.com/blog/what-is-the-value-of-my-home,129
how do i find the property value of my home,Informational,50,74,3.43,0.67,0,0,59,,,https://www.housecanary.com/blog/what-is-the-value-of-my-home,134
how do i know how much a house is worth,Informational,50,76,2.28,0.70,0,0,72,,,https://www.housecanary.com/blog/what-is-the-value-of-my-home,181
how do you find out the value of a house,Informational,50,75,2.00,0.69,0,0,48,,,https://www.housecanary.com/blog/what-is-the-value-of-my-home,127
how do you know how much a house is worth,Informational,50,76,2.28,0.70,0,0,93,,,https://www.housecanary.com/blog/what-is-the-value-of-my-home,183
how is real estate market,Informational,50,69,2.10,0.20,0,0,41,,,https://www.housecanary.com/blog/real-estate-market-trends,131
how market trends influence real estate development plans,Informational,50,17,0.00,0.00,0,0,88,,,https://www.housecanary.com/blog/real-estate-market-trends,181
how much does my home worth,Informational,50,76,3.05,0.53,0,0,46,,,https://www.housecanary.com/blog/what-is-the-value-of-my-home,137
how much property is worth,Informational,50,75,4.50,0.58,0,0,24,,,https://www.housecanary.com/blog/what-is-the-value-of-my-home,198
how to calculate capitalization rate real estate,Informational,50,36,0.27,0.42,0,0,10,,,https://www.housecanary.com/blog/cap-rate,128
how to calculate rental property return,Informational,50,42,0.86,0.44,0,0,37,,,https://www.housecanary.com/blog/rental-yield,132
how to check your house value,Informational,50,76,2.82,0.64,0,0,59,,,https://www.housecanary.com/blog/what-is-the-value-of-my-home,130
how to estimate value of home,Informational,50,76,2.53,0.59,0,0,61,,,https://www.housecanary.com/blog/what-is-the-value-of-my-home,128
how to figure a cap rate,Informational,50,43,0.14,0.42,0,0,15,,,https://www.housecanary.com/blog/cap-rate,125
how to figure cap rate for real estate,Informational,50,21,0.58,0.42,0,0,27,,,https://www.housecanary.com/blog/cap-rate,134
how to find out home value,Informational,50,76,2.41,0.70,0,0,53,,,https://www.housecanary.com/blog/what-is-the-value-of-my-home,129
how to find out how much your home is worth,Informational,50,75,3.58,0.70,0,0,65,,,https://www.housecanary.com/blog/what-is-the-value-of-my-home,130
how to find out what a house is worth,Informational,50,75,2.59,0.56,0,0,68,,,https://www.housecanary.com/blog/what-is-the-value-of-my-home,126
how to find value of your home,Informational,50,76,3.35,0.68,0,0,68,,,https://www.housecanary.com/blog/what-is-the-value-of-my-home,131
how to get real estate seller leads,Informational,50,22,19.15,0.66,0,0,15,,,https://www.housecanary.com/blog/best-lead-generation-for-realtors,124
how to get seller leads in real estate,Informational,50,23,19.15,0.41,0,0,6,,,https://www.housecanary.com/blog/best-lead-generation-for-realtors,121
how to know how much a house is worth,Informational,50,76,2.28,0.70,0,0,82,,,https://www.housecanary.com/blog/what-is-the-value-of-my-home,184
how to know my house value,Informational,50,76,3.66,0.69,0,0,57,,,https://www.housecanary.com/blog/what-is-the-value-of-my-home,126
how to know the value of your home,Informational,50,76,2.44,0.33,0,0,49,,,https://www.housecanary.com/blog/what-is-the-value-of-my-home,125
how to maximize rental income,Informational,50,13,2.62,0.13,0,0,4,,,https://www.housecanary.com/blog/how-to-maximize-cash-flow-for-rental-properties,167
how to value my home,Informational,50,77,4.03,0.69,0,0,47,,,https://www.housecanary.com/blog/what-is-the-value-of-my-home,125
how value my home,Informational,50,74,4.25,0.73,0,0,52,,,https://www.housecanary.com/blog/what-is-the-value-of-my-home,136
hows the real estate market,Informational,50,79,2.09,0.25,0,0,33,,,https://www.housecanary.com/blog/real-estate-market-trends,138
income to afford a million dollar home,Informational,50,30,1.62,0.06,0,0,62,,,https://www.housecanary.com/blog/one-million-dollars-what-it-buys-in-united-states-housing-market,132
investment cap rate,Informational,50,36,0.34,0.17,0,0,14,,,https://www.housecanary.com/blog/cap-rate,137
investment property return,Informational,50,41,1.05,0.07,0,0,34,,,https://www.housecanary.com/blog/rental-yield,137
investment property returns,Informational,50,29,1.05,0.07,0,0,34,,,https://www.housecanary.com/blog/rental-yield,133
is florida real estate going down,Informational,50,35,0.00,0.33,0,0,25,,,https://www.housecanary.com/blog/florida-housing-market,108
is housing going to crash,Informational,50,28,0.00,0.01,0,0,19,,,https://www.housecanary.com/blog/is-the-housing-market-going-to-crash,121
is indiana a non disclosure state,Informational,50,15,0.00,0.33,0,0,2,,,https://www.housecanary.com/blog/non-disclosure-states,73500000
is it how much is my home worth,Informational,50,76,0.00,0.00,0,0,65,,,https://www.housecanary.com/blog/what-is-the-value-of-my-home,134
is real estate crashing,Informational,50,45,0.00,0.01,0,0,34,,,https://www.housecanary.com/blog/is-the-housing-market-going-to-crash,110
is real estate market going down,Informational,50,56,2.56,0.08,0,0,21,,,https://www.housecanary.com/blog/housing-market-predictions,121
is the house market expected to crash,Informational,50,41,0.00,0.01,0,0,38,,,https://www.housecanary.com/blog/is-the-housing-market-going-to-crash,142
is the real estate market improving,Informational,50,71,0.00,0.17,0,0,20,,,https://www.housecanary.com/blog/housing-market-predictions,131
lead generation real estate ideas,Informational,50,23,9.74,0.32,0,0,14,,,https://www.housecanary.com/blog/best-lead-generation-for-realtors,127
lead generation systems for realtors,Informational,50,25,23.77,0.24,0,0,5,,,https://www.housecanary.com/blog/best-lead-generation-for-realtors,130
lead generators for real estate agents,Informational,50,23,24.02,0.33,0,0,10,,,https://www.housecanary.com/blog/best-lead-generation-for-realtors,125
lead sources for realtors,Informational,50,23,48.05,0.57,0,0,16,,,https://www.housecanary.com/blog/best-lead-generation-for-realtors,125
looking for properti.ai alternatives for real estate marketing automation,"Commercial, Informational",50,39,0.00,0.00,0,0,6,,,https://www.housecanary.com/blog/5-ai-tools-for-real-estate-agents,99
market trends 2023,Informational,50,46,0.00,0.33,0,0,30,,,https://www.housecanary.com/blog/real-estate-market-trends,109
market trends real estate,Informational,50,73,1.47,0.12,0,0,32,,,https://www.housecanary.com/blog/real-estate-market-trends,139
marketing tools for realtors,Commercial,50,27,8.90,0.18,0,0,18,,,https://www.housecanary.com/blog/best-lead-generation-for-realtors,134
maximum rental cash flow guarantee,Informational,50,19,0.00,0.33,0,0,7,,,https://www.housecanary.com/blog/how-to-maximize-cash-flow-for-rental-properties,142
mean value report,Informational,50,4,0.00,0.00,0,0,12,,,https://www.housecanary.com/blog/real-estate-avm-accuracy,140
median home price by city,Navigational,50,48,0.00,0.01,0,0,53,,,https://www.housecanary.com/blog/cities-vs-suburbs-report,137
medium valuation,Informational,50,36,0.00,0.01,0,0,44,,,https://www.housecanary.com/blog/automated-valuation-model,136
minpokutharnesjal real estate trends hollowmist gamer purchase,Informational,50,64,0.00,0.33,0,0,6,,,https://www.housecanary.com/blog/real-estate-market-trends,6810
mls cash conventional homes report filter,Informational,50,22,0.00,0.00,0,0,74,,,https://www.housecanary.com/industries/mortgage-lenders,9230000
moneymade best real estate apps for investors in 2023 moneymade,Commercial,50,16,0.00,0.00,0,0,19,,,https://www.housecanary.com/blog/real-estate-investment-software,2230000
more realtor leads,Informational,50,24,0.00,0.33,0,0,4,,,https://www.housecanary.com/blog/best-lead-generation-for-realtors,138
mortgage assumable definition,Informational,50,49,0.00,0.02,0,0,24,,,https://www.housecanary.com/blog/assumable-mortgage,139
mortgage loan analytics,Informational,50,20,0.00,0.33,0,0,59,,,https://www.housecanary.com/industries/private-money-lenders,132
mortgage valuation software,Informational,50,17,0.00,0.33,0,0,95,,,https://www.housecanary.com/industries/private-money-lenders,16400000
most blue states in the us,Informational,50,45,0.00,0.33,0,0,94,,,https://www.housecanary.com/blog/guardian-red-state-blue-state,4090000000
msa real estate meaning,Informational,50,5,0.00,0.33,0,0,37,,,https://www.housecanary.com/products/market-insights,111
multifamily software comparison apps pdf,Commercial,50,6,0.00,0.00,0,0,34,,,https://www.housecanary.com/blog/real-estate-investment-software,388000
my home estimate,Informational,50,74,4.03,0.99,0,0,58,,,https://www.housecanary.com/blog/what-is-the-value-of-my-home,138
my house value estimate,Informational,50,76,3.61,0.68,0,0,60,,,https://www.housecanary.com/blog/what-is-the-value-of-my-home,136
net rental yield,Informational,50,35,0.00,0.33,0,0,34,,,https://www.housecanary.com/blog/rental-yield,124
non disclosure state real estate,Informational,50,13,0.36,0.05,0,0,2,,,https://www.housecanary.com/blog/non-disclosure-states,130
off market leads,Informational,50,4,10.91,0.67,0,0,17,,,https://www.housecanary.com/blog/spot-off-market-leads-with-predictive-data,107
off market real estate leads,Informational,50,0,10.46,0.71,0,0,18,,,https://www.housecanary.com/blog/spot-off-market-leads-with-predictive-data,119
omparative market analysis,Informational,50,32,3.56,0.51,0,0,11,,,https://www.housecanary.com/blog/comparative-market-analysis-tool,134
onfid,Informational,50,18,16.96,0.51,0,0,6,,,https://www.housecanary.com/images/659dd12248bc3788aa318691_hc_product-sheet_property-explorer_SFR.pdf,44200
outlook on housing market,Informational,50,75,1.81,0.17,0,0,23,,,https://www.housecanary.com/blog/housing-market-predictions,135
ownerly find your home value,"Informational, Navigational",50,28,4.95,0.75,0,0,69,,,https://www.housecanary.com/blog/what-is-the-value-of-my-home,134
ownerly pricing,"Navigational, Transactional",50,14,0.00,0.46,0,0,30,,,https://www.housecanary.com/pricing,102
panel valuation,Informational,50,6,0.00,0.29,0,0,78,,,https://www.housecanary.com/industries/private-money-lenders,121
platforms that offer seamless funding flows for real estate investments,Informational,50,32,0.00,0.00,0,0,15,,,https://www.housecanary.com/blog/real-estate-investment-software,28700000
predicted housing crash,Informational,50,34,0.00,0.01,0,0,34,,,https://www.housecanary.com/blog/is-the-housing-market-going-to-crash,147
predicted housing market crash,Informational,50,32,0.00,0.01,0,0,33,,,https://www.housecanary.com/blog/is-the-housing-market-going-to-crash,146
predicting housing market,Informational,50,38,2.72,0.20,0,0,21,,,https://www.housecanary.com/blog/housing-market-predictions,132
pro-forma cap rate,Informational,50,10,0.24,0.09,0,0,24,,,https://www.housecanary.com/blog/cap-rate,132
projected housing market 2026,Informational,50,50,0.77,0.33,0,0,21,,,https://www.housecanary.com/blog/housing-market-predictions,125
property avm,Informational,50,27,3.27,0.35,0,0,6,,,https://www.housecanary.com/resources/our-avm,119
property google,"Navigational, Transactional",50,56,2.98,0.07,0,0,28,,,https://www.housecanary.com/google,46
property intelligence platform,Informational,50,13,5.95,0.20,0,0,34,,,https://www.housecanary.com/,133
property investment management software,Informational,50,30,17.22,0.51,0,0,9,,,https://www.housecanary.com/blog/real-estate-investment-software,107
property investment software management,Commercial,50,23,11.81,0.02,0,0,9,,,https://www.housecanary.com/blog/real-estate-investment-software,121
property management and asset management,Commercial,50,14,3.94,0.35,0,0,7,,,https://www.housecanary.com/blog/real-estate-asset-management,128
property valuation model,Informational,50,40,3.23,0.14,0,0,33,,,https://www.housecanary.com/blog/automated-valuation-model,152
property yield,Informational,50,36,0.00,0.33,0,0,40,,,https://www.housecanary.com/blog/rental-yield,132
quality real estate leads,"Commercial, Informational",50,31,27.39,0.99,0,0,20,,,https://www.housecanary.com/blog/best-lead-generation-for-realtors,103
quantarium vs corelogic,Commercial,50,11,0.00,0.01,0,0,31,,,https://www.housecanary.com/,100
rate of return rental property,Informational,50,24,1.28,0.07,0,0,36,,,https://www.housecanary.com/blog/rental-yield,137
real estate 2026 predictions,Informational,50,54,0.00,0.36,0,0,16,,,https://www.housecanary.com/blog/housing-market-predictions,123
real estate agent ai tools,"Commercial, Informational",50,47,8.95,0.84,0,0,4,,,https://www.housecanary.com/blog/5-ai-tools-for-real-estate-agents,108
real estate agent lead generation strategies 2024,Informational,50,15,0.00,0.00,0,0,5,,,https://www.housecanary.com/blog/best-lead-generation-for-realtors,138
real estate agent lead generation websites,Commercial,50,33,0.00,0.06,0,0,11,,,https://www.housecanary.com/blog/best-lead-generation-for-realtors,129
real estate agent tool,Informational,50,34,6.71,0.21,0,0,9,,,https://www.housecanary.com/blog/5-ai-tools-for-real-estate-agents,187
real estate api data,Informational,50,26,6.00,0.35,0,0,4,,,https://www.housecanary.com/blog/real-estate-api,132
real estate asset managemnt,Informational,50,22,0.00,0.00,0,0,6,,,https://www.housecanary.com/blog/real-estate-asset-management,128
real estate data aggregator,Informational,50,7,0.00,0.33,0,0,13,,,https://www.housecanary.com/blog/real-estate-api,133
real estate data bulk,Informational,50,2,0.00,0.00,0,0,1,,,https://www.housecanary.com/products/bulk-property-data,138
real estate data collection companies,Informational,50,21,0.00,0.00,0,0,20,,,https://www.housecanary.com/blog/real-estate-api,133
real estate data for appraisers,Informational,50,14,0.00,0.00,0,0,72,,,https://www.housecanary.com/products/data-explorer,138
real estate data for financial institutions,Informational,50,25,0.00,0.00,0,0,46,,,https://www.housecanary.com/industries/mortgage-lenders,141
real estate forecast 2025,Informational,50,35,0.00,0.33,0,0,20,,,https://www.housecanary.com/blog/housing-market-predictions,136
real estate forecasting,Informational,50,71,2.75,0.22,0,0,20,,,https://www.housecanary.com/blog/housing-market-predictions,130
real estate industry outlook,Informational,50,59,1.97,0.52,0,0,31,,,https://www.housecanary.com/blog/housing-market-predictions,137
real estate investment cap rate,Informational,50,48,0.60,0.26,0,0,12,,,https://www.housecanary.com/blog/cap-rate,137
real estate investment outlook,Informational,50,66,3.31,0.11,0,0,45,,,https://www.housecanary.com/blog/housing-market-predictions,133
real estate investor communication software,"Commercial, Informational",50,16,0.00,0.00,0,0,13,,,https://www.housecanary.com/blog/real-estate-investment-software,116
real estate investor portal with performance tracking,Informational,50,14,0.00,0.00,0,0,17,,,https://www.housecanary.com/blog/how-to-proactively-track-investment-property-performance,134
real estate investor relations platfom,Informational,50,21,0.00,0.00,0,0,28,,,https://www.housecanary.com/blog/real-estate-investment-software,113
real estate investor software programs,"Commercial, Informational",50,23,0.00,0.00,0,0,6,,,https://www.housecanary.com/blog/real-estate-investment-software,115
real estate lead capture,"Commercial, Informational",50,30,19.57,0.71,0,0,10,,,https://www.housecanary.com/blog/best-lead-generation-for-realtors,135
real estate lead generation statistics,Informational,50,31,0.00,0.33,0,0,2,,,https://www.housecanary.com/blog/best-lead-generation-for-realtors,121
real estate lead service,"Commercial, Informational",50,36,18.00,0.14,0,0,14,,,https://www.housecanary.com/blog/best-lead-generation-for-realtors,116
real estate lead tracker,Informational,50,23,11.96,0.66,0,0,22,,,https://www.housecanary.com/blog/best-lead-generation-for-realtors,130
real estate leads service,Informational,50,31,18.00,0.14,0,0,14,,,https://www.housecanary.com/blog/best-lead-generation-for-realtors,124
real estate market current trends,Informational,50,67,1.49,0.37,0,0,36,,,https://www.housecanary.com/blog/real-estate-market-trends,139
real estate market trends march 2026,Informational,50,15,0.00,0.00,0,0,34,,,https://www.housecanary.com/blog/housing-market-predictions,135
real estate predictions 2021,Informational,50,17,0.00,0.33,0,0,53,,,https://www.housecanary.com/blog/housing-market-predictions,141
real estate predictions for 2026,Informational,50,50,0.00,0.33,0,0,12,,,https://www.housecanary.com/blog/housing-market-predictions,122
real estate professionals ai search rankings,Informational,50,0,0.00,0.00,0,0,8,,,https://www.housecanary.com/blog/5-ai-tools-for-real-estate-agents,111
real estate research companies,Informational,50,63,3.64,0.42,0,0,30,,,https://www.housecanary.com/,124
real estate websites that generate leads,Informational,50,34,17.36,0.17,0,0,3,,,https://www.housecanary.com/blog/best-lead-generation-for-realtors,122
real estate what is cap rate,Informational,50,29,0.36,0.30,0,0,12,,,https://www.housecanary.com/blog/cap-rate,136
real estate will crash,Informational,50,37,0.00,0.33,0,0,28,,,https://www.housecanary.com/blog/is-the-housing-market-going-to-crash,130
realestate crash,Informational,50,53,0.00,0.33,0,0,24,,,https://www.housecanary.com/blog/is-the-housing-market-going-to-crash,138
realestate outlook,Informational,50,70,1.92,0.09,0,0,27,,,https://www.housecanary.com/blog/housing-market-predictions,155
realtor lead generation companies,Informational,50,36,30.72,0.77,0,0,16,,,https://www.housecanary.com/blog/best-lead-generation-for-realtors,111
realtors ai,"Commercial, Informational",50,48,4.31,0.49,0,0,6,,,https://www.housecanary.com/blog/5-ai-tools-for-real-estate-agents,123
realty market analysis,Informational,50,52,3.47,0.40,0,0,39,,,https://www.housecanary.com/blog/real-estate-market-trends,133
refiradar,Commercial,50,13,0.54,1.00,0,0,52,,,https://www.housecanary.com/industries/private-money-lenders,106
rental avm,Informational,50,18,5.03,0.51,0,0,26,,,https://www.housecanary.com/blog/automated-valuation-model,116
rental leads for real estate agents,Informational,50,4,22.79,0.63,0,0,20,,,https://www.housecanary.com/blog/best-lead-generation-for-realtors,127
rental robert.com,Navigational,50,27,0.00,0.09,0,0,16,,,https://www.housecanary.com/blog/rental-yield,106
rental yields,Informational,50,31,3.52,0.01,0,0,25,,,https://www.housecanary.com/blog/rental-yield,122
residential cap rate,Informational,50,31,0.00,0.33,0,0,22,,,https://www.housecanary.com/blog/cap-rate,137
residential real estate data providers,Informational,50,30,0.00,0.43,0,0,20,,,https://www.housecanary.com/,128
returns on rental property,Informational,50,32,1.28,0.07,0,0,33,,,https://www.housecanary.com/blog/rental-yield,138
ruiz report,Navigational,50,3,0.00,0.33,0,0,47,,,https://www.housecanary.com/,0
selling a home with an assumable mortgage,Informational,50,20,0.00,0.14,0,0,32,,,https://www.housecanary.com/blog/assumable-mortgage,134
software for investors,"Commercial, Informational",50,30,8.20,0.23,0,0,10,,,https://www.housecanary.com/blog/real-estate-investment-software,122
software for real estate data extraction underwriting,Commercial,50,12,0.00,0.00,0,0,18,,,https://www.housecanary.com/blog/real-estate-investment-software,119
south florida real estate forecast next 5 years,"Commercial, Informational",50,50,0.00,0.04,0,0,8,,,https://www.housecanary.com/blog/housing-market-predictions,167
taking over home loan payments,Informational,50,39,3.01,0.29,0,0,22,,,https://www.housecanary.com/blog/assumable-mortgage,130
taking over mortgage payments,Informational,50,42,3.01,0.29,0,0,27,,,https://www.housecanary.com/blog/assumable-mortgage,129
the value of my home,Commercial,50,73,4.08,0.55,0,0,40,,,https://www.housecanary.com/blog/what-is-the-value-of-my-home,186
tools for realtors,"Commercial, Informational",50,25,6.71,0.21,0,0,8,,,https://www.housecanary.com/blog/5-ai-tools-for-real-estate-agents,190
top provider automated borrower-lender matchmaking,"Commercial, Informational",50,10,0.00,0.00,0,0,93,,,https://www.housecanary.com/blog/5-ai-tools-for-real-estate-agents,371000
top real estate underwriting software,Commercial,50,11,0.00,0.00,0,0,18,,,https://www.housecanary.com/blog/real-estate-investment-software,116
top software for commercial real estate analysis,Commercial,50,14,0.00,0.00,0,0,9,,,https://www.housecanary.com/blog/real-estate-investment-software,110
trends in housing,Informational,50,73,0.00,0.29,0,0,65,,,https://www.housecanary.com/blog/real-estate-market-trends,126
true home value,Informational,50,78,3.16,0.27,0,0,55,,,https://www.housecanary.com/blog/what-is-the-value-of-my-home,136
true parity,Informational,50,32,3.80,0.06,0,0,51,,,https://www.housecanary.com/,110
underwriting software real estate,"Commercial, Informational",50,8,15.20,0.53,0,0,28,,,https://www.housecanary.com/blog/real-estate-investment-software,123
us bank assumable mortgage,Informational,50,41,0.00,0.33,0,0,24,,,https://www.housecanary.com/blog/assumable-mortgage,109
us housing market 2026 outlook,Informational,50,55,0.00,0.33,0,0,20,,,https://www.housecanary.com/blog/housing-market-predictions,128
us housing market forecast next 5 years,Informational,50,36,0.00,0.99,0,0,22,,,https://www.housecanary.com/blog/housing-market-predictions,136
us housing market prediction,Informational,50,58,2.85,0.09,0,0,22,,,https://www.housecanary.com/blog/housing-market-predictions,133
us property research services,Informational,50,64,0.00,0.00,0,0,37,,,https://www.housecanary.com/,133
us real estate market forecast,Informational,50,87,1.35,0.08,0,0,25,,,https://www.housecanary.com/blog/housing-market-predictions,135
us real estate outlook,Informational,50,65,0.00,0.33,0,0,27,,,https://www.housecanary.com/blog/housing-market-predictions,135
value estimate house,"Commercial, Informational",50,77,2.37,0.62,0,0,58,,,https://www.housecanary.com/blog/what-is-the-value-of-my-home,135
value houses,Informational,50,77,3.66,0.33,0,0,17,,,https://www.housecanary.com/blog/what-is-the-value-of-my-home,140
value on my home,Informational,50,76,3.38,0.60,0,0,49,,,https://www.housecanary.com/blog/what-is-the-value-of-my-home,139
what a million dollars can buy,Informational,50,11,0.00,0.33,0,0,15,,,https://www.housecanary.com/blog/one-million-dollars-what-it-buys-in-united-states-housing-market,167
what does quantarium mean,Informational,50,9,0.00,0.33,0,0,46,,,https://www.housecanary.com/,103
what is a arv,Informational,50,14,0.00,0.33,0,0,47,,,https://www.housecanary.com/blog/arv,130
what is api used for in real estate,Informational,50,9,0.00,0.03,0,0,1,,,https://www.housecanary.com/blog/real-estate-api,110
what is arv in real estate terms,Informational,50,27,0.16,0.33,0,0,35,,,https://www.housecanary.com/blog/arv,134
what is cap ratio,Informational,50,43,0.00,0.02,0,0,40,,,https://www.housecanary.com/blog/cap-rate,130
what is fair rent value,Informational,50,21,1.79,0.03,0,0,88,,,https://www.housecanary.com/blog/find-perfect-rent-rate-housecanary-rental-cma,150
what is good cash flow for rental property,Informational,50,8,0.00,0.10,0,0,23,,,https://www.housecanary.com/blog/how-to-maximize-cash-flow-for-rental-properties,138
what is home market value,Informational,50,72,2.66,0.36,0,0,65,,,https://www.housecanary.com/blog/what-is-the-value-of-my-home,185
what is mortgage assumption,Informational,50,39,0.42,0.05,0,0,31,,,https://www.housecanary.com/blog/assumable-mortgage,130
what is my home market value,Informational,50,67,3.30,0.56,0,0,41,,,https://www.housecanary.com/blog/what-is-the-value-of-my-home,136
what is my homes current value,Informational,50,76,3.33,0.65,0,0,44,,,https://www.housecanary.com/blog/what-is-the-value-of-my-home,136
what is quantarium home value,Informational,50,18,3.91,0.06,0,0,41,,,https://www.housecanary.com/blog/what-is-the-value-of-my-home,148
what is rental yield,Informational,50,35,0.00,0.01,0,0,32,,,https://www.housecanary.com/blog/rental-yield,127
what is the best real estate lead generation company,Commercial,50,22,20.99,0.76,0,0,10,,,https://www.housecanary.com/blog/best-lead-generation-for-realtors,118
what is the market value of a home,Informational,50,76,2.44,0.51,0,0,39,,,https://www.housecanary.com/blog/what-is-the-value-of-my-home,134
what is the real estate market like right now,Informational,50,50,1.34,0.23,0,0,25,,,https://www.housecanary.com/blog/real-estate-market-trends,207
what is the value of a house,Informational,50,76,2.28,0.33,0,0,18,,,https://www.housecanary.com/blog/what-is-the-value-of-my-home,134
what lenders or products offer the best house appraisal,Commercial,50,35,0.00,0.00,0,0,60,,,https://www.housecanary.com/industries/private-money-lenders,136
what mortgage solutions are best for appraisal estimate,"Commercial, Informational",50,42,0.00,0.00,0,0,67,,,https://www.housecanary.com/industries/private-money-lenders,106
what my home value,Informational,50,73,3.23,0.69,0,0,40,,,https://www.housecanary.com/blog/what-is-the-value-of-my-home,139
what types of mortgages are assumable,Informational,50,52,0.62,0.10,0,0,15,,,https://www.housecanary.com/blog/assumable-mortgage,132
what value is my house,Informational,50,76,3.02,0.55,0,0,33,,,https://www.housecanary.com/blog/what-is-the-value-of-my-home,139
what's arv,Informational,50,17,4.20,0.33,0,0,10,,,https://www.housecanary.com/blog/arv,124
what's the estimated value,Informational,50,79,0.00,0.33,0,0,55,,,https://www.housecanary.com/blog/what-is-the-value-of-my-home,132
what's your home worth,Informational,50,76,3.62,0.32,0,0,70,,,https://www.housecanary.com/blog/what-is-the-value-of-my-home,137
whats a cap rate mean,Informational,50,38,0.00,0.00,0,0,20,,,https://www.housecanary.com/blog/cap-rate,134
when are home prices expected to drop,Transactional,50,50,0.00,0.04,0,0,19,,,https://www.housecanary.com/blog/housing-market-predictions,131
when is the next housing market crash predicted,Informational,50,41,0.00,0.01,0,0,17,,,https://www.housecanary.com/blog/housing-market-predictions,126
when is this housing market going to crash,Informational,50,31,3.10,0.01,0,0,32,,,https://www.housecanary.com/blog/is-the-housing-market-going-to-crash,125
when will housing prices come down,Transactional,50,50,0.00,0.03,0,0,30,,,https://www.housecanary.com/blog/housing-market-predictions,135
when will more houses come on the market,Informational,50,45,0.00,0.02,0,0,32,,,https://www.housecanary.com/blog/housing-market-predictions,138
when will the houses go down,Informational,50,59,0.00,0.02,0,0,23,,,https://www.housecanary.com/blog/housing-market-predictions,204
when will the next housing bubble burst,Informational,50,24,0.00,0.05,0,0,47,,,https://www.housecanary.com/blog/is-the-housing-market-going-to-crash,135
when will the next housing crash happen,Informational,50,9,0.00,0.33,0,0,55,,,https://www.housecanary.com/blog/is-the-housing-market-going-to-crash,124
where do real estate agents get leads,Informational,50,27,7.16,0.66,0,0,15,,,https://www.housecanary.com/blog/best-lead-generation-for-realtors,131
will house price go up,Informational,50,73,0.00,0.33,0,0,20,,,https://www.housecanary.com/blog/housing-market-predictions,129
will house prices drop in 2026,Transactional,50,50,0.00,0.33,0,0,13,,,https://www.housecanary.com/blog/housing-market-predictions,126
will house prices go up,Informational,50,46,0.00,0.01,0,0,21,,,https://www.housecanary.com/blog/housing-market-predictions,196
will housing crash,Informational,50,36,0.00,0.01,0,0,41,,,https://www.housecanary.com/blog/is-the-housing-market-going-to-crash,150
will housing market crash in 2025,Informational,50,44,0.00,0.00,0,0,15,,,https://www.housecanary.com/blog/is-the-housing-market-going-to-crash,134
will prices of homes go up,Transactional,50,53,0.00,0.03,0,0,23,,,https://www.housecanary.com/blog/housing-market-predictions,131
will the houses price go down,Transactional,50,62,1.73,0.03,0,0,27,,,https://www.housecanary.com/blog/housing-market-predictions,137
will the housing market crash in 2023,Informational,50,15,0.00,0.33,0,0,46,,,https://www.housecanary.com/blog/is-the-housing-market-going-to-crash,130
will the housing market crash in 2025 in usa,Informational,50,38,0.00,0.33,0,0,23,,,https://www.housecanary.com/blog/is-the-housing-market-going-to-crash,122
will the housing market ever crash again,Informational,50,35,0.00,0.33,0,0,21,,,https://www.housecanary.com/blog/is-the-housing-market-going-to-crash,122
yield real estate,Informational,50,8,0.00,0.05,0,0,8,,,https://www.housecanary.com/blog/rental-yield,127
2023 housing market predictions,Informational,40,32,0.00,0.33,0,0,17,,,https://www.housecanary.com/blog/housing-market-predictions,138
2024 real estate predictions,Informational,40,46,0.00,0.33,0,0,22,,,https://www.housecanary.com/blog/housing-market-predictions,134
2026 housing market outlook,Informational,40,50,1.96,0.17,0,0,19,,,https://www.housecanary.com/blog/housing-market-predictions,127
2026 housing market prediction,Informational,40,41,0.83,0.08,0,0,25,,,https://www.housecanary.com/blog/housing-market-predictions,127
2026 real estate forecast,Informational,40,60,0.00,0.01,0,0,18,,,https://www.housecanary.com/blog/housing-market-predictions,73
2026 real estate market forecast,Informational,40,44,0.00,0.19,0,0,22,,,https://www.housecanary.com/blog/housing-market-predictions,123
2026 real estate outlook,Informational,40,42,0.00,0.19,0,0,24,,,https://www.housecanary.com/blog/housing-market-predictions,123
2988 washington street san francisco,Informational,40,7,0.00,0.00,0,0,70,,,https://www.housecanary.com/info/brokerage,109
a million dollar home,Informational,40,36,1.27,0.11,0,0,20,,,https://www.housecanary.com/blog/one-million-dollars-what-it-buys-in-united-states-housing-market,126
ai agent for realtors,Informational,40,17,9.38,0.59,0,0,4,,,https://www.housecanary.com/blog/5-ai-tools-for-real-estate-agents,115
ai and machine learning in real estate investment,"Commercial, Informational",40,42,0.00,0.00,0,0,54,,,https://www.housecanary.com/blog/5-ai-tools-for-real-estate-investors,122
ai arv calculator,Informational,40,2,3.19,0.99,0,9,0,,https://bricked.ai/best/arv-calculators,,109
ai cma real estate,Informational,40,13,5.58,0.73,0,0,9,,,https://www.housecanary.com/blog/5-ai-tools-for-real-estate-agents,122
ai for real estate lead qualification,Informational,40,22,0.00,0.00,0,0,9,,,https://www.housecanary.com/blog/5-ai-tools-for-real-estate-agents,124
ai home appraisal,Informational,40,26,3.31,0.75,0,0,5,,,https://www.housecanary.com/,123
ai home pricing tools benefits for sellers,Informational,40,8,0.00,0.00,0,0,1,,,https://www.housecanary.com/blog/5-ai-tools-for-real-estate-agents,122
ai in real estate investing,Informational,40,32,0.00,0.01,0,0,20,,,https://www.housecanary.com/blog/5-ai-tools-for-real-estate-investors,109
ai powered property valuation,Informational,40,28,0.00,0.33,0,0,5,,,https://www.housecanary.com/,112
ai property management software dynamic pricing real-time market data,Informational,40,9,0.00,0.00,0,0,26,,,https://www.housecanary.com/blog/5-ai-tools-for-real-estate-agents,140
ai property valuation tools uk 2026,Informational,40,21,0.00,0.00,0,0,4,,,https://www.housecanary.com/blog/5-ai-tools-for-real-estate-agents,82
ai real estate platform,Informational,40,63,6.81,0.74,0,0,15,,,https://www.housecanary.com/,117
ai real estate solutions,Informational,40,60,0.00,0.33,0,0,12,,,https://www.housecanary.com/blog/5-ai-tools-for-real-estate-agents,123
ai real estate valuation,Informational,40,29,4.25,0.66,0,0,6,,,https://www.housecanary.com/,113
ai scoring apis for real estate marketplaces,"Commercial, Informational",40,17,0.00,0.00,0,0,1,,,https://www.housecanary.com/blog/real-estate-api,160
ai software for real estate,Informational,40,50,11.08,0.57,0,0,7,,,https://www.housecanary.com/blog/5-ai-tools-for-real-estate-agents,109
ai tools for real estate agents to increase sales,Informational,40,41,0.00,0.00,0,0,7,,,https://www.housecanary.com/blog/5-ai-tools-for-real-estate-agents,110
ai tools for real estate canada halifax,Informational,40,12,0.00,0.00,0,0,3,,,https://www.housecanary.com/blog/5-ai-tools-for-real-estate-agents,118
ai tools for real estate in canada halifax,Informational,40,9,0.00,0.00,0,0,4,,,https://www.housecanary.com/blog/5-ai-tools-for-real-estate-agents,106
ai tools for real estate marketing,Informational,40,50,8.95,0.49,0,0,8,,,https://www.housecanary.com/blog/5-ai-tools-for-real-estate-agents,114
ai use cases in real estate,Informational,40,58,0.00,0.05,0,0,11,,,https://www.housecanary.com/blog/5-ai-tools-for-real-estate-agents,128
ai-driven procurement automation construction multifamily real estate platforms,Informational,40,10,0.00,0.00,0,0,15,,,https://www.housecanary.com/blog/5-ai-tools-for-real-estate-agents,8170000
ai-ready real estate data,Informational,40,25,0.00,0.00,0,0,14,,,https://www.housecanary.com/blog/5-ai-tools-for-real-estate-agents,106
alice springs real estate market trends 2024 2025,Informational,40,7,0.00,0.00,0,0,33,,,https://www.housecanary.com/blog/real-estate-market-trends,111
all in one real estate platform,Informational,40,75,8.19,0.10,0,0,34,,,https://www.housecanary.com/blog/real-estate-investment-software,580000000
alternative to mls,Informational,40,6,4.02,0.30,0,32,0,,https://bricked.ai/alternatives/local-mls-alternatives,,131
api in real estate,Informational,40,31,2.22,0.33,0,0,7,,,https://www.housecanary.com/blog/real-estate-api,120
apis for deep transaction-level analysis,Informational,40,0,0.00,0.00,0,0,55,,,https://www.housecanary.com/blog/real-estate-api,76400000
app data universe property sales,"Informational, Transactional",40,17,0.00,0.33,0,0,51,,,https://www.housecanary.com/products/data-explorer,108
app for investing in real estate,"Commercial, Informational",40,36,6.76,0.60,0,0,20,,,https://www.housecanary.com/blog/real-estate-investment-software,144
app that lets you invest in real estate,Commercial,40,35,0.00,0.27,0,0,17,,,https://www.housecanary.com/blog/real-estate-investment-software,121
appraiz,"Informational, Transactional",40,5,5.29,0.08,0,0,54,,,https://www.housecanary.com/,108
apps to invest in real estate,Commercial,40,37,4.18,0.82,0,0,17,,,https://www.housecanary.com/blog/real-estate-investment-software,147
are home prices expected to drop in 2025,Transactional,40,57,0.00,0.33,0,0,23,,,https://www.housecanary.com/blog/housing-market-predictions,137
are house prices dropping in florida,Informational,40,50,0.00,0.33,0,0,20,,,https://www.housecanary.com/blog/florida-housing-market,125
are we in a housing bubble 2025,Informational,40,33,0.00,0.33,0,0,29,,,https://www.housecanary.com/blog/is-the-housing-market-going-to-crash,134
artificial intelligence in real estate transactions,Informational,40,66,0.00,0.00,0,0,20,,,https://www.housecanary.com/blog/5-ai-tools-for-real-estate-agents,127
artificial intelligence real estate,Informational,40,70,4.53,0.50,0,0,55,,,https://www.housecanary.com/blog/5-ai-tools-for-real-estate-investors,106
arv acronym,Informational,40,20,0.00,0.33,0,0,13,,,https://www.housecanary.com/blog/arv,125
arv appraisal,Informational,40,22,2.98,0.25,0,0,29,,,https://www.housecanary.com/blog/arv,132
arv in real estate terms,Informational,40,23,0.19,0.15,0,0,33,,,https://www.housecanary.com/blog/arv,133
arv real estate calculator,Informational,40,8,1.72,0.66,0,0,34,,,https://www.housecanary.com/blog/arv,188
asset marketing and property management,Informational,40,16,0.00,0.33,0,0,6,,,https://www.housecanary.com/blog/real-estate-asset-management,139
assets under management real estate,Informational,40,22,0.00,0.00,0,0,6,,,https://www.housecanary.com/blog/real-estate-asset-management,131
assumable loan homes,Informational,40,46,2.55,0.26,0,0,18,,,https://www.housecanary.com/blog/assumable-mortgage,133
assumable mortages,Informational,40,50,0.00,0.00,0,0,19,,,https://www.housecanary.com/blog/assumable-mortgage,130
assumable mortgage rate,"Commercial, Informational",40,54,0.00,0.01,0,0,19,,,https://www.housecanary.com/blog/assumable-mortgage,132
assumable mortgages rates,Informational,40,54,0.00,0.26,0,0,21,,,https://www.housecanary.com/blog/assumable-mortgage,129
assume a home loan,Informational,40,51,2.12,0.12,0,0,22,,,https://www.housecanary.com/blog/assumable-mortgage,136
assuming mortgages,Informational,40,52,1.57,0.18,0,0,26,,,https://www.housecanary.com/blog/assumable-mortgage,134
atlantic beach fl luxury home market trends 2025,Informational,40,22,0.00,0.00,0,0,63,,,https://www.housecanary.com/blog/florida-housing-market,3240000
automated property valuation,Informational,40,29,6.05,0.57,0,0,14,,,https://www.housecanary.com/blog/automated-valuation-model,131
automated real estate underwriting software,Informational,40,7,0.00,0.00,0,0,15,,,https://www.housecanary.com/blog/5-ai-tools-for-real-estate-agents,129
automated valuation model software,Informational,40,29,4.07,0.16,0,0,3,,,https://www.housecanary.com/blog/automated-valuation-model,122
automated valuation models real estate,Informational,40,31,3.93,0.22,0,0,9,,,https://www.housecanary.com/blog/automated-valuation-model,147
automatic real estate investment solutions,Informational,40,34,0.00,0.00,0,0,15,,,https://www.housecanary.com/blog/real-estate-investment-software,254000000
average florida home price,Commercial,40,55,1.05,0.03,0,0,20,,,https://www.housecanary.com/blog/florida-housing-market,133
average time houses are on the market,Informational,40,37,12.55,0.01,0,0,97,,,https://www.housecanary.com/blog/housing-market-forecast,210
avm api,Informational,40,17,4.68,0.60,0,0,33,,,https://www.housecanary.com/resources/our-avm,114
avm appraisal cost,Informational,40,33,4.67,0.66,0,0,21,,,https://www.housecanary.com/blog/automated-valuation-model,112
avm automated valuation model,Informational,40,41,4.10,0.65,0,0,11,,,https://www.housecanary.com/blog/automated-valuation-model,107
avm meaning in real estate,Informational,40,43,0.00,0.02,0,0,33,,,https://www.housecanary.com/blog/automated-valuation-model,101
avm model,Informational,40,37,3.66,0.12,0,0,20,,,https://www.housecanary.com/blog/automated-valuation-model,178
avm models,Informational,40,33,3.66,0.12,0,0,30,,,https://www.housecanary.com/blog/automated-valuation-model,139
avm real estate term,Informational,40,24,0.00,0.33,0,0,15,,,https://www.housecanary.com/blog/real-estate-avm-accuracy,109
avm software,Informational,40,25,4.07,0.16,0,0,33,,,https://www.housecanary.com/blog/automated-valuation-model,112
avm vs appraisal,Commercial,40,21,0.00,0.03,0,0,7,,,https://www.housecanary.com/blog/automated-valuation-model,113
avm waterfall,Informational,40,24,0.00,0.00,0,0,13,,,https://www.housecanary.com/blog/real-estate-avm-accuracy,492000
avmetrics,Informational,40,5,0.00,0.33,0,0,39,,,https://www.housecanary.com/resources/our-avm,107
bank of america how much is my house worth,Informational,40,64,2.25,0.11,0,0,39,,,https://www.housecanary.com/blog/what-is-the-value-of-my-home,104
batchleads alternative,"Commercial, Informational",40,10,15.09,0.86,0,23,0,,https://bricked.ai/alternatives/batchleads-alternatives,,105
best ai orchestration software for cre firms,"Commercial, Informational",40,21,0.00,0.00,0,0,19,,,https://www.housecanary.com/blog/5-ai-tools-for-real-estate-agents,92600
best ai orchestration software for cre portfolio data,Commercial,40,15,0.00,0.00,0,0,91,,,https://www.housecanary.com/blog/5-ai-tools-for-real-estate-investors,41000
best ai scored foreclosures in my area services,Commercial,40,50,0.00,0.00,0,0,2,,,https://www.housecanary.com/blog/5-ai-tools-for-real-estate-agents,2740000
best ai tools for commercial real estate,Commercial,40,16,12.21,0.66,0,0,58,,,https://www.housecanary.com/blog/5-ai-tools-for-real-estate-agents,128
best api integrations for property management platforms for seamless workflows,Commercial,40,7,0.00,0.00,0,0,23,,,https://www.housecanary.com/blog/real-estate-api,131
best business formation api for real estate companies,Commercial,40,14,0.00,0.00,0,0,1,,,https://www.housecanary.com/blog/real-estate-api,95
best corporate real estate analytics software hybrid work,Commercial,40,3,0.00,0.00,0,0,24,,,https://www.housecanary.com/blog/real-estate-investment-software,144000000
best flat fee mls package with ai tools,Commercial,40,6,0.00,0.00,0,0,14,,,https://www.housecanary.com/blog/5-ai-tools-for-real-estate-agents,135
best housing market analysis tools for investors 2025,Commercial,40,12,0.00,0.00,0,0,3,,,https://www.housecanary.com/blog/real-estate-investment-software,135
best lead automation software uk estate agents,Commercial,40,2,0.00,0.00,0,0,10,,,https://www.housecanary.com/blog/best-lead-generation-for-realtors,131
best lead generation software for realtors,Commercial,40,26,0.00,0.43,0,0,3,,,https://www.housecanary.com/blog/best-lead-generation-for-realtors,123
best lead generation tools for realtors,Commercial,40,22,13.93,0.64,0,0,8,,,https://www.housecanary.com/blog/best-lead-generation-for-realtors,128
best lead generators real estate,Commercial,40,29,0.00,0.00,0,0,13,,,https://www.housecanary.com/blog/best-lead-generation-for-realtors,102
best listing leads for realtors,Commercial,40,26,24.29,0.33,0,0,9,,,https://www.housecanary.com/blog/best-lead-generation-for-realtors,116
best online platforms to source verified distressed property leads fast,"Commercial, Informational",40,24,0.00,0.00,0,0,5,,,https://www.housecanary.com/blog/best-lead-generation-for-realtors,165
best paid leads for realtors,Commercial,40,24,25.65,0.66,0,0,24,,,https://www.housecanary.com/blog/best-lead-generation-for-realtors,134
best paid real estate leads,Commercial,40,24,13.39,0.40,0,0,21,,,https://www.housecanary.com/blog/best-lead-generation-for-realtors,119
best phone append tools for real estate leads,Commercial,40,11,0.00,0.00,0,0,8,,,https://www.housecanary.com/blog/best-lead-generation-for-realtors,4480000
best platform for real estate utilisation tracking,Commercial,40,40,0.00,0.00,0,0,13,,,https://www.housecanary.com/blog/real-estate-investment-software,120
best property data database for small investment teams,Commercial,40,3,0.00,0.00,0,0,4,,,https://www.housecanary.com/blog/real-estate-investment-software,124
best property data solutions for agents,Commercial,40,7,0.00,0.00,0,0,7,,,https://www.housecanary.com/blog/5-ai-tools-for-real-estate-agents,129
best real estate crm with ai,Commercial,40,48,16.77,0.99,0,0,44,,,https://www.housecanary.com/blog/5-ai-tools-for-real-estate-agents,169
best real estate investment management software,"Commercial, Informational",40,32,0.00,0.00,0,0,10,,,https://www.housecanary.com/blog/real-estate-investment-software,100
best real estate investor relations platforms for commercial properties,Commercial,40,8,0.00,0.00,0,0,13,,,https://www.housecanary.com/blog/real-estate-investment-software,133
best real estate lead generating websites,Commercial,40,26,22.51,0.15,0,0,8,,,https://www.housecanary.com/blog/best-lead-generation-for-realtors,129
best real estate leads company,Commercial,40,25,23.28,0.64,0,0,26,,,https://www.housecanary.com/blog/best-lead-generation-for-realtors,113
best real estate location intelligence platforms,"Commercial, Informational",40,7,0.00,0.00,0,0,28,,,https://www.housecanary.com/blog/real-estate-investment-software,130
best real estate seller leads,"Commercial, Informational",40,32,22.61,0.62,0,0,6,,,https://www.housecanary.com/blog/best-lead-generation-for-realtors,103
best rpa for rapid cost savings in real estate,"Commercial, Informational",40,-1,0.00,0.00,0,0,39,,,https://www.housecanary.com/blog/real-estate-investment-software,5360000
best technology for real estate agents,"Commercial, Informational",40,9,4.83,0.32,0,0,26,,,https://www.housecanary.com/blog/5-ai-tools-for-real-estate-agents,96
best tools for realtors,Commercial,40,33,10.12,0.43,0,0,9,,,https://www.housecanary.com/blog/5-ai-tools-for-real-estate-agents,160
blue states are what party,Informational,40,42,0.00,0.33,0,0,95,,,https://www.housecanary.com/blog/guardian-red-state-blue-state,2190000000
build to rent yields,Informational,40,18,0.00,0.33,0,0,36,,,https://www.housecanary.com/blog/rental-yield,134
bulk data licensing for property & real estate data,Informational,40,1,0.00,0.00,0,0,32,,,https://www.housecanary.com/products/bulk-property-data,142
bulk data licensing for real estate,Informational,40,0,0.00,0.00,0,0,22,,,https://www.housecanary.com/products/bulk-property-data,172
bulk data licensing for real estate data,Informational,40,4,0.00,0.00,0,0,27,,,https://www.housecanary.com/products/bulk-property-data,140
bulk property data licensing,Informational,40,4,0.00,0.00,0,0,29,,,https://www.housecanary.com/products/bulk-property-data,143
buyer lead generation real estate,Informational,40,29,11.14,0.33,0,0,10,,,https://www.housecanary.com/blog/best-lead-generation-for-realtors,135
buying a million dollar home,Informational,40,26,4.68,0.21,0,0,30,,,https://www.housecanary.com/blog/one-million-dollars-what-it-buys-in-united-states-housing-market,121
calcasa avm netherlands automated valuation model,Informational,40,0,0.00,0.00,0,0,15,,,https://www.housecanary.com/blog/automated-valuation-model,138
calculate value of my house,Informational,40,74,3.55,0.78,0,0,70,,,https://www.housecanary.com/blog/what-is-the-value-of-my-home,131
calculating arv,Informational,40,14,2.42,0.51,0,0,19,,,https://www.housecanary.com/blog/arv,128
can fin homes careers,Commercial,40,16,0.00,0.33,0,0,45,,,https://www.housecanary.com/resources/careers,105
can someone assume your mortgage,Informational,40,43,0.05,0.10,0,0,19,,,https://www.housecanary.com/blog/assumable-mortgage,135
canary technologies pricing,Transactional,40,30,0.00,0.43,0,0,39,,,https://www.housecanary.com/pricing,109
canaryai,"Informational, Transactional",40,20,2.16,0.33,0,0,1,,,https://www.housecanary.com/products/canary-ai,123
cap rate define,Informational,40,43,0.09,0.32,0,0,14,,,https://www.housecanary.com/blog/cap-rate,134
cap rate explained for dummies,Informational,40,26,0.19,0.33,0,0,13,,,https://www.housecanary.com/blog/cap-rate,126
cap rate high or low,Informational,40,10,0.22,0.14,0,0,17,,,https://www.housecanary.com/blog/cap-rate,131
cap rate value,Informational,40,35,0.61,0.26,0,0,10,,,https://www.housecanary.com/blog/cap-rate,136
capital rate formula,Informational,40,35,0.34,0.19,0,0,7,,,https://www.housecanary.com/blog/cap-rate,93
capitalisation rate valuation,Informational,40,23,0.53,0.18,0,0,19,,,https://www.housecanary.com/blog/cap-rate,128
capitalization rate example,Informational,40,41,0.62,0.16,0,0,31,,,https://www.housecanary.com/blog/cap-rate,131
cash flow rental property investments,Informational,40,32,0.00,0.00,0,0,14,,,https://www.housecanary.com/blog/how-to-maximize-cash-flow-for-rental-properties,140
catchouse,Navigational,40,57,0.38,1.00,0,0,5,,,https://www.housecanary.com/,140
causes investment pipelines break real estate deal platforms,Informational,40,20,0.00,0.00,0,0,19,,,https://www.housecanary.com/blog/best-lead-generation-for-realtors,37300000
check your house value,Informational,40,77,3.81,0.63,0,0,44,,,https://www.housecanary.com/blog/what-is-the-value-of-my-home,140
cloud cma vs rpr,Commercial,40,10,0.00,0.66,0,0,22,,,https://www.housecanary.com/blog/comparative-market-analysis-tool,96
cma on house,Informational,40,35,5.07,0.25,0,0,9,,,https://www.housecanary.com/blog/comparative-market-analysis-tool,106
cma value of home,Informational,40,27,2.96,0.64,0,0,17,,,https://www.housecanary.com/blog/comparative-market-analysis-tool,129
cma with no comps in georgia,Informational,40,6,0.00,0.00,0,0,19,,,https://www.housecanary.com/blog/comparative-market-analysis-tool,34300
common home,"Informational, Navigational",40,27,0.00,0.33,0,0,67,,,https://www.housecanary.com/solutions/comehome,112
comparative market analysis software for realtors,Informational,40,20,9.24,0.70,0,39,21,,https://bricked.ai/best/cma-software-for-real-estate-agents,https://www.housecanary.com/blog/comparative-market-analysis-tool,119
compare top real estate investment management platforms,Commercial,40,17,0.00,0.00,0,0,4,,,https://www.housecanary.com/blog/real-estate-investment-software,102
conventional loans assumable,Informational,40,41,0.00,0.04,0,0,18,,,https://www.housecanary.com/blog/assumable-mortgage,136
could the housing market crash,Informational,40,18,0.00,0.33,0,0,33,,,https://www.housecanary.com/blog/is-the-housing-market-going-to-crash,149
cre valuation trends may 2026,Informational,40,15,0.00,0.00,0,0,57,,,https://www.housecanary.com/blog/market-pulse-2026-may,140
current median home prices,Informational,40,76,0.00,0.04,0,0,28,,,https://www.housecanary.com/blog/housing-market-prices,151
current trends in real estate appraiser marketing 2025,Informational,40,17,0.00,0.00,0,0,13,,,https://www.housecanary.com/blog/comparative-market-analysis-tool,1340000
data analysis for mortgage lending,Informational,40,22,0.00,0.00,0,0,55,,,https://www.housecanary.com/industries/private-money-lenders,132
data platforms for commercial real estate investors,Informational,40,13,0.00,0.00,0,0,17,,,https://www.housecanary.com/blog/real-estate-investment-software,131
definition of assumable mortgage,Informational,40,51,0.00,0.02,0,0,27,,,https://www.housecanary.com/blog/assumable-mortgage,136
estate api,Informational,40,41,5.49,0.65,0,0,5,,,https://www.housecanary.com/blog/real-estate-api,106
estimate value property,Informational,40,73,2.82,0.63,0,0,41,,,https://www.housecanary.com/blog/what-is-the-value-of-my-home,131
estimating value of home,Informational,40,76,2.50,0.59,0,0,63,,,https://www.housecanary.com/blog/what-is-the-value-of-my-home,130
exclusive off market multifamily lead sources,Informational,40,0,0.00,0.00,0,0,42,,,https://www.housecanary.com/blog/spot-off-market-leads-with-predictive-data,135
federal property manager abbreviated,Informational,40,9,0.00,0.33,0,0,27,,,https://www.housecanary.com/blog/alphabet-soup-real-estate-acronyms-decoded,101
federal property manager abbreviation,Informational,40,10,0.00,0.33,0,0,27,,,https://www.housecanary.com/blog/alphabet-soup-real-estate-acronyms-decoded,104
financial planning tools that integrate with property management data,"Commercial, Informational",40,14,0.00,0.00,0,0,44,,,https://www.housecanary.com/blog/real-estate-investment-software,481000000
find a house value,Commercial,40,76,2.62,0.60,0,0,65,,,https://www.housecanary.com/blog/what-is-the-value-of-my-home,138
find out what your home is worth,Informational,40,76,5.12,0.19,0,0,84,,,https://www.housecanary.com/blog/what-is-the-value-of-my-home,199
find the value of homes,Informational,40,76,2.62,0.60,0,0,59,,,https://www.housecanary.com/blog/what-is-the-value-of-my-home,146
flashcma,Navigational,40,11,17.34,0.33,0,27,0,,https://bricked.ai/best/cma-software-for-real-estate-agents,,151
florida average home price,Informational,40,50,1.05,0.03,0,0,8,,,https://www.housecanary.com/blog/florida-housing-market,133
florida housing market august 2025,Informational,40,32,0.00,0.00,0,0,32,,,https://www.housecanary.com/blog/florida-housing-market,139
florida housing market graph 50 years,Informational,40,29,0.00,0.33,0,0,16,,,https://www.housecanary.com/blog/florida-housing-market,107
florida real estate forecast,Informational,40,35,0.00,0.01,0,0,10,,,https://www.housecanary.com/blog/housing-market-predictions,129
florida real estate market 2026,Informational,40,35,0.00,0.02,0,0,18,,,https://www.housecanary.com/blog/florida-housing-market,121
florida real estate predictions,Informational,40,37,0.00,0.33,0,0,2,,,https://www.housecanary.com/blog/housing-market-predictions,130
florida real estate projections,Informational,40,40,0.00,0.01,0,0,4,,,https://www.housecanary.com/blog/housing-market-predictions,130
florida real estate trend,Informational,40,31,0.95,0.07,0,0,21,,,https://www.housecanary.com/blog/florida-housing-market,129
forecast for home prices,Transactional,40,75,2.08,0.07,0,0,16,,,https://www.housecanary.com/blog/housing-market-predictions,206
free real estate apis,"Commercial, Informational",40,29,3.86,0.55,0,0,3,,,https://www.housecanary.com/blog/real-estate-api,137
future home prices,Transactional,40,75,1.69,0.20,0,0,20,,,https://www.housecanary.com/blog/housing-market-predictions,136
future of house,Informational,40,35,0.00,0.01,0,0,59,,,https://www.housecanary.com/blog/housing-market-predictions,107
future of the housing market,Informational,40,62,1.92,0.07,0,0,31,,,https://www.housecanary.com/blog/housing-market-predictions,162
google real estate listing,"Commercial, Informational",40,37,1.62,0.16,0,0,1,,,https://www.housecanary.com/google,105
google see houses,Navigational,40,66,0.00,0.33,0,0,49,,,https://www.housecanary.com/google,98
hard money lending property valuation tips accurate appraisal market trends,Informational,40,0,0.00,0.00,0,0,33,,,https://www.housecanary.com/industries/private-money-lenders,109
high cap rate,Informational,40,14,0.08,0.05,0,0,19,,,https://www.housecanary.com/blog/cap-rate,133
high or low cap rate,Informational,40,10,0.14,0.07,0,0,15,,,https://www.housecanary.com/blog/cap-rate,133
high vs low cap rate,Commercial,40,17,0.13,0.12,0,0,35,,,https://www.housecanary.com/blog/cap-rate,125
history of automated valuation models avms emergence,Informational,40,22,0.00,0.00,0,0,14,,,https://www.housecanary.com/blog/automated-valuation-model,108
history of automated valuation models avms real estate,Informational,40,31,0.00,0.00,0,0,4,,,https://www.housecanary.com/blog/automated-valuation-model,110
home analytics,Informational,40,38,0.00,0.01,0,0,16,,,https://www.housecanary.com/,121
home graph,Informational,40,36,0.00,0.33,0,0,52,,,https://www.housecanary.com/,118
home valuation app,Informational,40,79,1.59,0.51,0,0,19,,,https://www.housecanary.com/,162
home value explorer,Informational,40,31,4.91,0.33,0,0,4,,,https://www.housecanary.com/blog/home-value-explorer,114
home value forecast,Informational,40,88,1.63,0.32,0,0,33,,,https://www.housecanary.com/blog/housing-market-predictions,133
home values 2025,Informational,40,69,0.00,0.66,0,0,15,,,https://www.housecanary.com/blog/housing-market-forecast,140
house estimation,Informational,40,78,3.18,0.66,0,0,69,,,https://www.housecanary.com/blog/what-is-the-value-of-my-home,133
house fax,Informational,40,32,1.42,0.16,0,0,24,,,https://www.housecanary.com/,108
house market 2025,Informational,40,50,0.00,0.02,0,0,23,,,https://www.housecanary.com/blog/housing-market-predictions,138
house market in 2025,Informational,40,38,0.00,0.33,0,0,18,,,https://www.housecanary.com/blog/housing-market-predictions,149
house market predictions 2024,Informational,40,65,0.00,0.33,0,0,20,,,https://www.housecanary.com/blog/housing-market-predictions,67
house market trends 2025,Informational,40,74,0.00,0.02,0,0,54,,,https://www.housecanary.com/blog/real-estate-market-trends,133
house price 2026,Transactional,40,44,1.04,0.06,0,0,19,,,https://www.housecanary.com/blog/housing-market-predictions,125
house price predictions 2025,Transactional,40,68,0.00,0.00,0,0,12,,,https://www.housecanary.com/blog/housing-market-predictions,135
house prices forecast,Transactional,40,68,2.00,0.04,0,0,28,,,https://www.housecanary.com/blog/housing-market-predictions,140
house prices to go up,Transactional,40,64,0.00,0.33,0,0,29,,,https://www.housecanary.com/blog/housing-market-predictions,127
house rater,Navigational,40,30,2.00,0.35,0,0,74,,,https://www.housecanary.com/,0
house valuation for remortgage,Informational,40,4,0.00,0.43,0,0,63,,,https://www.housecanary.com/industries/private-money-lenders,134
housecall pro hiring,Navigational,40,19,0.00,0.33,0,0,53,,,https://www.housecanary.com/resources/careers,0
housecanary avm,"Informational, Navigational",40,26,15.38,0.48,0,0,1,,,https://www.housecanary.com/resources/our-avm,103
housecanary pricing,"Navigational, Transactional",40,27,15.30,0.66,0,0,1,,,https://www.housecanary.com/pricing,99
housecanary value,"Informational, Navigational",40,26,13.92,0.56,0,0,1,,,https://www.housecanary.com/blog/what-is-the-value-of-my-home,100
housemaster crypto,Informational,40,41,0.00,0.33,0,0,62,,,https://www.housecanary.com/,42100
housethat,"Informational, Transactional",40,47,2.51,0.06,0,0,61,,,https://www.housecanary.com/,59900000
housing correction coming,Informational,40,48,0.00,0.01,0,0,30,,,https://www.housecanary.com/blog/housing-market-predictions,124
housing inventory levels us 2026,Informational,40,53,0.00,0.00,0,0,16,,,https://www.housecanary.com/blog/market-pulse-2026-may,131
housing market 2026 outlook,Informational,40,49,0.00,0.26,0,0,22,,,https://www.housecanary.com/blog/housing-market-predictions,128
housing market 2026 predictions usa,Informational,40,54,0.00,0.09,0,0,15,,,https://www.housecanary.com/blog/housing-market-predictions,120
housing market crashing 2025,Informational,40,35,0.00,0.00,0,0,23,,,https://www.housecanary.com/blog/is-the-housing-market-going-to-crash,154
housing market futures,Informational,40,92,2.00,0.17,0,0,25,,,https://www.housecanary.com/blog/housing-market-predictions,135
housing market in 2025,Informational,40,56,0.00,0.33,0,0,8,,,https://www.housecanary.com/blog/housing-market-predictions,134
housing market prediction 2025,Informational,40,55,0.00,0.33,0,0,13,,,https://www.housecanary.com/blog/housing-market-predictions,138
housing market predictions for the next 5 years,Informational,40,28,0.00,0.12,0,0,29,,,https://www.housecanary.com/blog/housing-market-predictions,133
housing market trend 2026,Informational,40,49,1.46,0.22,0,0,22,,,https://www.housecanary.com/blog/housing-market-predictions,123
housing market trends january 2026,Informational,40,46,0.00,0.00,0,0,20,,,https://www.housecanary.com/blog/housing-market-predictions,127
housing price forecasts,Transactional,40,79,2.08,0.07,0,0,15,,,https://www.housecanary.com/blog/housing-market-predictions,138
housing trends 2025,Informational,40,76,0.00,0.71,0,0,27,,,https://www.housecanary.com/blog/housing-market-predictions,131
how are cap rates calculated,Informational,40,34,0.15,0.54,0,0,38,,,https://www.housecanary.com/blog/cap-rate,129
how can i get the value of my house,Informational,40,74,3.43,0.67,0,0,48,,,https://www.housecanary.com/blog/what-is-the-value-of-my-home,137
how can real estate agents use ai,Informational,40,23,4.73,0.69,0,0,4,,,https://www.housecanary.com/blog/5-ai-tools-for-real-estate-agents,124
how cap rate is calculated,Informational,40,34,0.15,0.54,0,0,33,,,https://www.housecanary.com/blog/cap-rate,129
how do realtors get leads,Informational,40,29,9.41,0.60,0,0,18,,,https://www.housecanary.com/blog/best-lead-generation-for-realtors,155
how is real estate market now,Informational,40,95,1.47,0.23,0,0,34,,,https://www.housecanary.com/blog/real-estate-market-trends,191
how much a property is worth,Informational,40,75,4.33,0.57,0,0,52,,,https://www.housecanary.com/blog/what-is-the-value-of-my-home,206
how much home worth,Informational,40,77,3.08,0.53,0,0,36,,,https://www.housecanary.com/blog/what-is-the-value-of-my-home,135
how much is much is my house worth,Informational,40,75,3.19,0.63,0,0,51,,,https://www.housecanary.com/blog/what-is-the-value-of-my-home,137
how much is that house worth,Informational,40,63,3.27,0.52,0,0,53,,,https://www.housecanary.com/blog/what-is-the-value-of-my-home,196
how much is this property,Informational,40,-1,7.58,0.03,0,0,28,,,https://www.housecanary.com/blog/what-is-the-value-of-my-home,207
how to calculate cap rate for commercial real estate,Informational,40,39,1.03,0.54,0,0,47,,,https://www.housecanary.com/blog/cap-rate,123
how to calculate percentage return on rental property,Informational,40,42,0.86,0.66,0,0,35,,,https://www.housecanary.com/blog/rental-yield,137
how to calculate the capitalization rate,Informational,40,37,0.20,0.27,0,0,11,,,https://www.housecanary.com/blog/cap-rate,125
how to check current market value of home,Informational,40,75,0.00,0.39,0,0,68,,,https://www.housecanary.com/blog/what-is-the-value-of-my-home,171
how to check the value of my house,Informational,40,74,3.37,0.61,0,0,58,,,https://www.housecanary.com/blog/what-is-the-value-of-my-home,129
how to determine a cap rate,Informational,40,28,0.20,0.27,0,0,11,,,https://www.housecanary.com/blog/cap-rate,130
how to do a comparative market analysis for real estate,Informational,40,29,3.01,0.73,0,0,14,,,https://www.housecanary.com/blog/comparative-market-analysis-tool,127
how to figure cap rate on real estate,Informational,40,39,0.58,0.42,0,0,30,,,https://www.housecanary.com/blog/cap-rate,132
how to figure the value of your house,Informational,40,76,2.65,0.68,0,0,67,,,https://www.housecanary.com/blog/what-is-the-value-of-my-home,195
how to find arv of a house,Informational,40,15,2.99,0.99,0,0,14,,,https://www.housecanary.com/blog/arv,126
how to find my house market value,Informational,40,11,2.88,0.68,0,0,56,,,https://www.housecanary.com/blog/what-is-the-value-of-my-home,224000
how to find out how much home is worth,Informational,40,75,3.58,0.70,0,0,74,,,https://www.housecanary.com/blog/what-is-the-value-of-my-home,134
how to find the capitalization rate,Informational,40,27,0.26,0.17,0,0,10,,,https://www.housecanary.com/blog/cap-rate,128
how to find your home value,Informational,40,75,2.65,0.68,0,0,67,,,https://www.housecanary.com/blog/what-is-the-value-of-my-home,195
how to generate listing leads,Informational,40,36,0.00,0.00,0,0,11,,,https://www.housecanary.com/blog/best-lead-generation-for-realtors,129
how to look up value of home,Informational,40,71,1.24,0.58,0,0,63,,,https://www.housecanary.com/blog/what-is-the-value-of-my-home,3200000000
how to use portfolio reports to identify underperforming properties,Informational,40,2,0.00,0.00,0,0,2,,,https://www.housecanary.com/blog/how-to-proactively-track-investment-property-performance,6560000
how to work out return on rental property,Informational,40,35,0.86,0.44,0,0,39,,,https://www.housecanary.com/blog/rental-yield,138
how.much is my house worth,Informational,40,75,3.19,0.63,0,0,56,,,https://www.housecanary.com/blog/what-is-the-value-of-my-home,135
hpi data,Informational,40,50,0.00,0.01,0,0,8,,,https://www.housecanary.com/products/hpi-rpi-data,171
hybrid appraisal providers,Informational,40,7,0.00,0.33,0,0,94,,,https://www.housecanary.com/products/agile-insights,115
ia para real estate,"Commercial, Informational",40,54,4.86,0.82,0,0,7,,,https://www.housecanary.com/,109
implied capitalization rate,Informational,40,16,0.00,0.03,0,0,21,,,https://www.housecanary.com/blog/cap-rate,133
ir software real estate,"Commercial, Informational",40,24,0.00,0.00,0,0,10,,,https://www.housecanary.com/blog/real-estate-investment-software,502000000
is alabama a non disclosure state,Informational,40,8,0.00,0.33,0,0,3,,,https://www.housecanary.com/blog/non-disclosure-states,109
is idaho a non disclosure state,Informational,40,13,0.00,0.33,0,0,1,,,https://www.housecanary.com/blog/non-disclosure-states,106
is it a buyers or sellers market in florida,Informational,40,28,0.00,0.33,0,0,34,,,https://www.housecanary.com/blog/florida-housing-market,132
is it how much is my house,Informational,40,76,0.00,0.00,0,0,52,,,https://www.housecanary.com/blog/what-is-the-value-of-my-home,140
is kansas a non disclosure state,Informational,40,9,0.00,0.33,0,0,2,,,https://www.housecanary.com/blog/non-disclosure-states,172
is the house market about to crash,Informational,40,36,2.02,0.02,0,0,36,,,https://www.housecanary.com/blog/is-the-housing-market-going-to-crash,176
is there going to be another housing crash,Informational,40,28,0.00,0.33,0,0,33,,,https://www.housecanary.com/blog/is-the-housing-market-going-to-crash,145
is utah a non disclosure state,Informational,40,8,0.00,0.33,0,0,1,,,https://www.housecanary.com/blog/non-disclosure-states,118
lead for real estate agent,"Commercial, Informational",40,25,31.91,0.55,0,0,14,,,https://www.housecanary.com/blog/best-lead-generation-for-realtors,126
lead generation for estate agents,Informational,40,30,0.00,0.33,0,0,7,,,https://www.housecanary.com/blog/best-lead-generation-for-realtors,131
lead generation for real estate agent,Informational,40,25,24.02,0.33,0,0,11,,,https://www.housecanary.com/blog/best-lead-generation-for-realtors,123
lead generation platform for real estate,Informational,40,32,0.00,0.57,0,0,4,,,https://www.housecanary.com/blog/best-lead-generation-for-realtors,125
lead generation real estate websites,"Commercial, Informational",40,34,17.36,0.17,0,0,11,,,https://www.housecanary.com/blog/best-lead-generation-for-realtors,122
lead generation software for real estate,Informational,40,32,15.49,0.18,0,0,7,,,https://www.housecanary.com/blog/best-lead-generation-for-realtors,146
lead generation website real estate,"Commercial, Informational",40,28,17.36,0.17,0,0,8,,,https://www.housecanary.com/blog/best-lead-generation-for-realtors,129
lead generators for realtors,"Commercial, Informational",40,33,31.91,0.55,0,0,13,,,https://www.housecanary.com/blog/best-lead-generation-for-realtors,186
leading platforms for buying investment-grade timeshares,Commercial,40,50,0.00,0.00,0,0,23,,,https://www.housecanary.com/blog/real-estate-investment-software,143000
leads for agents,"Commercial, Informational",40,23,22.04,0.99,0,0,7,,,https://www.housecanary.com/blog/best-lead-generation-for-realtors,131
leads for estate agents,Informational,40,29,0.00,0.00,0,0,13,,,https://www.housecanary.com/blog/best-lead-generation-for-realtors,131
lenders valuation,Informational,40,27,0.00,0.03,0,0,28,,,https://www.housecanary.com/industries/private-money-lenders,129
likelihood of housing market crash,Informational,40,32,0.00,0.33,0,0,40,,,https://www.housecanary.com/blog/is-the-housing-market-going-to-crash,152
list trending online lead generation real estate platforms for businesses,"Commercial, Informational",40,27,0.00,0.00,0,0,7,,,https://www.housecanary.com/blog/best-lead-generation-for-realtors,126
listing lead,Informational,40,42,7.76,0.46,0,0,7,,,https://www.housecanary.com/blog/best-lead-generation-for-realtors,122
listing lead generation real estate,Informational,40,30,30.93,0.66,0,0,7,,,https://www.housecanary.com/blog/best-lead-generation-for-realtors,130
listing leads for real estate agents,Informational,40,31,29.29,0.55,0,0,12,,,https://www.housecanary.com/blog/best-lead-generation-for-realtors,61
market analysis of home,Informational,40,22,3.23,0.49,0,0,18,,,https://www.housecanary.com/blog/comparative-market-analysis-tool,135
market comparables,Informational,40,11,3.90,0.33,0,0,23,,,https://www.housecanary.com/blog/comparative-market-analysis-tool,128
market trends april 2026,Informational,40,13,0.00,0.00,0,0,4,,,https://www.housecanary.com/blog/market-pulse-2026-april,124
meaning arv,Informational,40,41,0.00,0.00,0,0,16,,,https://www.housecanary.com/blog/arv,128
median home prices in florida,Informational,40,50,1.05,0.03,0,0,10,,,https://www.housecanary.com/blog/florida-housing-market,134
miami real estate market predictions 2025,Informational,40,28,0.00,0.33,0,0,19,,,https://www.housecanary.com/blog/housing-market-predictions,131
miami real estate zip codes with highest growth potential 2026,Informational,40,0,0.00,0.00,0,0,37,,,https://www.housecanary.com/blog/housing-market-predictions,1670000
mortgage lender with top calculator features,"Commercial, Informational",40,40,0.00,0.00,0,0,71,,,https://www.housecanary.com/industries/private-money-lenders,104
my book house set value,"Commercial, Informational",40,13,0.00,0.44,0,0,35,,,https://www.housecanary.com/blog/what-is-the-value-of-my-home,170
my house worth now,Informational,40,76,2.58,0.66,0,0,52,,,https://www.housecanary.com/blog/what-is-the-value-of-my-home,139
net yields,Informational,40,9,11.37,0.03,0,0,11,,,https://www.housecanary.com/blog/rental-yield,114
new silver arv calculator,Informational,40,10,4.21,0.34,0,17,0,,https://bricked.ai/best/arv-calculators-for-real-estate-investors,,100
next housing recession,Informational,40,37,0.00,0.33,0,0,49,,,https://www.housecanary.com/blog/is-the-housing-market-going-to-crash,152
non disclosure real estate states,Informational,40,14,0.36,0.05,0,0,1,,,https://www.housecanary.com/blog/non-disclosure-states,150
onehouse valuation,Informational,40,7,0.00,0.33,0,0,37,,,https://www.housecanary.com/,9460000
podio apps for real estate investors,Informational,40,10,0.00,0.33,0,0,24,,,https://www.housecanary.com/blog/real-estate-investment-software,138
ponte vedra beach housing market predictions,Informational,40,3,0.00,0.00,0,0,69,,,https://www.housecanary.com/blog/florida-housing-market,133
private lender data feed,Informational,40,5,6.61,0.67,0,0,43,,,https://www.housecanary.com/industries/private-money-lenders,109
privy alternative,Informational,40,9,35.50,0.33,0,19,0,,https://bricked.ai/alternatives/privy-alternatives,,100
projected housing market crash,Informational,40,35,0.00,0.02,0,0,30,,,https://www.housecanary.com/blog/is-the-housing-market-going-to-crash,152
property cap rate,Informational,40,44,0.32,0.19,0,0,15,,,https://www.housecanary.com/blog/cap-rate,127
property data api news,Informational,40,9,0.00,0.00,0,0,2,,,https://www.housecanary.com/blog/real-estate-api,141
property data apis,Informational,40,27,7.35,0.68,0,0,3,,,https://www.housecanary.com/blog/real-estate-api,148
property data for mortgage,Informational,40,27,0.00,0.33,0,0,39,,,https://www.housecanary.com/industries/private-money-lenders,140
property loan data,Informational,40,27,3.48,0.23,0,0,39,,,https://www.housecanary.com/industries/private-money-lenders,125
property management software vendors open api integration capabilities,Informational,40,10,0.00,0.00,0,0,35,,,https://www.housecanary.com/blog/real-estate-api,187
property market intelligence,Informational,40,26,0.00,0.07,0,0,38,,,https://www.housecanary.com/,127
property mortgage data,Informational,40,24,0.00,0.00,0,0,42,,,https://www.housecanary.com/industries/mortgage-lenders,140
property report for mortgage lenders,Informational,40,24,0.00,0.33,0,0,24,,,https://www.housecanary.com/industries/mortgage-lenders,136
property valuation data,Informational,40,25,0.00,0.14,0,0,28,,,https://www.housecanary.com/,133000000
property value app,Informational,40,80,1.80,0.62,0,0,22,,,https://www.housecanary.com/,165
pull through rate,Informational,40,0,0.00,0.01,0,0,51,,,https://www.housecanary.com/industries/private-money-lenders,128
quantarium valuation,Informational,40,3,3.33,0.31,0,0,39,,,https://www.housecanary.com/blog/automated-valuation-model,105
rate of return on real estate,Informational,40,35,0.00,0.03,0,0,26,,,https://www.housecanary.com/blog/rental-yield,171
real avm,Informational,40,18,3.81,0.66,0,0,14,,,https://www.housecanary.com/blog/real-estate-avm-accuracy,110
real estate & property api,Informational,40,27,0.00,0.33,0,0,7,,,https://www.housecanary.com/blog/real-estate-api,134
real estate agents technology,Commercial,40,14,3.39,0.32,0,0,7,,,https://www.housecanary.com/blog/5-ai-tools-for-real-estate-agents,129
real estate ai industry tools,Informational,40,33,0.00,0.00,0,0,4,,,https://www.housecanary.com/blog/5-ai-tools-for-real-estate-agents,111
real estate ai tool,Informational,40,28,7.55,0.55,0,0,8,,,https://www.housecanary.com/blog/5-ai-tools-for-real-estate-agents,113
real estate api pricing,Transactional,40,26,4.75,0.66,0,0,3,,,https://www.housecanary.com/blog/real-estate-api,114
real estate avm providers,Informational,40,33,3.43,0.06,0,0,22,,,https://www.housecanary.com/blog/automated-valuation-model,121
real estate booming,Informational,40,66,0.00,0.01,0,0,19,,,https://www.housecanary.com/blog/housing-market-predictions,123
real estate bulk data,Informational,40,1,0.00,0.00,0,0,11,,,https://www.housecanary.com/products/bulk-property-data,136
real estate crm with ai,Commercial,40,40,15.81,0.51,0,0,20,,,https://www.housecanary.com/blog/5-ai-tools-for-real-estate-agents,125
real estate data intelligence,Informational,40,16,7.08,0.66,0,0,88,,,https://www.housecanary.com/solutions/investment-insights,133
real estate demand,Informational,40,81,2.14,0.04,0,0,26,,,https://www.housecanary.com/blog/real-estate-market-trends,132
real estate economy,Informational,40,83,3.08,0.07,0,0,35,,,https://www.housecanary.com/blog/real-estate-market-trends,130
real estate forecasting software,Informational,40,8,0.00,0.33,0,0,18,,,https://www.housecanary.com/blog/real-estate-investment-software,117
real estate growth rate,Informational,40,72,2.06,0.07,0,0,26,,,https://www.housecanary.com/blog/housing-market-predictions,134
real estate in 2026,Informational,40,54,0.00,0.08,0,0,14,,,https://www.housecanary.com/blog/housing-market-predictions,111
real estate internet lead generation,Informational,40,37,0.00,0.33,0,0,11,,,https://www.housecanary.com/blog/best-lead-generation-for-realtors,138
real estate lead gen software,Informational,40,33,0.00,0.33,0,0,6,,,https://www.housecanary.com/blog/best-lead-generation-for-realtors,124
real estate listing search features that convert visitors into leads,Informational,40,2,0.00,0.00,0,0,14,,,https://www.housecanary.com/blog/best-lead-generation-for-realtors,134
real estate market 2023,Informational,40,23,0.00,0.33,0,0,13,,,https://www.housecanary.com/blog/real-estate-market-trends,109
real estate market 2026 predictions,Informational,40,47,0.00,0.17,0,0,16,,,https://www.housecanary.com/blog/housing-market-predictions,120
real estate market data providers,Informational,40,31,0.00,0.36,0,0,13,,,https://www.housecanary.com/,439000000
real estate market in florida 2025,Informational,40,51,0.00,0.00,0,0,2,,,https://www.housecanary.com/blog/housing-market-predictions,145
real estate marketing tools for agent,Informational,40,27,16.68,0.27,0,0,14,,,https://www.housecanary.com/blog/best-lead-generation-for-realtors,131
real estate portfolio analytics,Informational,40,16,0.00,0.17,0,0,76,,,https://www.housecanary.com/solutions/investment-insights,134
real estate projections for 2026,Informational,40,48,0.63,0.12,0,0,16,,,https://www.housecanary.com/blog/housing-market-predictions,121
real estate prospecting services,Informational,40,44,0.00,0.33,0,0,9,,,https://www.housecanary.com/blog/best-lead-generation-for-realtors,108
real estate prospecting tools,Informational,40,26,15.16,0.33,0,0,11,,,https://www.housecanary.com/blog/best-lead-generation-for-realtors,125
real estate rental returns,Informational,40,34,0.00,0.33,0,0,20,,,https://www.housecanary.com/blog/rental-yield,133
real estate software market,Informational,40,38,0.00,0.33,0,0,33,,,https://www.housecanary.com/blog/real-estate-investment-software,130
real estate success tools,Informational,40,10,0.00,0.04,0,0,42,,,https://www.housecanary.com/blog/real-estate-investment-software,135
real estate trends florida,Informational,40,39,0.95,0.07,0,0,17,,,https://www.housecanary.com/blog/florida-housing-market,132
real estate trends in florida,Informational,40,35,1.44,0.07,0,0,17,,,https://www.housecanary.com/blog/florida-housing-market,130
real estate trends usa,Informational,40,92,1.76,0.37,0,0,26,,,https://www.housecanary.com/blog/real-estate-market-trends,137
realtor lead gen,Informational,40,28,29.06,0.30,0,0,9,,,https://www.housecanary.com/blog/best-lead-generation-for-realtors,110
realtor lead sources,Informational,40,31,51.53,0.99,0,0,14,,,https://www.housecanary.com/blog/best-lead-generation-for-realtors,119
realtor lead system,Informational,40,33,0.00,0.05,0,0,8,,,https://www.housecanary.com/blog/best-lead-generation-for-realtors,129
realtors marketing tools,"Commercial, Informational",40,20,8.90,0.18,0,0,20,,,https://www.housecanary.com/blog/best-lead-generation-for-realtors,133
red state blue state map 2024,Informational,40,52,0.00,0.33,0,0,83,,,https://www.housecanary.com/blog/guardian-red-state-blue-state,566000000
rental property profit,Informational,40,28,1.02,0.07,0,0,41,,,https://www.housecanary.com/blog/rental-yield,136
rental yield us,Informational,40,21,0.00,0.00,0,0,8,,,https://www.housecanary.com/blog/rental-yield,123
researching real estate markets,Informational,40,49,3.71,0.16,0,0,57,,,https://www.housecanary.com/blog/real-estate-market-trends,132
residential valuation,Informational,40,45,3.01,0.14,0,0,33,,,https://www.housecanary.com/blog/what-is-the-value-of-my-home,122
richervalues,Navigational,40,24,9.04,0.16,0,0,10,,,https://www.housecanary.com/,0
see how much house is worth,Informational,40,75,2.67,0.69,0,0,65,,,https://www.housecanary.com/blog/what-is-the-value-of-my-home,135
sell real estate leads,Informational,40,30,11.00,0.66,0,0,20,,,https://www.housecanary.com/blog/best-lead-generation-for-realtors,113
seller leads for real estate,Informational,40,27,20.70,0.30,0,0,16,,,https://www.housecanary.com/blog/best-lead-generation-for-realtors,148
seller listing leads,Informational,40,36,0.00,0.00,0,0,5,,,https://www.housecanary.com/blog/best-lead-generation-for-realtors,130
smart real estate software,Informational,40,31,0.00,0.00,0,0,11,,,https://www.housecanary.com/blog/5-ai-tools-for-real-estate-agents,136
state of housing market,Informational,40,83,1.56,0.25,0,0,27,,,https://www.housecanary.com/blog/housing-market-forecast,172
strategies to optimize property portfolio performance,Informational,40,2,0.00,0.00,0,0,11,,,https://www.housecanary.com/blog/how-to-proactively-track-investment-property-performance,126
terminal cap rate formula,Informational,40,10,0.00,0.02,0,0,18,,,https://www.housecanary.com/blog/cap-rate,69
top ai tools for real estate agents,Commercial,40,22,7.51,0.48,0,0,7,,,https://www.housecanary.com/blog/5-ai-tools-for-real-estate-agents,103
top lead source for high-end real estate agents,"Commercial, Informational",40,19,0.00,0.00,0,0,6,,,https://www.housecanary.com/blog/best-lead-generation-for-realtors,185
top real estate leads,Commercial,40,25,13.32,0.51,0,0,4,,,https://www.housecanary.com/blog/best-lead-generation-for-realtors,103
trends in real estate investing,Informational,40,38,3.11,0.10,0,0,56,,,https://www.housecanary.com/blog/real-estate-market-trends,156
types of real estate leads,Informational,40,17,0.00,0.39,0,0,5,,,https://www.housecanary.com/blog/best-lead-generation-for-realtors,129
understanding cap rate,Informational,40,40,0.29,0.55,0,0,45,,,https://www.housecanary.com/blog/cap-rate,129
us housing market april 2026,Informational,40,27,0.00,0.00,0,0,11,,,https://www.housecanary.com/blog/market-pulse-2026-april,137
us property market forecast,Informational,40,83,2.23,0.14,0,0,20,,,https://www.housecanary.com/blog/housing-market-predictions,135
us real estate market outlook,Informational,40,85,0.00,0.21,0,0,21,,,https://www.housecanary.com/blog/housing-market-predictions,132
va assumable home loans,Informational,40,50,4.42,0.36,0,0,25,,,https://www.housecanary.com/blog/assumable-mortgage,107
values of homes,Informational,40,77,2.49,0.46,0,0,22,,,https://www.housecanary.com/blog/what-is-the-value-of-my-home,135
vow-idx avm,Informational,40,5,4.77,0.19,0,0,76,,,https://www.housecanary.com/resources/our-avm,110
what does mortgage assumable mean,Informational,40,47,0.13,0.13,0,0,24,,,https://www.housecanary.com/blog/assumable-mortgage,132
what does the housing market look like for 2025,Informational,40,64,0.00,0.33,0,0,29,,,https://www.housecanary.com/blog/housing-market-predictions,181
what is a cap rate in real estate investing,Informational,40,33,0.26,0.48,0,0,64,,,https://www.housecanary.com/blog/cap-rate,134
what is a non disclosure state,Informational,40,1,0.00,0.03,0,0,1,,,https://www.housecanary.com/blog/non-disclosure-states,169
what is a pro forma cap rate,Informational,40,5,0.26,0.18,0,0,35,,,https://www.housecanary.com/blog/cap-rate,137
what is cap rate in real estate investing,Informational,40,33,0.15,0.50,0,0,22,,,https://www.housecanary.com/blog/cap-rate,131
what is cap rate on property,Informational,40,32,0.09,0.29,0,0,14,,,https://www.housecanary.com/blog/cap-rate,134
what is fair rental value of my home,Informational,40,25,2.47,0.51,0,0,67,,,https://www.housecanary.com/blog/find-perfect-rent-rate-housecanary-rental-cma,162
what is happening in the real estate market,Informational,40,85,0.96,0.22,0,0,35,,,https://www.housecanary.com/blog/real-estate-market-trends,135
what is my home valued at,Informational,40,75,4.50,0.75,0,0,48,,,https://www.housecanary.com/blog/what-is-the-value-of-my-home,176
what is my house valued at,Informational,40,75,4.50,0.75,0,0,66,,,https://www.housecanary.com/blog/what-is-the-value-of-my-home,181
what is our house worth,Informational,40,76,3.30,0.46,0,0,51,,,https://www.housecanary.com/blog/what-is-the-value-of-my-home,127
what is rental revenue,Informational,40,25,0.00,0.33,0,0,53,,,https://www.housecanary.com/blog/rental-yield,126
what is the market value of a house,Informational,40,75,2.44,0.51,0,0,49,,,https://www.housecanary.com/blog/what-is-the-value-of-my-home,133
what is the rental yield,Informational,40,35,0.00,0.01,0,0,25,,,https://www.housecanary.com/blog/rental-yield,125
what is the value of a property,Informational,40,75,3.23,0.14,0,0,20,,,https://www.housecanary.com/blog/what-is-the-value-of-my-home,128
what is value of house,Informational,40,-1,2.28,0.33,0,0,57,,,https://www.housecanary.com/blog/what-is-the-value-of-my-home,133
what lenders or products offer the best check property value,"Commercial, Informational",40,59,0.00,0.00,0,0,79,,,https://www.housecanary.com/industries/mortgage-lenders,137
what lenders or products offer the best find home value,"Commercial, Informational",40,-1,0.00,0.00,0,0,56,,,https://www.housecanary.com/industries/private-money-lenders,137
what real estate lead site converts the best for agents,Commercial,40,26,0.00,0.00,0,0,5,,,https://www.housecanary.com/blog/best-lead-generation-for-realtors,132
what state has the best homes to purchase to flip,Commercial,40,29,0.00,0.00,0,0,34,,,https://www.housecanary.com/blog/fall-2025-home-flip-forecast-hottest-zip-codes-for-investors,134
what will happen to housing market,Informational,40,50,0.74,0.07,0,0,25,,,https://www.housecanary.com/blog/housing-market-predictions,108
what will the housing market look like in 2027,Informational,40,-1,0.96,0.07,0,0,40,,,https://www.housecanary.com/blog/housing-market-predictions,117
what's an arv,Informational,40,10,0.21,0.03,0,0,18,,,https://www.housecanary.com/blog/arv,131
whats an arv,Informational,40,7,0.21,0.03,0,0,40,,,https://www.housecanary.com/blog/arv,131
whats arv in real estate,Informational,40,13,0.23,0.08,0,0,35,,,https://www.housecanary.com/blog/arv,135
whats the value of my house,Informational,40,63,2.72,0.09,0,0,48,,,https://www.housecanary.com/blog/what-is-the-value-of-my-home,136
when did automated valuation models avms emerge,Informational,40,27,0.00,0.00,0,0,9,,,https://www.housecanary.com/blog/automated-valuation-model,101
when did automated valuation models avms emerge history,Informational,40,26,0.00,0.00,0,0,5,,,https://www.housecanary.com/blog/automated-valuation-model,119
when did automated valuation models avms emerge in real estate,Informational,40,20,0.00,0.00,0,0,12,,,https://www.housecanary.com/blog/automated-valuation-model,718000
when did automated valuation models emerge,Informational,40,28,0.00,0.00,0,0,14,,,https://www.housecanary.com/blog/automated-valuation-model,102
when housing prices will go down,Transactional,40,39,2.54,0.04,0,0,28,,,https://www.housecanary.com/blog/housing-market-predictions,63
when is the house market expected to go down,Informational,40,51,3.23,0.09,0,0,12,,,https://www.housecanary.com/blog/housing-market-predictions,131
when is the housing market going down,Informational,40,59,0.00,0.04,0,0,39,,,https://www.housecanary.com/blog/is-the-housing-market-going-to-crash,131
when was real estate crash,Informational,40,47,0.00,0.33,0,0,49,,,https://www.housecanary.com/blog/is-the-housing-market-going-to-crash,110
where do realtors get most of their leads,Informational,40,21,0.00,0.14,0,0,13,,,https://www.housecanary.com/blog/best-lead-generation-for-realtors,132
which of these is what a property is worth,Informational,40,75,0.00,0.33,0,0,54,,,https://www.housecanary.com/blog/what-is-the-value-of-my-home,206
who can afford a million dollar home,Informational,40,34,3.42,0.08,0,0,44,,,https://www.housecanary.com/blog/one-million-dollars-what-it-buys-in-united-states-housing-market,131
who has the best real estate leads,Commercial,40,25,19.69,0.86,0,0,7,,,https://www.housecanary.com/blog/best-lead-generation-for-realtors,140
why are blue states so expensive,Informational,40,18,0.00,0.33,0,0,37,,,https://www.housecanary.com/blog/guardian-red-state-blue-state,109
will home prices continue to rise,Transactional,40,39,0.17,0.04,0,0,39,,,https://www.housecanary.com/blog/housing-market-predictions,132
will house market go up,Informational,40,77,0.00,0.06,0,0,20,,,https://www.housecanary.com/blog/housing-market-predictions,126
will house prices go down in 2024,Transactional,40,34,0.00,0.33,0,0,30,,,https://www.housecanary.com/blog/housing-market-predictions,141
will housing market crash 2025,Informational,40,33,0.00,0.00,0,0,26,,,https://www.housecanary.com/blog/is-the-housing-market-going-to-crash,162
will housing prices go down in 2025,Informational,40,31,0.00,0.00,0,0,21,,,https://www.housecanary.com/blog/housing-market-predictions,136
will property prices go up in 2026,Informational,40,48,0.00,0.33,0,0,16,,,https://www.housecanary.com/blog/housing-market-predictions,124
will the house prices go down,Informational,40,37,1.70,0.01,0,0,29,,,https://www.housecanary.com/blog/housing-market-predictions,130
will the housing market crash in 2025 florida,Informational,40,39,0.00,0.00,0,0,1,,,https://www.housecanary.com/blog/florida-housing-market,125
will the housing market go back down,Informational,40,47,0.00,0.33,0,0,51,,,https://www.housecanary.com/blog/is-the-housing-market-going-to-crash,176
will the us housing market crash,Informational,40,28,0.00,0.01,0,0,47,,,https://www.housecanary.com/blog/is-the-housing-market-going-to-crash,123
will there be a housing crash in 2025,Informational,40,40,0.00,0.33,0,0,23,,,https://www.housecanary.com/blog/is-the-housing-market-going-to-crash,169
will there be a housing crash soon,Informational,40,27,0.00,0.33,0,0,48,,,https://www.housecanary.com/blog/is-the-housing-market-going-to-crash,121
will there be a real estate crash,Informational,40,59,0.00,0.33,0,0,29,,,https://www.housecanary.com/blog/is-the-housing-market-going-to-crash,107
worth of houses,Informational,40,77,3.05,0.46,0,0,16,,,https://www.housecanary.com/blog/what-is-the-value-of-my-home,136
agentic ai in real estate,Informational,30,16,8.83,0.29,0,0,54,,,https://www.housecanary.com/blog/5-ai-tools-for-real-estate-agents,122
ai agent for real estate agents,"Commercial, Informational",30,52,7.10,0.66,0,0,7,,,https://www.housecanary.com/blog/5-ai-tools-for-real-estate-agents,58400000
ai apps for real estate agents,Informational,30,28,11.54,0.64,0,0,3,,,https://www.housecanary.com/blog/5-ai-tools-for-real-estate-agents,139
ai buyers agent,Informational,30,22,5.50,0.57,0,0,8,,,https://www.housecanary.com/blog/5-ai-tools-for-real-estate-agents,109
ai cma,Informational,30,19,4.77,0.44,0,52,0,,https://bricked.ai/features/cma-reports,,103
ai comps,Informational,30,10,7.39,0.36,0,15,0,,https://bricked.ai/best/comping-software,,129
ai for appraisers,"Commercial, Informational",30,7,9.20,0.68,0,0,27,,,https://www.housecanary.com/blog/5-ai-tools-for-real-estate-agents,121
ai for home buying,Informational,30,48,4.92,0.52,0,0,7,,,https://www.housecanary.com/blog/5-ai-tools-for-real-estate-agents,101
ai real estate agency,Informational,30,53,5.04,0.56,0,0,8,,,https://www.housecanary.com/blog/5-ai-tools-for-real-estate-agents,135
ai real estate soft,Informational,30,40,8.91,0.83,0,0,27,,,https://www.housecanary.com/blog/5-ai-tools-for-real-estate-investors,63200000
ai real estate underwriting,Informational,30,11,7.00,0.86,0,0,35,,,https://www.housecanary.com/blog/5-ai-tools-for-real-estate-investors,125
ai realtor assistant,Informational,30,12,6.76,0.54,0,0,9,,,https://www.housecanary.com/blog/5-ai-tools-for-real-estate-agents,127
api for real estate data,Informational,30,25,4.29,0.99,0,0,3,,,https://www.housecanary.com/blog/real-estate-api,131
artificial intelligence real estate investing,Informational,30,17,4.31,0.06,0,0,17,,,https://www.housecanary.com/blog/5-ai-tools-for-real-estate-investors,146
arv after repair value,Informational,30,17,2.20,0.36,0,0,25,,,https://www.housecanary.com/blog/arv,132
arv homes,Informational,30,11,4.78,0.20,0,0,7,,,https://www.housecanary.com/blog/arv,131
asset management and real estate,Commercial,30,21,4.84,0.34,0,0,5,,,https://www.housecanary.com/blog/real-estate-asset-management,131
assumable mortgage mn,Informational,30,8,4.76,0.40,0,0,10,,,https://www.housecanary.com/blog/assumable-mortgage,127
automated real estate software,Commercial,30,31,11.01,0.33,0,0,17,,,https://www.housecanary.com/blog/5-ai-tools-for-real-estate-agents,131
automated valuation report,Informational,30,24,3.54,0.31,0,0,9,,,https://www.housecanary.com/blog/automated-valuation-model,124
automated value model appraisal,Informational,30,-1,3.99,0.85,0,0,34,,,https://www.housecanary.com/blog/automated-valuation-model,115
avm appraisal report,Informational,30,24,3.97,0.33,0,0,14,,,https://www.housecanary.com/blog/real-estate-avm-accuracy,120
avm house,Informational,30,27,3.28,0.24,0,0,10,,,https://www.housecanary.com/blog/real-estate-avm-accuracy,132
avm property,Informational,30,28,3.50,0.33,0,0,18,,,https://www.housecanary.com/blog/real-estate-avm-accuracy,108
avm tool,Informational,30,32,4.98,0.30,0,0,19,,,https://www.housecanary.com/blog/real-estate-avm-accuracy,175
avm valuation free,Informational,30,48,2.26,0.63,0,0,29,,,https://www.housecanary.com/blog/automated-valuation-model,120
bank home value estimator,Commercial,30,77,2.08,0.25,0,0,89,,,https://www.housecanary.com/industries/private-money-lenders,118
best ai crm for real estate,Commercial,30,35,18.24,0.72,0,0,46,,,https://www.housecanary.com/blog/5-ai-tools-for-real-estate-agents,114
best ai for real estate investors,Commercial,30,16,6.33,0.77,0,0,16,,,https://www.housecanary.com/blog/5-ai-tools-for-real-estate-agents,110
best ai property management software,Commercial,30,27,36.95,0.99,0,0,20,,,https://www.housecanary.com/blog/5-ai-tools-for-real-estate-agents,117
best ai real estate tools,Commercial,30,19,5.74,0.77,0,0,18,,,https://www.housecanary.com/blog/5-ai-tools-for-real-estate-agents,106
best app to invest in real estate,Commercial,30,34,6.53,0.77,0,0,27,,,https://www.housecanary.com/blog/real-estate-investment-software,113
best lead generators for real estate,Commercial,30,21,25.14,0.46,0,0,22,,,https://www.housecanary.com/blog/best-lead-generation-for-realtors,185
best lead generators for realtors,"Commercial, Informational",30,24,24.37,0.72,0,0,15,,,https://www.housecanary.com/blog/best-lead-generation-for-realtors,163
best real estate lead generation platforms,"Commercial, Informational",30,26,27.69,0.69,0,0,5,,,https://www.housecanary.com/blog/best-lead-generation-for-realtors,122
best real estate listing leads,Commercial,30,27,17.12,0.99,0,0,4,,,https://www.housecanary.com/blog/best-lead-generation-for-realtors,103
best real estate tools,Commercial,30,29,4.82,0.73,0,0,9,,,https://www.housecanary.com/blog/best-lead-generation-for-realtors,162
best seller leads,Commercial,30,37,20.57,0.33,0,0,22,,,https://www.housecanary.com/blog/best-lead-generation-for-realtors,183
brico ai,Navigational,30,23,11.84,0.33,0,37,0,,https://bricked.ai/,,0
cactus ai real estate,Navigational,30,14,14.47,0.26,0,0,26,,,https://www.housecanary.com/,112
calculate arv of property,Informational,30,12,2.46,0.56,0,0,11,,,https://www.housecanary.com/blog/arv,130
checking property value,Informational,30,76,2.53,0.62,0,0,47,,,https://www.housecanary.com/blog/what-is-the-value-of-my-home,131
clearavm,Navigational,30,11,7.75,0.58,0,0,26,,,https://www.housecanary.com/blog/automated-valuation-model,150
cma house appraisal,Informational,30,13,4.66,0.70,0,0,11,,,https://www.housecanary.com/blog/comparative-market-analysis-tool,130
cma house value,Informational,30,27,2.87,0.57,0,0,12,,,https://www.housecanary.com/blog/comparative-market-analysis-tool,109
cma reports,Informational,30,21,3.06,0.37,0,50,0,,https://bricked.ai/features/cma-reports,,90
comparative market analysis commercial real estate,Informational,30,15,10.52,0.86,0,0,44,,,https://www.housecanary.com/blog/comparative-market-analysis-tool,162
comparative real estate market analysis,Informational,30,27,3.69,0.17,0,0,13,,,https://www.housecanary.com/blog/comparative-market-analysis-tool,134
estimate on my house,Informational,30,76,5.15,0.69,0,0,64,,,https://www.housecanary.com/blog/what-is-the-value-of-my-home,136
fair rental value calculation,Informational,30,17,3.09,0.44,0,0,36,,,https://www.housecanary.com/blog/find-perfect-rent-rate-housecanary-rental-cma,132
free market analysis real estate,Informational,30,2,4.64,0.70,0,0,15,,,https://www.housecanary.com/blog/comparative-market-analysis-tool,135
free mls api,Informational,30,12,3.10,0.48,0,0,29,,,https://www.housecanary.com/blog/real-estate-api,169
free propstream alternative,Informational,30,13,9.07,0.60,0,22,0,,https://bricked.ai/alternatives/propstream-alternatives,,113
generate more real estate leads,Informational,30,22,21.18,0.33,0,0,14,,,https://www.housecanary.com/blog/best-lead-generation-for-realtors,135
getting house valued,Informational,30,48,5.59,0.71,0,0,19,,,https://www.housecanary.com/blog/what-is-the-value-of-my-home,125
home estimation,Informational,30,77,3.53,0.60,0,0,65,,,https://www.housecanary.com/blog/what-is-the-value-of-my-home,135
home seller lead generation,Informational,30,26,17.04,0.41,0,0,4,,,https://www.housecanary.com/blog/best-lead-generation-for-realtors,134
home's value,Informational,30,77,2.49,0.46,0,0,41,,,https://www.housecanary.com/blog/what-is-the-value-of-my-home,140
homes com api,Informational,30,4,4.15,0.55,0,0,11,,,https://www.housecanary.com/blog/real-estate-api,136
homes.com api,Informational,30,13,4.15,0.55,0,0,12,,,https://www.housecanary.com/blog/real-estate-api,137
house canary pricing,Commercial,30,25,15.30,0.63,0,0,1,,,https://www.housecanary.com/pricing,103
house market will crash,Informational,30,28,2.62,0.01,0,0,36,,,https://www.housecanary.com/blog/is-the-housing-market-going-to-crash,143
house real estate value,Informational,30,76,2.15,0.66,0,0,22,,,https://www.housecanary.com/blog/what-is-the-value-of-my-home,140
houseagent,Navigational,30,48,6.97,0.59,0,0,46,,,https://www.housecanary.com/industries/real-estate-agents,119
houses with assumable loans,Commercial,30,48,3.94,0.66,0,0,29,,,https://www.housecanary.com/blog/assumable-mortgage,134
housing market expectations,Informational,30,71,2.34,0.13,0,0,17,,,https://www.housecanary.com/blog/housing-market-predictions,133
housing market forecast for 2026,Informational,30,45,2.78,0.27,0,0,25,,,https://www.housecanary.com/blog/housing-market-predictions,152
housing prices prediction,Transactional,30,79,2.47,0.15,0,0,19,,,https://www.housecanary.com/blog/housing-market-predictions,137
how do i find market value of my house,Informational,30,74,2.88,0.68,0,0,54,,,https://www.housecanary.com/blog/what-is-the-value-of-my-home,167
how do i get a market analysis on my home,Informational,30,21,5.15,0.76,0,0,14,,,https://www.housecanary.com/blog/comparative-market-analysis-tool,197
how is my house worth,Informational,30,63,3.97,0.60,0,0,72,,,https://www.housecanary.com/blog/what-is-the-value-of-my-home,139
how much is my hpuse worth,Informational,30,75,3.02,0.62,0,0,65,,,https://www.housecanary.com/blog/what-is-the-value-of-my-home,183
how much is my property worth today,Informational,30,75,4.28,0.75,0,0,28,,,https://www.housecanary.com/blog/what-is-the-value-of-my-home,140
how to check how much house is worth,Informational,30,75,3.26,0.68,0,0,68,,,https://www.housecanary.com/blog/what-is-the-value-of-my-home,130
how to determine fair market rental value,Informational,30,17,2.17,0.33,0,0,37,,,https://www.housecanary.com/blog/find-perfect-rent-rate-housecanary-rental-cma,135
how to determine the value of a home,Informational,30,58,2.18,0.39,0,0,60,,,https://www.housecanary.com/blog/what-is-the-value-of-my-home,130
how to determine the value of a house,Informational,30,75,2.32,0.52,0,0,93,,,https://www.housecanary.com/blog/what-is-the-value-of-my-home,169
how to determine value of house,Informational,30,77,2.32,0.52,0,0,65,,,https://www.housecanary.com/blog/what-is-the-value-of-my-home,154
how to do a market analysis real estate,Informational,30,40,2.78,0.66,0,0,20,,,https://www.housecanary.com/blog/comparative-market-analysis-tool,129
how to find arv of a property,Informational,30,15,3.66,0.62,0,0,15,,,https://www.housecanary.com/blog/arv,125
how to find current home value,Informational,30,75,2.14,0.53,0,0,71,,,https://www.housecanary.com/blog/what-is-the-value-of-my-home,133
how to find out a property value,Informational,30,76,2.29,0.66,0,0,56,,,https://www.housecanary.com/blog/what-is-the-value-of-my-home,129
how to find property value of a house,Informational,30,75,2.24,0.58,0,0,65,,,https://www.housecanary.com/blog/what-is-the-value-of-my-home,129
how to find value of house,Informational,30,75,2.24,0.58,0,0,64,,,https://www.housecanary.com/blog/what-is-the-value-of-my-home,129
how to find value of my home,Informational,30,75,2.78,0.66,0,0,56,,,https://www.housecanary.com/blog/what-is-the-value-of-my-home,132
how to get a house valuation,Informational,30,72,4.51,0.67,0,0,39,,,https://www.housecanary.com/blog/what-is-the-value-of-my-home,193
how to get a market analysis on my home,Informational,30,23,5.15,0.76,0,0,24,,,https://www.housecanary.com/blog/comparative-market-analysis-tool,194
how to know the value of my home,Informational,30,74,3.66,0.69,0,0,63,,,https://www.housecanary.com/blog/what-is-the-value-of-my-home,131
how to use ai as a real estate agent,Informational,30,25,5.55,0.73,0,0,4,,,https://www.housecanary.com/blog/5-ai-tools-for-real-estate-agents,101
how to use ai for real estate,Informational,30,50,3.42,0.66,0,0,7,,,https://www.housecanary.com/blog/5-ai-tools-for-real-estate-agents,174
income for 1 million dollar home,Informational,30,22,2.38,0.33,0,0,40,,,https://www.housecanary.com/blog/one-million-dollars-what-it-buys-in-united-states-housing-market,124
is 2026 a good year to sell a house,"Commercial, Informational",30,15,4.74,0.10,0,0,45,,,https://www.housecanary.com/blog/housing-market-predictions,160
is housing market going up,Informational,30,80,2.07,0.06,0,0,15,,,https://www.housecanary.com/blog/housing-market-predictions,165
lead generating real estate websites,Informational,30,31,17.36,0.17,0,0,9,,,https://www.housecanary.com/blog/best-lead-generation-for-realtors,129
lead generation real estate investors,,30,26,15.53,0.50,0,0,5,,,https://www.housecanary.com/blog/best-lead-generation-for-realtors,53
lead generation systems for real estate,Informational,30,26,28.55,0.10,0,0,4,,,https://www.housecanary.com/blog/best-lead-generation-for-realtors,133
lead generators real estate,Commercial,30,24,19.49,0.43,0,0,12,,,https://www.housecanary.com/blog/best-lead-generation-for-realtors,122
leads for realtor,Commercial,30,27,32.99,0.48,0,0,10,,,https://www.housecanary.com/blog/best-lead-generation-for-realtors,130
loan valuations,Informational,30,31,4.13,0.07,0,0,21,,,https://www.housecanary.com/industries/private-money-lenders,133
mls api free,Informational,30,19,3.10,0.48,0,0,27,,,https://www.housecanary.com/blog/real-estate-api,143
mortgage analysis,Informational,30,98,2.70,0.30,0,0,61,,,https://www.housecanary.com/industries/private-money-lenders,133
mortgage takeover homes,Informational,30,50,2.83,0.66,0,0,19,,,https://www.housecanary.com/blog/assumable-mortgage,129
non disclosure real estate,Informational,30,12,2.01,0.17,0,0,1,,,https://www.housecanary.com/blog/non-disclosure-states,135
predicted house prices,Transactional,30,76,2.47,0.15,0,0,23,,,https://www.housecanary.com/blog/housing-market-predictions,137
property ai tools,"Commercial, Informational",30,28,16.93,0.58,0,0,6,,,https://www.housecanary.com/blog/5-ai-tools-for-real-estate-agents,115
propertyshark pricing,"Navigational, Transactional",30,29,6.55,0.48,0,0,36,,,https://www.housecanary.com/pricing,106
quickview rent estimate,"Informational, Navigational",30,24,4.91,0.62,0,0,47,,,https://www.housecanary.com/blog/find-perfect-rent-rate-housecanary-rental-cma,109
real estate agent marketing tool,"Commercial, Informational",30,27,8.90,0.18,0,0,12,,,https://www.housecanary.com/blog/5-ai-tools-for-real-estate-agents,129
real estate ai crm,Informational,30,41,10.22,0.66,0,0,14,,,https://www.housecanary.com/blog/5-ai-tools-for-real-estate-agents,102
real estate ai free,Informational,30,50,5.46,0.78,0,0,7,,,https://www.housecanary.com/blog/5-ai-tools-for-real-estate-agents,113
real estate ai lead generation,Informational,30,26,8.65,0.76,0,0,7,,,https://www.housecanary.com/blog/5-ai-tools-for-real-estate-agents,102
real estate artificial intelligence,Informational,30,55,4.53,0.50,0,0,63,,,https://www.housecanary.com/blog/5-ai-tools-for-real-estate-investors,122
real estate investment ai,Informational,30,30,4.10,0.66,0,0,21,,,https://www.housecanary.com/blog/5-ai-tools-for-real-estate-investors,108
real estate investment report,Commercial,30,38,6.87,0.53,0,0,33,,,https://www.housecanary.com/solutions/investment-insights,138
real estate lead lists,"Commercial, Informational",30,20,10.51,0.52,0,0,2,,,https://www.housecanary.com/blog/best-lead-generation-for-realtors,108
real estate lead tracking,Informational,30,12,11.96,0.66,0,0,20,,,https://www.housecanary.com/blog/best-lead-generation-for-realtors,124
real estate listing api,Commercial,30,26,3.48,0.99,0,0,5,,,https://www.housecanary.com/blog/real-estate-api,130
real estate listings api,Commercial,30,26,3.48,0.99,0,0,7,,,https://www.housecanary.com/blog/real-estate-api,131
real estate marketing ai,Informational,30,40,8.34,0.48,0,0,6,,,https://www.housecanary.com/blog/5-ai-tools-for-real-estate-agents,116
real estate mls listings api,Informational,30,7,4.56,0.78,0,0,17,,,https://www.housecanary.com/blog/real-estate-api,126
real estate portfolio tracker,Informational,30,11,7.06,0.41,0,0,10,,,https://www.housecanary.com/blog/real-estate-investment-software,137
real estate site software,Informational,30,37,9.78,0.53,0,0,14,,,https://www.housecanary.com/blog/real-estate-investment-software,117
real estate underwriting ai,,30,11,8.63,0.76,0,0,32,,,https://www.housecanary.com/blog/5-ai-tools-for-real-estate-investors,52
real.estate lead generation,Commercial,30,26,19.49,0.43,0,0,8,,,https://www.housecanary.com/blog/best-lead-generation-for-realtors,109
realtor cma software,Informational,30,24,10.22,0.68,0,34,24,,https://bricked.ai/best/cma-software-for-real-estate-agents,https://www.housecanary.com/blog/comparative-market-analysis-tool,114
realtor lead generation websites,"Commercial, Informational",30,29,50.82,0.14,0,0,13,,,https://www.housecanary.com/blog/best-lead-generation-for-realtors,127
realtor listing leads,Informational,30,36,29.29,0.55,0,0,9,,,https://www.housecanary.com/blog/best-lead-generation-for-realtors,103
realty api,Commercial,30,25,3.51,0.50,0,0,7,,,https://www.housecanary.com/blog/real-estate-api,124
rent valuation,Informational,30,53,6.07,0.66,0,0,25,,,https://www.housecanary.com/blog/find-perfect-rent-rate-housecanary-rental-cma,136
rental market appraisal,Informational,30,14,3.86,0.55,0,0,48,,,https://www.housecanary.com/blog/find-perfect-rent-rate-housecanary-rental-cma,135
rental valuations,Informational,30,53,6.07,0.48,0,0,26,,,https://www.housecanary.com/blog/find-perfect-rent-rate-housecanary-rental-cma,134
rocket mortgage avm,Informational,30,37,18.27,0.57,0,0,40,,,https://www.housecanary.com/blog/automated-valuation-model,106
seller lead,Commercial,30,16,10.55,0.67,0,0,6,,,https://www.housecanary.com/blog/best-lead-generation-for-realtors,128
sellers leads,"Commercial, Informational",30,29,10.55,0.67,0,0,6,,,https://www.housecanary.com/blog/best-lead-generation-for-realtors,128
sites like propstream,Informational,30,11,17.88,0.77,0,31,0,,https://bricked.ai/alternatives/propstream-alternatives,,100
software for real estate development,"Commercial, Informational",30,25,28.57,0.29,0,0,15,,,https://www.housecanary.com/blog/real-estate-investment-software,114
taking over a mortgage loan,Informational,30,38,2.80,0.23,0,0,25,,,https://www.housecanary.com/blog/assumable-mortgage,130
top lead generation for realtors,"Commercial, Informational",30,25,13.32,0.51,0,0,3,,,https://www.housecanary.com/blog/best-lead-generation-for-realtors,149
using ai for real estate agents,Informational,30,33,15.43,0.51,0,0,4,,,https://www.housecanary.com/blog/5-ai-tools-for-real-estate-agents,110
value of house estimate,Informational,30,75,2.29,0.63,0,0,49,,,https://www.housecanary.com/blog/what-is-the-value-of-my-home,134
verified leads for real estate,Informational,30,16,10.49,0.90,0,0,17,,,https://www.housecanary.com/blog/best-lead-generation-for-realtors,107
what are the best lead generation tools for realtors,"Commercial, Informational",30,32,30.67,0.99,0,0,4,,,https://www.housecanary.com/blog/best-lead-generation-for-realtors,124
what is market value of a house,Informational,30,71,2.66,0.36,0,0,65,,,https://www.housecanary.com/blog/what-is-the-value-of-my-home,133
what is my home really worth,Informational,30,75,5.22,0.99,0,0,44,,,https://www.housecanary.com/blog/what-is-the-value-of-my-home,135
what is the house worth,Informational,30,77,3.26,0.23,0,0,56,,,https://www.housecanary.com/blog/what-is-the-value-of-my-home,137
whats my property value,Informational,30,75,4.37,0.09,0,0,43,,,https://www.housecanary.com/blog/what-is-the-value-of-my-home,141
when will the housing market get better for buyers,Informational,30,43,2.88,0.08,0,0,23,,,https://www.housecanary.com/blog/housing-market-predictions,131
when will.the housing market crash,Informational,30,35,3.23,0.02,0,0,37,,,https://www.housecanary.com/blog/is-the-housing-market-going-to-crash,130
will.housing market crash,Informational,30,35,2.62,0.01,0,0,33,,,https://www.housecanary.com/blog/is-the-housing-market-going-to-crash,106
