Keyword,Position,Previous position,Search Volume,Keyword Difficulty,CPC,URL,Traffic,Traffic (%),Traffic Cost,Competition,Number of Results,Trends,Timestamp,SERP Features by Keyword,Keyword Intents,Position Type
dealcheck,1,1,2400,50,0.00,https://dealcheck.io/,1920,42.02,0.00,0,0,"23, 16, 19, 19, 29, 16, 23, 23, 19, 16, 44, 100",2026-09-16,"Sitelinks, Reviews, Video, Video Carousel, People also ask, Related searches",navigational,Organic
deal check,1,1,720,44,2.62,https://dealcheck.io/,576,12.6,1509.00,0.2,104,"13, 20, 20, 16, 13, 30, 16, 16, 30, 34, 24, 34",2026-08-23,"Sitelinks, Reviews, Video, Video Carousel, People also ask, Related searches",navigational,Organic
deal checker,1,1,320,64,2.62,https://dealcheck.io/,256,5.6,670.00,0.2,126,"36, 20, 5, 20, 10, 45, 6, 0, 24, 10, 45, 55",2026-08-18,"Sitelinks, Reviews, Video, Video Carousel, People also ask, Related searches",informational,Organic
how to quickly screen real estate deals criteria,1,1,1900,17,0.00,https://dealcheck.io/,115,2.51,0.00,0,984000000,"24, 100",2026-08-21,"Sitelinks, Video, Video Carousel, People also ask, Related searches, Discussions and forums, AI overview",informational,AI overview
irr equation,1,1,3600,34,0.29,https://dealcheck.io/blog/how-to-calculate-internal-rate-of-return/,79,1.72,22.00,0.02,125,"19, 8, 29, 36, 44, 36, 29, 44, 44, 44, 29, 15",2026-09-16,"Image pack, Sitelinks, Reviews, Video, Image, Video Carousel, People also ask, Related searches, AI overview",informational,Image pack
real estate deal analyzer,1,1,320,16,4.35,https://dealcheck.io/,79,1.72,343.00,0.5,135,"28, 81, 54, 44, 44, 18, 35, 100, 66, 54, 54, 35",2026-08-09,"Reviews, Video, Video Carousel, Related searches, Discussions and forums",commercial,Organic
dealchecker uk,1,1,320,21,3.25,https://dealcheck.io/,79,1.72,256.00,0.22,106,"8, 55, 100, 0, 0, 36, 0, 1, 1, 1, 0, 76",2026-09-21,"Reviews, Video, People also ask, Related searches, AI overview",informational,Organic
how real estate investors analyze properties quickly,1,1,590,25,0.00,https://dealcheck.io/,77,1.68,0.00,0,128,"11, 100, 21, 72, 72",2026-09-17,"Sitelinks, Reviews, Video, Video Carousel, People also ask, Related searches, Discussions and forums, AI overview",informational,Organic
dealcheck io,1,1,70,43,6.33,https://dealcheck.io/,56,1.22,354.00,0.38,105,"11, 11, 11, 11, 11, 41, 82, 100, 64, 41, 64, 41",2026-08-11,"Sitelinks, Reviews, Video, People also ask, Related searches","navigational, transactional",Organic
brrrr calculator,4,4,1000,13,2.02,https://dealcheck.io/features/brrrr-calculator/,44,0.96,88.00,0.2,108,"36, 62, 55, 45, 55, 62, 62, 81, 62, 62, 81, 62",2026-08-23,"Reviews, Video, People also ask, Related searches, AI overview",informational,Organic
real estate investment software,8,8,1900,39,12.96,https://dealcheck.io/,41,0.89,531.00,0.04,98,"29, 35, 100, 44, 13, 24, 29, 24, 44, 29, 29, 29",2026-09-18,"Reviews, Video, Video Carousel, People also ask, Related searches, AI overview","commercial, informational",Organic
real estate property analysis software,1,1,260,16,0.00,https://dealcheck.io/,34,0.74,0.00,0.33,119,"2, 13, 6, 2, 2, 1, 1, 4, 1, 5, 62, 100",2026-08-19,"Sitelinks, Reviews, Video, Ads bottom, Video Carousel, People also ask, Related searches, AI overview",informational,Organic
dealcheck.io,1,1,40,46,6.33,https://dealcheck.io/,32,0.7,202.00,0.38,961000,"14, 0, 0, 0, 14, 78, 64, 0, 50, 100, 35, 14",2026-08-17,"Sitelinks, Reviews, Video, Video Carousel, People also ask",navigational,Organic
real estate analysis,1,1,210,54,3.33,https://dealcheck.io/,27,0.59,89.00,0.29,124,"29, 43, 66, 22, 66, 100, 54, 35, 29, 22, 54, 54",2026-08-07,"Sitelinks, Video, People also ask, Related searches, AI overview",informational,Organic
deal calculator,2,2,210,49,25.06,https://dealcheck.io/,27,0.59,676.00,0.02,94,"18, 28, 28, 23, 23, 35, 23, 35, 18, 28, 66, 100",2026-08-10,"Reviews, Video, Video Carousel, People also ask, Related searches, AI overview",informational,Organic
real estate investor software,1,1,720,24,0.00,https://dealcheck.io/,24,0.52,0.00,0,124,"88, 88, 88, 88, 72, 26, 59, 88, 100, 39, 72, 59",2026-07-29,"Sitelinks, Reviews, Video, Video Carousel, People also ask, Related searches, AI overview","commercial, informational",AI overview
dealcheck real estate,1,1,30,21,7.68,https://dealcheck.io/,24,0.52,184.00,0.63,106,"7, 7, 7, 7, 7, 42, 7, 7, 7, 7, 7, 7",2026-09-01,"Sitelinks, Reviews, Video, Video Carousel, People also ask, Related searches",navigational,Organic
real estate investing software,1,1,720,24,14.05,https://dealcheck.io/,24,0.52,337.00,0.08,122,"30, 55, 100, 81, 81, 62, 45, 30, 24, 30, 24, 24",2026-08-01,"Sitelinks, Reviews, Video, Video Carousel, People also ask, Related searches, AI overview","commercial, informational",AI overview
deal analyzer,2,2,170,12,7.40,https://dealcheck.io/,22,0.48,162.00,0.66,167,"54, 43, 22, 18, 18, 22, 43, 22, 43, 35, 54, 35",2026-09-18,"Sitelinks, Reviews, Video, People also ask, Related searches, AI overview",commercial,Organic
best real estate investment analysis platforms,1,1,170,24,0.00,https://dealcheck.io/,22,0.48,0.00,0,121,100,2026-09-13,"Sitelinks, Reviews, Video, Video Carousel, People also ask, Related searches, Discussions and forums, AI overview",commercial,Organic
property investment software,1,1,170,19,21.07,https://dealcheck.io/,22,0.48,463.00,0.08,105,"54, 54, 19, 36, 9, 19, 29, 15, 19, 19, 29, 15",2026-09-11,"Sitelinks, Reviews, Video, People also ask, Related searches, AI overview","commercial, informational",Organic
property analyzer,1,1,90,0,4.26,https://dealcheck.io/,22,0.48,93.00,0.28,133,"42, 26, 19, 19, 26, 34, 53, 42, 34, 26, 53, 34",2026-07-30,"Sitelinks, Reviews, Video, Related searches, Discussions and forums",commercial,Organic
house flipping software,1,1,590,9,4.89,https://dealcheck.io/,20,0.43,97.00,0.27,111,"59, 59, 48, 48, 59, 72, 100, 59, 59, 48, 48, 48",2026-09-18,"Sitelinks, Reviews, Video, Video Carousel, People also ask, Related searches, AI overview",informational,AI overview
how to analyze real estate deals,1,1,140,11,2.55,https://dealcheck.io/,18,0.39,45.00,0.66,152,"42, 66, 33, 14, 66, 100, 33, 66, 80, 66, 80, 100",2026-08-11,"Sitelinks, Reviews, Video, Ads bottom, Video Carousel, People also ask, Related searches, AI overview",informational,Organic
real estate investor software,7,7,720,24,0.00,https://dealcheck.io/,17,0.37,0.00,0,124,"88, 88, 88, 88, 72, 26, 59, 88, 100, 39, 72, 59",2026-07-29,"Sitelinks, Reviews, Video, Video Carousel, People also ask, Related searches, AI overview","commercial, informational",Organic
investment property analyzer,1,1,70,41,4.36,https://dealcheck.io/,17,0.37,74.00,0.42,131,"17, 23, 29, 11, 52, 100, 52, 29, 41, 11, 41, 82",2026-08-25,"Sitelinks, Video, People also ask, Related searches",informational,Organic
house flipping calculator,6,6,720,10,2.31,https://dealcheck.io/features/house-flipping-calculator/,17,0.37,39.00,0.14,115,"55, 55, 67, 55, 67, 67, 67, 67, 55, 55, 55, 55",2026-08-05,"Reviews, Video, Video Carousel, People also ask, Related searches, AI overview",informational,Organic
real estate analysis software,1,1,210,7,10.33,https://dealcheck.io/,17,0.37,175.00,0.06,108,"65, 100, 100, 81, 28, 81, 53, 53, 65, 53, 65, 65",2026-08-27,"Sitelinks, Reviews, Video, People also ask, Related searches, AI overview",informational,Organic
property analysis,1,1,210,27,4.15,https://dealcheck.io/,17,0.37,70.00,0.36,131,"43, 66, 54, 43, 22, 54, 43, 54, 54, 54, 54, 35",2026-08-08,"Sitelinks, Video, Video Carousel, People also ask, Related searches, AI overview",informational,Organic
wholesale calculator,5,5,480,17,3.40,https://dealcheck.io/features/real-estate-wholesaling-calculator/,16,0.35,54.00,0.24,113,"66, 81, 100, 100, 81, 81, 66, 66, 54, 81, 66, 54",2026-08-23,"Sitelinks, Reviews, Video, People also ask, Related searches, AI overview",commercial,Organic
real estate market analysis software,3,3,260,27,0.00,https://dealcheck.io/,16,0.35,0.00,0.03,145,"100, 66, 53, 66, 100, 82, 53, 53, 53, 53, 43, 28",2026-09-13,"Reviews, Video, People also ask, Related searches, AI overview",informational,Organic
commercial real estate analysis software,3,3,260,10,0.00,https://dealcheck.io/,16,0.35,0.00,0.33,113,"15, 23, 23, 7, 12, 2, 15, 12, 15, 54, 100, 67",2026-08-27,"Reviews, Video, People also ask, Related searches, AI overview",informational,Organic
real estate property analysis software,1,1,260,16,0.00,https://dealcheck.io/,15,0.32,0.00,0.33,119,"2, 13, 6, 2, 2, 1, 1, 4, 1, 5, 62, 100",2026-08-19,"Sitelinks, Reviews, Video, Ads bottom, Video Carousel, People also ask, Related searches, AI overview",informational,AI overview
house flipping software,7,7,590,9,4.89,https://dealcheck.io/features/house-flipping-calculator/,14,0.3,68.00,0.27,111,"59, 59, 48, 48, 59, 72, 100, 59, 59, 48, 48, 48",2026-09-18,"Sitelinks, Reviews, Video, Video Carousel, People also ask, Related searches, AI overview",informational,Organic
how to quickly screen real estate deals criteria,7,7,1900,17,0.00,https://dealcheck.io/,13,0.28,0.00,0,984000000,"24, 100",2026-08-21,"Sitelinks, Video, Video Carousel, People also ask, Related searches, Discussions and forums, AI overview",informational,Organic
real estate wholesaling calculator,3,3,170,8,3.57,https://dealcheck.io/features/real-estate-wholesaling-calculator/,13,0.28,46.00,0.39,118,"10, 43, 43, 35, 53, 100, 43, 35, 35, 43, 28, 35",2026-08-20,"Video, Video Carousel, People also ask, Related searches, AI overview",informational,Organic
real estate investment analysis software,1,1,140,27,11.71,https://dealcheck.io/,11,0.24,128.00,0.21,114,"28, 81, 100, 43, 9, 15, 21, 34, 43, 65, 65, 65",2026-08-31,"Sitelinks, Reviews, Video, People also ask, Related searches, AI overview",informational,Organic
rental property analyzer,3,3,140,56,3.86,https://dealcheck.io/,11,0.24,42.00,0.41,137,"34, 26, 65, 53, 53, 42, 65, 26, 80, 65, 80, 42",2026-07-31,"Reviews, Video, Related searches",commercial,Organic
real estate flipping software,1,1,320,10,7.51,https://dealcheck.io/features/house-flipping-calculator/,11,0.24,82.00,0.23,111,"17, 82, 82, 82, 66, 82, 82, 100, 82, 100, 82, 82",2026-08-11,"Sitelinks, Reviews, Video, Ads top, Ads bottom, Video Carousel, People also ask, Related searches, AI overview",informational,AI overview
real estate flipping software,5,5,320,10,7.51,https://dealcheck.io/features/house-flipping-calculator/,11,0.24,82.00,0.23,111,"17, 82, 82, 82, 66, 82, 82, 100, 82, 100, 82, 82",2026-08-11,"Sitelinks, Reviews, Video, Ads top, Ads bottom, Video Carousel, People also ask, Related searches, AI overview",informational,Organic
house flip software,1,1,320,11,4.74,https://dealcheck.io/features/house-flipping-calculator/,11,0.24,52.00,0.21,182,"10, 66, 66, 66, 66, 82, 100, 100, 100, 100, 82, 100",2026-08-12,"Sitelinks, Reviews, Video, People also ask, Related searches, AI overview",informational,AI overview
house flip software,4,4,320,11,4.74,https://dealcheck.io/features/house-flipping-calculator/,11,0.24,52.00,0.21,182,"10, 66, 66, 66, 66, 82, 100, 100, 100, 100, 82, 100",2026-08-12,"Sitelinks, Reviews, Video, People also ask, Related searches, AI overview",informational,Organic
real estate deal calculator,2,2,90,22,2.90,https://dealcheck.io/,11,0.24,31.00,0.66,135,"52, 66, 23, 23, 33, 33, 23, 14, 52, 100, 33, 33",2026-08-11,"Sitelinks, Reviews, Video, Related searches",commercial,Organic
house rehab software,3,3,260,10,0.00,https://dealcheck.io/features/house-flipping-calculator/,11,0.24,0.00,0.33,183,"5, 53, 53, 66, 66, 82, 82, 100, 82, 82, 82, 66",2026-08-16,"Sitelinks, Reviews, Video, People also ask, Related searches, AI overview",commercial,Organic
deal analysis,1,1,140,22,5.41,https://dealcheck.io/,11,0.24,59.00,0.37,134,"52, 100, 82, 100, 41, 64, 100, 64, 82, 64, 64, 64",2026-08-22,"Sitelinks, Reviews, Video, People also ask, Related searches, AI overview",informational,Organic
brrrr method calculator,1,1,170,9,1.12,https://dealcheck.io/features/brrrr-calculator/,10,0.21,11.00,0.32,114,"14, 29, 29, 29, 43, 43, 29, 35, 29, 43, 29, 35",2026-08-29,"Reviews, Video, People also ask, Related searches, AI overview",commercial,AI overview
real estate investors software,1,1,170,28,13.08,https://dealcheck.io/,10,0.21,130.00,0.04,120,"34, 100, 100, 42, 42, 42, 53, 100, 53, 65, 80, 65",2026-08-11,"Sitelinks, Reviews, Video, Ads bottom, Video Carousel, People also ask, Related searches, AI overview",informational,AI overview
best real estate investment analysis platforms,1,1,170,24,0.00,https://dealcheck.io/,10,0.21,0.00,0,121,100,2026-09-13,"Sitelinks, Reviews, Video, Video Carousel, People also ask, Related searches, Discussions and forums, AI overview",commercial,AI overview
property investment software,1,1,170,19,21.07,https://dealcheck.io/,10,0.21,210.00,0.08,105,"54, 54, 19, 36, 9, 19, 29, 15, 19, 19, 29, 15",2026-09-11,"Sitelinks, Reviews, Video, People also ask, Related searches, AI overview","commercial, informational",AI overview
analyze rental property,2,2,70,37,4.52,https://dealcheck.io/,9,0.19,40.00,0.09,128,"52, 41, 82, 82, 29, 0, 0, 29, 100, 64, 5, 29",2026-07-29,"Sitelinks, Video, Ads bottom, Video Carousel, Related searches",informational,Organic
investment property analysis tool,3,3,140,32,8.43,https://dealcheck.io/,9,0.19,75.00,0.37,132,"7, 53, 53, 42, 80, 100, 80, 80, 19, 65, 53, 65",2026-08-29,"Sitelinks, Video, Video Carousel, People also ask, Related searches, AI overview",informational,Organic
deal analysis real estate,1,1,70,14,3.41,https://dealcheck.io/,9,0.19,30.00,0.61,121,"78, 64, 64, 35, 14, 50, 50, 50, 35, 64, 64, 50",2026-09-15,"Sitelinks, Reviews, Video, People also ask, Related searches, AI overview",informational,Organic
real estate deal analyzer free,1,1,40,14,2.88,https://dealcheck.io/,9,0.19,25.00,0.71,138,"18, 27, 18, 18, 18, 18, 18, 81, 45, 63, 18, 81",2026-08-13,"Reviews, Video, People also ask, Related searches, AI overview",commercial,Organic
real estate rehab software,5,5,320,17,0.00,https://dealcheck.io/features/house-flipping-calculator/,9,0.19,0.00,0.33,120,"6, 54, 54, 66, 66, 66, 100, 100, 81, 100, 81, 81",2026-08-19,"Sitelinks, Reviews, Video, People also ask, Related searches, AI overview",informational,Organic
analyze real estate deal,1,1,70,16,5.45,https://dealcheck.io/,9,0.19,49.00,0.27,123,"17, 100, 52, 41, 52, 64, 52, 29, 29, 41, 41, 41",2026-08-09,"Reviews, Video, Video Carousel, People also ask, Related searches, Discussions and forums, AI overview",informational,Organic
real estate investment tools,4,4,210,28,9.33,https://dealcheck.io/,9,0.19,83.00,0.09,132,"66, 100, 82, 43, 23, 100, 28, 35, 66, 53, 35, 35",2026-08-06,"Sitelinks, Reviews, Video, Video Carousel, People also ask, Related searches, AI overview","commercial, informational",Organic
investment property software,1,1,70,44,21.07,https://dealcheck.io/,9,0.19,189.00,0.08,38,"53, 42, 19, 0, 3, 19, 19, 15, 53, 26, 19, 34",2026-09-22,"Sitelinks, Reviews, Video, People also ask, Related searches, AI overview",,Organic
real estate market analysis software,1,1,260,27,0.00,https://dealcheck.io/,9,0.19,0.00,0.03,145,"100, 66, 53, 66, 100, 82, 53, 53, 53, 53, 43, 28",2026-09-13,"Reviews, Video, People also ask, Related searches, AI overview",informational,AI overview
real estate analyzer,1,1,70,15,4.68,https://dealcheck.io/,9,0.19,42.00,0.24,130,"3, 5, 8, 2, 13, 1, 3, 10, 3, 3, 6, 8",2026-08-28,"Sitelinks, Reviews, Video, Video Carousel, People also ask, Related searches, AI overview",informational,Organic
real estate analysis tools,1,1,110,11,9.55,https://dealcheck.io/,9,0.19,85.00,0.13,128,"64, 100, 100, 29, 29, 17, 64, 52, 52, 82, 41, 82",2026-08-28,"Reviews, Video, People also ask, Related searches, AI overview",informational,Organic
wholesale real estate calculator,3,3,110,9,3.57,https://dealcheck.io/features/real-estate-wholesaling-calculator/,9,0.19,32.00,0.39,182,"17, 35, 43, 28, 28, 17, 23, 17, 17, 23, 28, 28",2026-08-27,"Reviews, Video, People also ask, Related searches, AI overview",commercial,Organic
how to analyze a real estate deal,2,2,110,29,2.55,https://dealcheck.io/,9,0.19,22.00,0.66,168,"14, 10, 35, 10, 4, 4, 54, 43, 10, 22, 43, 35",2026-08-04,"Reviews, Video, Video Carousel, People also ask, Related searches, Discussions and forums, AI overview",informational,Organic
real estate investing tools,1,1,140,30,8.94,https://dealcheck.io/,8,0.17,71.00,0.15,152,"100, 65, 100, 9, 6, 28, 21, 43, 21, 43, 28, 28",2026-09-13,"Sitelinks, Reviews, Video, Video Carousel, People also ask, Related searches, AI overview","commercial, informational",AI overview
investment property analysis tool,1,1,140,32,8.43,https://dealcheck.io/,8,0.17,67.00,0.37,132,"7, 53, 53, 42, 80, 100, 80, 80, 19, 65, 53, 65",2026-08-29,"Sitelinks, Video, Video Carousel, People also ask, Related searches, AI overview",informational,AI overview
flip calculator house,1,1,480,16,2.31,https://dealcheck.io/features/house-flipping-calculator/,8,0.17,18.00,0.14,119,"76, 13, 24, 30, 45, 55, 30, 36, 30, 55, 36, 30",2026-08-02,"Image pack, Reviews, Video, Video Carousel, People also ask, Related searches, AI overview",informational,AI overview
software for real estate investing,1,1,140,24,13.08,https://dealcheck.io/,8,0.17,104.00,0.04,107,"5, 12, 12, 4, 5, 5, 7, 7, 7, 12, 19, 100",2026-08-25,"Sitelinks, Reviews, Video, Video Carousel, People also ask, Related searches, AI overview",commercial,AI overview
deal analyzer real estate,1,1,30,13,5.71,https://dealcheck.io/,7,0.15,39.00,0.86,9340000,"50, 75, 50, 75, 50, 100, 75, 75, 75, 75, 75, 75",2026-09-13,"Reviews, Video, Video Carousel, People also ask, Related searches, AI overview",informational,Organic
commercial real estate deal analyzer,1,1,90,5,10.57,https://dealcheck.io/,7,0.15,73.00,0.66,132,"11, 19, 26, 26, 34, 34, 34, 42, 53, 42, 34, 42",2026-08-21,"Reviews, Video, People also ask, Related searches, AI overview",informational,Organic
analyzing real estate deals,1,1,90,18,3.76,https://dealcheck.io/,7,0.15,26.00,0.18,118,"50, 78, 100, 28, 35, 64, 35, 35, 64, 78, 78, 78",2026-09-04,"Sitelinks, Video, Video Carousel, People also ask, Related searches, AI overview",informational,Organic
wholesaling calculator,3,3,90,17,3.40,https://dealcheck.io/features/real-estate-wholesaling-calculator/,7,0.15,23.00,0.24,115,"12, 34, 34, 34, 15, 21, 21, 15, 43, 21, 21, 53",2026-09-01,"Sitelinks, Reviews, Video, Video Carousel, People also ask, Related searches, AI overview",informational,Organic
real estate investor collections,5,5,260,2,0.00,https://dealcheck.io/resources/,7,0.15,0.00,0,202000000,"35, 100",2026-09-07,"Reviews, Video, People also ask, AI overview",informational,Organic
real estate investment tools,1,1,210,28,9.33,https://dealcheck.io/,7,0.15,65.00,0.09,132,"66, 100, 82, 43, 23, 100, 28, 35, 66, 53, 35, 35",2026-08-06,"Sitelinks, Reviews, Video, Video Carousel, People also ask, Related searches, AI overview","commercial, informational",AI overview
property rehab software,6,6,320,7,0.00,https://dealcheck.io/features/house-flipping-calculator/,7,0.15,0.00,0.33,124,"6, 54, 54, 66, 66, 81, 81, 100, 81, 81, 81, 81",2026-08-09,"Reviews, Video, People also ask, Related searches, Discussions and forums, AI overview","commercial, informational",Organic
real estate investing tools,3,3,140,30,8.94,https://dealcheck.io/,6,0.13,53.00,0.15,152,"100, 65, 100, 9, 6, 28, 21, 43, 21, 43, 28, 28",2026-09-13,"Sitelinks, Reviews, Video, Video Carousel, People also ask, Related searches, AI overview","commercial, informational",Organic
wholesale deal analyzer,2,2,50,7,5.40,https://dealcheck.io/features/real-estate-wholesaling-calculator/,6,0.13,32.00,0.44,183,"7, 19, 19, 26, 11, 15, 15, 34, 11, 19, 19, 26",2026-08-20,"Sitelinks, Reviews, Video, People also ask, Related searches, AI overview",informational,Organic
real estate investing software,8,8,720,24,14.05,https://dealcheck.io/,6,0.13,84.00,0.08,122,"30, 55, 100, 81, 81, 62, 45, 30, 24, 30, 24, 24",2026-08-01,"Sitelinks, Reviews, Video, Video Carousel, People also ask, Related searches, AI overview","commercial, informational",Organic
real estate analysis software,1,1,210,7,10.33,https://dealcheck.io/,6,0.13,61.00,0.06,108,"65, 100, 100, 81, 28, 81, 53, 53, 65, 53, 65, 65",2026-08-27,"Sitelinks, Reviews, Video, People also ask, Related searches, AI overview",informational,AI overview
commercial real estate investment software,7,7,260,27,0.00,https://dealcheck.io/,6,0.13,0.00,0.04,131,"59, 72, 72, 17, 7, 7, 14, 17, 21, 26, 21, 21",2026-08-22,"Sitelinks, Reviews, Video, People also ask, Related searches, AI overview",informational,Organic
software for property investors,1,1,110,28,21.07,https://dealcheck.io/,6,0.13,126.00,0.08,111,"100, 100, 41, 41, 41, 64, 64, 64, 41, 82, 82, 64",2026-09-22,"Sitelinks, Reviews, Video, People also ask, Related searches, AI overview","commercial, informational",AI overview
amount financed,6,6,320,26,2.66,https://help.dealcheck.io/en/articles/8713257-amount-financed,6,0.13,15.00,0.02,77,"45, 100, 13, 16, 8, 16, 16, 13, 10, 20, 24, 13",2026-08-02,"Sitelinks, Video, Video Carousel, People also ask, Related searches, AI overview",informational,Organic
deal analyzer software,1,1,50,15,0.00,https://dealcheck.io/,6,0.13,0.00,0.33,100,"11, 29, 29, 29, 29, 29, 29, 41, 23, 17, 23, 29",2026-08-26,"Reviews, Video, People also ask, Related searches, AI overview",commercial,Organic
commercial property roi calculator,1,1,90,17,1.21,https://dealcheck.io/features/multi-family-commercial-property-calculator/,5,0.1,6.00,0.12,132,"45, 27, 81, 81, 81, 100, 81, 100, 100, 81, 100, 100",2026-07-30,"Video, People also ask, Related searches, AI overview",informational,AI overview
real estate deal analysis,1,1,70,11,3.71,https://dealcheck.io/,5,0.1,18.00,0.24,108,"33, 52, 52, 52, 23, 9, 0, 23, 52, 23, 14, 80",2026-07-28,"Reviews, Video, Video Carousel, People also ask, Related searches, AI overview",informational,Organic
property investment analysis software,1,1,90,12,11.71,https://dealcheck.io/,5,0.1,58.00,0.21,121,"34, 53, 53, 19, 11, 19, 34, 19, 15, 80, 26, 34",2026-08-04,"Sitelinks, Reviews, Video, Video Carousel, People also ask, Related searches, AI overview",informational,AI overview
brrrr calculator excel,4,4,90,3,2.18,https://dealcheck.io/features/brrrr-calculator/,5,0.1,10.00,0.42,100,"13, 13, 5, 8, 8, 8, 5, 5, 5, 5, 6, 6",2026-09-13,"Reviews, Video, Video Carousel, People also ask, AI overview",informational,Organic
real estate investment tool,1,2,40,34,8.94,https://dealcheck.io/,5,0.1,44.00,0.15,66,"100, 100, 36, 9, 9, 9, 18, 9, 18, 18, 81, 63",2026-09-22,"Sitelinks, Reviews, Video, People also ask, Related searches, AI overview",,Organic
dealcheck ai,2,2,40,18,11.88,https://dealcheck.io/,5,0.1,59.00,0.53,103,"22, 44, 55, 55, 22, 77, 22, 22, 100, 44, 22, 22",2026-09-19,"Reviews, Video, People also ask, Related searches, AI overview",commercial,Organic
real estate investor tools,1,1,90,27,0.00,https://dealcheck.io/,5,0.1,0.00,0,132,"11, 100, 100, 52, 23, 41, 41, 64, 52, 41, 41, 41",2026-08-27,"Sitelinks, Reviews, Video, Video Carousel, People also ask, Related searches, AI overview","commercial, informational",AI overview
checkk.io founded,3,3,90,,0.00,https://dealcheck.io/about/,5,0.1,0.00,0,12900,"0, 100, 14",2026-09-19,"Video, Related searches, AI overview",informational,Organic
analyzing deals,1,1,40,7,5.41,https://dealcheck.io/,5,0.1,27.00,0.37,113,"18, 18, 18, 100, 18, 18, 18, 18, 18, 100, 18, 18",2026-08-19,"Sitelinks, Video, Video Carousel, People also ask, Related searches, AI overview",informational,Organic
best house flipping software,1,1,170,15,4.26,https://dealcheck.io/,5,0.1,21.00,0.16,173,"6, 53, 65, 43, 53, 53, 100, 100, 53, 53, 53, 53",2026-09-03,"Sitelinks, Reviews, Video, Video Carousel, People also ask, Popular products, Related searches, Discussions and forums, AI overview",commercial,AI overview
real estate investment analysis tools,1,1,40,24,7.64,https://dealcheck.io/,5,0.1,38.00,0.05,125,"12, 17, 17, 17, 7, 5, 5, 10, 5, 5, 5, 7",2026-07-28,"Sitelinks, Reviews, Video, Video Carousel, People also ask, Related searches, Discussions and forums, AI overview","commercial, informational",Organic
rentcast,14,14,5400,30,2.09,https://help.dealcheck.io/en/articles/8713262-rentcast-rent-estimate,5,0.1,10.00,0.21,0,"54, 81, 54, 66, 54, 81, 66, 54, 81, 81, 81, 81",2026-09-19,"Sitelinks, Video, Ads bottom, Related searches",navigational,Organic
gross rent multiplier formula,4,4,720,38,0.10,https://dealcheck.io/blog/how-to-calculate-gross-rent-multiplier/,5,0.1,0.00,0.14,124,"45, 45, 62, 36, 30, 30, 30, 81, 45, 36, 45, 62",2026-07-27,"Image pack, Sitelinks, Reviews, Video, Video Carousel, People also ask, Related searches, AI overview",informational,Image pack
commercial real estate roi calculator,1,1,170,17,3.24,https://dealcheck.io/features/multi-family-commercial-property-calculator/,5,0.1,16.00,0.33,129,"42, 100, 100, 100, 80, 53, 34, 53, 34, 53, 34, 65",2026-08-14,"Sitelinks, Video, People also ask, Related searches, AI overview",commercial,AI overview
commercial real estate roi calculator,5,5,170,17,3.24,https://dealcheck.io/features/multi-family-commercial-property-calculator/,5,0.1,16.00,0.33,129,"42, 100, 100, 100, 80, 53, 34, 53, 34, 53, 34, 65",2026-08-14,"Sitelinks, Video, People also ask, Related searches, AI overview",commercial,Organic
property valuation software,12,12,880,14,8.77,https://dealcheck.io/features/property-valuation-reporting-software/,4,0.08,35.00,0.04,116,"30, 13, 20, 11, 8, 13, 8, 30, 34, 100, 34, 65",2026-08-26,"Reviews, Video, People also ask, Related searches, AI overview",informational,Organic
real estate investment analysis software,1,1,140,27,11.71,https://dealcheck.io/,4,0.08,46.00,0.21,114,"28, 81, 100, 43, 9, 15, 21, 34, 43, 65, 65, 65",2026-08-31,"Sitelinks, Reviews, Video, People also ask, Related searches, AI overview",informational,AI overview
brrrr method calculator,7,7,170,9,1.12,https://dealcheck.io/features/brrrr-calculator/,4,0.08,4.00,0.32,114,"14, 29, 29, 29, 43, 43, 29, 35, 29, 43, 29, 35",2026-08-29,"Reviews, Video, People also ask, Related searches, AI overview",commercial,Organic
real estate investors software,5,5,170,28,13.08,https://dealcheck.io/,4,0.08,52.00,0.04,120,"34, 100, 100, 42, 42, 42, 53, 100, 53, 65, 80, 65",2026-08-11,"Sitelinks, Reviews, Video, Ads bottom, Video Carousel, People also ask, Related searches, AI overview",informational,Organic
commercial real estate investment calculator,4,4,70,24,2.79,https://dealcheck.io/features/multi-family-commercial-property-calculator/,4,0.08,11.00,0.42,126,"27, 63, 81, 63, 81, 63, 45, 45, 63, 63, 63, 63",2026-08-29,"Video, People also ask, Related searches, AI overview",commercial,Organic
deal explorer,4,4,70,23,2.93,https://dealcheck.io/,4,0.08,11.00,0.96,195,"33, 33, 23, 33, 23, 9, 9, 9, 52, 80, 66, 52",2026-09-16,"Reviews, Video, AI overview",informational,Organic
commercial real estate investment analysis software,9,9,320,29,0.00,https://dealcheck.io/,4,0.08,0.00,0.33,116,"28, 54, 66, 35, 18, 23, 44, 66, 66, 66, 100, 81",2026-08-21,"Sitelinks, Reviews, Video, Ads bottom, People also ask, Related searches, AI overview",informational,Organic
house flipping software free,1,1,70,9,3.99,https://dealcheck.io/features/house-flipping-calculator/,4,0.08,15.00,0.33,103,"35, 50, 35, 21, 14, 28, 100, 100, 50, 50, 28, 35",2026-09-01,"Sitelinks, Reviews, Video, People also ask, Related searches, AI overview","commercial, informational",AI overview
property research software,1,1,140,29,0.00,https://dealcheck.io/,4,0.08,0.00,0.21,111,"100, 2, 1, 1, 0, 1, 8, 1, 1, 1, 0, 1",2026-09-17,"Sitelinks, Reviews, Video, People also ask, Related searches, AI overview",informational,AI overview
rental property analysis tool,3,3,50,57,7.34,https://dealcheck.io/,4,0.08,29.00,0.28,133,"18, 100, 81, 27, 18, 18, 63, 45, 81, 100, 18, 81",2026-08-08,"Reviews, Video, Ads bottom, People also ask, Related searches",commercial,Organic
real estate deal analysis software,1,1,50,50,14.47,https://dealcheck.io/,4,0.08,57.00,0.26,122,"18, 63, 63, 27, 18, 18, 45, 100, 63, 81, 45, 100",2026-09-02,"Reviews, Video, Video Carousel, People also ask, Related searches, AI overview",informational,Organic
brrrr calculator free,4,4,70,2,0.00,https://dealcheck.io/features/brrrr-calculator/,4,0.08,0.00,0.11,103,"11, 82, 64, 41, 52, 52, 52, 41, 41, 41, 29, 41",2026-08-09,"Reviews, Video, Related searches",commercial,Organic
deal analysis real estate,1,1,70,14,3.41,https://dealcheck.io/,4,0.08,13.00,0.61,121,"78, 64, 64, 35, 14, 50, 50, 50, 35, 64, 64, 50",2026-09-15,"Sitelinks, Reviews, Video, People also ask, Related searches, AI overview",informational,AI overview
real estate investment evaluation software,2,2,70,26,0.00,https://dealcheck.io/,4,0.08,0.00,0.33,127,"19, 66, 100, 52, 9, 19, 14, 14, 9, 14, 42, 42",2026-08-08,"Sitelinks, Reviews, Video, People also ask, Related searches, AI overview",informational,Organic
wholesale calculator real estate,3,3,110,7,3.57,https://dealcheck.io/features/real-estate-wholesaling-calculator/,4,0.08,14.00,0.39,116,"3, 5, 7, 4, 4, 2, 2, 3, 2, 4, 3, 3",2026-09-02,"Reviews, Video, Video Carousel, People also ask, Related searches, AI overview",informational,Organic
investment real estate analysis software,1,1,50,16,11.71,https://dealcheck.io/,4,0.08,46.00,0.21,115,"18, 63, 100, 45, 18, 63, 63, 18, 9, 9, 63, 63",2026-08-25,"Sitelinks, Reviews, Video, Video Carousel, People also ask, Related searches, AI overview",informational,Organic
real estate analytics tool,1,1,70,21,0.00,https://dealcheck.io/,4,0.08,0.00,0.01,125,"0, 0, 0, 0, 0, 100, 1, 1, 4, 1, 4, 1",2026-08-07,"Sitelinks, Reviews, Video, Ads bottom, Video Carousel, Related searches, AI overview",informational,AI overview
investment property software,1,0,70,44,21.07,https://dealcheck.io/,4,0.08,84.00,0.08,38,"53, 42, 19, 0, 3, 19, 19, 15, 53, 26, 19, 34",2026-09-22,"Sitelinks, Reviews, Video, People also ask, Related searches, AI overview",,AI overview
tools for real estate investors,1,1,70,23,7.22,https://dealcheck.io/,4,0.08,28.00,0.46,128,"100, 100, 23, 19, 19, 14, 14, 23, 52, 42, 33, 14",2026-09-12,"Sitelinks, Video, Video Carousel, People also ask, Related searches, AI overview",informational,AI overview
real estate analyzer,1,1,70,15,4.68,https://dealcheck.io/,4,0.08,18.00,0.24,130,"3, 5, 8, 2, 13, 1, 3, 10, 3, 3, 6, 8",2026-08-28,"Sitelinks, Reviews, Video, Video Carousel, People also ask, Related searches, AI overview",informational,AI overview
property 50,18,18,2900,15,2.68,https://dealcheck.io/blog/what-is-the-50-percent-rule/,4,0.08,10.00,0.01,107,"0, 7, 100, 7, 2, 1, 81, 1, 2, 1, 0, 4",2026-09-15,"Video, People also ask, Related searches, AI overview",informational,Organic
property analytics,1,1,140,21,4.00,https://dealcheck.io/,4,0.08,16.00,0.21,130,"19, 19, 65, 80, 26, 53, 65, 42, 100, 65, 19, 34",2026-07-29,"Video, Video Carousel, People also ask, Related searches, AI overview",informational,AI overview
real estate deal finder software,2,2,50,24,2.82,https://dealcheck.io/,3,0.06,8.00,0.51,130,"6, 12, 12, 6, 9, 6, 12, 53, 15, 12, 9, 21",2026-08-18,"Sitelinks, Reviews, Video, Ads bottom, Video Carousel, People also ask, Related searches, Discussions and forums, AI overview",informational,Organic
real estate commission software,1,1,110,42,45.06,https://dealcheck.io/,3,0.06,135.00,0.5,118,"80, 100, 65, 42, 34, 34, 42, 53, 26, 19, 26, 19",2026-08-30,"Sitelinks, Reviews, Video, People also ask, Related searches, AI overview",informational,AI overview
software for house flippers,1,1,90,10,3.67,https://dealcheck.io/features/house-flipping-calculator/,3,0.06,11.00,0.15,181,"21, 35, 64, 64, 35, 50, 64, 100, 100, 50, 50, 50",2026-07-29,"Sitelinks, Reviews, Video, People also ask, Popular products, Related searches, AI overview","commercial, informational",AI overview
brrr calculator,5,5,110,10,2.02,https://dealcheck.io/features/brrrr-calculator/,3,0.06,6.00,0.2,113,"64, 100, 100, 64, 64, 64, 52, 64, 64, 64, 64, 52",2026-08-27,"Reviews, Video, People also ask, Related searches",commercial,Organic
property investment analysis software,3,3,90,12,11.71,https://dealcheck.io/,3,0.06,35.00,0.21,121,"34, 53, 53, 19, 11, 19, 34, 19, 15, 80, 26, 34",2026-08-04,"Sitelinks, Reviews, Video, Video Carousel, People also ask, Related searches, AI overview",informational,Organic
dealcheck ai,3,3,40,18,11.88,https://app.dealcheck.io/,3,0.06,35.00,0.53,103,"22, 44, 55, 55, 22, 77, 22, 22, 100, 44, 22, 22",2026-09-19,"Reviews, Video, People also ask, Related searches, AI overview",commercial,Organic
noi cap rate formula,1,1,70,31,0.30,https://dealcheck.io/blog/understanding-cap-rates/,3,0.06,0.00,0.33,128,"3, 3, 2, 2, 4, 3, 1, 5, 1, 5, 5, 5",2026-08-10,"Image pack, Sitelinks, Reviews, Video, People also ask, Related searches, AI overview",informational,Image pack
best real estate investment analysis software,1,1,40,33,12.07,https://dealcheck.io/,3,0.06,36.00,0.49,105,"23, 33, 9, 9, 19, 9, 14, 14, 19, 14, 23, 23",2026-09-19,"Reviews, Video, Video Carousel, People also ask, AI overview",commercial,Organic
best house flipping software,6,6,170,15,4.26,https://dealcheck.io/features/house-flipping-calculator/,3,0.06,12.00,0.16,173,"6, 53, 65, 43, 53, 53, 100, 100, 53, 53, 53, 53",2026-09-03,"Sitelinks, Reviews, Video, Video Carousel, People also ask, Popular products, Related searches, Discussions and forums, AI overview",commercial,Organic
investment real estate software,7,7,170,27,13.08,https://dealcheck.io/,3,0.06,39.00,0.04,111,"28, 44, 54, 66, 15, 18, 35, 8, 11, 11, 15, 18",2026-08-22,"Sitelinks, Reviews, Video, People also ask, Related searches, AI overview",informational,Organic
fix and flip software,4,4,90,6,8.06,https://dealcheck.io/features/house-flipping-calculator/,3,0.06,24.00,0.75,120,"19, 19, 33, 42, 23, 33, 33, 42, 100, 52, 42, 42",2026-07-28,"Reviews, Video, Video Carousel, Related searches, AI overview",informational,Organic
real estate investment software free,1,1,30,21,4.43,https://dealcheck.io/,3,0.06,13.00,0.28,129,"28, 71, 100, 28, 14, 71, 0, 57, 28, 28, 14, 100",2026-09-01,"Sitelinks, Reviews, Video, People also ask, Related searches, AI overview","commercial, informational",Organic
investment property analyzer tool,2,2,40,35,0.00,https://dealcheck.io/,3,0.06,0.00,0,136,"28, 57, 71, 28, 100, 100, 71, 28, 28, 28, 28, 42",2026-09-09,"Sitelinks, Reviews, Video, People also ask, Related searches, AI overview",informational,Organic
property analysis,1,1,210,27,4.15,https://dealcheck.io/,3,0.06,12.00,0.36,131,"43, 66, 54, 43, 22, 54, 43, 54, 54, 54, 54, 35",2026-08-08,"Sitelinks, Video, Video Carousel, People also ask, Related searches, AI overview",informational,AI overview
real estate wholesale calculator,3,3,90,16,3.06,https://dealcheck.io/features/real-estate-wholesaling-calculator/,3,0.06,9.00,0.51,117,"34, 34, 34, 34, 28, 34, 21, 21, 28, 21, 21, 12",2026-09-12,"Sitelinks, Video, Video Carousel, People also ask, Related searches, AI overview",informational,Organic
real estate analysis tools,1,1,110,11,9.55,https://dealcheck.io/,3,0.06,28.00,0.13,128,"64, 100, 100, 29, 29, 17, 64, 52, 52, 82, 41, 82",2026-08-28,"Reviews, Video, People also ask, Related searches, AI overview",informational,AI overview
real estate deal finder,2,2,40,31,5.89,https://dealcheck.io/,3,0.06,17.00,0.99,119,"36, 45, 18, 27, 81, 18, 18, 18, 45, 45, 18, 27",2026-08-17,"Sitelinks, Reviews, Video, Ads bottom, People also ask, Related searches, AI overview",commercial,Organic
flipping software,7,7,320,14,6.57,https://dealcheck.io/features/house-flipping-calculator/,2,0.04,13.00,0.09,112,"66, 66, 82, 82, 82, 82, 100, 100, 100, 82, 82, 82",2026-09-16,"Reviews, Video, Video Carousel, People also ask, Related searches, AI overview",informational,Organic
arv wholesale calculator,3,3,40,10,0.00,https://dealcheck.io/features/real-estate-wholesaling-calculator/,2,0.04,0.00,0.86,120,"36, 63, 27, 18, 18, 18, 27, 45, 45, 45, 63, 45",2026-09-21,"Reviews, Video, Video Carousel, People also ask, AI overview",informational,Organic
software for house flippers,6,6,90,10,3.67,https://dealcheck.io/features/house-flipping-calculator/,2,0.04,7.00,0.15,181,"21, 35, 64, 64, 35, 50, 64, 100, 100, 50, 50, 50",2026-07-29,"Sitelinks, Reviews, Video, People also ask, Popular products, Related searches, AI overview","commercial, informational",Organic
commercial real estate deal analyzer,1,1,90,5,10.57,https://dealcheck.io/,2,0.04,21.00,0.66,132,"11, 19, 26, 26, 34, 34, 34, 42, 53, 42, 34, 42",2026-08-21,"Reviews, Video, People also ask, Related searches, AI overview",informational,AI overview
ai real estate deal analyzer,4,4,40,0,6.10,https://dealcheck.io/,2,0.04,12.00,0.66,131,"18, 63, 100, 63, 18, 18, 18, 18, 18, 18, 27, 45",2026-08-13,"Sitelinks, Reviews, Video, Video Carousel, People also ask, Related searches",informational,Organic
how to quickly screen real estate deals criteria,21,21,1900,17,0.00,https://dealcheck.io/blog/quickly-screen-properties-with-custom-purchase-criteria/,2,0.04,0.00,0,984000000,"24, 100",2026-08-21,"Sitelinks, Video, Video Carousel, People also ask, Related searches, Discussions and forums, AI overview",informational,Organic
what is the amount financed,5,5,90,22,0.00,https://help.dealcheck.io/en/articles/8713257-amount-financed,2,0.04,0.00,0.33,42500000,"50, 64, 35, 64, 64, 78, 78, 50, 78, 78, 100, 64",2026-08-22,"Sitelinks, Video, People also ask, Related searches, AI overview",informational,Organic
home flipping software,6,3,90,9,4.89,https://dealcheck.io/features/house-flipping-calculator/,2,0.04,9.00,0.27,174,"35, 78, 50, 50, 35, 35, 64, 35, 78, 64, 78, 50",2026-09-22,"Sitelinks, Reviews, Video, Video Carousel, People also ask, Related searches, AI overview",informational,Organic
real estate investment software programs,1,1,70,24,0.00,https://dealcheck.io/,2,0.04,0.00,0.21,126,"33, 19, 52, 100, 42, 9, 42, 9, 9, 9, 9, 33",2026-07-28,"Sitelinks, Reviews, Video, Video Carousel, People also ask, Related searches, AI overview",informational,AI overview
real estate investment software programs,5,5,70,24,0.00,https://dealcheck.io/,2,0.04,0.00,0.21,126,"33, 19, 52, 100, 42, 9, 42, 9, 9, 9, 9, 33",2026-07-28,"Sitelinks, Reviews, Video, Video Carousel, People also ask, Related searches, AI overview",informational,Organic
real estate investment tool,1,1,40,34,8.94,https://dealcheck.io/,2,0.04,17.00,0.15,66,"100, 100, 36, 9, 9, 9, 18, 9, 18, 18, 81, 63",2026-09-22,"Sitelinks, Reviews, Video, People also ask, Related searches, AI overview",,AI overview
fix flip calculator,3,3,170,8,2.76,https://dealcheck.io/features/house-flipping-calculator/,2,0.04,5.00,0.41,131,"21, 65, 65, 34, 100, 34, 34, 43, 34, 53, 53, 28",2026-08-10,"Reviews, Video, People also ask, Related searches, AI overview",informational,AI overview
real estate investor tools,5,5,90,27,0.00,https://dealcheck.io/,2,0.04,0.00,0,132,"11, 100, 100, 52, 23, 41, 41, 64, 52, 41, 41, 41",2026-08-27,"Sitelinks, Reviews, Video, Video Carousel, People also ask, Related searches, AI overview","commercial, informational",Organic
property roi analysis services,1,1,40,0,0.00,https://dealcheck.io/,2,0.04,0.00,0,128,"100, 100, 71, 100, 71, 57, 14, 14, 0",2026-09-04,"Reviews, Video, People also ask, Related searches, AI overview",informational,AI overview
analyze rental properties,6,6,70,50,4.52,https://dealcheck.io/,2,0.04,9.00,0.09,137,"23, 19, 52, 66, 23, 9, 9, 33, 66, 19, 19, 33",2026-07-29,"Video, Video Carousel, Related searches, AI overview",informational,Organic
real estate investment evaluation software,1,1,70,26,0.00,https://dealcheck.io/,2,0.04,0.00,0.33,127,"19, 66, 100, 52, 9, 19, 14, 14, 9, 14, 42, 42",2026-08-08,"Sitelinks, Reviews, Video, People also ask, Related searches, AI overview",informational,AI overview
flipping calculator,9,9,110,12,2.61,https://dealcheck.io/features/house-flipping-calculator/,2,0.04,5.00,0.21,116,"26, 34, 53, 26, 34, 42, 53, 42, 26, 34, 42, 42",2026-08-21,"Reviews, Video, People also ask, Related searches, AI overview",informational,Organic
coc formula,1,1,110,12,3.07,https://dealcheck.io/blog/how-to-calculate-cash-on-cash-return/,2,0.04,6.00,0.04,120,"41, 100, 82, 82, 41, 41, 41, 52, 64, 100, 64, 41",2026-09-01,"Image pack, Video, People also ask, Related searches, AI overview",informational,Image pack
coc formula,1,1,110,12,3.07,https://dealcheck.io/blog/how-to-calculate-cash-on-cash-return/,2,0.04,6.00,0.04,120,"41, 100, 82, 82, 41, 41, 41, 52, 64, 100, 64, 41",2026-09-01,"Image pack, Video, People also ask, Related searches, AI overview",informational,Image pack
free fix and flip calculator,6,6,90,5,2.62,https://dealcheck.io/features/house-flipping-calculator/,2,0.04,5.00,0.46,109,"50, 35, 14, 50, 64, 100, 78, 50, 35, 64, 78, 78",2026-09-14,"Reviews, Video, Related searches, AI overview",informational,Organic
free house flipping software,1,1,70,9,3.99,https://dealcheck.io/,2,0.04,7.00,0.31,111,"9, 23, 19, 14, 9, 9, 66, 100, 33, 23, 23, 23",2026-08-18,"Sitelinks, Reviews, Video, People also ask, Related searches, AI overview","commercial, informational",AI overview
free house flipping software,4,4,70,9,3.99,https://dealcheck.io/features/house-flipping-calculator/,2,0.04,7.00,0.31,111,"9, 23, 19, 14, 9, 9, 66, 100, 33, 23, 23, 23",2026-08-18,"Sitelinks, Reviews, Video, People also ask, Related searches, AI overview","commercial, informational",Organic
investment property analyzer tool,1,1,40,35,0.00,https://dealcheck.io/,2,0.04,0.00,0,136,"28, 57, 71, 28, 100, 100, 71, 28, 28, 28, 28, 42",2026-09-09,"Sitelinks, Reviews, Video, People also ask, Related searches, AI overview",informational,AI overview
wholesale deal calculator,3,3,40,12,3.77,https://dealcheck.io/features/real-estate-wholesaling-calculator/,2,0.04,7.00,0.66,102,"42, 42, 71, 71, 71, 28, 28, 28, 28, 42, 57, 57",2026-07-28,"Reviews, Video, Video Carousel, Related searches, AI overview",informational,Organic
best real estate software for investors,1,1,390,73,10.46,https://dealcheck.io/,2,0.04,20.00,0.24,152,"10, 100, 62, 36, 10, 4, 8, 6, 8, 10, 10, 10",2026-07-30,"Sitelinks, Reviews, Video, Video Carousel, People also ask, Related searches, AI overview","commercial, informational",AI overview
explore real estate investment software,2,2,40,14,0.00,https://dealcheck.io/,2,0.04,0.00,0,96,"0, 45, 100, 63, 27, 45, 45, 36, 18, 18, 36, 45",2026-08-16,"Sitelinks, Reviews, Video, Ads bottom, People also ask, Related searches, AI overview",informational,Organic
dealchecker uk,10,29,320,21,3.25,https://app.dealcheck.io/,2,0.04,6.00,0.22,106,"8, 55, 100, 0, 0, 36, 0, 1, 1, 1, 0, 76",2026-09-21,"Reviews, Video, People also ask, Related searches, AI overview",informational,Organic
free brrrr calculator,4,4,40,7,2.01,https://dealcheck.io/features/brrrr-calculator/,2,0.04,4.00,0.47,106,"7, 11, 11, 7, 15, 19, 19, 19, 19, 15, 11, 11",2026-08-10,"Video, People also ask, Related searches",commercial,Organic
deal calculator,2,2,210,49,25.06,https://dealcheck.io/,2,0.04,50.00,0.02,94,"18, 28, 28, 23, 23, 35, 23, 35, 18, 28, 66, 100",2026-08-10,"Reviews, Video, Video Carousel, People also ask, Related searches, AI overview",informational,AI overview
investment analysis for real estate,6,6,110,17,4.03,https://dealcheck.io/,2,0.04,8.00,0.17,121,"23, 15, 12, 9, 9, 9, 9, 9, 15, 44, 19, 19",2026-08-13,"Sitelinks, Reviews, Video, People also ask, Related searches, AI overview","commercial, informational",Organic
deal analysis,1,1,140,22,5.41,https://dealcheck.io/,2,0.04,10.00,0.37,134,"52, 100, 82, 100, 41, 64, 100, 64, 82, 64, 64, 64",2026-08-22,"Sitelinks, Reviews, Video, People also ask, Related searches, AI overview",informational,AI overview
ltc meaning,41,41,4400,22,0.60,https://dealcheck.io/blog/what-is-the-loan-to-cost-ratio/,1,0.02,0.00,0.33,129,"54, 44, 29, 54, 36, 54, 44, 54, 66, 36, 54, 19",2026-09-14,"Video, People also ask, Related searches, AI overview",informational,Organic
multifamily deal analyzer,8,8,70,5,9.75,https://dealcheck.io/,1,0.02,9.00,0.67,121,"7, 15, 19, 15, 26, 34, 19, 34, 34, 42, 42, 53",2026-08-20,"Sitelinks, Reviews, Video, Video Carousel, People also ask, Related searches, Discussions and forums",commercial,Organic
software for flipping houses,1,1,40,10,4.89,https://dealcheck.io/,1,0.02,4.00,0.27,113,"28, 42, 28, 42, 57, 57, 100, 57, 42, 71, 57, 42",2026-09-13,"Sitelinks, Reviews, Video, People also ask, Related searches, AI overview",informational,AI overview
property value software,5,5,50,27,8.77,https://dealcheck.io/,1,0.02,8.00,0.04,114,"0, 0, 100, 10, 0, 0, 0, 0, 0, 0, 22, 2",2026-08-25,"Sitelinks, Reviews, Video, Ads bottom, People also ask, Related searches, AI overview",informational,Organic
free house flipping calculator,1,1,50,8,1.87,https://dealcheck.io/features/house-flipping-calculator/,1,0.02,1.00,0.38,92,"9, 9, 14, 14, 33, 42, 23, 9, 14, 33, 33, 52",2026-09-18,"Image pack, Reviews, Video, Video Carousel, People also ask, Related searches, AI overview",informational,AI overview
free house flipping calculator,5,5,50,8,1.87,https://dealcheck.io/features/house-flipping-calculator/,1,0.02,1.00,0.38,92,"9, 9, 14, 14, 33, 42, 23, 9, 14, 33, 33, 52",2026-09-18,"Image pack, Reviews, Video, Video Carousel, People also ask, Related searches, AI overview",informational,Organic
free real estate investing software,1,1,30,29,4.43,https://dealcheck.io/,1,0.02,4.00,0.28,132,"18, 36, 36, 18, 18, 18, 18, 45, 18, 18, 18, 27",2026-08-25,"Sitelinks, Reviews, Video, Video Carousel, People also ask, Related searches, Discussions and forums, AI overview",informational,AI overview
property management questionnaire,8,8,70,0,0.00,https://dealcheck.io/wp-content/uploads/media/Property%20Manager%20Questionnaire%20%7C%20DealCheck.pdf,1,0.02,0.00,0.01,137,"36, 100, 100, 27, 63, 18, 81, 81, 45, 63, 63, 81",2026-08-18,"Reviews, Video, People also ask, Related searches, AI overview",informational,Organic
house flipping software reviews,1,1,40,9,0.00,https://dealcheck.io/features/house-flipping-calculator/,1,0.02,0.00,0.33,109,"22, 44, 55, 22, 44, 77, 55, 100, 33, 33, 33, 22",2026-09-07,"Sitelinks, Reviews, Video, Video Carousel, People also ask, Related searches, Discussions and forums, AI overview",commercial,AI overview
commercial real estate investment analysis software,11,11,320,29,0.00,https://dealcheck.io/,1,0.02,0.00,0.33,116,"28, 54, 66, 35, 18, 23, 44, 66, 66, 66, 100, 81",2026-08-21,"Sitelinks, Reviews, Video, Ads bottom, People also ask, Related searches, AI overview",informational,Organic
wholesale arv calculator,5,5,30,6,3.98,https://dealcheck.io/features/real-estate-wholesaling-calculator/,1,0.02,3.00,0.77,122,"18, 45, 45, 45, 18, 18, 18, 18, 36, 27, 45, 36",2026-08-26,"Reviews, Video, People also ask, Related searches, AI overview",informational,Organic
property deal analysis checklist for investors,10,10,260,11,0.00,https://dealcheck.io/resources/,1,0.02,0.00,0,161,"100, 35",2026-07-28,"Reviews, Video, Ads top, Ads bottom, Video Carousel, Related searches, Discussions and forums, AI overview","commercial, informational",Organic
commercial property return on investment calculator,1,1,50,17,3.24,https://dealcheck.io/features/multi-family-commercial-property-calculator/,1,0.02,3.00,0.06,132,"64, 64, 11, 11, 11, 11, 11, 11, 11, 64, 11, 82",2026-08-14,"Sitelinks, Video, Related searches, AI overview",informational,AI overview
commercial property return on investment calculator,5,5,50,17,3.24,https://dealcheck.io/features/multi-family-commercial-property-calculator/,1,0.02,3.00,0.06,132,"64, 64, 11, 11, 11, 11, 11, 11, 11, 64, 11, 82",2026-08-14,"Sitelinks, Video, Related searches, AI overview",informational,Organic
my deal analyzer.com,8,8,50,7,6.34,https://dealcheck.io/,1,0.02,6.00,0.65,167,"28, 21, 28, 28, 15, 15, 12, 15, 6, 9, 6, 6",2026-09-03,"Reviews, Video, People also ask, AI overview",informational,Organic
brrrr spreadsheet,5,5,50,5,3.16,https://dealcheck.io/features/brrrr-calculator/,1,0.02,3.00,0.26,104,"2, 6, 9, 4, 4, 6, 6, 9, 9, 4, 9, 2",2026-09-01,"Reviews, Video, Image, Video Carousel, People also ask, Related searches, AI overview",informational,Organic
property investor software,7,7,50,23,0.00,https://dealcheck.io/,1,0.02,0.00,0,108,"19, 34, 42, 15, 7, 0, 26, 26, 19, 26, 19, 19",2026-08-25,"Sitelinks, Reviews, Video, People also ask, Related searches, AI overview",informational,Organic
deal finder property,5,5,30,25,2.32,https://dealcheck.io/,1,0.02,2.00,0.67,109,"18, 100, 18, 18, 18, 18, 18, 18, 18, 18, 18, 18",2026-08-21,"Sitelinks, Video, Video Carousel, People also ask, Related searches",informational,Organic
free multifamily deal analyzer,4,4,30,2,3.60,https://dealcheck.io/,1,0.02,3.00,0.64,126,"14, 28, 28, 21, 28, 14, 28, 14, 21, 21, 14, 21",2026-08-07,"Reviews, Video, Video Carousel, Related searches, Discussions and forums",commercial,Organic
rent estimate api,8,8,50,22,4.07,https://dealcheck.io/blog/introducing-new-rentcast-property-data-api/,1,0.02,4.00,0.18,115,"14, 100, 78, 35, 14, 14, 28, 50, 50, 28, 21, 14",2026-08-28,"Reviews, Video, Video Carousel, People also ask, Related searches",informational,Organic
automated deal finder software,1,1,50,32,0.00,https://dealcheck.io/,1,0.02,0.00,0.33,102,"11, 23, 29, 23, 23, 41, 23, 29, 29, 29, 41, 82",2026-08-02,"Reviews, Video, People also ask, Related searches, AI overview",informational,AI overview
automated deal finder software,8,8,50,32,0.00,https://dealcheck.io/,1,0.02,0.00,0.33,102,"11, 23, 29, 23, 23, 41, 23, 29, 29, 29, 41, 82",2026-08-02,"Reviews, Video, People also ask, Related searches, AI overview",informational,Organic
real estate market analysis tools,13,13,260,35,7.03,https://dealcheck.io/,1,0.02,7.00,0.09,122,"53, 100, 82, 66, 17, 66, 53, 82, 66, 66, 82, 35",2026-08-28,"Sitelinks, Video, People also ask, Related searches, AI overview",informational,Organic
home flipping software,1,1,90,9,4.89,https://dealcheck.io/features/house-flipping-calculator/,1,0.02,4.00,0.27,174,"35, 78, 50, 50, 35, 35, 64, 35, 78, 64, 78, 50",2026-09-22,"Sitelinks, Reviews, Video, Video Carousel, People also ask, Related searches, AI overview",informational,AI overview
real estate analytics tools,1,1,320,25,0.00,https://dealcheck.io/,1,0.02,0.00,0.01,121,"4, 10, 30, 100, 6, 6, 3, 13, 4, 4, 6, 30",2026-08-21,"Sitelinks, Reviews, Video, People also ask, Related searches, AI overview",informational,AI overview
real estate analytics tools,14,14,320,25,0.00,https://dealcheck.io/,1,0.02,0.00,0.01,121,"4, 10, 30, 100, 6, 6, 3, 13, 4, 4, 6, 30",2026-08-21,"Sitelinks, Reviews, Video, People also ask, Related searches, AI overview",informational,Organic
real estate property analysis software,1,1,260,16,0.00,https://dealcheck.io/,1,0.02,0.00,0.33,119,"2, 13, 6, 2, 2, 1, 1, 4, 1, 5, 62, 100",2026-08-19,"Sitelinks, Reviews, Video, Ads bottom, Video Carousel, People also ask, Related searches, AI overview",informational,AI overview
house flipping software free,6,6,70,9,3.99,https://dealcheck.io/features/house-flipping-calculator/,1,0.02,3.00,0.33,103,"35, 50, 35, 21, 14, 28, 100, 100, 50, 50, 28, 35",2026-09-01,"Sitelinks, Reviews, Video, People also ask, Related searches, AI overview","commercial, informational",Organic
2 percent rule,8,8,50,18,0.00,https://dealcheck.io/blog/how-to-use-1-percent-rule-2-percent-rule/,1,0.02,0.00,0.01,113,"64, 64, 17, 23, 11, 17, 29, 23, 23, 17, 11, 11",2026-09-15,"Sitelinks, Reviews, Video, People also ask, Related searches, AI overview",informational,Organic
best real estate investment analysis software,1,1,40,33,12.07,https://dealcheck.io/,1,0.02,12.00,0.49,105,"23, 33, 9, 9, 19, 9, 14, 14, 19, 14, 23, 23",2026-09-19,"Reviews, Video, Video Carousel, People also ask, AI overview",commercial,AI overview
real estate deal analysis software,1,1,50,50,14.47,https://dealcheck.io/,1,0.02,14.00,0.26,122,"18, 63, 63, 27, 18, 18, 45, 100, 63, 81, 45, 100",2026-09-02,"Reviews, Video, Video Carousel, People also ask, Related searches, AI overview",informational,AI overview
fix flip calculator,11,11,170,8,2.76,https://dealcheck.io/features/house-flipping-calculator/,1,0.02,2.00,0.41,131,"21, 65, 65, 34, 100, 34, 34, 43, 34, 53, 53, 28",2026-08-10,"Reviews, Video, People also ask, Related searches, AI overview",informational,Organic
real estate flipping software,1,1,320,10,7.51,https://dealcheck.io/,1,0.02,7.00,0.23,111,"17, 82, 82, 82, 66, 82, 82, 100, 82, 100, 82, 82",2026-08-11,"Sitelinks, Reviews, Video, Ads top, Ads bottom, Video Carousel, People also ask, Related searches, AI overview",informational,AI overview
real estate trading software,1,1,50,50,0.00,https://dealcheck.io/,1,0.02,0.00,0,213000000,"22, 77, 77, 55, 100, 55, 33, 33, 22, 33, 33, 33",2026-09-05,"Reviews, Video, Video Carousel, People also ask, Related searches, AI overview",informational,AI overview
property roi analysis services,4,4,40,0,0.00,https://dealcheck.io/,1,0.02,0.00,0,128,"100, 100, 71, 100, 71, 57, 14, 14, 0",2026-09-04,"Reviews, Video, People also ask, Related searches, AI overview",informational,Organic
home flip calculator,9,9,320,16,2.31,https://dealcheck.io/features/house-flipping-calculator/,1,0.02,2.00,0.14,112,"32, 59, 39, 32, 21, 32, 14, 48, 32, 48, 26, 32",2026-08-24,"Image pack, Reviews, Video, Video Carousel, People also ask, Related searches",commercial,Organic
wholesale offer calculator,4,4,50,11,3.80,https://dealcheck.io/features/real-estate-wholesaling-calculator/,1,0.02,3.00,0.53,114,"100, 50, 35, 21, 14, 28, 14, 28, 28, 21, 14, 21",2026-09-20,"Video, Video Carousel, People also ask, Related searches, AI overview",informational,Organic
amount financed meaning,9,9,320,20,0.00,https://help.dealcheck.io/en/articles/8713257-amount-financed,1,0.02,0.00,0.33,120,"100, 54, 23, 36, 29, 36, 29, 44, 29, 44, 66, 54",2026-08-19,"Sitelinks, Reviews, Video, Video Carousel, People also ask, Related searches, AI overview","commercial, informational",Organic
real estate tools for investors,1,1,30,27,7.22,https://dealcheck.io/,1,0.02,7.00,0.46,128,"81, 63, 9, 9, 18, 27, 36, 36, 18, 27, 27, 18",2026-09-13,"Sitelinks, Reviews, Video, People also ask, Related searches, AI overview",informational,AI overview
valuation check,38,38,1600,69,2.73,https://dealcheck.io/,1,0.02,2.00,0.34,135,"84, 100, 25, 68, 68, 84, 100, 68, 84, 100, 100, 68",2026-09-09,"Reviews, Video, Related searches, AI overview",informational,Organic
ltc formula,13,13,210,12,0.00,https://dealcheck.io/blog/what-is-the-loan-to-cost-ratio/,1,0.02,0.00,0,113,"1, 1, 100, 1, 1, 1, 1, 1, 1, 1, 1, 1",2026-08-17,"Sitelinks, Reviews, Video, People also ask, Related searches, AI overview",informational,Organic
arv comps,5,5,50,8,2.92,https://dealcheck.io/blog/recent-sales-comps-arv-estimates/,1,0.02,2.00,0.66,131,"14, 28, 28, 28, 28, 14, 35, 100, 35, 28, 28, 28",2026-08-25,"Sitelinks, Reviews, Video, Video Carousel, People also ask, Related searches, AI overview",informational,Organic
house flipping cost calculator,1,1,70,13,3.45,https://dealcheck.io/features/house-flipping-calculator/,1,0.02,3.00,0.13,117,"23, 29, 29, 23, 29, 52, 82, 41, 29, 23, 41, 52",2026-08-13,"Reviews, Video, Video Carousel, People also ask, Related searches, AI overview",informational,AI overview
house flipping cost calculator,6,6,70,13,3.45,https://dealcheck.io/features/house-flipping-calculator/,1,0.02,3.00,0.13,117,"23, 29, 29, 23, 29, 52, 82, 41, 29, 23, 41, 52",2026-08-13,"Reviews, Video, Video Carousel, People also ask, Related searches, AI overview",informational,Organic
property flip calculator,9,9,70,5,2.57,https://dealcheck.io/features/house-flipping-calculator/,1,0.02,2.00,0.33,116,"21, 28, 28, 28, 28, 35, 100, 64, 35, 35, 78, 100",2026-08-02,"Reviews, Video, People also ask, Related searches, AI overview",informational,Organic
real estate comps software,1,1,40,17,0.00,https://dealcheck.io/,1,0.02,0.00,0.12,112,"14, 78, 78, 28, 14, 14, 35, 21, 14, 21, 21, 14",2026-08-24,"Sitelinks, Reviews, Video, Ads bottom, Video Carousel, People also ask, Related searches, Discussions and forums, AI overview",informational,AI overview
real estate comps software,3,3,40,17,0.00,https://dealcheck.io/,1,0.02,0.00,0.12,112,"14, 78, 78, 28, 14, 14, 35, 21, 14, 21, 21, 14",2026-08-24,"Sitelinks, Reviews, Video, Ads bottom, Video Carousel, People also ask, Related searches, Discussions and forums, AI overview",informational,Organic
house flip calculator,8,8,390,10,2.31,https://dealcheck.io/features/house-flipping-calculator/,1,0.02,2.00,0.14,114,"100, 88, 32, 26, 59, 26, 26, 26, 21, 26, 39, 17",2026-08-26,"Image pack, Reviews, Video, Ads bottom, Video Carousel, People also ask, Related searches",commercial,Image pack
house flip calculator,13,13,390,10,2.31,https://dealcheck.io/features/house-flipping-calculator/,1,0.02,2.00,0.14,114,"100, 88, 32, 26, 59, 26, 26, 26, 21, 26, 39, 17",2026-08-26,"Image pack, Reviews, Video, Ads bottom, Video Carousel, People also ask, Related searches",commercial,Organic
house flip software,1,1,320,11,4.74,https://dealcheck.io/,1,0.02,4.00,0.21,182,"10, 66, 66, 66, 66, 82, 100, 100, 100, 100, 82, 100",2026-08-12,"Sitelinks, Reviews, Video, People also ask, Related searches, AI overview",informational,AI overview
real estate investment analysis tools,1,1,40,24,7.64,https://dealcheck.io/,1,0.02,7.00,0.05,125,"12, 17, 17, 17, 7, 5, 5, 10, 5, 5, 5, 7",2026-07-28,"Sitelinks, Reviews, Video, Video Carousel, People also ask, Related searches, Discussions and forums, AI overview","commercial, informational",AI overview
flip calculator house,10,10,480,16,2.31,https://dealcheck.io/features/house-flipping-calculator/,1,0.02,2.00,0.14,119,"76, 13, 24, 30, 45, 55, 30, 36, 30, 55, 36, 30",2026-08-02,"Image pack, Reviews, Video, Video Carousel, People also ask, Related searches, AI overview",informational,Organic
dealcheck g2,2,2,40,26,0.00,https://dealcheck.io/,1,0.02,0.00,0,14000,"100, 75",2026-08-15,"Reviews, Video, People also ask, Related searches, AI overview","informational, transactional",Organic
real estate offer calculator,6,6,50,34,2.17,https://dealcheck.io/,1,0.02,2.00,0.66,125,"57, 100, 71, 71, 71, 71, 71, 100, 57, 57, 42, 28",2026-08-21,"Reviews, Video, Video Carousel, People also ask, Related searches",informational,Organic
real estate investment software free,1,1,30,21,4.43,https://dealcheck.io/,1,0.02,4.00,0.28,129,"28, 71, 100, 28, 14, 71, 0, 57, 28, 28, 14, 100",2026-09-01,"Sitelinks, Reviews, Video, People also ask, Related searches, AI overview","commercial, informational",AI overview
investment real estate analysis software,1,1,50,16,11.71,https://dealcheck.io/,1,0.02,11.00,0.21,115,"18, 63, 100, 45, 18, 63, 63, 18, 9, 9, 63, 63",2026-08-25,"Sitelinks, Reviews, Video, Video Carousel, People also ask, Related searches, AI overview",informational,AI overview
flipping calculator,3,3,110,12,2.61,https://dealcheck.io/features/house-flipping-calculator/,1,0.02,2.00,0.21,116,"26, 34, 53, 26, 34, 42, 53, 42, 26, 34, 42, 42",2026-08-21,"Reviews, Video, People also ask, Related searches, AI overview",informational,AI overview
property comparison tool,1,1,30,22,2.47,https://help.dealcheck.io/en/articles/2490178-comparing-properties-side-by-side,1,0.02,2.00,0.29,133,"9, 19, 19, 23, 14, 14, 14, 19, 9, 9, 14, 9",2026-09-05,"Video, People also ask, Related searches, AI overview",commercial,AI overview
heck.io,10,10,50,43,0.00,https://dealcheck.io/,1,0.02,0.00,0.01,6600000,"42, 57, 71, 100, 100, 71, 71, 71, 57, 71, 100, 0",2026-08-15,"Sitelinks, Reviews, Video",informational,Organic
free brrrr calculator spreadsheet,4,4,40,0,2.96,https://dealcheck.io/features/brrrr-calculator/,1,0.02,2.00,0.34,101,"11, 23, 17, 11, 17, 17, 29, 41, 29, 23, 23, 23",2026-08-18,"Sitelinks, Reviews, Video, Video Carousel, Related searches, AI overview",informational,Organic
commercial real estate investment software,1,1,260,27,0.00,https://dealcheck.io/,1,0.02,0.00,0.04,131,"59, 72, 72, 17, 7, 7, 14, 17, 21, 26, 21, 21",2026-08-22,"Sitelinks, Reviews, Video, People also ask, Related searches, AI overview",informational,AI overview
50 percent rule real estate,7,7,50,15,0.00,https://dealcheck.io/blog/what-is-the-50-percent-rule/,1,0.02,0.00,0.02,130,"41, 41, 100, 41, 23, 29, 41, 23, 23, 17, 17, 11",2026-09-18,"Sitelinks, Video, People also ask, Related searches, AI overview",informational,Organic
deal finder real estate,7,7,50,27,4.14,https://dealcheck.io/,1,0.02,4.00,0.71,108,"26, 19, 19, 19, 26, 19, 7, 11, 15, 19, 26, 26",2026-08-30,"Sitelinks, Reviews, Video, Video Carousel, People also ask, Related searches, AI overview",informational,Organic
free flip calculator,1,1,40,9,1.77,https://dealcheck.io/features/house-flipping-calculator/,1,0.02,1.00,0.36,110,"21, 21, 14, 14, 28, 50, 100, 50, 28, 14, 28, 21",2026-09-02,"Reviews, Video, Video Carousel, People also ask, Related searches, AI overview","commercial, informational",AI overview
free flip calculator,5,5,40,9,1.77,https://dealcheck.io/features/house-flipping-calculator/,1,0.02,1.00,0.36,110,"21, 21, 14, 14, 28, 50, 100, 50, 28, 14, 28, 21",2026-09-02,"Reviews, Video, Video Carousel, People also ask, Related searches, AI overview","commercial, informational",Organic
property rehab software,1,1,320,7,0.00,https://dealcheck.io/,1,0.02,0.00,0.33,124,"6, 54, 54, 66, 66, 81, 81, 100, 81, 81, 81, 81",2026-08-09,"Reviews, Video, People also ask, Related searches, Discussions and forums, AI overview","commercial, informational",AI overview
break even ratio,1,1,70,23,0.00,https://dealcheck.io/blog/how-to-calculate-break-even-ratio/,1,0.02,0.00,0.33,122,"26, 26, 26, 34, 42, 26, 26, 19, 19, 42, 15, 7",2026-09-03,"Image pack, Sitelinks, Video, People also ask, Related searches, AI overview",informational,Image pack
real estate software for investors,1,1,320,25,13.08,https://dealcheck.io/,1,0.02,13.00,0.04,117,"8, 13, 16, 8, 10, 16, 10, 8, 4, 8, 5, 7",2026-08-17,"Sitelinks, Reviews, Video, Video Carousel, People also ask, Related searches, AI overview",informational,AI overview
50 rule real estate,7,7,110,11,2.80,https://dealcheck.io/blog/what-is-the-50-percent-rule/,1,0.02,2.00,0.06,127,"35, 28, 43, 43, 43, 28, 28, 23, 28, 23, 28, 23",2026-09-15,"Sitelinks, Video, People also ask, Related searches, Discussions and forums, AI overview",informational,Organic
real estate wholesale calculator,2,2,90,16,3.06,https://dealcheck.io/features/real-estate-wholesaling-calculator/,1,0.02,3.00,0.51,117,"34, 34, 34, 34, 28, 34, 21, 21, 28, 21, 21, 12",2026-09-12,"Sitelinks, Video, Video Carousel, People also ask, Related searches, AI overview",informational,AI overview
commercial real estate analysis software,1,1,260,10,0.00,https://dealcheck.io/,1,0.02,0.00,0.33,113,"15, 23, 23, 7, 12, 2, 15, 12, 15, 54, 100, 67",2026-08-27,"Reviews, Video, People also ask, Related searches, AI overview",informational,AI overview
explore real estate investment software,1,1,40,14,0.00,https://dealcheck.io/,1,0.02,0.00,0,96,"0, 45, 100, 63, 27, 45, 45, 36, 18, 18, 36, 45",2026-08-16,"Sitelinks, Reviews, Video, Ads bottom, People also ask, Related searches, AI overview",informational,AI overview
real estate grm,1,1,40,28,0.93,https://dealcheck.io/blog/how-to-calculate-gross-rent-multiplier/,1,0.02,0.00,0.03,123,"3, 1, 3, 0, 1, 1, 14, 1, 0, 1, 21, 1",2026-09-20,"Image pack, Video, Video Carousel, People also ask, Related searches, AI overview",informational,Image pack
real estate grm,1,1,40,28,0.93,https://dealcheck.io/blog/how-to-calculate-gross-rent-multiplier/,1,0.02,0.00,0.03,123,"3, 1, 3, 0, 1, 1, 14, 1, 0, 1, 21, 1",2026-09-20,"Image pack, Video, Video Carousel, People also ask, Related searches, AI overview",informational,Image pack
property search software,12,12,210,45,11.69,https://dealcheck.io/,1,0.02,11.00,0.68,112,"36, 100, 5, 5, 10, 10, 10, 8, 8, 3, 2, 2",2026-08-23,"Sitelinks, Reviews, Video, People also ask, Related searches, AI overview",informational,Organic
dealcheck reviews,1,1,30,24,4.32,https://dealcheck.io/,1,0.02,4.00,0.33,104,"11, 7, 19, 7, 15, 11, 34, 7, 7, 15, 7, 7",2026-07-28,"Sitelinks, Reviews, Video, Video Carousel, People also ask, Related searches, AI overview","commercial, informational",AI overview
flipping houses software,1,1,50,9,4.74,https://dealcheck.io/features/house-flipping-calculator/,1,0.02,4.00,0.21,117,"14, 21, 28, 14, 28, 35, 64, 100, 28, 21, 35, 28",2026-08-18,"Sitelinks, Reviews, Video, Video Carousel, People also ask, Related searches, AI overview",informational,AI overview
flipping houses software,6,6,50,9,4.74,https://dealcheck.io/features/house-flipping-calculator/,1,0.02,4.00,0.21,117,"14, 21, 28, 14, 28, 35, 64, 100, 28, 21, 35, 28",2026-08-18,"Sitelinks, Reviews, Video, Video Carousel, People also ask, Related searches, AI overview",informational,Organic
real estate flip software,5,5,40,10,7.51,https://dealcheck.io/features/house-flipping-calculator/,1,0.02,7.00,0.33,112,"42, 100, 100, 71, 42, 42, 42, 42, 42, 57, 42, 42",2026-09-05,"Sitelinks, Reviews, Video, Video Carousel, People also ask, Related searches, AI overview",informational,Organic
what is amount financed,8,8,90,23,0.00,https://help.dealcheck.io/en/articles/8713257-amount-financed,1,0.02,0.00,0.33,123,"23, 17, 23, 17, 35, 23, 28, 28, 23, 28, 28, 28",2026-07-30,"Sitelinks, Video, People also ask, Related searches, AI overview",informational,Organic
irr calculations,7,7,40,54,1.37,https://dealcheck.io/blog/how-to-calculate-internal-rate-of-return/,0,0,0.00,0.04,120,"9, 19, 0, 0, 6, 6, 0, 2, 15, 4, 4, 2",2026-08-08,"Image pack, Sitelinks, Reviews, Video, Ads bottom, Video Carousel, People also ask, Related searches, AI overview",informational,Image pack
noi vs cap rate,32,32,70,23,0.00,https://dealcheck.io/blog/understanding-cap-rates/,0,0,0.00,0.03,134,"7, 26, 34, 19, 19, 26, 34, 42, 34, 26, 19, 34",2026-08-18,"Sitelinks, Video, Video Carousel, People also ask, Related searches, AI overview","commercial, informational",Organic
commercial real estate investment terms,38,38,40,14,3.88,https://dealcheck.io/wp-content/uploads/media/Real%20Estate%20Investing%20Glossary%20%7C%20DealCheck.pdf,0,0,0.00,0.38,133,"14, 33, 33, 14, 14, 9, 14, 19, 14, 14, 19, 14",2026-09-05,"Video, People also ask, Related searches, AI overview",informational,Organic
how to calculate real estate return on investment,76,76,50,18,0.75,https://dealcheck.io/blog/how-to-calculate-return-on-investment-rentals/,0,0,0.00,0.22,129,"22, 77, 77, 22, 33, 33, 100, 77, 77, 77, 77, 55",2026-09-02,"Sitelinks, Video, People also ask, Related searches, AI overview",informational,Organic
investor checker,36,36,110,75,7.25,https://dealcheck.io/,0,0,0.00,0.23,128,"2, 2, 2, 2, 2, 2, 15, 100, 4, 7, 5, 4",2026-08-18,"Video, People also ask, Related searches, AI overview",commercial,Organic
remodeling townhouse,26,26,70,10,6.08,https://dealcheck.io/blog/upgrading-townhomes-maximum-roi-renovation-tips-investors/,0,0,0.00,0.19,122,"0, 0, 0, 17, 64, 64, 64, 52, 64, 82, 100, 41",2026-09-13,"Local pack, Image pack, Sitelinks, Reviews, Video, Video Carousel, People also ask, Related searches, Discussions and forums",informational,Organic
remodeling townhouse,35,35,70,10,6.08,https://dealcheck.io/blog/upgrading-townhomes-maximum-roi-renovation-tips-investors/,0,0,0.00,0.19,122,"0, 0, 0, 17, 64, 64, 64, 52, 64, 82, 100, 41",2026-09-13,"Local pack, Image pack, Sitelinks, Reviews, Video, Video Carousel, People also ask, Related searches, Discussions and forums",informational,Organic
remodeling townhouse,37,37,70,10,6.08,https://dealcheck.io/blog/upgrading-townhomes-maximum-roi-renovation-tips-investors/,0,0,0.00,0.19,122,"0, 0, 0, 17, 64, 64, 64, 52, 64, 82, 100, 41",2026-09-13,"Local pack, Image pack, Sitelinks, Reviews, Video, Video Carousel, People also ask, Related searches, Discussions and forums",informational,Organic
short term rental analysis calculator,17,17,90,39,10.24,https://dealcheck.io/features/rental-property-calculator/,0,0,0.00,0.19,135,"28, 78, 50, 50, 64, 100, 50, 64, 64, 64, 35, 50",2026-08-20,"Reviews, Video, Related searches, AI overview",commercial,Organic
real estate intelligence platform,64,64,50,30,6.82,https://dealcheck.io/,0,0,0.00,0.21,131,"41, 41, 41, 29, 41, 29, 29, 41, 23, 23, 17, 29",2026-09-17,"Image pack, Sitelinks, Video, People also ask, Related searches, AI overview",informational,Organic
real estate intelligence platform,65,65,50,30,6.82,https://dealcheck.io/,0,0,0.00,0.21,131,"41, 41, 41, 29, 41, 29, 29, 41, 23, 23, 17, 29",2026-09-17,"Image pack, Sitelinks, Video, People also ask, Related searches, AI overview",informational,Organic
ltc ratio,34,34,50,18,0.00,https://dealcheck.io/blog/what-is-the-loan-to-cost-ratio/,0,0,0.00,0,127,"44, 100, 100, 77, 44, 11, 77, 77, 100, 77, 55, 22",2026-08-17,"Image pack, Sitelinks, Reviews, Video, People also ask, Related searches, AI overview",informational,Organic
dealsauce real estate,28,28,70,29,3.14,https://dealcheck.io/,0,0,0.00,0.41,109,"7, 7, 7, 42, 100, 19, 7, 7, 7, 42, 7, 80",2026-08-25,"Sitelinks, Video, People also ask, Related searches",navigational,Organic
property valuation software,49,49,880,14,8.77,https://dealcheck.io/,0,0,0.00,0.04,116,"30, 13, 20, 11, 8, 13, 8, 30, 34, 100, 34, 65",2026-08-26,"Reviews, Video, People also ask, Related searches, AI overview",informational,Organic
internal rate of return calculator real estate,50,50,90,35,1.15,https://dealcheck.io/blog/how-to-calculate-internal-rate-of-return/,0,0,0.00,0.2,161,"52, 52, 52, 52, 42, 42, 33, 42, 23, 100, 33, 33",2026-08-03,"Sitelinks, Reviews, Video, People also ask, Related searches, AI overview",informational,Organic
property research tools,42,42,170,21,5.58,https://dealcheck.io/,0,0,0.00,0.42,130,"100, 3, 1, 1, 1, 1, 1, 8, 24, 24, 1, 1",2026-09-11,"Video, People also ask, Related searches, Discussions and forums, AI overview",commercial,Organic
questions to ask property manager,56,56,140,7,0.65,https://dealcheck.io/blog/20-questions-property-manager/,0,0,0.00,0.16,138,"53, 65, 43, 43, 34, 53, 43, 34, 34, 53, 34, 34",2026-08-07,"Sitelinks, Reviews, Video, People also ask, Related searches, Discussions and forums, AI overview",informational,Organic
house flipping tools,23,23,70,4,0.00,https://dealcheck.io/features/house-flipping-calculator/,0,0,0.00,0.03,176,"64, 64, 23, 11, 11, 41, 17, 64, 17, 17, 64, 29",2026-08-29,"Reviews, Video, Video Carousel, People also ask, Related searches, AI overview",informational,Organic
break-even ratio formula real estate,28,28,50,8,0.00,https://dealcheck.io/blog/how-to-calculate-break-even-ratio/,0,0,0.00,0.33,126,"14, 14, 52, 23, 23, 100, 14, 14, 0, 4, 0, 0",2026-08-24,"Sitelinks, Video, People also ask, Related searches, AI overview",informational,Organic
unlevered internal rate of return,75,75,90,14,0.00,https://help.dealcheck.io/en/articles/2023889-internal-rate-of-return-irr,0,0,0.00,0.01,133,"26, 26, 53, 26, 42, 42, 26, 34, 26, 42, 26, 26",2026-08-06,"Sitelinks, Reviews, Video, Video Carousel, People also ask, Related searches, AI overview",informational,Organic
multifamily deal analyzer,49,49,70,5,9.75,https://dealcheck.io/features/multi-family-commercial-property-calculator/,0,0,0.00,0.67,121,"7, 15, 19, 15, 26, 34, 19, 34, 34, 42, 42, 53",2026-08-20,"Sitelinks, Reviews, Video, Video Carousel, People also ask, Related searches, Discussions and forums",commercial,Organic
multifamily deal analyzer,76,76,70,5,9.75,https://help.dealcheck.io/en/articles/2068341-how-to-analyze-multi-family-and-commercial-properties,0,0,0.00,0.67,121,"7, 15, 19, 15, 26, 34, 19, 34, 34, 42, 42, 53",2026-08-20,"Sitelinks, Reviews, Video, Video Carousel, People also ask, Related searches, Discussions and forums",commercial,Organic
realcheck,41,41,210,21,5.63,https://dealcheck.io/,0,0,0.00,0.32,111,"36, 54, 29, 44, 23, 15, 19, 19, 19, 19, 23, 36",2026-08-21,"Knowledge panel, Sitelinks, Reviews, Video, Related searches",navigational,Organic
commercial property roi calculator,1,1,90,17,1.21,https://dealcheck.io/features/multi-family-commercial-property-calculator/,0,0,0.00,0.12,132,"45, 27, 81, 81, 81, 100, 81, 100, 100, 81, 100, 100",2026-07-30,"Video, People also ask, Related searches, AI overview",informational,AI overview
commercial property roi calculator,10,10,90,17,1.21,https://dealcheck.io/features/multi-family-commercial-property-calculator/,0,0,0.00,0.12,132,"45, 27, 81, 81, 81, 100, 81, 100, 100, 81, 100, 100",2026-07-30,"Video, People also ask, Related searches, AI overview",informational,Organic
industrial property value calculator,39,39,50,14,0.00,https://dealcheck.io/features/multi-family-commercial-property-calculator/,0,0,0.00,0,116,"2, 7, 7, 5, 7, 5, 5, 7, 5, 5, 7, 5",2026-08-17,"Sitelinks, Video, Ads top, People also ask, Related searches",commercial,Organic
debt cover ratio,71,71,110,57,3.39,https://help.dealcheck.io/en/articles/2023900-debt-coverage-ratio-dcr-dscr,0,0,0.00,0.32,137,"0, 1, 0, 36, 0, 0, 0, 0, 0, 0, 0, 0",2026-09-04,"Image pack, Sitelinks, Reviews, Video, People also ask, Related searches, Discussions and forums, AI overview",informational,Organic
free rental valuation,34,34,40,48,0.00,https://dealcheck.io/,0,0,0.00,0.36,134,"100, 82, 11, 11, 11, 11, 11, 11, 11, 11, 11, 11",2026-07-30,"Reviews, Video, Related searches, AI overview",informational,Organic
software for flipping houses,7,7,40,10,4.89,https://dealcheck.io/features/house-flipping-calculator/,0,0,0.00,0.27,113,"28, 42, 28, 42, 57, 57, 100, 57, 42, 71, 57, 42",2026-09-13,"Sitelinks, Reviews, Video, People also ask, Related searches, AI overview",informational,Organic
ltc real estate,43,43,90,28,0.00,https://dealcheck.io/blog/what-is-the-loan-to-cost-ratio/,0,0,0.00,0,129,"15, 19, 3, 53, 42, 42, 42, 26, 11, 34, 34, 34",2026-09-09,"Sitelinks, Reviews, Video, Video Carousel, People also ask, Related searches, AI overview",informational,Organic
debt service coverage ratio real estate,68,68,170,34,3.19,https://dealcheck.io/blog/how-to-calculate-debt-service-coverage-ratio/,0,0,0.00,0.29,134,"22, 22, 66, 54, 29, 29, 29, 29, 22, 35, 35, 29",2026-08-05,"Sitelinks, Video, Video Carousel, People also ask, Related searches, Short videos, Discussions and forums, AI overview",informational,Organic
2 rule for rental property,22,22,70,15,0.11,https://dealcheck.io/blog/how-to-use-1-percent-rule-2-percent-rule/,0,0,0.00,0.19,121,"63, 63, 27, 63, 45, 100, 63, 36, 36, 45, 45, 63",2026-09-13,"Reviews, Video, People also ask, Related searches, Discussions and forums, AI overview",informational,Organic
brrrr analysis,6,6,50,20,0.00,https://dealcheck.io/features/brrrr-calculator/,0,0,0.00,0.13,126,"9, 23, 23, 19, 23, 23, 42, 52, 23, 14, 9, 14",2026-08-05,"Reviews, Video, Video Carousel, People also ask, Related searches, Discussions and forums, AI overview",informational,Organic
brrrr analysis,44,44,50,20,0.00,https://help.dealcheck.io/en/articles/3546945-how-to-analyze-brrrr-deals,0,0,0.00,0.13,126,"9, 23, 23, 19, 23, 23, 42, 52, 23, 14, 9, 14",2026-08-05,"Reviews, Video, Video Carousel, People also ask, Related searches, Discussions and forums, AI overview",informational,Organic
grm real estate gross rent multiplier calculation,65,65,320,33,0.00,https://dealcheck.io/blog/how-to-calculate-gross-rent-multiplier/,0,0,0.00,0,127,"7, 100, 100, 11, 0, 1, 2",2026-08-10,"Sitelinks, Reviews, Video, Video Carousel, People also ask, Related searches, AI overview",informational,Organic
real estate comparative market analysis software,58,58,70,17,8.49,https://dealcheck.io/,0,0,0.00,0.38,119,"23, 23, 33, 33, 33, 42, 42, 42, 52, 33, 52, 33",2026-07-28,"Sitelinks, Reviews, Video, Related searches, AI overview",informational,Organic
difference property,17,17,110,15,0.00,https://help.dealcheck.io/en/articles/2490178-comparing-properties-side-by-side,0,0,0.00,0.33,113,"41, 29, 41, 82, 100, 64, 82, 82, 64, 52, 82, 82",2026-09-05,"Video, Video Carousel, People also ask, Related searches, AI overview",informational,Organic
deal analyzer real estate,1,1,30,13,5.71,https://dealcheck.io/,0,0,0.00,0.86,9340000,"50, 75, 50, 75, 50, 100, 75, 75, 75, 75, 75, 75",2026-09-13,"Reviews, Video, Video Carousel, People also ask, Related searches, AI overview",informational,AI overview
deal analyzer real estate,35,35,30,13,5.71,https://dealcheck.io/features/rental-property-calculator/,0,0,0.00,0.86,9340000,"50, 75, 50, 75, 50, 100, 75, 75, 75, 75, 75, 75",2026-09-13,"Reviews, Video, Video Carousel, People also ask, Related searches, AI overview",informational,Organic
deal analyzer real estate,59,59,30,13,5.71,https://dealcheck.io/features/multi-family-commercial-property-calculator/,0,0,0.00,0.86,9340000,"50, 75, 50, 75, 50, 100, 75, 75, 75, 75, 75, 75",2026-09-13,"Reviews, Video, Video Carousel, People also ask, Related searches, AI overview",informational,Organic
real check,25,25,720,50,5.50,https://dealcheck.io/,0,0,0.00,0.28,108,"67, 67, 81, 81, 81, 100, 81, 67, 67, 54, 67, 81",2026-07-28,"Knowledge panel, Image pack, Sitelinks, Reviews, Video, Video Carousel, People also ask, Related searches",informational,Organic
real estate multiples,19,19,30,22,1.18,https://dealcheck.io/blog/what-is-the-equity-multiple/,0,0,0.00,0.15,129,"14, 14, 35, 50, 14, 14, 14, 14, 21, 14, 14, 14",2026-07-27,"Sitelinks, Video, Video Carousel, People also ask, Related searches, AI overview",informational,Organic
real estate valuation software,44,44,210,25,5.14,https://dealcheck.io/,0,0,0.00,0.12,120,"44, 54, 44, 35, 44, 35, 44, 54, 35, 35, 28, 18",2026-09-12,"Sitelinks, Reviews, Video, People also ask, Related searches, AI overview",informational,Organic
dealio pro,25,25,140,31,12.70,https://dealcheck.io/,0,0,0.00,0.41,0,"53, 53, 65, 80, 42, 34, 34, 42, 42, 42, 80, 53",2026-09-14,"Sitelinks, Reviews, Video, People also ask, Related searches",navigational,Organic
property data software,20,20,70,51,11.44,https://dealcheck.io/,0,0,0.00,0.76,116,"27, 100, 100, 81, 100, 100, 63, 63, 45, 45, 27, 27",2026-08-20,"Sitelinks, Video, People also ask, Related searches, AI overview",informational,Organic
best tool for commercial property pricing,31,31,40,12,0.00,https://dealcheck.io/features/multi-family-commercial-property-calculator/,0,0,0.00,0,181,"0, 11, 55, 55, 44, 33, 55, 100",2026-09-21,"Sitelinks, Reviews, Video, People also ask, Related searches, Discussions and forums, AI overview",commercial,Organic
calculate grm,42,42,90,35,0.32,https://dealcheck.io/blog/how-to-calculate-gross-rent-multiplier/,0,0,0.00,0.09,90,"6, 21, 21, 15, 28, 34, 28, 21, 34, 28, 21, 43",2026-09-07,"Sitelinks, Reviews, Video, People also ask, Related searches, AI overview",informational,Organic
best list for wholesaling,16,16,50,3,0.00,https://dealcheck.io/wp-content/uploads/media/Real%20Estate%20Wholesaling%20Checklist%20%7C%20DealCheck.pdf,0,0,0.00,0,113,"11, 41, 41, 41, 41, 41, 41, 23, 17, 17, 17, 23",2026-08-03,"Sitelinks, Video, Video Carousel, People also ask, Related searches, AI overview",commercial,Organic
best list for wholesaling,19,19,50,3,0.00,https://dealcheck.io/wp-content/uploads/media/Real%20Estate%20Wholesaling%20Checklist%20%7C%20DealCheck.pdf,0,0,0.00,0,113,"11, 41, 41, 41, 41, 41, 41, 23, 17, 17, 17, 23",2026-08-03,"Sitelinks, Video, Video Carousel, People also ask, Related searches, AI overview",commercial,Organic
what is the ltv ratio,77,77,260,59,1.74,https://dealcheck.io/blog/what-is-the-loan-to-value-ratio/,0,0,0.00,0.11,168,"28, 35, 53, 66, 53, 66, 53, 53, 66, 66, 100, 82",2026-08-11,"Sitelinks, Reviews, Video, Video Carousel, People also ask, Related searches, Short videos, AI overview",informational,Organic
formula for gross rent multiplier,61,61,90,33,0.07,https://dealcheck.io/blog/how-to-calculate-gross-rent-multiplier/,0,0,0.00,0.17,122,"12, 34, 28, 9, 0, 34, 34, 43, 21, 28, 21, 53",2026-09-02,"Image pack, Sitelinks, Video, People also ask, Related searches, AI overview",informational,Organic
how can i afford a second home,62,62,70,26,3.38,https://dealcheck.io/blog/alternative-financing-strategies-purchasing-second-home/,0,0,0.00,0.66,133,"52, 64, 41, 52, 64, 41, 23, 29, 41, 41, 11, 11",2026-08-27,"Reviews, Video, People also ask, Related searches, Discussions and forums, AI overview",informational,Organic
real estate investment analysis software,1,1,140,27,11.71,https://dealcheck.io/,0,0,0.00,0.21,114,"28, 81, 100, 43, 9, 15, 21, 34, 43, 65, 65, 65",2026-08-31,"Sitelinks, Reviews, Video, People also ask, Related searches, AI overview",informational,AI overview
check rent,39,39,260,61,1.46,https://dealcheck.io/,0,0,0.00,0.11,118,"36, 36, 19, 29, 29, 23, 36, 23, 19, 36, 23, 23",2026-08-07,"Reviews, Video, Related searches",commercial,Organic
software that a/b tests amenity pricing across apartment portfolio,96,96,40,10,0.00,https://dealcheck.io/,0,0,0.00,0,1780000,"100, 75",2026-08-17,"Sitelinks, Reviews, Video, People also ask, Related searches, AI overview",commercial,Organic
wholesale real estate pdf,23,23,40,10,0.00,https://dealcheck.io/wp-content/uploads/media/Real%20Estate%20Wholesaling%20Checklist%20%7C%20DealCheck.pdf,0,0,0.00,0.08,123,"0, 0, 0, 0, 0, 100, 0, 0, 5, 5, 5, 5",2026-07-31,"Sitelinks, Reviews, Video, Related searches, AI overview",informational,Organic
brrrr method calculator,1,1,170,9,1.12,https://dealcheck.io/features/brrrr-calculator/,0,0,0.00,0.32,114,"14, 29, 29, 29, 43, 43, 29, 35, 29, 43, 29, 35",2026-08-29,"Reviews, Video, People also ask, Related searches, AI overview",commercial,AI overview
noi capitalization rate,25,25,110,29,0.22,https://dealcheck.io/blog/understanding-cap-rates/,0,0,0.00,0.09,129,"29, 29, 43, 29, 22, 18, 22, 18, 18, 18, 18, 14",2026-08-27,"Sitelinks, Video, Video Carousel, People also ask, Related searches, Discussions and forums, AI overview",informational,Organic
commercial property cost estimator,38,38,70,19,0.00,https://dealcheck.io/features/multi-family-commercial-property-calculator/,0,0,0.00,0.14,128,"18, 63, 63, 63, 100, 63, 63, 45, 63, 63, 63, 63",2026-08-26,"Sitelinks, Video, People also ask, Related searches, AI overview",informational,Organic
real estate flip calculator,7,7,110,9,2.32,https://dealcheck.io/features/house-flipping-calculator/,0,0,0.00,0.31,176,"52, 82, 82, 82, 52, 64, 100, 82, 52, 52, 64, 82",2026-08-31,"Image pack, Reviews, Video, Video Carousel, People also ask, Related searches, AI overview",informational,Image pack
real estate tool,32,32,90,33,5.75,https://dealcheck.io/,0,0,0.00,0.11,139,"12, 10, 10, 10, 7, 5, 10, 10, 7, 100, 100, 23",2026-08-12,"Image pack, Sitelinks, Reviews, Video, People also ask, Related searches, AI overview",informational,Organic
commercial real estate investment calculator,5,5,70,24,2.79,https://dealcheck.io/features/multi-family-commercial-property-calculator/,0,0,0.00,0.42,126,"27, 63, 81, 63, 81, 63, 45, 45, 63, 63, 63, 63",2026-08-29,"Video, People also ask, Related searches, AI overview",commercial,AI overview
rentcast api docs,13,13,50,13,0.88,https://dealcheck.io/blog/introducing-new-rentcast-property-data-api/,0,0,0.00,0.24,107,"52, 23, 64, 100, 11, 11, 11, 11, 11, 11, 11, 11",2026-08-06,"Sitelinks, Video, Related searches",navigational,Organic
rentcast api docs,26,26,50,13,0.88,https://help.dealcheck.io/en/articles/8632537-property-data-api-by-rentcast,0,0,0.00,0.24,107,"52, 23, 64, 100, 11, 11, 11, 11, 11, 11, 11, 11",2026-08-06,"Sitelinks, Video, Related searches",navigational,Organic
debt yield real estate,54,54,90,15,0.00,https://dealcheck.io/blog/how-to-calculate-debt-yield/,0,0,0.00,0.05,132,"33, 42, 66, 42, 52, 33, 42, 42, 42, 42, 42, 52",2026-08-04,"Sitelinks, Video, People also ask, Related searches, AI overview",informational,Organic
cap rate rental,37,37,70,30,0.16,https://dealcheck.io/blog/understanding-cap-rates/,0,0,0.00,0.2,135,"19, 34, 26, 19, 19, 15, 15, 19, 15, 53, 19, 19",2026-08-08,"Sitelinks, Video, People also ask, Related searches, AI overview",informational,Organic
real estate deal finder software,54,54,50,24,2.82,https://dealcheck.io/features/property-valuation-reporting-software/,0,0,0.00,0.51,130,"6, 12, 12, 6, 9, 6, 12, 53, 15, 12, 9, 21",2026-08-18,"Sitelinks, Reviews, Video, Ads bottom, Video Carousel, People also ask, Related searches, Discussions and forums, AI overview",informational,Organic
fix and flip calculator excel,21,21,50,7,2.58,https://dealcheck.io/features/house-flipping-calculator/,0,0,0.00,0.81,113,"81, 81, 45, 63, 63, 63, 100, 27, 18, 18, 18, 18",2026-09-12,"Reviews, Video, Video Carousel, People also ask, Related searches, AI overview",informational,Organic
loan to valuation ratio,73,73,1000,63,4.14,https://dealcheck.io/blog/what-is-the-loan-to-value-ratio/,0,0,0.00,0.12,128,"66, 1, 13, 43, 36, 1, 1, 2, 3, 3, 1, 0",2026-08-26,"Sitelinks, Reviews, Video, People also ask, Related searches, AI overview",informational,Organic
cash on cash formula real estate,66,66,90,42,0.40,https://dealcheck.io/blog/how-to-calculate-cash-on-cash-return/,0,0,0.00,0.07,133,"42, 52, 42, 33, 33, 33, 33, 33, 42, 33, 42, 52",2026-07-30,"Reviews, Video, Video Carousel, People also ask, Related searches, Short videos, AI overview",informational,Organic
house flipping market analysis,10,10,50,24,2.51,https://dealcheck.io/features/house-flipping-calculator/,0,0,0.00,0.33,130,"22, 100, 100, 77, 77, 44, 33, 22, 44, 22, 55, 33",2026-08-25,"Sitelinks, Video, Video Carousel, People also ask, Related searches, AI overview",informational,Organic
megalytics,39,39,50,16,0.00,https://dealcheck.io/,0,0,0.00,0.33,0,"5, 5, 5, 5, 5, 5, 100, 5, 5, 5, 5, 5",2026-08-09,"Knowledge panel, Sitelinks, Video, Related searches",navigational,Organic
is irr annualized,73,73,140,25,0.00,https://help.dealcheck.io/en/articles/2023889-internal-rate-of-return-irr,0,0,0.00,0.02,132,"52, 80, 66, 66, 80, 80, 66, 66, 52, 66, 66, 52",2026-08-02,"Sitelinks, Video, Video Carousel, People also ask, Related searches, AI overview",informational,Organic
free real estate investing software,1,1,30,29,4.43,https://dealcheck.io/,0,0,0.00,0.28,132,"18, 36, 36, 18, 18, 18, 18, 45, 18, 18, 18, 27",2026-08-25,"Sitelinks, Reviews, Video, Video Carousel, People also ask, Related searches, Discussions and forums, AI overview",informational,AI overview
free real estate investing software,3,3,30,29,4.43,https://dealcheck.io/,0,0,0.00,0.28,132,"18, 36, 36, 18, 18, 18, 18, 45, 18, 18, 18, 27",2026-08-25,"Sitelinks, Reviews, Video, Video Carousel, People also ask, Related searches, Discussions and forums, AI overview",informational,Organic
property analysis calculator,14,14,40,36,2.98,https://dealcheck.io/features/rental-property-calculator/,0,0,0.00,0.66,135,"45, 45, 63, 18, 45, 18, 36, 18, 36, 18, 27, 18",2026-08-31,"Video, Video Carousel, People also ask, Related searches",commercial,Organic
calculate value of commercial property,55,55,110,25,2.31,https://dealcheck.io/features/multi-family-commercial-property-calculator/,0,0,0.00,0.31,127,"53, 26, 53, 53, 53, 42, 42, 42, 42, 42, 26, 34",2026-08-11,"Sitelinks, Reviews, Video, Video Carousel, People also ask, Related searches, AI overview",informational,Organic
how to calculate return on investment in real estate,70,70,70,17,0.75,https://dealcheck.io/blog/how-to-calculate-return-on-investment-rentals/,0,0,0.00,0.22,132,"17, 100, 52, 17, 5, 11, 64, 52, 52, 52, 29, 29",2026-08-23,"Sitelinks, Reviews, Video, Video Carousel, People also ask, Related searches, AI overview",informational,Organic
meaning of net operating income,78,78,140,29,0.00,https://help.dealcheck.io/en/articles/2029694-net-operating-income-noi,0,0,0.00,0.33,133,"0, 0, 3, 2, 7, 1, 10, 0, 0, 0, 0, 0",2026-08-23,"Sitelinks, Reviews, Video, People also ask, Related searches, AI overview",informational,Organic
real estate market report generator,49,49,40,6,0.00,https://dealcheck.io/,0,0,0.00,0.68,130,"18, 81, 45, 36, 36, 63, 36, 45, 36, 18, 27, 27",2026-08-21,"Reviews, Video, People also ask, Related searches, AI overview",informational,Organic
real estate market report generator,50,50,40,6,0.00,https://dealcheck.io/,0,0,0.00,0.68,130,"18, 81, 45, 36, 36, 63, 36, 45, 36, 18, 27, 27",2026-08-21,"Reviews, Video, People also ask, Related searches, AI overview",informational,Organic
real estate commission software,1,1,110,42,45.06,https://dealcheck.io/,0,0,0.00,0.5,118,"80, 100, 65, 42, 34, 34, 42, 53, 26, 19, 26, 19",2026-08-30,"Sitelinks, Reviews, Video, People also ask, Related searches, AI overview",informational,AI overview
compute roe,39,39,70,40,0.00,https://dealcheck.io/blog/how-to-calculate-return-on-equity/,0,0,0.00,0.01,123,"15, 7, 7, 19, 0, 0, 0, 0, 12, 23, 0, 5",2026-08-27,"Image pack, Sitelinks, Video, People also ask, Related searches, AI overview",informational,Organic
debt yield ratio,62,62,110,14,0.00,https://dealcheck.io/blog/how-to-calculate-debt-yield/,0,0,0.00,0.01,136,"23, 35, 35, 23, 28, 35, 35, 28, 17, 28, 35, 28",2026-08-23,"Sitelinks, Video, People also ask, Related searches, AI overview",informational,Organic
coc calculator,48,48,140,23,0.00,https://dealcheck.io/blog/how-to-calculate-cash-on-cash-return/,0,0,0.00,0.01,99,"23, 23, 28, 23, 23, 28, 15, 18, 11, 18, 18, 18",2026-08-06,"Sitelinks, Reviews, Video, People also ask, Related searches",informational,Organic
coc calculator,53,53,140,23,0.00,https://dealcheck.io/blog/how-to-calculate-cash-on-cash-return/,0,0,0.00,0.01,99,"23, 23, 28, 23, 23, 28, 15, 18, 11, 18, 18, 18",2026-08-06,"Sitelinks, Reviews, Video, People also ask, Related searches",informational,Organic
short term rental cash flow calculator,12,12,110,30,2.38,https://dealcheck.io/features/rental-property-calculator/,0,0,0.00,0.45,126,"19, 33, 66, 52, 33, 52, 100, 52, 100, 52, 52, 42",2026-07-29,"Sitelinks, Reviews, Video, Ads top, Ads bottom, Video Carousel, Related searches",commercial,Organic
can you renovate a townhouse interior,1,1,70,1,0.00,https://dealcheck.io/blog/upgrading-townhomes-maximum-roi-renovation-tips-investors/,0,0,0.00,0.33,163,"9, 23, 33, 33, 33, 33, 33, 33, 33, 23, 33, 42",2026-08-03,"Sitelinks, Reviews, Video, Video Carousel, People also ask, Related searches, AI overview",informational,AI overview
can you renovate a townhouse interior,5,5,70,1,0.00,https://dealcheck.io/blog/upgrading-townhomes-maximum-roi-renovation-tips-investors/,0,0,0.00,0.33,163,"9, 23, 33, 33, 33, 33, 33, 33, 33, 23, 33, 42",2026-08-03,"Sitelinks, Reviews, Video, Video Carousel, People also ask, Related searches, AI overview",informational,Organic
typical loan to cost ratio for multifamily construction loans,62,62,40,4,0.00,https://dealcheck.io/blog/what-is-the-loan-to-cost-ratio/,0,0,0.00,0,109,"0, 100, 18, 9",2026-08-28,"Sitelinks, Video, People also ask, AI overview",informational,Organic
irr on real estate,52,52,40,15,0.00,https://dealcheck.io/blog/how-to-calculate-internal-rate-of-return/,0,0,0.00,0.33,127,"23, 42, 42, 23, 14, 9, 9, 9, 14, 9, 9, 9",2026-09-05,"Sitelinks, Video, Video Carousel, People also ask, Related searches, Discussions and forums, AI overview",informational,Organic
dscr ratio formula,76,76,1300,31,1.08,https://dealcheck.io/blog/how-to-calculate-debt-service-coverage-ratio/,0,0,0.00,0.16,507000,"34, 55, 65, 24, 34, 44, 55, 13, 20, 55, 55, 34",2026-08-27,"Image pack, Sitelinks, Video, People also ask, Related searches, Things to know, AI overview",informational,Organic
wholesaling real estate contracts pdf,41,41,50,22,2.34,https://dealcheck.io/wp-content/uploads/media/Real%20Estate%20Wholesaling%20Checklist%20%7C%20DealCheck.pdf,0,0,0.00,0.99,128,"28, 12, 15, 12, 12, 6, 15, 9, 15, 21, 9, 21",2026-09-18,"Reviews, Video, People also ask, Related searches, AI overview",informational,Organic
commercial real estate deal analyzer,1,1,90,5,10.57,https://dealcheck.io/,0,0,0.00,0.66,132,"11, 19, 26, 26, 34, 34, 34, 42, 53, 42, 34, 42",2026-08-21,"Reviews, Video, People also ask, Related searches, AI overview",informational,AI overview
commercial real estate deal analyzer,46,46,90,5,10.57,https://dealcheck.io/features/multi-family-commercial-property-calculator/,0,0,0.00,0.66,132,"11, 19, 26, 26, 34, 34, 34, 42, 53, 42, 34, 42",2026-08-21,"Reviews, Video, People also ask, Related searches, AI overview",informational,Organic
commercial real estate deal analyzer,92,92,90,5,10.57,https://dealcheck.io/features/rental-property-calculator/,0,0,0.00,0.66,132,"11, 19, 26, 26, 34, 34, 34, 42, 53, 42, 34, 42",2026-08-21,"Reviews, Video, People also ask, Related searches, AI overview",informational,Organic
section 8 deal finder software,28,28,50,14,5.56,https://dealcheck.io/,0,0,0.00,0.08,126,"18, 100, 100, 18, 18, 18, 18, 18, 18, 18, 100, 18",2026-08-09,"Reviews, Video, Related searches, AI overview",informational,Organic
best real estate tools for comps and arv analysis 2025,47,47,40,0,0.00,https://dealcheck.io/blog/recent-sales-comps-arv-estimates/,0,0,0.00,0,901000,"71, 100, 57, 28, 28, 57, 28",2026-07-27,"Sitelinks, Video, Video Carousel, Related searches, Discussions and forums, AI overview",commercial,Organic
evaluate rental property,39,39,110,55,3.62,https://dealcheck.io/features/rental-property-calculator/,0,0,0.00,0.44,132,"42, 26, 100, 65, 53, 19, 3, 34, 42, 34, 34, 53",2026-07-29,"Sitelinks, Video, People also ask, Related searches",informational,Organic
return on equity calculation,59,59,590,53,0.00,https://dealcheck.io/blog/how-to-calculate-return-on-equity/,0,0,0.00,0.01,117,"7, 16, 13, 27, 36, 20, 10, 16, 16, 16, 16, 8",2026-08-30,"Sitelinks, Video, People also ask, Related searches, AI overview",informational,Organic
land trust vs llc,22,22,210,2,1.33,https://dealcheck.io/blog/trust-vs-llc-best-way-to-hold-rental-properties/,0,0,0.00,0.09,128,"7, 23, 19, 5, 23, 19, 29, 23, 19, 19, 44, 29",2026-09-01,"Sitelinks, Video, Video Carousel, People also ask, Related searches, AI overview",commercial,Organic
estate planning llc trust rental properties,37,37,70,0,0.00,https://dealcheck.io/blog/trust-vs-llc-best-way-to-hold-rental-properties/,0,0,0.00,0,135,"100, 77",2026-09-19,"Video, Video Carousel, People also ask, Related searches, AI overview",informational,Organic
real estate analytics companies,50,50,90,14,3.37,https://dealcheck.io/,0,0,0.00,0.38,128,"100, 100, 41, 64, 64, 29, 41, 41, 82, 23, 23, 29",2026-09-13,"Sitelinks, Reviews, Video, People also ask, AI overview",informational,Organic
how to calculate irr for real estate,38,38,70,40,0.77,https://dealcheck.io/blog/how-to-calculate-internal-rate-of-return/,0,0,0.00,0.31,130,"36, 63, 100, 81, 81, 81, 63, 81, 45, 36, 45, 63",2026-08-21,"Sitelinks, Video, People also ask, Related searches, AI overview",informational,Organic
how to calculate irr for real estate,40,40,70,40,0.77,https://dealcheck.io/blog/how-to-calculate-internal-rate-of-return/,0,0,0.00,0.31,130,"36, 63, 100, 81, 81, 81, 63, 81, 45, 36, 45, 63",2026-08-21,"Sitelinks, Video, People also ask, Related searches, AI overview",informational,Organic
how to value commercial property calculator,22,22,140,7,1.72,https://dealcheck.io/features/multi-family-commercial-property-calculator/,0,0,0.00,0.36,162,"52, 80, 80, 66, 66, 52, 52, 66, 52, 66, 66, 66",2026-08-05,"Sitelinks, Reviews, Video, Ads bottom, People also ask, Related searches, AI overview",informational,Organic
rental property valuation calculator,35,35,210,47,2.51,https://dealcheck.io/features/rental-property-calculator/,0,0,0.00,0.33,132,"81, 53, 53, 43, 65, 81, 43, 65, 53, 53, 65, 53",2026-07-29,"Reviews, Video, Video Carousel, People also ask, Related searches",commercial,Organic
grm gross rent multiplier real estate investment,70,70,40,23,0.00,https://dealcheck.io/blog/how-to-calculate-gross-rent-multiplier/,0,0,0.00,0,135,"100, 0, 0, 0",2026-08-27,"Sitelinks, Video, Video Carousel, People also ask, Related searches, AI overview",informational,Organic
debt yield calculation commercial real estate,44,44,40,16,1.48,https://dealcheck.io/blog/how-to-calculate-debt-yield/,0,0,0.00,0.17,130,"57, 57, 28, 71, 28, 28, 100, 28, 28, 57, 71, 71",2026-09-13,"Sitelinks, Video, People also ask, Related searches, AI overview",informational,Organic
real estate investment coaching multifamily deal analysis,34,0,70,,0.00,https://dealcheck.io/features/multi-family-commercial-property-calculator/,0,0,0.00,0,113,100,2026-09-21,"Video, Video Carousel, People also ask, Related searches, AI overview",informational,Organic
what is an equity multiple,30,30,140,21,0.00,https://dealcheck.io/blog/what-is-the-equity-multiple/,0,0,0.00,0.01,127,"80, 100, 52, 80, 52, 66, 52, 66, 52, 66, 52, 80",2026-08-22,"Sitelinks, Reviews, Video, Video Carousel, People also ask, Related searches, AI overview",informational,Organic
formula for return on equity ratio,73,73,70,41,0.00,https://dealcheck.io/blog/how-to-calculate-return-on-equity/,0,0,0.00,0.33,114,"8, 8, 8, 11, 15, 11, 11, 11, 18, 18, 23, 11",2026-08-29,"Image pack, Sitelinks, Reviews, Video, People also ask, Related searches, AI overview",informational,Organic
rent cast api,17,17,320,20,2.20,https://dealcheck.io/blog/introducing-new-rentcast-property-data-api/,0,0,0.00,0.61,144,"10, 36, 10, 10, 10, 0, 0, 0, 0, 0, 0, 16",2026-08-12,"Reviews, Video, People also ask, Related searches",navigational,Organic
rent cast api,37,37,320,20,2.20,https://help.dealcheck.io/en/articles/8632537-property-data-api-by-rentcast,0,0,0.00,0.61,144,"10, 36, 10, 10, 10, 0, 0, 0, 0, 0, 0, 16",2026-08-12,"Reviews, Video, People also ask, Related searches",navigational,Organic
70 rule calculator,71,71,140,15,0.00,https://dealcheck.io/features/house-flipping-calculator/,0,0,0.00,0.01,104,"52, 52, 80, 80, 66, 100, 80, 80, 66, 80, 80, 66",2026-07-28,"Reviews, Video, Video Carousel, People also ask, Related searches, AI overview",informational,Organic
rental property analyzer,41,41,140,56,3.86,https://dealcheck.io/features/rental-property-calculator/,0,0,0.00,0.41,137,"34, 26, 65, 53, 53, 42, 65, 26, 80, 65, 80, 42",2026-07-31,"Reviews, Video, Related searches",commercial,Organic
rent analysis calculator,19,19,50,54,4.52,https://dealcheck.io/features/rental-property-calculator/,0,0,0.00,0.77,132,"81, 45, 36, 63, 63, 45, 9, 36, 0, 63, 9, 18",2026-07-29,"Sitelinks, Reviews, Video, Video Carousel, Related searches",commercial,Organic
house flipping software reviews,7,7,40,9,0.00,https://dealcheck.io/features/house-flipping-calculator/,0,0,0.00,0.33,109,"22, 44, 55, 22, 44, 77, 55, 100, 33, 33, 33, 22",2026-09-07,"Sitelinks, Reviews, Video, Video Carousel, People also ask, Related searches, Discussions and forums, AI overview",commercial,Organic
irr levered,64,64,40,14,3.98,https://help.dealcheck.io/en/articles/2023889-internal-rate-of-return-irr,0,0,0.00,0.02,103,"9, 19, 23, 4, 33, 33, 23, 14, 14, 23, 42, 9",2026-08-29,"Image pack, Sitelinks, Video, People also ask, Related searches, AI overview",informational,Organic
how to calculate return on real estate investment,71,71,110,20,0.75,https://dealcheck.io/blog/how-to-calculate-return-on-investment-rentals/,0,0,0.00,0.22,183,"100, 42, 42, 34, 34, 26, 26, 26, 26, 65, 26, 65",2026-08-09,"Sitelinks, Video, Video Carousel, People also ask, Related searches, AI overview",informational,Organic
dealsauce io reviews,10,10,40,26,3.98,https://dealcheck.io/reviews/,0,0,0.00,0.09,104,"0, 0, 0, 100, 52, 52, 0, 0, 0, 0, 0, 0",2026-08-07,"Sitelinks, Reviews, Video, Video Carousel, People also ask, Related searches, AI overview","commercial, navigational",Organic
how to calculate value of multi family property,24,24,70,9,1.68,https://dealcheck.io/features/multi-family-commercial-property-calculator/,0,0,0.00,0.66,128,"29, 41, 41, 41, 41, 41, 41, 29, 41, 41, 29, 23",2026-08-09,"Sitelinks, Video, Ads bottom, Video Carousel, People also ask, Related searches, Discussions and forums, AI overview",informational,Organic
should i put rental property in a trust or llc,34,34,70,2,1.88,https://dealcheck.io/blog/trust-vs-llc-best-way-to-hold-rental-properties/,0,0,0.00,0.19,132,"63, 100, 100, 63, 81, 36, 45, 63, 36, 45, 18, 18",2026-09-04,"Sitelinks, Video, Video Carousel, People also ask, Related searches, Discussions and forums, AI overview",informational,Organic
deal explorer,28,28,70,23,2.93,https://app.dealcheck.io/,0,0,0.00,0.96,195,"33, 33, 23, 33, 23, 9, 9, 9, 52, 80, 66, 52",2026-09-16,"Reviews, Video, AI overview",informational,Organic
deal explorer,77,77,70,23,2.93,https://dealcheck.io/pricing/,0,0,0.00,0.96,195,"33, 33, 23, 33, 23, 9, 9, 9, 52, 80, 66, 52",2026-09-16,"Reviews, Video, AI overview",informational,Organic
deal explorer,89,89,70,23,2.93,https://help.dealcheck.io/en/collections/1141204-using-dealcheck,0,0,0.00,0.96,195,"33, 33, 23, 33, 23, 9, 9, 9, 52, 80, 66, 52",2026-09-16,"Reviews, Video, AI overview",informational,Organic
dealsauce io login,15,15,140,30,3.99,https://dealcheck.io/,0,0,0.00,0.11,105,"5, 0, 0, 28, 0, 0, 15, 35, 54, 18, 8, 100",2026-08-18,"Sitelinks, Reviews, Video, People also ask, Related searches","navigational, transactional",Organic
grm in real estate,58,58,110,30,0.93,https://dealcheck.io/blog/how-to-calculate-gross-rent-multiplier/,0,0,0.00,0.03,129,"12, 10, 12, 54, 5, 4, 2, 7, 15, 5, 15, 12",2026-09-10,"Sitelinks, Video, Video Carousel, People also ask, Related searches, AI overview",informational,Organic
cap rate definition net operating income divided by property value,26,26,50,16,0.00,https://dealcheck.io/blog/understanding-cap-rates/,0,0,0.00,0,137,"4, 0, 0, 19, 0, 14, 23, 33, 4, 100, 52",2026-08-15,"Sitelinks, Video, People also ask, Related searches, AI overview",informational,Organic
real estate deal analyzer,47,47,320,16,4.35,https://dealcheck.io/features/rental-property-calculator/,0,0,0.00,0.5,135,"28, 81, 54, 44, 44, 18, 35, 100, 66, 54, 54, 35",2026-08-09,"Reviews, Video, Video Carousel, Related searches, Discussions and forums",commercial,Organic
software real estate investment,1,1,30,49,13.08,https://dealcheck.io/,0,0,0.00,0.04,118,"33, 44, 100, 77, 33, 55, 22, 22, 33, 11, 11, 11",2026-08-25,"Sitelinks, Reviews, Video, Video Carousel, People also ask, Related searches, AI overview",informational,AI overview
software real estate investment,9,9,30,49,13.08,https://dealcheck.io/,0,0,0.00,0.04,118,"33, 44, 100, 77, 33, 55, 22, 22, 33, 11, 11, 11",2026-08-25,"Sitelinks, Reviews, Video, Video Carousel, People also ask, Related searches, AI overview",informational,Organic
coc meaning real estate,13,13,110,21,0.00,https://dealcheck.io/blog/how-to-calculate-cash-on-cash-return/,0,0,0.00,0.01,121,"23, 52, 52, 52, 66, 100, 52, 42, 42, 52, 42, 42",2026-09-02,"Video, People also ask, Related searches, AI overview",informational,Organic
coc meaning real estate,93,93,110,21,0.00,https://help.dealcheck.io/en/articles/2023864-cash-on-cash-return-coc,0,0,0.00,0.01,121,"23, 52, 52, 52, 66, 100, 52, 42, 42, 52, 42, 42",2026-09-02,"Video, People also ask, Related searches, AI overview",informational,Organic
land due diligence software,59,59,40,8,0.00,https://dealcheck.io/,0,0,0.00,0,117,"20, 80, 80, 100, 60, 60, 100, 100, 80",2026-08-18,"Sitelinks, Reviews, Video, People also ask, Related searches, AI overview",informational,Organic
how to calculate roe ratio,57,57,50,47,0.00,https://dealcheck.io/blog/how-to-calculate-return-on-equity/,0,0,0.00,0.33,104,"50, 35, 21, 50, 64, 50, 50, 50, 64, 35, 14, 14",2026-08-29,"Sitelinks, Reviews, Video, People also ask, Related searches, AI overview",informational,Organic
cash on cash return equation,67,67,320,44,0.37,https://dealcheck.io/blog/how-to-calculate-cash-on-cash-return/,0,0,0.00,0.13,130,"24, 30, 20, 30, 30, 24, 24, 24, 20, 36, 36, 24",2026-08-24,"Image pack, Sitelinks, Video, People also ask, Related searches, AI overview",informational,Organic
terminal cap rate,47,47,140,13,0.17,https://dealcheck.io/blog/understanding-cap-rates/,0,0,0.00,0.06,137,"43, 53, 43, 23, 23, 66, 17, 12, 23, 28, 53, 43",2026-08-20,"Sitelinks, Video, People also ask, Related searches, AI overview",informational,Organic
total valuation,72,72,480,47,0.00,https://help.dealcheck.io/en/articles/2029655-total-equity,0,0,0.00,0.33,140,"20, 20, 20, 20, 20, 20, 20, 36, 36, 67, 76, 100",2026-08-26,"Video, People also ask, Related searches, AI overview",informational,Organic
commercial real estate lease analysis software,42,42,90,14,0.00,https://dealcheck.io/,0,0,0.00,0.04,119,"82, 52, 100, 64, 64, 41, 11, 11, 29, 41, 64, 82",2026-07-28,"Sitelinks, Reviews, Video, Video Carousel, Related searches, Discussions and forums, AI overview",informational,Organic
fccr vs dscr,83,83,90,11,0.00,https://help.dealcheck.io/en/articles/2023900-debt-coverage-ratio-dcr-dscr,0,0,0.00,0.02,116,"14, 14, 64, 78, 78, 100, 78, 78, 64, 64, 64, 64",2026-08-29,"Video, People also ask, Related searches, AI overview",commercial,Organic
real estate deal analysis,1,1,70,11,3.71,https://dealcheck.io/,0,0,0.00,0.24,108,"33, 52, 52, 52, 23, 9, 0, 23, 52, 23, 14, 80",2026-07-28,"Reviews, Video, Video Carousel, People also ask, Related searches, AI overview",informational,AI overview
dealsauce login,35,35,320,16,6.88,https://dealcheck.io/,0,0,0.00,0.08,106,"28, 23, 44, 100, 100, 66, 54, 44, 54, 54, 23, 44",2026-08-03,"Sitelinks, Reviews, Video, Related searches","navigational, transactional",Organic
rental capitalization rate,29,29,90,45,0.43,https://dealcheck.io/blog/understanding-cap-rates/,0,0,0.00,0.26,137,"41, 41, 64, 64, 64, 82, 41, 41, 64, 41, 52, 41",2026-09-13,"Sitelinks, Video, Video Carousel, People also ask, AI overview",informational,Organic
ltc vs ltv,51,51,170,8,0.00,https://dealcheck.io/blog/what-is-the-loan-to-cost-ratio/,0,0,0.00,0,131,"1, 2, 1, 0, 1, 1, 1, 2, 1, 2, 0, 1",2026-08-07,"Sitelinks, Reviews, Video, Video Carousel, People also ask, Related searches, Discussions and forums, AI overview",commercial,Organic
real estate investment and development software,22,22,50,26,0.00,https://dealcheck.io/,0,0,0.00,0,109,"50, 78, 50, 14, 21, 28, 21, 14, 35, 28, 35, 64",2026-09-18,"Reviews, Video, People also ask, Related searches, AI overview",informational,Organic
what is ltc in real estate,53,53,110,28,0.00,https://dealcheck.io/blog/what-is-the-loan-to-cost-ratio/,0,0,0.00,0,222,"28, 53, 15, 53, 6, 6, 81, 6, 21, 15, 65, 65",2026-08-01,"Sitelinks, Reviews, Video, Video Carousel, People also ask, Related searches, AI overview",informational,Organic
rehab evaluator,20,20,40,31,0.00,https://dealcheck.io/features/house-flipping-calculator/,0,0,0.00,0.33,107,"15, 26, 15, 7, 11, 7, 7, 34, 7, 15, 11, 7",2026-08-08,"Sitelinks, Reviews, Video, Video Carousel, People also ask, Related searches",navigational,Organic
commercial property calculator,35,35,590,50,2.28,https://dealcheck.io/features/multi-family-commercial-property-calculator/,0,0,0.00,0.22,122,"67, 54, 67, 81, 67, 67, 54, 44, 81, 44, 54, 81",2026-08-01,"Reviews, Video, People also ask, Related searches","commercial, informational",Organic
how to calculate rate of return on equity,35,35,70,41,0.53,https://dealcheck.io/blog/how-to-calculate-return-on-equity/,0,0,0.00,0.02,123,"1, 10, 0, 0, 0, 0, 1, 0, 0, 0, 0, 0",2026-09-16,"Sitelinks, Reviews, Video, People also ask, Related searches, AI overview",informational,Organic
irr internal rate return annual or total figure,87,87,110,8,0.00,https://help.dealcheck.io/en/articles/2023889-internal-rate-of-return-irr,0,0,0.00,0,138,"0, 82, 100, 23, 0, 0, 0",2026-09-05,"Video, People also ask, Related searches, AI overview",informational,Organic
real estate vocabulary pdf,43,43,90,8,1.53,https://dealcheck.io/wp-content/uploads/media/Real%20Estate%20Investing%20Glossary%20%7C%20DealCheck.pdf,0,0,0.00,0.54,93,"21, 34, 28, 34, 34, 34, 34, 28, 28, 21, 21, 21",2026-09-09,"Reviews, People also ask, Related searches, AI overview",informational,Organic
artificial intelligence real estate investing,1,1,30,17,4.31,https://dealcheck.io/,0,0,0.00,0.06,146,"28, 71, 57, 42, 28, 28, 28, 28, 28, 28, 28, 100",2026-08-20,"Sitelinks, Reviews, Video, People also ask, Related searches, AI overview",informational,AI overview
real estate analytics software,18,18,320,27,8.69,https://dealcheck.io/,0,0,0.00,0.09,126,"54, 35, 100, 81, 43, 29, 66, 43, 66, 54, 66, 100",2026-07-30,"Sitelinks, Reviews, Video, Related searches, AI overview",informational,Organic
how to quickly screen real estate deals criteria,93,93,1900,17,0.00,https://help.dealcheck.io/en/articles/2068341-how-to-analyze-multi-family-and-commercial-properties,0,0,0.00,0,984000000,"24, 100",2026-08-21,"Sitelinks, Video, Video Carousel, People also ask, Related searches, Discussions and forums, AI overview",informational,Organic
real estate cap rate definition,40,40,140,40,0.11,https://dealcheck.io/blog/understanding-cap-rates/,0,0,0.00,0.29,131,"42, 42, 42, 42, 42, 53, 42, 80, 100, 80, 80, 26",2026-08-10,"Sitelinks, Reviews, Video, Video Carousel, People also ask, Related searches, AI overview",informational,Organic
analyze rental property,47,47,70,37,4.52,https://dealcheck.io/features/rental-property-calculator/,0,0,0.00,0.09,128,"52, 41, 82, 82, 29, 0, 0, 29, 100, 64, 5, 29",2026-07-29,"Sitelinks, Video, Ads bottom, Video Carousel, Related searches",informational,Organic
dscr formula real estate,49,49,70,31,1.19,https://dealcheck.io/blog/how-to-calculate-debt-service-coverage-ratio/,0,0,0.00,0.21,134,"41, 64, 64, 29, 82, 23, 41, 41, 17, 11, 82, 17",2026-08-31,"Sitelinks, Video, Video Carousel, People also ask, Related searches, Discussions and forums, AI overview",informational,Organic
totalprofit,55,55,140,22,0.00,https://help.dealcheck.io/en/articles/2029671-total-profit-flips,0,0,0.00,0.01,126,"14, 14, 10, 22, 29, 35, 0, 29, 35, 43, 54, 35",2026-08-07,"Reviews, Video, Video Carousel, People also ask, Related searches, AI overview",informational,Organic
totalprofit,58,58,140,22,0.00,https://help.dealcheck.io/en/articles/2029671-total-profit-flips,0,0,0.00,0.01,126,"14, 14, 10, 22, 29, 35, 0, 29, 35, 43, 54, 35",2026-08-07,"Reviews, Video, Video Carousel, People also ask, Related searches, AI overview",informational,Organic
best software for house flippers,9,9,40,11,0.00,https://dealcheck.io/features/house-flipping-calculator/,0,0,0.00,0,170,"100, 71, 71, 71, 57, 57, 42, 42, 42, 57, 42, 42",2026-09-07,"Sitelinks, Reviews, Video, People also ask, Popular products, Related searches, Discussions and forums",commercial,Organic
best software for house flippers,10,10,40,11,0.00,https://dealcheck.io/features/house-flipping-calculator/,0,0,0.00,0,170,"100, 71, 71, 71, 57, 57, 42, 42, 42, 57, 42, 42",2026-09-07,"Sitelinks, Reviews, Video, People also ask, Popular products, Related searches, Discussions and forums",commercial,Organic
rental checker,31,31,390,54,7.25,https://dealcheck.io/features/rental-property-calculator/,0,0,0.00,0.1,124,"2, 30, 66, 0, 0, 0, 0, 79, 0, 0, 0, 0",2026-09-14,"Reviews, Video, Related searches, AI overview",informational,Organic
wholesale real estate marketing plan,40,40,50,2,0.00,https://dealcheck.io/wp-content/uploads/media/Real%20Estate%20Wholesaling%20Checklist%20%7C%20DealCheck.pdf,0,0,0.00,0,116,"36, 100, 100, 81, 9, 18, 27, 36, 27, 45, 36, 27",2026-08-25,"Video, Video Carousel, People also ask, Related searches, Discussions and forums, AI overview",informational,Organic
how to calculate equity multiple,23,23,110,19,0.00,https://dealcheck.io/blog/what-is-the-equity-multiple/,0,0,0.00,0.02,153,"28, 28, 23, 28, 28, 35, 23, 17, 28, 28, 35, 23",2026-08-08,"Sitelinks, Video, Video Carousel, People also ask, Related searches, AI overview",informational,Organic
brrrr spreadsheet,3,3,50,5,3.16,https://dealcheck.io/features/brrrr-calculator/,0,0,0.00,0.26,104,"2, 6, 9, 4, 4, 6, 6, 9, 9, 4, 9, 2",2026-09-01,"Reviews, Video, Image, Video Carousel, People also ask, Related searches, AI overview",informational,AI overview
property analytics platform,48,48,50,26,0.00,https://dealcheck.io/,0,0,0.00,0,125,"28, 100, 100, 100, 100, 100, 100, 42, 42, 28, 28, 42",2026-09-05,"Video, People also ask, Related searches, AI overview",informational,Organic
debt coverage ratio real estate,61,61,170,20,3.19,https://dealcheck.io/blog/how-to-calculate-debt-service-coverage-ratio/,0,0,0.00,0.29,136,"43, 18, 29, 81, 18, 43, 18, 54, 54, 66, 8, 8",2026-08-06,"Sitelinks, Video, Video Carousel, People also ask, Related searches, Short videos, Discussions and forums, AI overview",informational,Organic
what does loan to cost mean,51,51,210,20,1.36,https://dealcheck.io/blog/what-is-the-loan-to-cost-ratio/,0,0,0.00,0.02,125,"100, 65, 65, 80, 80, 80, 80, 80, 80, 80, 80, 15",2026-09-18,"Sitelinks, Reviews, Video, People also ask, Related searches, AI overview",informational,Organic
return on investment real estate formula,73,73,50,26,1.01,https://dealcheck.io/blog/how-to-calculate-return-on-investment-rentals/,0,0,0.00,0.09,135,"22, 77, 100, 33, 0, 0, 77, 77, 55, 77, 77, 55",2026-09-02,"Sitelinks, Reviews, Video, People also ask, Related searches, AI overview",informational,Organic
2 percent rule in real estate,13,13,90,17,0.00,https://dealcheck.io/blog/how-to-use-1-percent-rule-2-percent-rule/,0,0,0.00,0.33,115,"100, 2, 2, 2, 2, 2, 2, 2, 2, 0, 2, 2",2026-09-13,"Sitelinks, Reviews, Video, People also ask, Related searches, Discussions and forums, AI overview",informational,Organic
best site analysis software uk real estate funds,22,22,70,10,0.00,https://dealcheck.io/,0,0,0.00,0,138000000,"33, 100",2026-09-19,"Sitelinks, Reviews, Video, People also ask, Related searches, Discussions and forums, AI overview",commercial,Organic
deal sauce io reviews,11,11,40,25,9.24,https://dealcheck.io/reviews/,0,0,0.00,0.2,119,"0, 0, 0, 7, 21, 50, 28, 7, 78, 14, 14, 100",2026-08-18,"Sitelinks, Reviews, Video, Video Carousel, People also ask, Related searches, Discussions and forums, AI overview",commercial,Organic
discount rate vs capitalization rate,36,36,40,4,0.00,https://dealcheck.io/blog/understanding-cap-rates/,0,0,0.00,0.02,134,"41, 41, 41, 41, 41, 23, 11, 11, 11, 11, 11, 11",2026-09-17,"Reviews, Video, Video Carousel, People also ask, Related searches, AI overview",commercial,Organic
what is a good coc return,54,54,70,17,0.00,https://dealcheck.io/blog/how-to-calculate-cash-on-cash-return/,0,0,0.00,0.01,131,"41, 41, 52, 17, 11, 29, 17, 82, 41, 41, 41, 52",2026-08-25,"Sitelinks, Video, People also ask, Related searches, Discussions and forums, AI overview",informational,Organic
rent comp,33,33,140,54,1.73,https://help.dealcheck.io/en/articles/3106052-viewing-rental-comps-rent-estimates,0,0,0.00,0.56,131,"29, 19, 44, 19, 44, 12, 9, 12, 12, 19, 12, 19",2026-08-11,"Knowledge panel, Reviews, Video, People also ask, Related searches",informational,Organic
real estate investments software,16,16,40,46,13.08,https://dealcheck.io/,0,0,0.00,0.04,122,"21, 50, 100, 64, 7, 28, 14, 7, 14, 21, 14, 35",2026-08-20,"Sitelinks, Reviews, Video, People also ask, Related searches, AI overview",informational,Organic
real estate analytics and reporting tool,36,36,110,9,0.00,https://dealcheck.io/,0,0,0.00,0,123,"19, 53, 42, 34, 26, 53, 100",2026-08-20,"Sitelinks, Reviews, Video, People also ask, Related searches, AI overview",informational,Organic
can you renovate a townhouse,13,13,90,3,0.00,https://dealcheck.io/blog/upgrading-townhomes-maximum-roi-renovation-tips-investors/,0,0,0.00,0.06,125,"2, 3, 3, 3, 3, 3, 3, 3, 3, 3, 2, 1",2026-09-10,"Sitelinks, Reviews, Video, Video Carousel, People also ask, Related searches, AI overview",informational,Organic
define debt yield,67,67,70,18,0.13,https://dealcheck.io/blog/how-to-calculate-debt-yield/,0,0,0.00,0.05,111,"63, 45, 63, 81, 81, 45, 81, 81, 81, 100, 63, 63",2026-09-17,"Sitelinks, Video, Video Carousel, People also ask, Related searches, AI overview",informational,Organic
define debt yield,69,69,70,18,0.13,https://dealcheck.io/blog/how-to-calculate-debt-yield/,0,0,0.00,0.05,111,"63, 45, 63, 81, 81, 45, 81, 81, 81, 100, 63, 63",2026-09-17,"Sitelinks, Video, Video Carousel, People also ask, Related searches, AI overview",informational,Organic
rental analytics software,23,23,110,20,0.00,https://dealcheck.io/,0,0,0.00,0,127,"0, 0, 0, 0, 0, 0, 0, 100, 100, 100, 35, 0",2026-08-14,"Sitelinks, Video, People also ask, Related searches, AI overview",informational,Organic
how to calculate grm,47,47,320,34,0.09,https://dealcheck.io/blog/how-to-calculate-gross-rent-multiplier/,0,0,0.00,0.11,99,"14, 100, 26, 17, 17, 14, 26, 21, 21, 26, 26, 32",2026-09-07,"Sitelinks, Reviews, Video, Video Carousel, People also ask, Related searches, AI overview",informational,Organic
lease check,58,58,30,63,3.58,https://dealcheck.io/,0,0,0.00,0.16,127,"22, 44, 100, 11, 44, 44, 22, 11, 0, 22, 0, 55",2026-08-08,"Sitelinks, Video, Video Carousel, People also ask, Related searches, AI overview",navigational,Organic
building valuation calculator,52,52,40,23,2.36,https://dealcheck.io/features/multi-family-commercial-property-calculator/,0,0,0.00,0.31,119,"15, 15, 12, 21, 15, 15, 15, 12, 9, 9, 9, 12",2026-09-13,"Video, People also ask, Related searches, AI overview",informational,Organic
best property intelligence software,7,7,40,39,0.00,https://dealcheck.io/,0,0,0.00,0,118,"28, 100, 100, 100, 100, 42, 0, 0, 71, 14, 42, 42",2026-09-09,"Sitelinks, Reviews, Video, Video Carousel, People also ask, Discussions and forums, AI overview",commercial,Organic
best property intelligence software,9,9,40,39,0.00,https://dealcheck.io/,0,0,0.00,0,118,"28, 100, 100, 100, 100, 42, 0, 0, 71, 14, 42, 42",2026-09-09,"Sitelinks, Reviews, Video, Video Carousel, People also ask, Discussions and forums, AI overview",commercial,Organic
how to compute return on equity,64,64,140,45,0.35,https://dealcheck.io/blog/how-to-calculate-return-on-equity/,0,0,0.00,0.01,123,"7, 7, 7, 0, 3, 0, 0, 5, 24, 0, 0, 0",2026-08-16,"Sitelinks, Video, People also ask, Related searches, AI overview",informational,Organic
rent analyzer,14,14,110,58,5.34,https://dealcheck.io/,0,0,0.00,0.65,135,"11, 7, 2, 2, 1, 7, 11, 7, 5, 5, 5, 3",2026-09-11,"Reviews, Video, People also ask, Related searches, AI overview",commercial,Organic
rent analyzer,68,68,110,58,5.34,https://dealcheck.io/features/rental-property-calculator/,0,0,0.00,0.65,135,"11, 7, 2, 2, 1, 7, 11, 7, 5, 5, 5, 3",2026-09-11,"Reviews, Video, People also ask, Related searches, AI overview",commercial,Organic
free multifamily deal analyzer,48,48,30,2,3.60,https://dealcheck.io/features/multi-family-commercial-property-calculator/,0,0,0.00,0.64,126,"14, 28, 28, 21, 28, 14, 28, 14, 21, 21, 14, 21",2026-08-07,"Reviews, Video, Video Carousel, Related searches, Discussions and forums",commercial,Organic
does noi include debt service,92,92,110,18,0.00,https://help.dealcheck.io/en/articles/2029694-net-operating-income-noi,0,0,0.00,0.02,126,"52, 42, 52, 42, 52, 66, 66, 52, 52, 52, 52, 42",2026-09-01,"Video, People also ask, Related searches, AI overview",informational,Organic
real estate finance break-even interest rate beir definition,30,30,90,8,0.00,https://dealcheck.io/blog/how-to-calculate-break-even-ratio/,0,0,0.00,0,9200000,"100, 35",2026-09-07,"Reviews, Video, People also ask, Related searches, AI overview",informational,Organic
rent comparables report,22,22,30,28,4.69,https://help.dealcheck.io/en/articles/3106052-viewing-rental-comps-rent-estimates,0,0,0.00,0.15,130,"18, 45, 45, 27, 18, 18, 18, 18, 18, 18, 63, 36",2026-08-30,"Video, People also ask, Related searches",commercial,Organic
rent comparables report,48,48,30,28,4.69,https://dealcheck.io/blog/comparable-rental-listings-rent-estimates/,0,0,0.00,0.15,130,"18, 45, 45, 27, 18, 18, 18, 18, 18, 18, 63, 36",2026-08-30,"Video, People also ask, Related searches",commercial,Organic
real estate investing affiliate programs,31,31,40,3,2.90,https://dealcheck.io/affiliates/,0,0,0.00,0.38,144,"60, 100, 100, 80, 100, 100, 60, 60, 60, 60, 40, 60",2026-09-09,"Sitelinks, Reviews, Video, People also ask, Related searches, AI overview",informational,Organic
how to calculate the gross rent multiplier,63,63,90,29,0.17,https://dealcheck.io/blog/how-to-calculate-gross-rent-multiplier/,0,0,0.00,0.15,123,"52, 52, 42, 42, 52, 33, 19, 52, 52, 33, 52, 52",2026-08-21,"Sitelinks, Reviews, Video, Video Carousel, People also ask, Related searches, AI overview",informational,Organic
how to determine value of land in depreciation,63,63,40,14,0.84,https://help.dealcheck.io/en/articles/8713272-land-value,0,0,0.00,0.33,133,"18, 18, 9, 18, 18, 18, 18, 18, 100, 100, 100, 18",2026-08-18,"Sitelinks, Reviews, Video, People also ask, Related searches, AI overview",informational,Organic
rent estimate api,34,34,50,22,4.07,https://help.dealcheck.io/en/articles/8632537-property-data-api-by-rentcast,0,0,0.00,0.18,115,"14, 100, 78, 35, 14, 14, 28, 50, 50, 28, 21, 14",2026-08-28,"Reviews, Video, Video Carousel, People also ask, Related searches",informational,Organic
rent estimate api,70,70,50,22,4.07,https://help.dealcheck.io/en/articles/8713262-rentcast-rent-estimate,0,0,0.00,0.18,115,"14, 100, 78, 35, 14, 14, 28, 50, 50, 28, 21, 14",2026-08-28,"Reviews, Video, Video Carousel, People also ask, Related searches",informational,Organic
flipping houses calculator,6,6,40,20,2.27,https://dealcheck.io/features/house-flipping-calculator/,0,0,0.00,0.24,103,"3, 0, 6, 6, 12, 34, 9, 6, 9, 15, 15, 34",2026-09-14,"Reviews, Video, Video Carousel, People also ask, Related searches, AI overview",informational,Organic
what is grm real estate,67,67,50,26,0.06,https://dealcheck.io/blog/how-to-calculate-gross-rent-multiplier/,0,0,0.00,0.07,132,"43, 12, 10, 12, 10, 10, 7, 43, 17, 2, 5, 5",2026-08-22,"Sitelinks, Reviews, Video, Video Carousel, People also ask, Related searches, AI overview",informational,Organic
total equity meaning,65,65,90,27,0.00,https://help.dealcheck.io/en/articles/2029655-total-equity,0,0,0.00,0.33,134,"52, 52, 41, 64, 64, 41, 52, 52, 64, 52, 52, 52",2026-09-09,"Sitelinks, Reviews, Video, Video Carousel, People also ask, Related searches, AI overview",informational,Organic
total equity meaning,73,73,90,27,0.00,https://help.dealcheck.io/en/articles/2029655-total-equity,0,0,0.00,0.33,134,"52, 52, 41, 64, 64, 41, 52, 52, 64, 52, 52, 52",2026-09-09,"Sitelinks, Reviews, Video, Video Carousel, People also ask, Related searches, AI overview",informational,Organic
rehab valuator software,26,26,50,25,0.00,https://dealcheck.io/features/house-flipping-calculator/,0,0,0.00,0.33,0,"22, 33, 33, 22, 55, 100, 100, 55, 33, 22, 33, 77",2026-08-31,"Sitelinks, Reviews, Video, People also ask, Related searches",navigational,Organic
commercial property appraisal calculator,30,30,110,18,2.42,https://dealcheck.io/features/multi-family-commercial-property-calculator/,0,0,0.00,0.37,126,"28, 78, 78, 78, 100, 100, 64, 35, 64, 78, 100, 78",2026-08-31,"Sitelinks, Video, People also ask, Related searches, AI overview",informational,Organic
cap rate formula explained,26,26,40,39,0.00,https://dealcheck.io/blog/understanding-cap-rates/,0,0,0.00,0,130,"100, 64, 14, 78, 50, 21, 0, 7, 7, 0, 14, 0",2026-08-03,"Sitelinks, Reviews, Video, Video Carousel, People also ask, Related searches, AI overview",informational,Organic
commercial real estate calculators,9,9,40,44,2.34,https://dealcheck.io/features/multi-family-commercial-property-calculator/,0,0,0.00,0.23,124,"2, 2, 2, 2, 0, 0, 2, 0, 0, 0, 100, 0",2026-09-19,"Reviews, Video, Related searches, AI overview",informational,Organic
lease analysis software,44,44,40,31,0.00,https://dealcheck.io/,0,0,0.00,0.33,120,"71, 100, 71, 57, 28, 28, 28, 28, 57, 28, 28, 42",2026-07-28,"Sitelinks, Reviews, Video, People also ask, Related searches, AI overview",commercial,Organic
calculation for return on equity,64,64,720,42,0.00,https://dealcheck.io/blog/how-to-calculate-return-on-equity/,0,0,0.00,0.01,120,"4, 0, 2, 4, 0, 0, 0, 0, 0, 100, 0, 4",2026-08-17,"Sitelinks, Reviews, Video, People also ask, Related searches, AI overview",informational,Organic
multifamily property valuation,41,41,90,8,0.00,https://dealcheck.io/features/multi-family-commercial-property-calculator/,0,0,0.00,0.08,121,"50, 64, 78, 100, 64, 50, 78, 78, 50, 35, 78, 50",2026-07-28,"Sitelinks, Video, Ads top, Ads bottom, Video Carousel, People also ask, Related searches, Discussions and forums, AI overview",informational,Organic
deal helper llc,39,39,50,30,0.00,https://dealcheck.io/,0,0,0.00,0.33,69100000,"18, 100, 100, 18, 36, 27, 27, 18, 18, 100, 27, 18",2026-08-25,"Reviews, Video, People also ask, Related searches, AI overview",informational,Organic
trust vs llc for rental property,18,18,70,0,0.99,https://dealcheck.io/blog/trust-vs-llc-best-way-to-hold-rental-properties/,0,0,0.00,0.14,124,"50, 78, 64, 64, 50, 28, 35, 28, 28, 28, 50, 21",2026-09-06,"Sitelinks, Video, People also ask, Related searches, AI overview",commercial,Organic
deal analyzer,2,2,170,12,7.40,https://dealcheck.io/,0,0,0.00,0.66,167,"54, 43, 22, 18, 18, 22, 43, 22, 43, 35, 54, 35",2026-09-18,"Sitelinks, Reviews, Video, People also ask, Related searches, AI overview",commercial,AI overview
how to find rent comps,42,42,50,21,3.71,https://dealcheck.io/blog/comparable-rental-listings-rent-estimates/,0,0,0.00,0.66,128,"19, 26, 11, 11, 15, 100, 15, 11, 7, 19, 7, 7",2026-08-10,"Sitelinks, Video, People also ask, Related searches, Discussions and forums, AI overview",informational,Organic
how to find rent comps,59,59,50,21,3.71,https://help.dealcheck.io/en/articles/3106052-viewing-rental-comps-rent-estimates,0,0,0.00,0.66,128,"19, 26, 11, 11, 15, 100, 15, 11, 7, 19, 7, 7",2026-08-10,"Sitelinks, Video, People also ask, Related searches, Discussions and forums, AI overview",informational,Organic
zoodealio,52,52,880,29,10.10,https://dealcheck.io/,0,0,0.00,0.08,110,"67, 76, 76, 67, 67, 45, 55, 55, 55, 76, 55, 45",2026-08-09,"Knowledge panel, Sitelinks, Reviews, Video, People also ask, Related searches",navigational,Organic
free real estate software for investors,1,1,30,50,4.69,https://dealcheck.io/,0,0,0.00,0.6,128,"1, 1, 3, 1, 1, 1, 1, 1, 1, 1, 1, 1",2026-09-12,"Reviews, Video, Video Carousel, People also ask, Related searches, AI overview","commercial, informational",AI overview
free real estate software for investors,1,1,30,50,4.69,https://dealcheck.io/,0,0,0.00,0.6,128,"1, 1, 3, 1, 1, 1, 1, 1, 1, 1, 1, 1",2026-09-12,"Reviews, Video, Video Carousel, People also ask, Related searches, AI overview","commercial, informational",AI overview
free real estate software for investors,4,4,30,50,4.69,https://dealcheck.io/,0,0,0.00,0.6,128,"1, 1, 3, 1, 1, 1, 1, 1, 1, 1, 1, 1",2026-09-12,"Reviews, Video, Video Carousel, People also ask, Related searches, AI overview","commercial, informational",Organic
how to calculate return on equity,53,53,1600,50,0.53,https://dealcheck.io/blog/how-to-calculate-return-on-equity/,0,0,0.00,0.02,118,"16, 18, 53, 44, 35, 29, 24, 35, 24, 35, 18, 13",2026-09-15,"Sitelinks, Reviews, Video, People also ask, Related searches, AI overview",informational,Organic
is sunoco a top tier gas,56,56,170,34,0.00,https://app.dealcheck.io/shared/-Mdb2KbqEkGQm-kBvDrd,0,0,0.00,0.33,147,"29, 29, 100, 23, 4, 36, 5, 44, 5, 6, 9, 9",2026-08-09,"Sitelinks, Reviews, Video, People also ask, Related searches, AI overview",informational,Organic
investment property loan to value,66,66,30,29,4.80,https://dealcheck.io/blog/what-is-the-loan-to-value-ratio/,0,0,0.00,0.15,131,"11, 11, 11, 11, 11, 11, 11, 11, 64, 11, 11, 11",2026-09-13,"Sitelinks, Video, People also ask, Related searches, Discussions and forums, AI overview",informational,Organic
commercial property valuation software,55,55,210,24,9.63,https://dealcheck.io/features/multi-family-commercial-property-calculator/,0,0,0.00,0.02,154,"53, 53, 28, 28, 82, 23, 53, 43, 66, 100, 100, 66",2026-07-28,"Sitelinks, Reviews, Video, People also ask, Related searches, AI overview",informational,Organic
comparative rental analysis,53,53,50,3,0.00,https://dealcheck.io/blog/comparable-rental-listings-rent-estimates/,0,0,0.00,0.06,134,"57, 100, 100, 71, 28, 28, 57, 71, 100, 100, 71, 100",2026-08-11,"Sitelinks, Video, Related searches, AI overview",informational,Organic
capex rate,34,34,320,26,0.00,https://dealcheck.io/blog/understanding-cap-rates/,0,0,0.00,0.33,137,"29, 2, 7, 5, 4, 4, 4, 4, 4, 5, 5, 0",2026-08-03,"Image pack, Sitelinks, Reviews, Video, People also ask, Related searches, AI overview",informational,Organic
rental property calculators,24,24,140,55,2.46,https://dealcheck.io/features/rental-property-calculator/,0,0,0.00,0.27,128,"24, 24, 6, 13, 6, 6, 10, 8, 6, 6, 5, 3",2026-08-19,"Sitelinks, Video, People also ask, Related searches",commercial,Organic
propertycheck,97,97,140,13,1.11,https://dealcheck.io/,0,0,0.00,0.32,1680000,"0, 21, 26, 21, 32, 7, 9, 9, 9, 14, 11, 17",2026-08-14,"Reviews, Video, People also ask, Related searches, AI overview",commercial,Organic
commercial deal finder,6,6,40,14,6.09,https://dealcheck.io/,0,0,0.00,0.99,114,"50, 35, 50, 50, 50, 35, 14, 14, 14, 21, 21, 14",2026-09-06,"Sitelinks, Video, Related searches, AI overview",informational,AI overview
commercial deal finder,6,6,40,14,6.09,https://dealcheck.io/,0,0,0.00,0.99,114,"50, 35, 50, 50, 50, 35, 14, 14, 14, 21, 21, 14",2026-09-06,"Sitelinks, Video, Related searches, AI overview",informational,AI overview
commercial deal finder,25,25,40,14,6.09,https://dealcheck.io/,0,0,0.00,0.99,114,"50, 35, 50, 50, 50, 35, 14, 14, 14, 21, 21, 14",2026-09-06,"Sitelinks, Video, Related searches, AI overview",informational,Organic
yield on debt meaning,70,70,70,23,0.00,https://dealcheck.io/blog/how-to-calculate-debt-yield/,0,0,0.00,0.04,133,"77, 77, 55, 100, 77, 100, 77, 100, 100, 77, 77, 33",2026-08-06,"Sitelinks, Video, Video Carousel, People also ask, Related searches, AI overview",informational,Organic
creative ways to buy a house,31,31,30,3,3.52,https://dealcheck.io/blog/alternative-financing-strategies-purchasing-second-home/,0,0,0.00,0.44,155,"29, 11, 11, 11, 11, 17, 11, 11, 11, 11, 11, 23",2026-08-07,"Sitelinks, Video, Video Carousel, People also ask, Related searches, Short videos, Discussions and forums, AI overview",informational,Organic
best real estate proposal platform,32,32,70,8,0.00,https://dealcheck.io/,0,0,0.00,0,116,"33, 100",2026-09-19,"Sitelinks, Reviews, Video, People also ask, Related searches, AI overview",commercial,Organic
real estate investing tools,1,1,140,30,8.94,https://dealcheck.io/,0,0,0.00,0.15,152,"100, 65, 100, 9, 6, 28, 21, 43, 21, 43, 28, 28",2026-09-13,"Sitelinks, Reviews, Video, Video Carousel, People also ask, Related searches, AI overview","commercial, informational",AI overview
debt coverage ratio meaning,78,78,140,47,0.47,https://help.dealcheck.io/en/articles/2023900-debt-coverage-ratio-dcr-dscr,0,0,0.00,0.15,132,"53, 53, 42, 53, 100, 53, 42, 26, 53, 53, 65, 65",2026-07-31,"Sitelinks, Reviews, Video, People also ask, Related searches, Short videos, AI overview",informational,Organic
house rehab calculator,11,11,50,13,0.00,https://dealcheck.io/features/house-flipping-calculator/,0,0,0.00,0.33,119,"42, 71, 100, 100, 71, 71, 71, 57, 57, 57, 57, 71",2026-08-25,"Sitelinks, Reviews, Video, People also ask, Related searches, AI overview",informational,Organic
good irr return commercial real estate mixed use investment,82,82,320,17,0.00,https://dealcheck.io/blog/how-to-calculate-internal-rate-of-return/,0,0,0.00,0,137,"36, 100, 10, 0, 0, 0",2026-08-31,"Sitelinks, Video, People also ask, Related searches, Discussions and forums, AI overview",informational,Organic
ltv vs ltc,60,60,110,8,0.00,https://dealcheck.io/blog/what-is-the-loan-to-cost-ratio/,0,0,0.00,0,127,"66, 80, 66, 66, 66, 66, 66, 42, 19, 66, 33, 66",2026-09-03,"Sitelinks, Reviews, Video, People also ask, Related searches, AI overview",commercial,Organic
real estate investment tool,1,1,40,34,8.94,https://dealcheck.io/,0,0,0.00,0.15,66,"100, 100, 36, 9, 9, 9, 18, 9, 18, 18, 81, 63",2026-09-22,"Sitelinks, Reviews, Video, People also ask, Related searches, AI overview",,AI overview
biggerpockets brrrr calculator,19,19,110,11,3.34,https://dealcheck.io/features/brrrr-calculator/,0,0,0.00,0.04,0,"42, 42, 42, 52, 52, 42, 42, 52, 52, 52, 52, 52",2026-09-16,"Sitelinks, Video, Related searches","navigational, transactional",Organic
how to figure gross rent multiplier,61,61,110,37,0.17,https://dealcheck.io/blog/how-to-calculate-gross-rent-multiplier/,0,0,0.00,0.15,124,"41, 52, 64, 52, 82, 64, 52, 64, 64, 100, 82, 82",2026-08-28,"Sitelinks, Reviews, Video, Video Carousel, People also ask, Related searches, AI overview",informational,Organic
what is equity multiple,37,37,90,29,0.00,https://dealcheck.io/blog/what-is-the-equity-multiple/,0,0,0.00,0.01,104,"53, 53, 53, 65, 7, 42, 34, 53, 3, 53, 11, 15",2026-08-17,"Reviews, Video, Video Carousel, People also ask, Related searches, AI overview",informational,Organic
dscr ratio real estate,59,59,110,28,3.19,https://dealcheck.io/blog/how-to-calculate-debt-service-coverage-ratio/,0,0,0.00,0.29,104,"66, 28, 28, 100, 12, 12, 17, 17, 5, 23, 17, 7",2026-09-02,"Sitelinks, People also ask, Related searches, AI overview",informational,Organic
dscr ratio real estate,60,60,110,28,3.19,https://dealcheck.io/blog/how-to-calculate-debt-service-coverage-ratio/,0,0,0.00,0.29,104,"66, 28, 28, 100, 12, 12, 17, 17, 5, 23, 17, 7",2026-09-02,"Sitelinks, People also ask, Related searches, AI overview",informational,Organic
calculating return on equity,35,35,110,50,1.16,https://dealcheck.io/blog/how-to-calculate-return-on-equity/,0,0,0.00,0.01,119,"0, 3, 0, 22, 0, 0, 0, 0, 0, 0, 0, 0",2026-08-06,"Sitelinks, Video, Video Carousel, People also ask, Related searches, AI overview",informational,Organic
house flipping profit calculator,6,6,40,13,0.00,https://dealcheck.io/features/house-flipping-calculator/,0,0,0.00,0.02,110,"7, 7, 7, 7, 7, 11, 42, 11, 7, 7, 26, 26",2026-08-08,"Reviews, Video, Video Carousel, People also ask, Related searches, AI overview",informational,Organic
how to finance a second home,15,15,170,19,4.37,https://dealcheck.io/blog/alternative-financing-strategies-purchasing-second-home/,0,0,0.00,0.57,134,"65, 80, 65, 80, 34, 42, 65, 26, 34, 65, 100, 100",2026-08-10,"Sitelinks, Reviews, Video, People also ask, Related searches, Discussions and forums, AI overview",informational,Organic
how to calculate multifamily value,16,16,50,6,0.00,https://dealcheck.io/features/multi-family-commercial-property-calculator/,0,0,0.00,0.43,130,"77, 77, 77, 77, 55, 77, 77, 55, 44, 55, 55, 44",2026-09-04,"Sitelinks, Reviews, Video, Video Carousel, People also ask, Related searches, AI overview",informational,Organic
offer competitiveness calculator,32,32,40,1,0.00,https://help.dealcheck.io/en/articles/2047630-using-the-offer-calculator-to-calculate-offers-to-sellers,0,0,0.00,0,119,"14, 71, 71, 71, 42, 57, 28, 100",2026-08-18,"Reviews, Video, Video Carousel, People also ask, AI overview",informational,Organic
how to figure return on equity,56,56,320,31,0.53,https://dealcheck.io/blog/how-to-calculate-return-on-equity/,0,0,0.00,0.02,118,"2, 24, 100, 4, 5, 2, 5, 4, 7, 2, 1, 2",2026-09-12,"Sitelinks, Reviews, Video, Video Carousel, People also ask, Related searches, AI overview",informational,Organic
remodel townhouse,24,24,30,12,5.43,https://dealcheck.io/blog/upgrading-townhomes-maximum-roi-renovation-tips-investors/,0,0,0.00,0.17,106,"28, 57, 57, 57, 57, 28, 28, 28, 28, 28, 42, 100",2026-09-01,"Local pack, Image pack, Reviews, Video, Video Carousel, People also ask, Related searches, AI overview",informational,Organic
how to calculate debt coverage ratio,78,78,720,33,0.80,https://dealcheck.io/blog/how-to-calculate-debt-service-coverage-ratio/,0,0,0.00,0.24,135,"67, 36, 45, 55, 45, 55, 45, 45, 55, 55, 67, 67",2026-08-26,"Sitelinks, Reviews, Video, Video Carousel, People also ask, Related searches, AI overview",informational,Organic
ber formula,1,1,70,25,0.00,https://dealcheck.io/blog/how-to-calculate-break-even-ratio/,0,0,0.00,0.33,129,"23, 23, 23, 33, 42, 33, 33, 33, 42, 52, 80, 52",2026-08-29,"Image pack, Sitelinks, Video, People also ask, Related searches, AI overview",informational,Image pack
yield on debt formula,53,53,90,20,1.19,https://dealcheck.io/blog/how-to-calculate-debt-yield/,0,0,0.00,0.03,133,"30, 13, 5, 1, 0, 0, 0, 1, 0, 0, 0, 20",2026-08-26,"Image pack, Sitelinks, Video, People also ask, Related searches, AI overview",informational,Organic
how do you calculate dscr,74,74,50,29,0.81,https://dealcheck.io/blog/how-to-calculate-debt-service-coverage-ratio/,0,0,0.00,0.66,133,"11, 23, 23, 11, 11, 29, 52, 41, 64, 100, 17, 11",2026-09-02,"Sitelinks, Video, Video Carousel, People also ask, Related searches, AI overview",informational,Organic
dealcheck ai,4,4,40,18,11.88,https://dealcheck.io/,0,0,0.00,0.53,103,"22, 44, 55, 55, 22, 77, 22, 22, 100, 44, 22, 22",2026-09-19,"Reviews, Video, People also ask, Related searches, AI overview",commercial,AI overview
dealcheck ai,4,4,40,18,11.88,https://dealcheck.io/,0,0,0.00,0.53,103,"22, 44, 55, 55, 22, 77, 22, 22, 100, 44, 22, 22",2026-09-19,"Reviews, Video, People also ask, Related searches, AI overview",commercial,AI overview
dealcheck ai,15,15,40,18,11.88,https://dealcheck.io/pricing/,0,0,0.00,0.53,103,"22, 44, 55, 55, 22, 77, 22, 22, 100, 44, 22, 22",2026-09-19,"Reviews, Video, People also ask, Related searches, AI overview",commercial,Organic
dealcheck ai,22,22,40,18,11.88,https://dealcheck.io/pricing/,0,0,0.00,0.53,103,"22, 44, 55, 55, 22, 77, 22, 22, 100, 44, 22, 22",2026-09-19,"Reviews, Video, People also ask, Related searches, AI overview",commercial,Organic
dealcheck ai,29,29,40,18,11.88,https://dealcheck.io/affiliates/,0,0,0.00,0.53,103,"22, 44, 55, 55, 22, 77, 22, 22, 100, 44, 22, 22",2026-09-19,"Reviews, Video, People also ask, Related searches, AI overview",commercial,Organic
dealcheck ai,30,30,40,18,11.88,https://dealcheck.io/affiliates/,0,0,0.00,0.53,103,"22, 44, 55, 55, 22, 77, 22, 22, 100, 44, 22, 22",2026-09-19,"Reviews, Video, People also ask, Related searches, AI overview",commercial,Organic
dealcheck ai,33,33,40,18,11.88,https://help.dealcheck.io/en/collections/2978273-integrations,0,0,0.00,0.53,103,"22, 44, 55, 55, 22, 77, 22, 22, 100, 44, 22, 22",2026-09-19,"Reviews, Video, People also ask, Related searches, AI overview",commercial,Organic
dealcheck ai,36,36,40,18,11.88,https://dealcheck.io/features/,0,0,0.00,0.53,103,"22, 44, 55, 55, 22, 77, 22, 22, 100, 44, 22, 22",2026-09-19,"Reviews, Video, People also ask, Related searches, AI overview",commercial,Organic
dealcheck ai,55,55,40,18,11.88,https://help.dealcheck.io/en/articles/2023022-can-i-use-dealcheck-to-analyze-properties-in-canada-australia-europe-or-other-countries,0,0,0.00,0.53,103,"22, 44, 55, 55, 22, 77, 22, 22, 100, 44, 22, 22",2026-09-19,"Reviews, Video, People also ask, Related searches, AI overview",commercial,Organic
dealcheck ai,65,65,40,18,11.88,https://dealcheck.io/reviews/,0,0,0.00,0.53,103,"22, 44, 55, 55, 22, 77, 22, 22, 100, 44, 22, 22",2026-09-19,"Reviews, Video, People also ask, Related searches, AI overview",commercial,Organic
dealcheck ai,67,67,40,18,11.88,https://dealcheck.io/features/property-valuation-reporting-software/,0,0,0.00,0.53,103,"22, 44, 55, 55, 22, 77, 22, 22, 100, 44, 22, 22",2026-09-19,"Reviews, Video, People also ask, Related searches, AI overview",commercial,Organic
apartment building value calculator,26,26,70,34,2.24,https://dealcheck.io/features/multi-family-commercial-property-calculator/,0,0,0.00,0.66,129,"14, 14, 22, 18, 14, 18, 14, 14, 22, 8, 14, 10",2026-07-29,"Video, People also ask, Related searches",informational,Organic
real estate investment modeling software,11,11,70,27,0.00,https://dealcheck.io/,0,0,0.00,0.33,114,"41, 82, 41, 17, 41, 41, 41, 52, 52, 29, 29, 29",2026-09-18,"Sitelinks, Reviews, Video, People also ask, Related searches, AI overview",informational,Organic
how to calculate commercial property value,72,72,50,27,1.72,https://dealcheck.io/features/multi-family-commercial-property-calculator/,0,0,0.00,0.36,185,"33, 19, 33, 14, 33, 14, 14, 23, 33, 33, 33, 14",2026-08-04,"Sitelinks, Reviews, Video, People also ask, Related searches, AI overview",informational,Organic
calculation of roe,53,53,390,51,0.00,https://dealcheck.io/blog/how-to-calculate-return-on-equity/,0,0,0.00,0.33,122,"16, 10, 10, 10, 20, 16, 20, 24, 20, 16, 16, 13",2026-07-28,"Sitelinks, Reviews, Video, Video Carousel, People also ask, Related searches, Short videos, AI overview",informational,Organic
dscr equation,74,74,90,30,1.00,https://dealcheck.io/blog/how-to-calculate-debt-service-coverage-ratio/,0,0,0.00,0.1,137,"50, 64, 64, 50, 100, 64, 50, 50, 64, 78, 78, 100",2026-08-19,"Sitelinks, Video, People also ask, Related searches, AI overview",informational,Organic
real estate investment terms,16,16,70,21,0.46,https://dealcheck.io/wp-content/uploads/media/Real%20Estate%20Investing%20Glossary%20%7C%20DealCheck.pdf,0,0,0.00,0.17,135,"42, 26, 34, 19, 26, 19, 15, 26, 26, 42, 7, 19",2026-08-03,"Sitelinks, Video, People also ask, Related searches, Discussions and forums, AI overview",informational,Organic
coc roi,8,8,70,35,0.00,https://dealcheck.io/blog/how-to-calculate-cash-on-cash-return/,0,0,0.00,0.03,134,"14, 33, 42, 19, 4, 9, 42, 52, 33, 33, 33, 33",2026-08-25,"Image pack, Video, People also ask, Related searches, AI overview",informational,Image pack
coc roi,34,34,70,35,0.00,https://dealcheck.io/blog/how-to-calculate-cash-on-cash-return/,0,0,0.00,0.03,134,"14, 33, 42, 19, 4, 9, 42, 52, 33, 33, 33, 33",2026-08-25,"Image pack, Video, People also ask, Related searches, AI overview",informational,Organic
coc roi,53,53,70,35,0.00,https://dealcheck.io/blog/how-to-calculate-cash-on-cash-return/,0,0,0.00,0.03,134,"14, 33, 42, 19, 4, 9, 42, 52, 33, 33, 33, 33",2026-08-25,"Image pack, Video, People also ask, Related searches, AI overview",informational,Organic
coc roi,78,78,70,35,0.00,https://help.dealcheck.io/en/articles/2023864-cash-on-cash-return-coc,0,0,0.00,0.03,134,"14, 33, 42, 19, 4, 9, 42, 52, 33, 33, 33, 33",2026-08-25,"Image pack, Video, People also ask, Related searches, AI overview",informational,Organic
real estate investment finance beir break-even interest rate definition,25,25,40,4,0.00,https://dealcheck.io/blog/how-to-calculate-break-even-ratio/,0,0,0.00,0,5800000,"100, 40",2026-08-15,"Reviews, Video, People also ask, Related searches, AI overview",informational,Organic
real estate property analysis software,1,1,260,16,0.00,https://dealcheck.io/,0,0,0.00,0.33,119,"2, 13, 6, 2, 2, 1, 1, 4, 1, 5, 62, 100",2026-08-19,"Sitelinks, Reviews, Video, Ads bottom, Video Carousel, People also ask, Related searches, AI overview",informational,AI overview
real estate property analysis software,37,37,260,16,0.00,https://dealcheck.io/features/property-valuation-reporting-software/,0,0,0.00,0.33,119,"2, 13, 6, 2, 2, 1, 1, 4, 1, 5, 62, 100",2026-08-19,"Sitelinks, Reviews, Video, Ads bottom, Video Carousel, People also ask, Related searches, AI overview",informational,Organic
house flipping software free,1,1,70,9,3.99,https://dealcheck.io/features/house-flipping-calculator/,0,0,0.00,0.33,103,"35, 50, 35, 21, 14, 28, 100, 100, 50, 50, 28, 35",2026-09-01,"Sitelinks, Reviews, Video, People also ask, Related searches, AI overview","commercial, informational",AI overview
property research software,21,21,140,29,0.00,https://dealcheck.io/,0,0,0.00,0.21,111,"100, 2, 1, 1, 0, 1, 8, 1, 1, 1, 0, 1",2026-09-17,"Sitelinks, Reviews, Video, People also ask, Related searches, AI overview",informational,Organic
best real estate investment analysis software,1,1,40,33,12.07,https://dealcheck.io/,0,0,0.00,0.49,105,"23, 33, 9, 9, 19, 9, 14, 14, 19, 14, 23, 23",2026-09-19,"Reviews, Video, Video Carousel, People also ask, AI overview",commercial,AI overview
best real estate investment analysis software,1,1,40,33,12.07,https://dealcheck.io/,0,0,0.00,0.49,105,"23, 33, 9, 9, 19, 9, 14, 14, 19, 14, 23, 23",2026-09-19,"Reviews, Video, Video Carousel, People also ask, AI overview",commercial,AI overview
rental property analysis tool,37,37,50,57,7.34,https://dealcheck.io/features/rental-property-calculator/,0,0,0.00,0.28,133,"18, 100, 81, 27, 18, 18, 63, 45, 81, 100, 18, 81",2026-08-08,"Reviews, Video, Ads bottom, People also ask, Related searches",commercial,Organic
rental property analysis tool,42,42,50,57,7.34,https://dealcheck.io/features/rental-property-calculator/,0,0,0.00,0.28,133,"18, 100, 81, 27, 18, 18, 63, 45, 81, 100, 18, 81",2026-08-08,"Reviews, Video, Ads bottom, People also ask, Related searches",commercial,Organic
2 rule rental property,19,19,40,18,0.00,https://dealcheck.io/blog/how-to-use-1-percent-rule-2-percent-rule/,0,0,0.00,0.11,118,"45, 45, 36, 36, 45, 63, 45, 27, 18, 18, 18, 18",2026-08-25,"Sitelinks, Reviews, Video, People also ask, Related searches, AI overview",informational,Organic
real estate deal analysis software,1,1,50,50,14.47,https://dealcheck.io/,0,0,0.00,0.26,122,"18, 63, 63, 27, 18, 18, 45, 100, 63, 81, 45, 100",2026-09-02,"Reviews, Video, Video Carousel, People also ask, Related searches, AI overview",informational,AI overview
real estate deal analysis software,47,47,50,50,14.47,https://dealcheck.io/features/property-valuation-reporting-software/,0,0,0.00,0.26,122,"18, 63, 63, 27, 18, 18, 45, 100, 63, 81, 45, 100",2026-09-02,"Reviews, Video, Video Carousel, People also ask, Related searches, AI overview",informational,Organic
real estate deal analysis software,64,64,50,50,14.47,https://dealcheck.io/features/rental-property-calculator/,0,0,0.00,0.26,122,"18, 63, 63, 27, 18, 18, 45, 100, 63, 81, 45, 100",2026-09-02,"Reviews, Video, Video Carousel, People also ask, Related searches, AI overview",informational,Organic
beach house investment calculator,53,53,90,15,0.00,https://dealcheck.io/features/rental-property-calculator/,0,0,0.00,0.33,112,"41, 52, 52, 41, 64, 100, 41, 82, 52, 52, 41, 41",2026-08-25,"Reviews, Video, People also ask, Related searches",informational,Organic
deal sauce .io,19,19,1300,33,5.35,https://dealcheck.io/,0,0,0.00,0.5,0,"100, 43, 0, 0, 0, 19, 1, 0, 10, 0",2026-09-14,"Sitelinks, Reviews, Video, Video Carousel, People also ask",navigational,Organic
deal sauce pricing,20,20,50,22,4.82,https://dealcheck.io/pricing/,0,0,0.00,0.33,167,"0, 0, 100, 14, 78, 78, 14, 14, 14, 14, 14, 100",2026-09-01,"Reviews, Video, Video Carousel, People also ask, Related searches, AI overview","navigational, transactional",Organic
deal sauce pricing,48,48,50,22,4.82,https://dealcheck.io/,0,0,0.00,0.33,167,"0, 0, 100, 14, 78, 78, 14, 14, 14, 14, 14, 100",2026-09-01,"Reviews, Video, Video Carousel, People also ask, Related searches, AI overview","navigational, transactional",Organic
deal sauce pricing,49,49,50,22,4.82,https://dealcheck.io/,0,0,0.00,0.33,167,"0, 0, 100, 14, 78, 78, 14, 14, 14, 14, 14, 100",2026-09-01,"Reviews, Video, Video Carousel, People also ask, Related searches, AI overview","navigational, transactional",Organic
what is the 2 rule in real estate,22,22,70,16,0.00,https://dealcheck.io/blog/how-to-use-1-percent-rule-2-percent-rule/,0,0,0.00,0.03,121,"7, 10, 10, 5, 12, 7, 7, 10, 4, 3, 7, 7",2026-08-21,"Sitelinks, Reviews, Video, People also ask, Related searches, Discussions and forums, AI overview",informational,Organic
international property search platforms accurate local prices,46,46,70,35,0.00,https://dealcheck.io/,0,0,0.00,0,125,100,2026-09-20,"Sitelinks, Reviews, Video, People also ask, Related searches, AI overview",transactional,Organic
what is cap rate for rental property,38,38,110,37,0.10,https://dealcheck.io/blog/understanding-cap-rates/,0,0,0.00,0.3,171,"7, 12, 15, 23, 10, 5, 15, 15, 5, 19, 10, 15",2026-08-10,"Sitelinks, Reviews, Video, People also ask, Related searches, AI overview",informational,Organic
business property value estimator,49,49,40,12,2.31,https://dealcheck.io/features/multi-family-commercial-property-calculator/,0,0,0.00,0.69,131,"57, 100, 71, 100, 57, 57, 28, 42, 28, 71, 71, 57",2026-08-28,"Reviews, Video, People also ask, Related searches, AI overview",informational,Organic
dcr ratio,60,60,40,56,0.00,https://help.dealcheck.io/en/articles/2023900-debt-coverage-ratio-dcr-dscr,0,0,0.00,0,131,"57, 100, 71, 28, 0, 57, 71, 57, 71, 71, 28, 42",2026-09-06,"Image pack, Sitelinks, Video, People also ask, Related searches, Discussions and forums, AI overview",informational,Organic
real estate wholesale formula,16,16,40,14,2.62,https://dealcheck.io/features/real-estate-wholesaling-calculator/,0,0,0.00,0.33,121,"41, 41, 41, 17, 11, 23, 23, 23, 17, 17, 11, 17",2026-08-21,"Sitelinks, Video, Video Carousel, People also ask, Related searches, AI overview",informational,Organic
rental property analysis,32,32,260,53,4.26,https://dealcheck.io/features/rental-property-calculator/,0,0,0.00,0.42,132,"29, 81, 66, 43, 43, 14, 54, 81, 100, 54, 66, 81",2026-08-19,"Sitelinks, Video, Ads bottom, Video Carousel, People also ask, Related searches",informational,Organic
real estate investor tools,1,1,90,27,0.00,https://dealcheck.io/,0,0,0.00,0,132,"11, 100, 100, 52, 23, 41, 41, 64, 52, 41, 41, 41",2026-08-27,"Sitelinks, Reviews, Video, Video Carousel, People also ask, Related searches, AI overview","commercial, informational",AI overview
how to compute roe,59,59,170,50,0.35,https://dealcheck.io/blog/how-to-calculate-return-on-equity/,0,0,0.00,0.01,119,"7, 3, 16, 3, 3, 3, 1, 3, 0, 4, 3, 1",2026-08-06,"Sitelinks, Reviews, Video, People also ask, Related searches, AI overview",informational,Organic
wholesale deal analyzer,13,13,50,7,5.40,https://help.dealcheck.io/en/articles/4291940-how-to-analyze-wholesale-deals,0,0,0.00,0.44,183,"7, 19, 19, 26, 11, 15, 15, 34, 11, 19, 19, 26",2026-08-20,"Sitelinks, Reviews, Video, People also ask, Related searches, AI overview",informational,Organic
wholesale deal analyzer,30,30,50,7,5.40,https://dealcheck.io/,0,0,0.00,0.44,183,"7, 19, 19, 26, 11, 15, 15, 34, 11, 19, 19, 26",2026-08-20,"Sitelinks, Reviews, Video, People also ask, Related searches, AI overview",informational,Organic
rent to own homes columbus ga,64,64,140,14,0.80,https://app.dealcheck.io/shared/-OYky7O6-8jzt_CY0kdj,0,0,0.00,0.48,114,"65, 65, 42, 19, 26, 19, 34, 80, 65, 65, 65, 65",2026-08-04,"Sitelinks, Reviews, Video, People also ask, Related searches",informational,Organic
house flipping project management software,23,23,70,8,0.00,https://dealcheck.io/features/house-flipping-calculator/,0,0,0.00,0.33,74,"50, 64, 64, 50, 35, 50, 78, 100, 50, 35, 35, 35",2026-08-10,"Sitelinks, Reviews, Video, Video Carousel, People also ask, Related searches",commercial,Organic
dealsauce.io reviews,12,12,170,31,0.00,https://dealcheck.io/reviews/,0,0,0.00,0.03,107,"0, 0, 0, 54, 100, 100, 10, 4",2026-07-29,"Sitelinks, Reviews, Video, Video Carousel, People also ask, Related searches, AI overview","commercial, navigational",Organic
what is a good debt yield,65,65,50,17,0.00,https://dealcheck.io/blog/how-to-calculate-debt-yield/,0,0,0.00,0.01,112,"11, 11, 52, 29, 11, 11, 29, 11, 11, 11, 64, 64",2026-08-29,"Sitelinks, Video, People also ask, Related searches, AI overview",informational,Organic
what is the capitalization rate in real estate,23,23,70,38,0.11,https://dealcheck.io/blog/understanding-cap-rates/,0,0,0.00,0.36,170,"0, 1, 1, 100, 1, 0, 0, 1, 12, 0, 1, 1",2026-07-31,"Sitelinks, Reviews, Video, People also ask, Related searches, Short videos, AI overview",informational,Organic
real estate investment finance break-even interest rate beir definition,30,30,40,10,0.00,https://dealcheck.io/blog/how-to-calculate-break-even-ratio/,0,0,0.00,0,3330000,"100, 75",2026-08-17,"Reviews, Video, People also ask, AI overview",informational,Organic
arv calculator by address,46,46,90,13,2.35,https://help.dealcheck.io/en/articles/3591359-calculated-arv-estimate,0,0,0.00,0.56,111,"43, 53, 34, 28, 15, 15, 15, 15, 34, 21, 15, 21",2026-07-28,"Reviews, Video, People also ask, Related searches","commercial, informational",Organic
debt yield,65,65,1300,25,1.43,https://dealcheck.io/blog/how-to-calculate-debt-yield/,0,0,0.00,0.02,125,"55, 44, 55, 55, 44, 34, 44, 44, 55, 44, 44, 44",2026-09-20,"Sitelinks, Video, People also ask, Related searches, AI overview",informational,Organic
how to calculate the return on equity,66,66,390,42,0.35,https://dealcheck.io/blog/how-to-calculate-return-on-equity/,0,0,0.00,0.01,124,"5, 10, 10, 54, 44, 36, 36, 19, 44, 81, 44, 100",2026-08-15,"Sitelinks, Reviews, Video, People also ask, Related searches, AI overview",informational,Organic
how to calculate the return on equity,70,70,390,42,0.35,https://dealcheck.io/blog/how-to-calculate-return-on-equity/,0,0,0.00,0.01,124,"5, 10, 10, 54, 44, 36, 36, 19, 44, 81, 44, 100",2026-08-15,"Sitelinks, Reviews, Video, People also ask, Related searches, AI overview",informational,Organic
rent analysis tool,14,14,90,60,9.85,https://dealcheck.io/,0,0,0.00,0.34,130,"33, 52, 42, 33, 23, 33, 66, 52, 33, 80, 42, 42",2026-09-04,"Reviews, Video, People also ask, Related searches",commercial,Organic
rent analysis tool,58,58,90,60,9.85,https://dealcheck.io/features/rental-property-calculator/,0,0,0.00,0.34,130,"33, 52, 42, 33, 23, 33, 66, 52, 33, 80, 42, 42",2026-09-04,"Reviews, Video, People also ask, Related searches",commercial,Organic
top property intelligence systems for commercial real estate investment analysis,34,34,40,11,0.00,https://dealcheck.io/,0,0,0.00,0,175,"71, 42, 57, 71, 100, 14",2026-08-10,"Sitelinks, Reviews, Video, Related searches, AI overview","commercial, informational",Organic
property data reporting tool,21,21,90,31,0.00,https://dealcheck.io/,0,0,0.00,0,118,"0, 7, 10, 7, 10, 10, 7, 100, 43, 17",2026-08-28,"Reviews, Video, People also ask, Related searches, AI overview",informational,Organic
property data reporting tool,69,69,90,31,0.00,https://dealcheck.io/features/property-valuation-reporting-software/,0,0,0.00,0,118,"0, 7, 10, 7, 10, 10, 7, 100, 43, 17",2026-08-28,"Reviews, Video, People also ask, Related searches, AI overview",informational,Organic
how do comparison tools help you save on rentals,79,79,40,16,0.00,https://dealcheck.io/blog/comparable-rental-listings-rent-estimates/,0,0,0.00,0,536000000,"100, 80, 80, 80, 40",2026-08-30,"Reviews, Video, Video Carousel, People also ask, Related searches",commercial,Organic
how to calculate the value of a multifamily property,14,14,70,5,5.47,https://dealcheck.io/features/multi-family-commercial-property-calculator/,0,0,0.00,0.59,133,"41, 41, 41, 41, 64, 64, 41, 29, 52, 29, 29, 23",2026-09-14,"Reviews, Video, Video Carousel, People also ask, Related searches, AI overview",informational,Organic
how to calculate the value of a multifamily property,35,35,70,5,5.47,https://dealcheck.io/features/multi-family-commercial-property-calculator/,0,0,0.00,0.59,133,"41, 41, 41, 41, 64, 64, 41, 29, 52, 29, 29, 23",2026-09-14,"Reviews, Video, Video Carousel, People also ask, Related searches, AI overview",informational,Organic
appreciation rate,92,92,140,39,0.00,https://help.dealcheck.io/en/articles/8713281-appreciation,0,0,0.00,0.33,122,"42, 80, 100, 65, 42, 42, 42, 53, 53, 53, 65, 53",2026-09-02,"Sitelinks, Reviews, Video, People also ask, Related searches, AI overview",informational,Organic
total profit,57,57,170,38,0.00,https://help.dealcheck.io/en/articles/2029671-total-profit-flips,0,0,0.00,0.01,113,"15, 23, 15, 28, 35, 28, 28, 23, 35, 44, 44, 15",2026-08-18,"Image pack, Reviews, Video, Video Carousel, People also ask, Related searches, Discussions and forums, AI overview",informational,Organic
rentcast io,9,9,90,33,2.19,https://help.dealcheck.io/en/articles/8713262-rentcast-rent-estimate,0,0,0.00,0.49,105,"41, 64, 82, 82, 64, 82, 100, 64, 64, 5, 5, 5",2026-07-29,"Sitelinks, Reviews, Video, People also ask, Related searches",navigational,Organic
llc vs trust for rental property,28,28,90,0,0.64,https://dealcheck.io/blog/trust-vs-llc-best-way-to-hold-rental-properties/,0,0,0.00,0.66,130,"64, 82, 64, 64, 52, 29, 41, 41, 52, 41, 29, 41",2026-08-07,"Sitelinks, Reviews, Video, People also ask, Related searches, Discussions and forums, AI overview",commercial,Organic
rentcast api,21,21,480,28,2.20,https://help.dealcheck.io/en/articles/8632537-property-data-api-by-rentcast,0,0,0.00,0.61,108,"21, 26, 32, 21, 39, 32, 32, 32, 59, 72, 88, 100",2026-08-30,"Reviews, Video, People also ask, Related searches","navigational, transactional",Organic
rentcast api,35,35,480,28,2.20,https://dealcheck.io/blog/introducing-new-rentcast-property-data-api/,0,0,0.00,0.61,108,"21, 26, 32, 21, 39, 32, 32, 32, 59, 72, 88, 100",2026-08-30,"Reviews, Video, People also ask, Related searches","navigational, transactional",Organic
rentcast api,70,70,480,28,2.20,https://help.dealcheck.io/en/articles/8713262-rentcast-rent-estimate,0,0,0.00,0.61,108,"21, 26, 32, 21, 39, 32, 32, 32, 59, 72, 88, 100",2026-08-30,"Reviews, Video, People also ask, Related searches","navigational, transactional",Organic
rentcast api,71,71,480,28,2.20,https://help.dealcheck.io/en/articles/8713262-rentcast-rent-estimate,0,0,0.00,0.61,108,"21, 26, 32, 21, 39, 32, 32, 32, 59, 72, 88, 100",2026-08-30,"Reviews, Video, People also ask, Related searches","navigational, transactional",Organic
commercial real estate estimator,24,24,140,18,2.02,https://dealcheck.io/features/multi-family-commercial-property-calculator/,0,0,0.00,0.6,131,"52, 100, 100, 100, 82, 82, 100, 100, 82, 100, 82, 82",2026-08-11,"Sitelinks, Video, People also ask, Related searches",informational,Organic
what is grm,70,70,320,36,0.80,https://dealcheck.io/blog/how-to-calculate-gross-rent-multiplier/,0,0,0.00,0.02,103,"28, 44, 44, 35, 44, 54, 100, 81, 44, 44, 35, 44",2026-08-11,"Sitelinks, Reviews, Video, People also ask, Related searches, AI overview",informational,Organic
70 rule in house flipping,48,48,70,27,0.08,https://dealcheck.io/blog/what-is-the-70-percent-rule/,0,0,0.00,0.23,143,"27, 81, 100, 81, 63, 45, 45, 27, 18, 18, 63, 63",2026-08-01,"Sitelinks, Reviews, Video, People also ask, Related searches, Short videos, Discussions and forums, AI overview",informational,Organic
best tools for real estate agents prospecting closing deals,91,91,70,17,0.00,https://dealcheck.io/,0,0,0.00,0,187,"100, 100, 0",2026-08-12,"Sitelinks, Reviews, Video, Ads bottom, Video Carousel, People also ask, Related searches, Discussions and forums, AI overview",informational,Organic
what is the cap rate on rental property,41,41,70,34,0.10,https://dealcheck.io/blog/understanding-cap-rates/,0,0,0.00,0.3,133,"50, 50, 28, 64, 21, 7, 35, 100, 28, 64, 78, 50",2026-08-10,"Sitelinks, Video, Video Carousel, People also ask, Related searches, AI overview",informational,Organic
real estate deal tracking software,20,20,110,41,0.00,https://dealcheck.io/,0,0,0.00,0.33,118,"65, 100, 100, 53, 53, 26, 7, 15, 42, 26, 34, 26",2026-08-05,"Sitelinks, Reviews, Video, Related searches, AI overview",informational,Organic
real estate trading software,8,8,50,50,0.00,https://dealcheck.io/,0,0,0.00,0,213000000,"22, 77, 77, 55, 100, 55, 33, 33, 22, 33, 33, 33",2026-09-05,"Reviews, Video, Video Carousel, People also ask, Related searches, AI overview",informational,Organic
real estate trading software,9,9,50,50,0.00,https://dealcheck.io/,0,0,0.00,0,213000000,"22, 77, 77, 55, 100, 55, 33, 33, 22, 33, 33, 33",2026-09-05,"Reviews, Video, Video Carousel, People also ask, Related searches, AI overview",informational,Organic
what is a capitalization rate in real estate,26,26,170,37,0.13,https://dealcheck.io/blog/understanding-cap-rates/,0,0,0.00,0.37,170,"0, 0, 0, 0, 0, 0, 0, 100, 0, 1, 0, 0",2026-08-04,"Sitelinks, Reviews, Video, People also ask, Related searches, Short videos, AI overview",informational,Organic
what is the best way to finance a second home,19,19,50,18,3.26,https://dealcheck.io/blog/alternative-financing-strategies-purchasing-second-home/,0,0,0.00,0.62,108,"29, 29, 41, 41, 41, 52, 41, 17, 11, 11, 11, 11",2026-08-20,"Sitelinks, Reviews, Video, People also ask, Related searches, Discussions and forums, AI overview",commercial,Organic
check promo,22,22,140,40,11.05,https://help.dealcheck.io/en/articles/5034261-entering-discount-or-promo-codes,0,0,0.00,0.69,102,"66, 33, 52, 66, 66, 66, 100, 52, 100, 80, 66, 80",2026-09-12,"Sitelinks, Reviews, Video, People also ask, Related searches, AI overview","informational, transactional",Organic
equity multiple real estate,36,36,110,29,6.10,https://dealcheck.io/blog/what-is-the-equity-multiple/,0,0,0.00,0.1,103,"23, 23, 15, 15, 9, 15, 9, 15, 19, 19, 15, 12",2026-08-14,"Video, People also ask, Related searches, AI overview",informational,Organic
check promotion,36,36,90,22,11.31,https://help.dealcheck.io/en/articles/5034261-entering-discount-or-promo-codes,0,0,0.00,0.25,95,"14, 14, 14, 78, 78, 78, 100, 78, 50, 64, 50, 50",2026-09-05,"People also ask, Related searches, AI overview",informational,Organic
breakeven occupancy,52,52,50,10,0.00,https://help.dealcheck.io/en/articles/3599297-break-even-ratio-ber,0,0,0.00,0.02,93,"23, 52, 64, 11, 11, 11, 29, 52, 29, 29, 29, 11",2026-08-25,"Image pack, Sitelinks, Reviews, Video, People also ask, Related searches, AI overview",informational,Organic
1 rule in real estate,35,35,70,7,0.62,https://dealcheck.io/blog/how-to-use-1-percent-rule-2-percent-rule/,0,0,0.00,0.33,137,"42, 42, 42, 42, 33, 23, 33, 23, 33, 33, 42, 23",2026-08-02,"Sitelinks, Reviews, Video, People also ask, Related searches, Discussions and forums, AI overview",informational,Organic
1 rule in real estate,38,38,70,7,0.62,https://dealcheck.io/blog/how-to-use-1-percent-rule-2-percent-rule/,0,0,0.00,0.33,137,"42, 42, 42, 42, 33, 23, 33, 23, 33, 33, 42, 23",2026-08-02,"Sitelinks, Reviews, Video, People also ask, Related searches, Discussions and forums, AI overview",informational,Organic
cap rate definition noi divided by property value,31,31,70,29,0.00,https://dealcheck.io/blog/understanding-cap-rates/,0,0,0.00,0,136,"28, 100, 7, 35, 50, 50, 21, 78, 28",2026-09-05,"Sitelinks, Reviews, Video, Video Carousel, People also ask, Related searches, AI overview",informational,Organic
how to analyze multifamily investment opportunities,37,37,110,12,0.00,https://dealcheck.io/features/multi-family-commercial-property-calculator/,0,0,0.00,0.12,125,"42, 100, 23, 42, 14, 23, 33, 66, 80, 66, 80, 52",2026-09-11,"Sitelinks, Video, Video Carousel, People also ask, Related searches, AI overview",informational,Organic
how to calculate irr in real estate,46,46,50,21,0.77,https://dealcheck.io/blog/how-to-calculate-internal-rate-of-return/,0,0,0.00,0.33,130,"23, 33, 52, 33, 42, 33, 23, 19, 19, 14, 9, 9",2026-08-09,"Sitelinks, Reviews, Video, Ads bottom, People also ask, Related searches, AI overview",informational,Organic
how to calculate irr in real estate,55,55,50,21,0.77,https://dealcheck.io/blog/how-to-calculate-internal-rate-of-return/,0,0,0.00,0.33,130,"23, 33, 52, 33, 42, 33, 23, 19, 19, 14, 9, 9",2026-08-09,"Sitelinks, Reviews, Video, Ads bottom, People also ask, Related searches, AI overview",informational,Organic
datapix www.data-pix.com property title data mailing lists,75,75,90,0,0.00,https://help.dealcheck.io/en/articles/3991119-how-to-look-up-property-owner-information,0,0,0.00,0,67400,"11, 100",2026-09-16,"Reviews, Video, Related searches, AI overview",navigational,Organic
free offer calculator,6,6,50,9,3.48,https://dealcheck.io/features/real-estate-wholesaling-calculator/,0,0,0.00,0.32,104,"28, 8, 6, 8, 6, 8, 18, 6, 5, 5, 5, 3",2026-07-29,"Video, Video Carousel, Related searches, AI overview",informational,Organic
grm formula,51,51,170,31,0.14,https://dealcheck.io/blog/how-to-calculate-gross-rent-multiplier/,0,0,0.00,0.04,100,"28, 35, 28, 35, 28, 23, 18, 28, 28, 44, 28, 28",2026-08-08,"Sitelinks, Reviews, Video, Video Carousel, People also ask, Related searches, AI overview",informational,Organic
rentcast connector,16,16,40,28,0.00,https://dealcheck.io/blog/introducing-new-rentcast-property-data-api/,0,0,0.00,0,11800,"40, 60, 80, 80, 80, 100, 80, 40, 80",2026-09-12,"Reviews, Video, Video Carousel, People also ask, Related searches, AI overview",informational,Organic
rentcast connector,47,47,40,28,0.00,https://help.dealcheck.io/en/articles/8632537-property-data-api-by-rentcast,0,0,0.00,0,11800,"40, 60, 80, 80, 80, 100, 80, 40, 80",2026-09-12,"Reviews, Video, Video Carousel, People also ask, Related searches, AI overview",informational,Organic
rentcast connector,87,87,40,28,0.00,https://help.dealcheck.io/en/articles/8713262-rentcast-rent-estimate,0,0,0.00,0,11800,"40, 60, 80, 80, 80, 100, 80, 40, 80",2026-09-12,"Reviews, Video, Video Carousel, People also ask, Related searches, AI overview",informational,Organic
multifamily rent forecasting tool,51,51,40,9,0.00,https://dealcheck.io/features/multi-family-commercial-property-calculator/,0,0,0.00,0,135,"14, 100, 71, 14, 14, 100, 100, 100",2026-09-02,"Reviews, Video, People also ask, Related searches, AI overview",informational,Organic
how do you calculate return on equity ratio,60,60,50,39,0.00,https://dealcheck.io/blog/how-to-calculate-return-on-equity/,0,0,0.00,0.01,116,"50, 35, 21, 50, 64, 50, 50, 50, 50, 35, 14, 14",2026-08-29,"Sitelinks, Video, Video Carousel, People also ask, Related searches, AI overview",informational,Organic
best real estate investment analysis platforms,1,1,170,24,0.00,https://dealcheck.io/,0,0,0.00,0,121,100,2026-09-13,"Sitelinks, Reviews, Video, Video Carousel, People also ask, Related searches, Discussions and forums, AI overview",commercial,AI overview
best real estate investment analysis platforms,1,1,170,24,0.00,https://dealcheck.io/,0,0,0.00,0,121,100,2026-09-13,"Sitelinks, Reviews, Video, Video Carousel, People also ask, Related searches, Discussions and forums, AI overview",commercial,AI overview
does net operating income include debt service,92,92,70,25,0.00,https://help.dealcheck.io/en/articles/2029694-net-operating-income-noi,0,0,0.00,0.02,132,"64, 41, 41, 41, 52, 41, 11, 52, 41, 5, 52, 52",2026-08-18,"Sitelinks, Video, People also ask, Related searches, AI overview",informational,Organic
real estate 70 rule,41,41,50,18,0.60,https://dealcheck.io/blog/what-is-the-70-percent-rule/,0,0,0.00,0.17,125,"36, 9, 45, 63, 45, 45, 63, 45, 63, 100, 45, 63",2026-07-31,"Sitelinks, Reviews, Video, People also ask, Related searches, Discussions and forums, AI overview",informational,Organic
best way to finance second home,86,86,40,21,5.43,https://dealcheck.io/blog/alternative-financing-strategies-purchasing-second-home/,0,0,0.00,0.56,134,"29, 17, 29, 17, 23, 23, 17, 11, 11, 11, 64, 41",2026-08-29,"Sitelinks, Reviews, Video, People also ask, Related searches, Discussions and forums, AI overview",commercial,Organic
i'm trying to understand average profit on a house flip,56,56,40,43,0.00,https://dealcheck.io/features/house-flipping-calculator/,0,0,0.00,0,129,"60, 80, 100",2026-08-17,"Sitelinks, Reviews, Video, Video Carousel, People also ask, Related searches, AI overview",informational,Organic
rentcast api pricing,18,18,30,29,2.38,https://help.dealcheck.io/en/articles/8632537-property-data-api-by-rentcast,0,0,0.00,0.52,109,"36, 9, 9, 18, 9, 9, 9, 45, 18, 18, 100, 18",2026-08-19,"Sitelinks, Reviews, Video, Ads top, Ads bottom, People also ask, Related searches",navigational,Organic
rentcast api pricing,38,38,30,29,2.38,https://help.dealcheck.io/en/articles/8632537-property-data-api-by-rentcast,0,0,0.00,0.52,109,"36, 9, 9, 18, 9, 9, 9, 45, 18, 18, 100, 18",2026-08-19,"Sitelinks, Reviews, Video, Ads top, Ads bottom, People also ask, Related searches",navigational,Organic
rentcast api pricing,68,68,30,29,2.38,https://help.dealcheck.io/en/articles/8713262-rentcast-rent-estimate,0,0,0.00,0.52,109,"36, 9, 9, 18, 9, 9, 9, 45, 18, 18, 100, 18",2026-08-19,"Sitelinks, Reviews, Video, Ads top, Ads bottom, People also ask, Related searches",navigational,Organic
should rental property be in an llc or trust,30,30,40,0,2.73,https://dealcheck.io/blog/trust-vs-llc-best-way-to-hold-rental-properties/,0,0,0.00,0.26,152,"15, 26, 26, 19, 11, 7, 7, 11, 7, 11, 15, 7",2026-08-21,"Sitelinks, Video, Ads bottom, People also ask, Related searches, AI overview",informational,Organic
formula for debt service coverage ratio,88,88,140,30,1.08,https://dealcheck.io/blog/how-to-calculate-debt-service-coverage-ratio/,0,0,0.00,0.16,134,"2, 10, 8, 35, 35, 14, 4, 81, 100, 18, 18, 22",2026-08-25,"Sitelinks, Reviews, Video, People also ask, Related searches, AI overview",informational,Organic
how to calculate return on investment for real estate,79,79,70,24,0.75,https://dealcheck.io/blog/how-to-calculate-return-on-investment-rentals/,0,0,0.00,0.22,134,"28, 64, 100, 50, 14, 14, 64, 50, 64, 50, 50, 50",2026-08-22,"Sitelinks, Video, People also ask, Related searches, AI overview",informational,Organic
irr real estate example,50,50,50,29,0.00,https://dealcheck.io/blog/how-to-calculate-internal-rate-of-return/,0,0,0.00,0.12,127,"35, 64, 64, 64, 64, 50, 50, 35, 21, 28, 21, 14",2026-08-17,"Image pack, Sitelinks, Video, Video Carousel, People also ask, Related searches, AI overview",informational,Organic
property deal finder,9,9,30,21,2.32,https://dealcheck.io/,0,0,0.00,0.67,108,"18, 100, 18, 18, 18, 18, 18, 18, 18, 18, 18, 18",2026-08-21,"Sitelinks, Reviews, Video, People also ask, Related searches",navigational,Organic
debt to value ratio,76,76,110,59,0.00,https://dealcheck.io/blog/what-is-the-loan-to-value-ratio/,0,0,0.00,0.02,132,"11, 11, 11, 23, 18, 28, 15, 11, 18, 35, 23, 15",2026-08-20,"Sitelinks, Video, People also ask, Related searches, AI overview",informational,Organic
centercheck,32,32,70,32,0.96,https://help.dealcheck.io/en/,0,0,0.00,0.19,110,"0, 7, 0, 0, 26, 0, 42, 26, 65, 42, 100, 7",2026-08-07,"Knowledge panel, Sitelinks, Video, People also ask, Related searches",navigational,Organic
centercheck,65,65,70,32,0.96,https://dealcheck.io/,0,0,0.00,0.19,110,"0, 7, 0, 0, 26, 0, 42, 26, 65, 42, 100, 7",2026-08-07,"Knowledge panel, Sitelinks, Video, People also ask, Related searches",navigational,Organic
rental comp,34,34,480,56,1.69,https://help.dealcheck.io/en/articles/3106052-viewing-rental-comps-rent-estimates,0,0,0.00,0.38,130,"2, 1, 1, 3, 3, 1, 0, 36, 1, 22, 65, 4",2026-09-03,"Knowledge panel, Reviews, Video, People also ask, Related searches",informational,Organic
cash on cash calculation real estate,60,60,50,40,0.86,https://dealcheck.io/blog/how-to-calculate-cash-on-cash-return/,0,0,0.00,0.09,129,"27, 100, 81, 27, 18, 18, 63, 63, 63, 81, 36, 36",2026-08-24,"Sitelinks, Video, People also ask, Related searches, AI overview",informational,Organic
checklist for flipping houses,54,54,140,2,1.37,https://dealcheck.io/wp-content/uploads/media/House%20Flipping%20Checklist%20%7C%20DealCheck.pdf,0,0,0.00,0.23,127,"19, 11, 42, 42, 42, 53, 53, 80, 100, 53, 53, 53",2026-07-30,"Sitelinks, Reviews, Video, People also ask, Related searches, Discussions and forums, AI overview",informational,Organic
how to determine return on equity,65,65,70,32,0.65,https://dealcheck.io/blog/how-to-calculate-return-on-equity/,0,0,0.00,0.01,139,"34, 100, 21, 21, 0, 0, 0, 0, 34, 65, 0, 0",2026-07-28,"Sitelinks, Reviews, Video, Video Carousel, People also ask, Related searches, AI overview",informational,Organic
equity multiple in real estate,37,37,50,21,6.10,https://dealcheck.io/blog/what-is-the-equity-multiple/,0,0,0.00,0.1,105,"52, 29, 23, 29, 41, 17, 29, 29, 41, 29, 29, 29",2026-08-27,"Video, People also ask, Related searches, AI overview",informational,Organic
compare properties,18,18,90,13,2.42,https://help.dealcheck.io/en/articles/2490178-comparing-properties-side-by-side,0,0,0.00,0.08,129,"42, 33, 52, 52, 42, 33, 33, 33, 33, 52, 52, 42",2026-08-11,"Video, Ads bottom, People also ask, Related searches, AI overview",informational,Organic
share check,42,42,210,21,0.00,https://dealcheck.io/,0,0,0.00,0.02,109,"54, 81, 100, 43, 18, 29, 29, 35, 29, 35, 43, 43",2026-08-20,"Reviews, Video, People also ask, Related searches, AI overview",informational,Organic
how to evaluate commercial property,87,87,110,29,2.22,https://dealcheck.io/features/multi-family-commercial-property-calculator/,0,0,0.00,0.28,10500,"23, 33, 52, 52, 33, 42, 80, 100, 66, 66, 52, 42",2026-07-29,"Sitelinks, Video, Video Carousel, People also ask, Related searches, AI overview",informational,Organic
how to calculate debt service coverage ratio,59,59,1300,29,0.80,https://dealcheck.io/blog/how-to-calculate-debt-service-coverage-ratio/,0,0,0.00,0.24,166,"68, 68, 46, 68, 68, 68, 37, 52, 68, 68, 84, 68",2026-08-09,"Sitelinks, Video, People also ask, Related searches, AI overview",informational,Organic
real estate roi,75,75,320,27,4.91,https://dealcheck.io/blog/how-to-calculate-return-on-investment-flips/,0,0,0.00,0.05,132,"36, 36, 6, 5, 20, 16, 24, 20, 30, 24, 6, 8",2026-09-15,"Image pack, Sitelinks, Reviews, Video, People also ask, Related searches, AI overview",informational,Image pack
rental analysis calculator,15,15,210,43,5.33,https://dealcheck.io/features/rental-property-calculator/,0,0,0.00,0.72,126,"3, 5, 3, 4, 3, 7, 7, 2, 7, 5, 4, 4",2026-08-24,"Reviews, Video, Video Carousel, People also ask, Related searches",commercial,Organic
how to calculate rate of return on real estate investment,67,67,40,30,1.30,https://dealcheck.io/blog/how-to-calculate-return-on-investment-rentals/,0,0,0.00,0.44,186,"36, 36, 63, 81, 45, 18, 18, 27, 27, 18, 27, 18",2026-07-30,"Sitelinks, Video, Video Carousel, People also ask, Related searches, AI overview",informational,Organic
arv meaning sweepstakes,65,65,50,5,0.00,https://help.dealcheck.io/en/articles/3071993-viewing-sales-comps-arv-estimates,0,0,0.00,0.33,98,"15, 26, 19, 15, 100, 19, 19, 11, 7, 7, 7, 7",2026-09-05,"Video, People also ask, AI overview",informational,Organic
deal sauce io,22,22,1900,33,5.35,https://dealcheck.io/,0,0,0.00,0.5,135,"0, 0, 53, 100, 53, 35, 29, 53, 24, 8, 81, 16",2026-09-20,"Sitelinks, Reviews, Video, Video Carousel, People also ask, Related searches",navigational,Organic
calculating debt service coverage ratio,83,83,70,48,1.18,https://dealcheck.io/blog/how-to-calculate-debt-service-coverage-ratio/,0,0,0.00,0.18,135,"26, 15, 15, 19, 19, 11, 53, 65, 26, 26, 11, 53",2026-09-14,"Sitelinks, Reviews, Video, People also ask, Related searches, AI overview",informational,Organic
commercial property estimator,29,29,40,23,2.66,https://dealcheck.io/features/multi-family-commercial-property-calculator/,0,0,0.00,0.53,127,"44, 77, 55, 22, 44, 55, 55, 55, 44, 33, 44, 44",2026-09-14,"Sitelinks, Reviews, Video, People also ask, Related searches, AI overview",commercial,Organic
how to determine roe,51,51,70,48,0.00,https://dealcheck.io/blog/how-to-calculate-return-on-equity/,0,0,0.00,0.02,119,"26, 26, 15, 19, 34, 42, 19, 19, 26, 26, 26, 26",2026-08-01,"Sitelinks, Video, Video Carousel, People also ask, Related searches, Short videos, AI overview",informational,Organic
find rental comps,15,15,30,40,7.59,https://help.dealcheck.io/en/articles/3106052-viewing-rental-comps-rent-estimates,0,0,0.00,0.82,130,"40, 40, 40, 60, 80, 80, 100, 100, 100, 80, 40, 40",2026-08-18,"Sitelinks, Reviews, Video, People also ask, Related searches, Discussions and forums, AI overview",informational,Organic
how can comparison tools help find the best rental deal,39,39,40,11,0.00,https://dealcheck.io/features/rental-property-calculator/,0,0,0.00,0,121,"100, 100, 80, 80, 20",2026-08-30,"Video, Video Carousel, People also ask, Related searches, Discussions and forums, AI overview",commercial,Organic
how can comparison tools help find the best rental deal,75,75,40,11,0.00,https://dealcheck.io/blog/comparable-rental-listings-rent-estimates/,0,0,0.00,0,121,"100, 100, 80, 80, 20",2026-08-30,"Video, Video Carousel, People also ask, Related searches, Discussions and forums, AI overview",commercial,Organic
offer check,29,29,90,51,7.86,https://help.dealcheck.io/en/articles/5034261-entering-discount-or-promo-codes,0,0,0.00,0.06,113,"66, 52, 33, 33, 52, 42, 42, 33, 52, 33, 42, 42",2026-07-29,"Sitelinks, Reviews, Video, People also ask, Related searches, AI overview",informational,Organic
offer check,57,57,90,51,7.86,https://help.dealcheck.io/en/articles/5034261-entering-discount-or-promo-codes,0,0,0.00,0.06,113,"66, 52, 33, 33, 52, 42, 42, 33, 52, 33, 42, 42",2026-07-29,"Sitelinks, Reviews, Video, People also ask, Related searches, AI overview",informational,Organic
offer check,60,60,90,51,7.86,https://help.dealcheck.io/en/articles/5034261-entering-discount-or-promo-codes,0,0,0.00,0.06,113,"66, 52, 33, 33, 52, 42, 42, 33, 52, 33, 42, 42",2026-07-29,"Sitelinks, Reviews, Video, People also ask, Related searches, AI overview",informational,Organic
offer check,81,81,90,51,7.86,https://dealcheck.io/pricing/,0,0,0.00,0.06,113,"66, 52, 33, 33, 52, 42, 42, 33, 52, 33, 42, 42",2026-07-29,"Sitelinks, Reviews, Video, People also ask, Related searches, AI overview",informational,Organic
offer check,91,91,90,51,7.86,https://app.dealcheck.io/,0,0,0.00,0.06,113,"66, 52, 33, 33, 52, 42, 42, 33, 52, 33, 42, 42",2026-07-29,"Sitelinks, Reviews, Video, People also ask, Related searches, AI overview",informational,Organic
offer check,96,96,90,51,7.86,https://help.dealcheck.io/en/,0,0,0.00,0.06,113,"66, 52, 33, 33, 52, 42, 42, 33, 52, 33, 42, 42",2026-07-29,"Sitelinks, Reviews, Video, People also ask, Related searches, AI overview",informational,Organic
calculate equity multiple,26,26,110,15,0.00,https://dealcheck.io/blog/what-is-the-equity-multiple/,0,0,0.00,0.01,128,"0, 15, 15, 36, 66, 9, 12, 9, 9, 12, 9, 6",2026-09-04,"Sitelinks, Video, People also ask, Related searches, AI overview",informational,Organic
how much does a flip cost,47,47,50,11,0.00,https://dealcheck.io/features/house-flipping-calculator/,0,0,0.00,0.33,179,"11, 11, 11, 82, 100, 64, 11, 11, 11, 11, 11, 11",2026-09-20,"Reviews, Video, People also ask, Discussions and forums, AI overview",informational,Organic
how much does a flip cost,49,49,50,11,0.00,https://dealcheck.io/features/house-flipping-calculator/,0,0,0.00,0.33,179,"11, 11, 11, 82, 100, 64, 11, 11, 11, 11, 11, 11",2026-09-20,"Reviews, Video, People also ask, Discussions and forums, AI overview",informational,Organic
can you remodel a townhouse,11,11,50,14,0.00,https://dealcheck.io/blog/upgrading-townhomes-maximum-roi-renovation-tips-investors/,0,0,0.00,0.06,124,"41, 41, 29, 11, 17, 11, 11, 11, 11, 23, 64, 64",2026-09-17,"Sitelinks, Reviews, Video, Video Carousel, People also ask, Related searches, AI overview",informational,Organic
coc income,35,35,110,18,0.00,https://dealcheck.io/blog/how-to-calculate-cash-on-cash-return/,0,0,0.00,0.33,101,"82, 52, 41, 64, 82, 100, 82, 82, 64, 52, 64, 64",2026-08-29,"Video, People also ask, Related searches, AI overview",informational,Organic
coc income,48,48,110,18,0.00,https://help.dealcheck.io/en/articles/2023864-cash-on-cash-return-coc,0,0,0.00,0.33,101,"82, 52, 41, 64, 82, 100, 82, 82, 64, 52, 64, 64",2026-08-29,"Video, People also ask, Related searches, AI overview",informational,Organic
grm meaning,77,77,210,26,0.00,https://dealcheck.io/blog/how-to-calculate-gross-rent-multiplier/,0,0,0.00,0.33,125,"66, 66, 66, 53, 66, 53, 43, 53, 53, 53, 53, 53",2026-08-06,"Sitelinks, Video, People also ask, Related searches, AI overview",informational,Organic
debt yeild formula,55,55,40,16,0.00,https://dealcheck.io/blog/how-to-calculate-debt-yield/,0,0,0.00,0,117,"0, 0, 0, 0, 2, 0, 0, 100, 0, 0, 2, 0",2026-09-03,"Image pack, Sitelinks, Video, Video Carousel, People also ask, Related searches, AI overview",informational,Organic
rental check,29,29,480,63,5.03,https://dealcheck.io/,0,0,0.00,0.08,144,"44, 44, 67, 54, 67, 54, 54, 54, 54, 44, 36, 36",2026-07-30,"Reviews, Video, Video Carousel, People also ask, Related searches, AI overview",informational,Organic
rental check,72,72,480,63,5.03,https://dealcheck.io/features/rental-property-calculator/,0,0,0.00,0.08,144,"44, 44, 67, 54, 67, 54, 54, 54, 54, 44, 36, 36",2026-07-30,"Reviews, Video, Video Carousel, People also ask, Related searches, AI overview",informational,Organic
rental check,86,86,480,63,5.03,https://dealcheck.io/features/rental-property-calculator/,0,0,0.00,0.08,144,"44, 44, 67, 54, 67, 54, 54, 54, 54, 44, 36, 36",2026-07-30,"Reviews, Video, Video Carousel, People also ask, Related searches, AI overview",informational,Organic
rehab scope of work template,8,8,40,4,0.00,https://help.dealcheck.io/en/articles/6111827-creating-reusable-rehab-and-scope-of-work-templates,0,0,0.00,0.62,108,"14, 14, 21, 14, 21, 28, 28, 100, 50, 35, 28, 14",2026-09-09,"Image pack, Sitelinks, Reviews, Video, Image, People also ask, Related searches, AI overview",informational,Organic
equity multiple formula,27,27,210,21,1.74,https://dealcheck.io/blog/what-is-the-equity-multiple/,0,0,0.00,0.01,104,"3, 4, 16, 25, 11, 13, 7, 4, 16, 8, 20, 7",2026-09-03,"Image pack, Sitelinks, Video, People also ask, Related searches, AI overview",informational,Organic
townhouse remodel,29,29,210,14,5.43,https://dealcheck.io/blog/upgrading-townhomes-maximum-roi-renovation-tips-investors/,0,0,0.00,0.17,106,"43, 65, 65, 81, 81, 100, 81, 65, 65, 65, 53, 53",2026-08-05,"Local pack, Sitelinks, Reviews, Video, Image, Video Carousel, People also ask, Related searches, AI overview",commercial,Organic
1 investment rule,22,22,50,38,1.61,https://dealcheck.io/blog/how-to-use-1-percent-rule-2-percent-rule/,0,0,0.00,0.5,125,"36, 36, 45, 45, 36, 36, 63, 63, 27, 36, 81, 27",2026-09-16,"Sitelinks, Video, Video Carousel, People also ask, Related searches, Discussions and forums, AI overview",informational,Organic
biggerpockets deal finder,13,13,90,42,5.05,https://dealcheck.io/dealcheck-vs-biggerpockets/,0,0,0.00,0.46,106,"52, 66, 52, 42, 33, 42, 42, 42, 42, 42, 52, 52",2026-09-13,"Video, Video Carousel, People also ask, Related searches","navigational, transactional",Organic
50 rule rental property,19,19,50,10,0.00,https://dealcheck.io/blog/what-is-the-50-percent-rule/,0,0,0.00,0.04,130,"42, 57, 42, 42, 100, 71, 57, 71, 71, 71, 71, 71",2026-08-14,"Sitelinks, Video, People also ask, Related searches, AI overview",informational,Organic
50 rule rental property,52,52,50,10,0.00,https://help.dealcheck.io/en/articles/2023045-50-rule-rental-properties,0,0,0.00,0.04,130,"42, 57, 42, 42, 100, 71, 57, 71, 71, 71, 71, 71",2026-08-14,"Sitelinks, Video, People also ask, Related searches, AI overview",informational,Organic
real estate tools for investors,1,1,30,27,7.22,https://dealcheck.io/,0,0,0.00,0.46,128,"81, 63, 9, 9, 18, 27, 36, 36, 18, 27, 27, 18",2026-09-13,"Sitelinks, Reviews, Video, People also ask, Related searches, AI overview",informational,AI overview
real estate tools for investors,12,12,30,27,7.22,https://dealcheck.io/,0,0,0.00,0.46,128,"81, 63, 9, 9, 18, 27, 36, 36, 18, 27, 27, 18",2026-09-13,"Sitelinks, Reviews, Video, People also ask, Related searches, AI overview",informational,Organic
deal sauce.io,21,21,880,33,4.79,https://dealcheck.io/,0,0,0.00,0.35,0,"0, 0, 0, 100, 0, 34, 55, 30, 55, 20, 16, 65",2026-08-26,"Sitelinks, Reviews, Video, Video Carousel, People also ask",navigational,Organic
land flipping software,33,33,30,0,3.05,https://dealcheck.io/,0,0,0.00,0.15,103,"17, 17, 29, 17, 17, 17, 17, 11, 11, 11, 11, 11",2026-08-06,"Video, Ads bottom, Video Carousel, People also ask, Related searches, Discussions and forums, AI overview",informational,Organic
equity mulitple,38,38,40,24,7.24,https://dealcheck.io/blog/what-is-the-equity-multiple/,0,0,0.00,0.2,104,"2, 0, 0, 100, 0, 0, 2, 0, 0, 0, 0, 4",2026-09-04,"Knowledge panel, Image pack, Sitelinks, Reviews, Video, People also ask, Related searches, AI overview","informational, navigational",Organic
how is dscr calculated,76,76,110,30,1.23,https://dealcheck.io/blog/how-to-calculate-debt-service-coverage-ratio/,0,0,0.00,0.34,132,"100, 64, 52, 41, 52, 64, 82, 52, 64, 64, 64, 52",2026-08-08,"Sitelinks, Video, Video Carousel, People also ask, Related searches, AI overview",informational,Organic
buying a second home with no money down,42,42,40,18,5.05,https://dealcheck.io/blog/alternative-financing-strategies-purchasing-second-home/,0,0,0.00,0.21,134,"34, 34, 12, 15, 9, 12, 6, 6, 9, 6, 6, 6",2026-07-29,"Sitelinks, Reviews, Video, People also ask, Related searches, Discussions and forums, AI overview",informational,Organic
best way to buy a second home,89,89,140,22,4.03,https://dealcheck.io/blog/alternative-financing-strategies-purchasing-second-home/,0,0,0.00,0.57,139,"17, 21, 14, 11, 21, 11, 21, 11, 7, 2, 11, 14",2026-08-13,"Sitelinks, Reviews, Video, People also ask, Related searches, AI overview",commercial,Organic
best way to buy a second home,90,90,140,22,4.03,https://dealcheck.io/blog/alternative-financing-strategies-purchasing-second-home/,0,0,0.00,0.57,139,"17, 21, 14, 11, 21, 11, 21, 11, 7, 2, 11, 14",2026-08-13,"Sitelinks, Reviews, Video, People also ask, Related searches, AI overview",commercial,Organic
wholesale guide to list stacking,19,19,40,4,0.00,https://dealcheck.io/wp-content/uploads/media/Real%20Estate%20Wholesaling%20Checklist%20%7C%20DealCheck.pdf,0,0,0.00,0,127,"0, 100, 100, 100, 57, 71, 57, 42, 28, 42, 42, 28",2026-09-05,"Sitelinks, Video, Video Carousel, People also ask, AI overview",informational,Organic
compound date,70,70,40,30,0.00,https://help.dealcheck.io/en/articles/8713253-compound-interval,0,0,0.00,0.33,134,"78, 14, 28, 50, 100, 0, 28, 14, 14, 14, 14, 14",2026-08-29,"Video, Video Carousel, People also ask, Related searches, AI overview",informational,Organic
how to calculate cash on cash return in real estate,66,66,40,41,0.46,https://dealcheck.io/blog/how-to-calculate-cash-on-cash-return/,0,0,0.00,0.33,130,"5, 5, 5, 5, 5, 5, 5, 5, 17, 28, 17, 5",2026-08-16,"Sitelinks, Video, Ads bottom, Video Carousel, People also ask, Related searches, AI overview",informational,Organic
capitalization real estate,32,32,90,20,0.46,https://dealcheck.io/blog/understanding-cap-rates/,0,0,0.00,0.07,129,"42, 42, 42, 26, 34, 26, 26, 19, 26, 26, 34, 34",2026-08-27,"Sitelinks, Reviews, Video, People also ask, Related searches, AI overview",informational,Organic
good irr for rental property,49,49,70,10,0.00,https://dealcheck.io/blog/how-to-calculate-internal-rate-of-return/,0,0,0.00,0.33,135,"100, 100, 64, 14, 14, 35, 100, 35, 28, 14, 28, 21",2026-09-14,"Video, People also ask, Related searches, Discussions and forums, AI overview",informational,Organic
rent comps,21,21,210,47,2.58,https://help.dealcheck.io/en/articles/3106052-viewing-rental-comps-rent-estimates,0,0,0.00,0.39,132,"21, 21, 21, 32, 17, 11, 26, 26, 17, 26, 17, 26",2026-08-13,"Reviews, Video, Video Carousel, People also ask, Related searches",informational,Organic
dscr calculation formula,73,73,260,51,1.29,https://dealcheck.io/blog/how-to-calculate-debt-service-coverage-ratio/,0,0,0.00,0.28,135,"53, 66, 53, 66, 53, 82, 100, 66, 53, 82, 100, 66",2026-08-14,"Image pack, Sitelinks, Video, People also ask, Related searches, AI overview",informational,Organic
what is loan to cost in real estate,53,53,90,16,1.46,https://dealcheck.io/blog/what-is-the-loan-to-cost-ratio/,0,0,0.00,0.11,131,"100, 78, 64, 78, 14, 14, 14, 14, 14, 100, 100, 100",2026-08-13,"Sitelinks, Reviews, Video, People also ask, Related searches, AI overview",informational,Organic
arv cost,57,57,90,13,7.17,https://help.dealcheck.io/en/articles/3591359-calculated-arv-estimate,0,0,0.00,0.25,129,"100, 100, 29, 41, 52, 41, 52, 64, 41, 52, 64, 64",2026-09-07,"Reviews, Video, Video Carousel, People also ask, Related searches, AI overview",informational,Organic
valuation check,79,79,1600,69,2.73,https://dealcheck.io/features/property-valuation-reporting-software/,0,0,0.00,0.34,135,"84, 100, 25, 68, 68, 84, 100, 68, 84, 100, 100, 68",2026-09-09,"Reviews, Video, Related searches, AI overview",informational,Organic
valuation check,80,80,1600,69,2.73,https://dealcheck.io/features/property-valuation-reporting-software/,0,0,0.00,0.34,135,"84, 100, 25, 68, 68, 84, 100, 68, 84, 100, 100, 68",2026-09-09,"Reviews, Video, Related searches, AI overview",informational,Organic
valuation check,91,91,1600,69,2.73,https://help.dealcheck.io/en/collections/2079018-valuation,0,0,0.00,0.34,135,"84, 100, 25, 68, 68, 84, 100, 68, 84, 100, 100, 68",2026-09-09,"Reviews, Video, Related searches, AI overview",informational,Organic
real estate investing glossary,7,7,40,15,0.00,https://dealcheck.io/wp-content/uploads/media/Real%20Estate%20Investing%20Glossary%20%7C%20DealCheck.pdf,0,0,0.00,0.29,129,"55, 77, 44, 33, 11, 44, 55, 44, 55, 55, 44, 44",2026-09-12,"Video, Related searches, AI overview",informational,Organic
how to calculate dscr ratio,77,77,480,35,0.80,https://dealcheck.io/blog/how-to-calculate-debt-service-coverage-ratio/,0,0,0.00,0.24,133,"5, 6, 55, 30, 13, 13, 20, 36, 16, 100, 45, 76",2026-08-26,"Sitelinks, Reviews, Video, People also ask, Related searches, AI overview",informational,Organic
how do you calculate debt yield,55,55,140,15,0.90,https://dealcheck.io/blog/how-to-calculate-debt-yield/,0,0,0.00,0.02,162,"42, 26, 53, 42, 42, 42, 53, 65, 100, 42, 65, 65",2026-07-28,"Sitelinks, Video, Video Carousel, People also ask, Related searches, AI overview",informational,Organic
real estate roi formula,3,3,70,16,1.01,https://dealcheck.io/blog/how-to-calculate-return-on-investment-flips/,0,0,0.00,0.09,136,"17, 41, 52, 17, 29, 11, 41, 64, 41, 52, 41, 41",2026-08-21,"Image pack, Sitelinks, Reviews, Video, People also ask, Related searches, AI overview",informational,Image pack
best websites for real estate investment insights,49,49,50,17,0.00,https://dealcheck.io/,0,0,0.00,0,135,"100, 82, 82, 41, 5, 5, 0, 0, 5, 11",2026-08-17,"Video, Ads bottom, People also ask, Related searches, Discussions and forums, AI overview",commercial,Organic
rental projections,18,18,30,62,8.62,https://dealcheck.io/features/rental-property-calculator/,0,0,0.00,0.58,138,"29, 29, 23, 23, 11, 11, 11, 11, 23, 29, 11, 11",2026-09-20,"Reviews, Video, Related searches, AI overview",informational,Organic
dealcheck io,1,1,70,43,6.33,https://dealcheck.io/,0,0,0.00,0.38,105,"11, 11, 11, 11, 11, 41, 82, 100, 64, 41, 64, 41",2026-08-11,"Sitelinks, Reviews, Video, People also ask, Related searches","navigational, transactional",People also ask
dealcheck io,1,1,70,43,6.33,https://dealcheck.io/about/,0,0,0.00,0.38,105,"11, 11, 11, 11, 11, 41, 82, 100, 64, 41, 64, 41",2026-08-11,"Sitelinks, Reviews, Video, People also ask, Related searches","navigational, transactional",People also ask
average real estate rate of return,96,96,90,30,1.86,https://dealcheck.io/blog/how-to-calculate-return-on-investment-rentals/,0,0,0.00,0.02,187,"65, 100, 34, 21, 43, 0, 0, 0, 0, 21, 21, 0",2026-08-01,"Sitelinks, Video, People also ask, Related searches, Discussions and forums, AI overview",informational,Organic
return on common equity formula,86,86,140,21,0.00,https://dealcheck.io/blog/how-to-calculate-return-on-equity/,0,0,0.00,0.01,127,"9, 11, 11, 26, 17, 14, 9, 11, 21, 11, 14, 7",2026-08-26,"Sitelinks, Video, People also ask, Related searches, AI overview",informational,Organic
irr calculator real estate,42,42,40,36,1.15,https://dealcheck.io/blog/how-to-calculate-internal-rate-of-return/,0,0,0.00,0.2,127,"1, 8, 8, 15, 1, 1, 1, 3, 3, 23, 1, 8",2026-08-12,"Sitelinks, Reviews, Video, People also ask, Related searches, AI overview",informational,Organic
biggerdeals,17,17,50,22,13.17,https://dealcheck.io/dealcheck-vs-biggerpockets/,0,0,0.00,0.24,108,"29, 18, 14, 14, 8, 6, 4, 4, 4, 4, 4, 4",2026-08-31,"Video, Related searches",informational,Organic
rtp properties,13,13,110,20,2.61,https://dealcheck.io/blog/how-to-calculate-rent-to-price-ratio/,0,0,0.00,0.13,109,"18, 15, 8, 15, 15, 8, 15, 15, 23, 35, 44, 28",2026-09-15,"Knowledge panel, Reviews, Related searches","informational, transactional",Organic
deal analysis real estate,25,25,70,14,3.41,https://dealcheck.io/features/rental-property-calculator/,0,0,0.00,0.61,121,"78, 64, 64, 35, 14, 50, 50, 50, 35, 64, 64, 50",2026-09-15,"Sitelinks, Reviews, Video, People also ask, Related searches, AI overview",informational,Organic
real estate comparables tool,10,10,90,46,4.40,https://dealcheck.io/,0,0,0.00,0.15,119,"7, 5, 2, 1, 1, 1, 3, 3, 3, 3, 2, 3",2026-09-13,"Sitelinks, Reviews, Video, People also ask, Related searches, AI overview",informational,Organic
real estate investment evaluation software,1,1,70,26,0.00,https://dealcheck.io/,0,0,0.00,0.33,127,"19, 66, 100, 52, 9, 19, 14, 14, 9, 14, 42, 42",2026-08-08,"Sitelinks, Reviews, Video, People also ask, Related searches, AI overview",informational,AI overview
real estate investment evaluation software,57,57,70,26,0.00,https://dealcheck.io/features/property-valuation-reporting-software/,0,0,0.00,0.33,127,"19, 66, 100, 52, 9, 19, 14, 14, 9, 14, 42, 42",2026-08-08,"Sitelinks, Reviews, Video, People also ask, Related searches, AI overview",informational,Organic
real estate investment evaluation software,61,61,70,26,0.00,https://dealcheck.io/features/property-valuation-reporting-software/,0,0,0.00,0.33,127,"19, 66, 100, 52, 9, 19, 14, 14, 9, 14, 42, 42",2026-08-08,"Sitelinks, Reviews, Video, People also ask, Related searches, AI overview",informational,Organic
developeruch,24,24,70,7,9.25,https://dealcheck.io/,0,0,0.00,0.14,108,"0, 14, 0, 0, 0, 0, 0, 0, 100, 43, 0, 0",2026-08-10,"Reviews, Video, Related searches, AI overview",informational,Organic
analyzing deals,48,48,40,7,5.41,https://help.dealcheck.io/en/articles/2049700-how-to-analyze-rental-properties,0,0,0.00,0.37,113,"18, 18, 18, 100, 18, 18, 18, 18, 18, 100, 18, 18",2026-08-19,"Sitelinks, Video, Video Carousel, People also ask, Related searches, AI overview",informational,Organic
rental decisioning software,59,59,40,9,0.00,https://dealcheck.io/,0,0,0.00,0,47400000,"14, 71, 71, 100, 100, 71, 42, 42, 42, 42, 71, 71",2026-08-31,"Reviews, Video, People also ask, Related searches, AI overview","commercial, informational",Organic
cash on cash return real estate formula,69,69,70,50,0.40,https://dealcheck.io/blog/how-to-calculate-cash-on-cash-return/,0,0,0.00,0.07,135,"29, 52, 52, 41, 41, 52, 41, 41, 52, 41, 52, 52",2026-07-30,"Sitelinks, Reviews, Video, People also ask, Related searches, AI overview",informational,Organic
dealsauce.com,79,79,70,17,3.34,https://dealcheck.io/,0,0,0.00,0.28,0,"100, 78, 14, 14, 14, 78, 14, 14, 100",2026-08-25,"Sitelinks, Reviews, Video, Video Carousel, People also ask",navigational,Organic
dscr ratios,72,72,30,58,3.39,https://help.dealcheck.io/en/articles/2023900-debt-coverage-ratio-dcr-dscr,0,0,0.00,0.32,135,"23, 19, 0, 0, 0, 0, 1, 0, 0, 0, 0, 1",2026-08-09,"Image pack, Sitelinks, Video, People also ask, Related searches, AI overview",informational,Organic
commercial property value calculator,27,27,320,8,2.31,https://dealcheck.io/features/multi-family-commercial-property-calculator/,0,0,0.00,0.31,130,"66, 100, 81, 81, 66, 54, 28, 44, 35, 54, 44, 44",2026-08-09,"Sitelinks, Video, People also ask, Related searches",commercial,Organic
ltc vs ltv real estate,57,57,50,10,0.00,https://dealcheck.io/blog/what-is-the-loan-to-cost-ratio/,0,0,0.00,0,134,"77, 77, 77, 77, 22, 33, 44, 100, 44, 77, 55, 77",2026-08-08,"Sitelinks, Reviews, Video, Video Carousel, People also ask, Related searches, Discussions and forums, AI overview",commercial,Organic
real estate rehab calculator,13,13,50,15,0.00,https://dealcheck.io/features/house-flipping-calculator/,0,0,0.00,0.33,117,"14, 28, 35, 21, 21, 28, 21, 100, 28, 50, 35, 35",2026-09-09,"Video, Related searches, AI overview",informational,Organic
investment valuation software,22,22,50,10,0.00,https://dealcheck.io/,0,0,0.00,0.33,135,"42, 100, 100, 57, 71, 100, 71, 100, 57, 71, 71, 100",2026-09-05,"Reviews, Video, People also ask, Related searches, AI overview",informational,Organic
loan to cost formula,48,48,40,16,0.00,https://dealcheck.io/blog/what-is-the-loan-to-cost-ratio/,0,0,0.00,0.05,124,"23, 19, 33, 9, 9, 33, 9, 19, 23, 14, 19, 23",2026-09-04,"Sitelinks, Reviews, Video, People also ask, Related searches, AI overview",informational,Organic
ltc meaning real estate,54,54,70,16,0.00,https://dealcheck.io/blog/what-is-the-loan-to-cost-ratio/,0,0,0.00,0,130,"34, 26, 53, 3, 3, 19, 26, 15, 42, 34, 7, 26",2026-08-01,"Sitelinks, Reviews, Video, Video Carousel, People also ask, Related searches, AI overview",informational,Organic
deal sause io,18,18,110,30,4.34,https://dealcheck.io/,0,0,0.00,0.38,108,"0, 0, 0, 100, 29, 29, 2, 2, 29, 22, 4, 29",2026-08-17,"Sitelinks, Video, Ads bottom, People also ask, Related searches",navigational,Organic
investment property analyzer,44,44,70,41,4.36,https://dealcheck.io/features/rental-property-calculator/,0,0,0.00,0.42,131,"17, 23, 29, 11, 52, 100, 52, 29, 41, 11, 41, 82",2026-08-25,"Sitelinks, Video, People also ask, Related searches",informational,Organic
investment property analyzer,61,61,70,41,4.36,https://dealcheck.io/features/multi-family-commercial-property-calculator/,0,0,0.00,0.42,131,"17, 23, 29, 11, 52, 100, 52, 29, 41, 11, 41, 82",2026-08-25,"Sitelinks, Video, People also ask, Related searches",informational,Organic
land valuation software,27,27,90,9,8.77,https://dealcheck.io/features/property-valuation-reporting-software/,0,0,0.00,0.04,116,"80, 26, 53, 100, 19, 15, 15, 19, 19, 26, 19, 7",2026-08-10,"Reviews, Video, Ads bottom, People also ask, Related searches, AI overview",informational,Organic
land valuation software,56,56,90,9,8.77,https://dealcheck.io/,0,0,0.00,0.04,116,"80, 26, 53, 100, 19, 15, 15, 19, 19, 26, 19, 7",2026-08-10,"Reviews, Video, Ads bottom, People also ask, Related searches, AI overview",informational,Organic
flip house calculator,14,14,110,2,2.31,https://dealcheck.io/features/house-flipping-calculator/,0,0,0.00,0.14,108,"5, 10, 10, 7, 10, 15, 19, 15, 7, 7, 12, 12",2026-08-31,"Reviews, Video, People also ask, Related searches, AI overview",informational,Organic
how do i calculate return on equity,64,64,140,40,0.35,https://dealcheck.io/blog/how-to-calculate-return-on-equity/,0,0,0.00,0.01,120,"31, 2, 4, 5, 5, 7, 3, 7, 5, 8, 5, 2",2026-08-09,"Sitelinks, Video, People also ask, Related searches, AI overview",informational,Organic
arv estimator,57,57,70,9,3.14,https://help.dealcheck.io/en/articles/3591359-calculated-arv-estimate,0,0,0.00,0.99,132,"45, 81, 100, 45, 45, 36, 81, 81, 63, 63, 63, 63",2026-08-28,"Reviews, Video, People also ask, Related searches, AI overview",commercial,Organic
deal details,23,23,90,17,0.00,https://dealcheck.io/,0,0,0.00,0.04,121,"28, 21, 14, 21, 78, 78, 100, 78, 78, 78, 100, 78",2026-08-26,"Sitelinks, Reviews, Video, Related searches",navigational,Organic
flip finder,23,23,170,9,1.39,https://dealcheck.io/features/house-flipping-calculator/,0,0,0.00,0.31,167,"65, 65, 100, 53, 53, 42, 53, 26, 53, 42, 65, 100",2026-07-31,"Sitelinks, Reviews, Video, Related searches",informational,Organic
1031 exchange properties in 44113 for sale,46,46,40,0,0.00,https://app.dealcheck.io/shared/-M2_N1lW1FdQlYfzRAow,0,0,0.00,0.33,6170,"0, 21, 7, 35, 21, 100, 21, 14, 21, 28, 21, 28",2026-08-16,"Sitelinks, People also ask, Related searches, AI overview",informational,Organic
formula for dscr,67,67,70,33,0.89,https://dealcheck.io/blog/how-to-calculate-debt-service-coverage-ratio/,0,0,0.00,0.17,130,"7, 100, 7, 15, 34, 65, 26, 3, 3, 3, 3, 19",2026-09-13,"Image pack, Sitelinks, Video, People also ask, Related searches, AI overview",informational,Organic
commercial real estate valuation calculator,27,27,210,9,2.31,https://dealcheck.io/features/multi-family-commercial-property-calculator/,0,0,0.00,0.31,131,"43, 66, 53, 66, 53, 43, 53, 66, 35, 66, 43, 53",2026-08-26,"Sitelinks, Video, Ads bottom, People also ask, Related searches, AI overview",informational,Organic
real estate data mining tools,38,38,40,24,0.00,https://dealcheck.io/,0,0,0.00,0,137,"57, 100, 100, 71, 100, 71, 28, 14, 28, 14, 14, 42",2026-08-19,"Sitelinks, Reviews, Video, Video Carousel, People also ask, Related searches, AI overview",informational,Organic
real estate data mining tools,39,39,40,24,0.00,https://dealcheck.io/,0,0,0.00,0,137,"57, 100, 100, 71, 100, 71, 28, 14, 28, 14, 14, 42",2026-08-19,"Sitelinks, Reviews, Video, Video Carousel, People also ask, Related searches, AI overview",informational,Organic
purchasing a second home with no money down,46,46,40,17,5.05,https://dealcheck.io/blog/alternative-financing-strategies-purchasing-second-home/,0,0,0.00,0.21,144,"100, 100, 18, 18, 18, 18, 18, 18, 18, 18, 18, 18",2026-07-29,"Sitelinks, Reviews, Video, Video Carousel, People also ask, Related searches, Discussions and forums, AI overview",informational,Organic
debt yield vs dscr,58,58,90,4,0.00,https://help.dealcheck.io/en/articles/2023900-debt-coverage-ratio-dcr-dscr,0,0,0.00,0.02,135,"29, 41, 41, 82, 82, 100, 64, 64, 29, 17, 29, 41",2026-08-13,"Sitelinks, Video, People also ask, Related searches, AI overview",commercial,Organic
best house flipping software,1,1,170,15,4.26,https://dealcheck.io/features/house-flipping-calculator/,0,0,0.00,0.16,173,"6, 53, 65, 43, 53, 53, 100, 100, 53, 53, 53, 53",2026-09-03,"Sitelinks, Reviews, Video, Video Carousel, People also ask, Popular products, Related searches, Discussions and forums, AI overview",commercial,AI overview
how to calculate debt yield,55,55,320,16,1.23,https://dealcheck.io/blog/how-to-calculate-debt-yield/,0,0,0.00,0.04,116,"66, 82, 100, 66, 82, 53, 66, 66, 100, 82, 66, 66",2026-09-09,"Sitelinks, Video, People also ask, Related searches, AI overview",informational,Organic
70 rule in real estate,38,38,40,24,3.85,https://dealcheck.io/blog/what-is-the-70-percent-rule/,0,0,0.00,0.18,122,"3, 3, 0, 0, 0, 0, 0, 0, 0, 0, 0, 0",2026-08-09,"Sitelinks, Reviews, Video, Video Carousel, People also ask, Related searches, Discussions and forums, AI overview",informational,Organic
real estate due diligence software,61,61,90,9,0.00,https://dealcheck.io/,0,0,0.00,0.06,143,"29, 52, 52, 52, 52, 52, 52, 100, 52, 41, 41, 41",2026-08-30,"Sitelinks, Reviews, Video, People also ask, Related searches, AI overview",informational,Organic
annualised internal rate of return,75,75,50,36,0.00,https://help.dealcheck.io/en/articles/2023889-internal-rate-of-return-irr,0,0,0.00,0.01,131,"63, 45, 63, 36, 63, 0, 0, 45, 45, 100, 63, 18",2026-09-01,"Sitelinks, Video, People also ask, Related searches, AI overview",informational,Organic
free rental analysis,37,37,40,57,6.77,https://dealcheck.io/features/rental-property-calculator/,0,0,0.00,0.59,153,"9, 33, 23, 9, 14, 9, 9, 19, 14, 33, 14, 14",2026-08-21,"Video, Video Carousel, People also ask, Related searches",commercial,Organic
free rental analysis,42,42,40,57,6.77,https://dealcheck.io/features/rental-property-calculator/,0,0,0.00,0.59,153,"9, 33, 23, 9, 14, 9, 9, 19, 14, 33, 14, 14",2026-08-21,"Video, Video Carousel, People also ask, Related searches",commercial,Organic
how to calculate return on investment for a rental property,77,77,90,26,1.12,https://dealcheck.io/blog/how-to-calculate-return-on-investment-rentals/,0,0,0.00,0.21,136,"0, 0, 0, 0, 0, 0, 34, 65, 53, 100, 65, 80",2026-08-30,"Sitelinks, Reviews, Video, People also ask, Related searches, AI overview",informational,Organic
how to calculate return on investment for a rental property,81,81,90,26,1.12,https://dealcheck.io/blog/how-to-calculate-return-on-investment-rentals/,0,0,0.00,0.21,136,"0, 0, 0, 0, 0, 0, 34, 65, 53, 100, 65, 80",2026-08-30,"Sitelinks, Reviews, Video, People also ask, Related searches, AI overview",informational,Organic
business property value calculator,40,40,110,13,2.33,https://dealcheck.io/features/multi-family-commercial-property-calculator/,0,0,0.00,0.31,131,"43, 34, 43, 53, 65, 21, 28, 28, 28, 21, 28, 34",2026-09-13,"Sitelinks, Reviews, Video, People also ask, Related searches, AI overview",informational,Organic
how to calculate dscr,70,70,1300,40,0.80,https://dealcheck.io/blog/how-to-calculate-debt-service-coverage-ratio/,0,0,0.00,0.24,135,"68, 68, 68, 68, 68, 84, 52, 52, 84, 46, 68, 84",2026-08-12,"Video, Video Carousel, People also ask, Related searches, Short videos, AI overview",informational,Organic
coc return,61,61,140,53,1.09,https://dealcheck.io/blog/how-to-calculate-cash-on-cash-return/,0,0,0.00,0.09,110,"43, 65, 65, 65, 53, 21, 43, 65, 43, 43, 34, 28",2026-08-06,"Sitelinks, Reviews, Video, People also ask, Related searches, AI overview",informational,Organic
coc return,87,87,140,53,1.09,https://help.dealcheck.io/en/articles/2023864-cash-on-cash-return-coc,0,0,0.00,0.09,110,"43, 65, 65, 65, 53, 21, 43, 65, 43, 43, 34, 28",2026-08-06,"Sitelinks, Reviews, Video, People also ask, Related searches, AI overview",informational,Organic
dealsurge,14,14,70,8,26.81,https://dealcheck.io/,0,0,0.00,0.07,109,"78, 78, 78, 78, 14, 14, 14, 14, 14, 14, 14, 100",2026-09-05,"Sitelinks, Reviews, Video, Related searches, AI overview",navigational,Organic
70 percent rule,43,43,320,19,0.07,https://dealcheck.io/blog/what-is-the-70-percent-rule/,0,0,0.00,0.02,124,"17, 66, 66, 82, 82, 66, 82, 82, 82, 100, 82, 100",2026-09-02,"Sitelinks, Reviews, Video, People also ask, Related searches, Discussions and forums, AI overview",informational,Organic
real estate data science tools,54,54,40,20,0.00,https://dealcheck.io/,0,0,0.00,0,127,"0, 100, 100, 100, 100, 57, 42, 57, 42, 14, 42, 28",2026-09-05,"Sitelinks, Reviews, Video, People also ask, Related searches, AI overview",informational,Organic
real estate comps software,1,1,40,17,0.00,https://dealcheck.io/,0,0,0.00,0.12,112,"14, 78, 78, 28, 14, 14, 35, 21, 14, 21, 21, 14",2026-08-24,"Sitelinks, Reviews, Video, Ads bottom, Video Carousel, People also ask, Related searches, Discussions and forums, AI overview",informational,AI overview
cap rate compression,60,60,170,9,0.41,https://dealcheck.io/blog/understanding-cap-rates/,0,0,0.00,0.05,137,"43, 35, 35, 29, 29, 29, 29, 43, 35, 43, 66, 35",2026-08-21,"Video, People also ask, Related searches, AI overview",informational,Organic
custom screening in investment analysis,97,97,50,21,0.00,https://dealcheck.io/blog/quickly-screen-properties-with-custom-purchase-criteria/,0,0,0.00,0,92600000,"18, 63, 81, 100, 45, 63, 63, 45, 9, 0, 9, 63",2026-08-25,"Reviews, Video, Video Carousel, People also ask, Related searches, AI overview",informational,Organic
real estate analytics platform,45,45,320,25,0.00,https://dealcheck.io/,0,0,0.00,0.01,125,"1, 16, 6, 1, 6, 16, 1, 30, 30, 100, 16, 8",2026-08-04,"Video, Video Carousel, Related searches, AI overview",informational,Organic
real estate site selection software,41,41,170,10,0.00,https://dealcheck.io/,0,0,0.00,0.33,113,"26, 100, 80, 65, 100, 100, 100, 80, 42, 42, 34, 26",2026-08-21,"Sitelinks, Reviews, Video, People also ask, Related searches, AI overview",informational,Organic
rental property analysis calculator,11,11,70,37,2.34,https://dealcheck.io/features/rental-property-calculator/,0,0,0.00,0.34,135,"17, 29, 29, 41, 41, 52, 82, 41, 17, 41, 41, 52",2026-08-16,"Sitelinks, Video, Video Carousel, People also ask, Related searches",commercial,Organic
wyoming trust and llc strategy rental properties,29,29,110,21,0.00,https://dealcheck.io/blog/trust-vs-llc-best-way-to-hold-rental-properties/,0,0,0.00,0,126,"100, 50",2026-09-19,"Local pack, Video, Ads top, Video Carousel, People also ask, Related searches, AI overview",commercial,Organic
how to calculate return on investment rental property,76,76,50,39,1.12,https://dealcheck.io/blog/how-to-calculate-return-on-investment-rentals/,0,0,0.00,0.21,136,"0, 77, 77, 55, 11, 33, 77, 77, 77, 100, 55, 55",2026-09-05,"Sitelinks, Video, People also ask, Related searches, AI overview",informational,Organic
irr real estate investing,64,64,40,20,0.00,https://dealcheck.io/blog/how-to-calculate-internal-rate-of-return/,0,0,0.00,0,196,"100, 100, 71, 42, 42, 57, 14, 71, 100, 28, 42, 57",2026-09-15,"Video, People also ask, Related searches, Discussions and forums, AI overview",informational,Organic
how to find brrrr properties,19,19,70,4,3.03,https://dealcheck.io/features/brrrr-calculator/,0,0,0.00,0.28,116,"9, 9, 14, 9, 19, 14, 33, 14, 19, 100, 100, 23",2026-09-13,"Video, Video Carousel, People also ask, Related searches, AI overview",informational,Organic
how to leverage your home to buy another,42,42,30,18,5.06,https://dealcheck.io/blog/alternative-financing-strategies-purchasing-second-home/,0,0,0.00,0.56,105,"29, 29, 11, 11, 11, 11, 11, 11, 11, 11, 11, 11",2026-07-28,"Sitelinks, Reviews, Video, Video Carousel, People also ask, Related searches, Discussions and forums, AI overview",informational,Organic
real estate proposal software,35,35,50,3,0.00,https://dealcheck.io/,0,0,0.00,0.33,127,"19, 26, 19, 19, 42, 11, 7, 7, 11, 7, 7, 34",2026-08-06,"Reviews, Video, People also ask, Related searches, AI overview","commercial, informational",Organic
real estate proposal software,40,40,50,3,0.00,https://dealcheck.io/,0,0,0.00,0.33,127,"19, 26, 19, 19, 42, 11, 7, 7, 11, 7, 7, 34",2026-08-06,"Reviews, Video, People also ask, Related searches, AI overview","commercial, informational",Organic
deal surge,43,43,140,7,8.18,https://dealcheck.io/,0,0,0.00,0.25,0,"52, 52, 80, 52, 42, 52, 42, 52, 52, 66, 66, 100",2026-08-03,"Sitelinks, Reviews, Video, People also ask, Related searches",navigational,Organic
yield on debt,67,67,50,18,1.43,https://dealcheck.io/blog/how-to-calculate-debt-yield/,0,0,0.00,0.02,133,"3, 28, 6, 3, 3, 15, 21, 12, 15, 0, 100, 0",2026-09-19,"Sitelinks, Video, People also ask, Related searches, AI overview",informational,Organic
what is irr in real estate,53,53,320,17,0.20,https://dealcheck.io/blog/how-to-calculate-internal-rate-of-return/,0,0,0.00,0.06,132,"44, 44, 54, 44, 44, 44, 44, 54, 36, 44, 44, 44",2026-09-04,"Video, Video Carousel, People also ask, Related searches, Short videos, Discussions and forums, AI overview",informational,Organic
rental analysis,41,41,320,42,5.71,https://dealcheck.io/features/rental-property-calculator/,0,0,0.00,0.59,137,"54, 100, 54, 29, 19, 36, 15, 66, 54, 54, 29, 29",2026-08-13,"Sitelinks, Video, Video Carousel, People also ask, Related searches",commercial,Organic
rental comps,24,24,590,36,3.73,https://help.dealcheck.io/en/articles/3106052-viewing-rental-comps-rent-estimates,0,0,0.00,0.48,126,"100, 20, 24, 16, 20, 16, 16, 20, 16, 24, 24, 20",2026-08-09,"Sitelinks, Reviews, Video, Video Carousel, People also ask, Related searches, Discussions and forums",commercial,Organic
50 rule,30,30,170,36,0.00,https://dealcheck.io/blog/what-is-the-50-percent-rule/,0,0,0.00,0.33,129,"43, 43, 43, 82, 82, 43, 43, 43, 28, 35, 28, 35",2026-08-18,"Image pack, Video, People also ask, Related searches, AI overview",informational,Organic
50 rule,83,83,170,36,0.00,https://help.dealcheck.io/en/articles/2023045-50-rule-rental-properties,0,0,0.00,0.33,129,"43, 43, 43, 82, 82, 43, 43, 43, 28, 35, 28, 35",2026-08-18,"Image pack, Video, People also ask, Related searches, AI overview",informational,Organic
rental calculators,32,32,50,58,0.59,https://dealcheck.io/features/rental-property-calculator/,0,0,0.00,0.03,129,"2, 0, 2, 2, 0, 0, 100, 2, 2, 0, 2, 2",2026-08-07,"Reviews, Video, Related searches, Discussions and forums",commercial,Organic
property analyzer,67,67,90,0,4.26,https://dealcheck.io/features/rental-property-calculator/,0,0,0.00,0.28,133,"42, 26, 19, 19, 26, 34, 53, 42, 34, 26, 53, 34",2026-07-30,"Sitelinks, Reviews, Video, Related searches, Discussions and forums",commercial,Organic
cash offer valuation software,21,21,320,30,0.00,https://dealcheck.io/,0,0,0.00,0,130,"100, 0, 0, 0, 0",2026-09-16,"Reviews, Video, Video Carousel, People also ask, Related searches, AI overview",informational,Organic
how to find rental comps,18,18,170,23,3.74,https://help.dealcheck.io/en/articles/3106052-viewing-rental-comps-rent-estimates,0,0,0.00,0.55,130,"10, 6, 81, 43, 18, 54, 100, 29, 10, 22, 18, 43",2026-07-31,"Sitelinks, Video, Video Carousel, People also ask, Related searches, Discussions and forums, AI overview",informational,Organic
how to find rental comps,64,64,170,23,3.74,https://dealcheck.io/blog/comparable-rental-listings-rent-estimates/,0,0,0.00,0.55,130,"10, 6, 81, 43, 18, 54, 100, 29, 10, 22, 18, 43",2026-07-31,"Sitelinks, Video, Video Carousel, People also ask, Related searches, Discussions and forums, AI overview",informational,Organic
real estate valuation software free,34,34,40,49,0.00,https://dealcheck.io/,0,0,0.00,0,106,"1, 1, 1, 1, 1, 0, 0, 0, 0, 0, 0, 0",2026-09-12,"Sitelinks, Reviews, Video, People also ask, AI overview",informational,Organic
how to buy a second home with no money,31,31,110,19,3.66,https://dealcheck.io/blog/alternative-financing-strategies-purchasing-second-home/,0,0,0.00,0.49,114,"10, 35, 54, 43, 22, 10, 8, 22, 22, 14, 29, 35",2026-09-04,"Sitelinks, Video, Video Carousel, People also ask, Related searches, Discussions and forums, AI overview",informational,Organic
best apps for real estate wholesalers,17,17,50,13,0.00,https://dealcheck.io/features/real-estate-wholesaling-calculator/,0,0,0.00,0.86,136,"22, 22, 77, 77, 55, 55, 44, 55, 44, 100, 55, 44",2026-07-28,"Sitelinks, Reviews, Video, Video Carousel, People also ask, Related searches, Discussions and forums, AI overview","commercial, informational",Organic
best apps for real estate wholesalers,18,18,50,13,0.00,https://dealcheck.io/features/real-estate-wholesaling-calculator/,0,0,0.00,0.86,136,"22, 22, 77, 77, 55, 55, 44, 55, 44, 100, 55, 44",2026-07-28,"Sitelinks, Reviews, Video, Video Carousel, People also ask, Related searches, Discussions and forums, AI overview","commercial, informational",Organic
ddcr,59,59,210,20,0.00,https://help.dealcheck.io/en/articles/2023900-debt-coverage-ratio-dcr-dscr,0,0,0.00,0.43,135,"5, 5, 5, 5, 43, 43, 43, 66, 82, 82, 100, 100",2026-08-18,"Image pack, Video, People also ask, Related searches, AI overview",informational,Organic
should i put my house in a trust or llc,41,41,70,0,1.19,https://dealcheck.io/blog/trust-vs-llc-best-way-to-hold-rental-properties/,0,0,0.00,0.66,144,"19, 52, 52, 42, 33, 33, 33, 42, 19, 19, 23, 23",2026-08-11,"Sitelinks, Reviews, Video, Video Carousel, People also ask, Related searches, Short videos, Discussions and forums, AI overview",informational,Organic
can you renovate townhouse,12,12,70,3,0.00,https://dealcheck.io/blog/upgrading-townhomes-maximum-roi-renovation-tips-investors/,0,0,0.00,0.07,122,"9, 23, 42, 33, 33, 33, 33, 52, 23, 33, 19, 23",2026-09-05,"Reviews, Video, Video Carousel, People also ask, Related searches, AI overview",informational,Organic
noi vs operating cash flow,84,84,50,18,0.00,https://help.dealcheck.io/en/articles/2029694-net-operating-income-noi,0,0,0.00,0,137,"14, 100, 100, 100, 100",2026-09-11,"Sitelinks, Video, People also ask, Related searches, AI overview",commercial,Organic
multi family calculator,11,11,40,10,1.72,https://dealcheck.io/features/multi-family-commercial-property-calculator/,0,0,0.00,0.49,133,"7, 11, 19, 19, 19, 7, 19, 19, 11, 7, 11, 15",2026-07-31,"Sitelinks, Reviews, Video, Related searches",commercial,Organic
deal sauce real estate,27,27,70,29,0.00,https://dealcheck.io/,0,0,0.00,0.71,103,"3, 0, 0, 11, 3, 0, 0, 0, 100, 23, 0, 11",2026-08-26,"Sitelinks, Video, Ads bottom, People also ask, Related searches",navigational,Organic
rental property evaluator,27,27,40,45,4.29,https://dealcheck.io/features/rental-property-calculator/,0,0,0.00,0.43,134,"42, 14, 42, 42, 42, 42, 100, 57, 42, 71, 71, 100",2026-08-13,"Sitelinks, Video, People also ask, Related searches, AI overview",commercial,Organic
rental comparables,23,23,70,34,3.73,https://dealcheck.io/blog/comparable-rental-listings-rent-estimates/,0,0,0.00,0.48,131,"0, 1, 23, 6, 8, 3, 8, 28, 8, 8, 8, 28",2026-08-31,"Reviews, Video, People also ask, Related searches, AI overview",commercial,Organic
rental comparables,48,48,70,34,3.73,https://help.dealcheck.io/en/articles/3106052-viewing-rental-comps-rent-estimates,0,0,0.00,0.48,131,"0, 1, 23, 6, 8, 3, 8, 28, 8, 8, 8, 28",2026-08-31,"Reviews, Video, People also ask, Related searches, AI overview",commercial,Organic
rental comparables,59,59,70,34,3.73,https://help.dealcheck.io/en/articles/3106052-viewing-rental-comps-rent-estimates,0,0,0.00,0.48,131,"0, 1, 23, 6, 8, 3, 8, 28, 8, 8, 8, 28",2026-08-31,"Reviews, Video, People also ask, Related searches, AI overview",commercial,Organic
rental comparables,61,61,70,34,3.73,https://help.dealcheck.io/en/articles/3106052-viewing-rental-comps-rent-estimates,0,0,0.00,0.48,131,"0, 1, 23, 6, 8, 3, 8, 28, 8, 8, 8, 28",2026-08-31,"Reviews, Video, People also ask, Related searches, AI overview",commercial,Organic
real estate break-even interest rate beir definition,17,17,70,3,0.00,https://dealcheck.io/blog/how-to-calculate-break-even-ratio/,0,0,0.00,0,13700000,"0, 100",2026-08-01,"Reviews, Video, People also ask, Related searches, AI overview",informational,Organic
calculate debt yield,49,49,590,20,1.19,https://dealcheck.io/blog/how-to-calculate-debt-yield/,0,0,0.00,0.03,114,"39, 48, 48, 48, 59, 32, 32, 72, 59, 59, 88, 100",2026-08-05,"Sitelinks, Video, Video Carousel, People also ask, Related searches, AI overview",informational,Organic
real estate modeling software,24,24,90,39,7.67,https://dealcheck.io/,0,0,0.00,0.54,105,"66, 66, 66, 19, 14, 23, 52, 52, 66, 23, 42, 52",2026-09-15,"Sitelinks, Reviews, Video, Video Carousel, People also ask, Related searches, AI overview",informational,Organic
rent formula,6,6,40,21,0.00,https://dealcheck.io/blog/how-to-calculate-rent-to-price-ratio/,0,0,0.00,0.07,133,"9, 100, 9, 9, 9, 9, 9, 9, 9, 9, 9, 9",2026-08-19,"Image pack, Reviews, Video, People also ask, Related searches, AI overview",informational,Image pack
deal sauce io login,29,29,40,26,6.59,https://dealcheck.io/,0,0,0.00,0.33,105,"7, 7, 7, 100, 78, 35, 21, 21, 14, 14, 14, 14",2026-09-02,"Sitelinks, Video, People also ask, Related searches","navigational, transactional",Organic
deal data,59,59,30,16,10.11,https://dealcheck.io/,0,0,0.00,0.23,136,"18, 18, 36, 45, 18, 18, 18, 18, 18, 27, 18, 45",2026-07-29,"Reviews, Video, People also ask, Related searches, Discussions and forums, AI overview",informational,Organic
2 rule real estate,18,18,170,24,2.46,https://dealcheck.io/blog/how-to-use-1-percent-rule-2-percent-rule/,0,0,0.00,0.06,125,"35, 35, 44, 28, 28, 35, 35, 28, 18, 28, 23, 23",2026-08-11,"Sitelinks, Reviews, Video, People also ask, Related searches, AI overview",informational,Organic
debt to yield ratio,61,61,90,18,0.00,https://dealcheck.io/blog/how-to-calculate-debt-yield/,0,0,0.00,0.01,136,"78, 50, 50, 50, 50, 78, 78, 78, 50, 50, 28, 100",2026-07-30,"Sitelinks, Video, People also ask, Related searches, AI overview",informational,Organic
public data check cancel subscription,64,64,90,11,1.23,https://help.dealcheck.io/en/articles/2023916-managing-or-cancelling-your-subscription,0,0,0.00,0.17,89,"42, 66, 52, 42, 42, 23, 33, 42, 52, 52, 52, 52",2026-08-10,"Sitelinks, Reviews, Video, People also ask, Related searches, AI overview","informational, navigational",Organic
real estate financial modeling software,26,26,110,32,8.54,https://dealcheck.io/,0,0,0.00,0.1,105,"23, 52, 100, 19, 52, 42, 66, 66, 80, 100, 33, 42",2026-08-22,"Sitelinks, Reviews, Video, People also ask, Related searches, AI overview",informational,Organic
down payment on a second home,78,78,30,26,4.02,https://dealcheck.io/blog/alternative-financing-strategies-purchasing-second-home/,0,0,0.00,0.25,120,"33, 11, 11, 33, 100, 100, 22, 11, 11, 0, 22, 33",2026-08-09,"Sitelinks, Reviews, Video, People also ask, Related searches, Short videos, AI overview",informational,Organic
what is cap rate on rental property,39,39,140,28,0.10,https://dealcheck.io/blog/understanding-cap-rates/,0,0,0.00,0.3,134,"9, 19, 23, 19, 6, 6, 12, 19, 9, 29, 23, 23",2026-08-19,"Sitelinks, Reviews, Video, People also ask, Related searches, Discussions and forums, AI overview",informational,Organic
dealiopro,18,18,30,31,10.12,https://dealcheck.io/,0,0,0.00,0.43,0,"0, 60, 60, 80, 100, 80, 40, 100, 20, 40, 60, 100",2026-08-18,"Sitelinks, Reviews, Video, People also ask, Related searches",navigational,Organic
biggerpockets deal analyzer,10,10,70,21,4.14,https://dealcheck.io/dealcheck-vs-biggerpockets/,0,0,0.00,0.36,105,"42, 33, 42, 33, 23, 23, 14, 23, 33, 33, 23, 23",2026-08-01,"Sitelinks, Video, Related searches","navigational, transactional",Organic
biggerpockets deal analyzer,35,35,70,21,4.14,https://dealcheck.io/,0,0,0.00,0.36,105,"42, 33, 42, 33, 23, 23, 14, 23, 33, 33, 23, 23",2026-08-01,"Sitelinks, Video, Related searches","navigational, transactional",Organic
multifamily valuation,45,45,90,6,0.00,https://dealcheck.io/features/multi-family-commercial-property-calculator/,0,0,0.00,0.19,120,"15, 15, 34, 34, 12, 6, 9, 6, 100, 21, 65, 34",2026-07-29,"Video, People also ask, Related searches, Discussions and forums, AI overview",informational,Organic
multifamily valuation,53,53,90,6,0.00,https://dealcheck.io/features/multi-family-commercial-property-calculator/,0,0,0.00,0.19,120,"15, 15, 34, 34, 12, 6, 9, 6, 100, 21, 65, 34",2026-07-29,"Video, People also ask, Related searches, Discussions and forums, AI overview",informational,Organic
rental potential,12,12,110,60,4.32,https://help.dealcheck.io/en/articles/11395651-rental-potential,0,0,0.00,0.21,135,"6, 3, 100, 15, 5, 3, 8, 6, 11, 8, 18, 8",2026-07-29,"Sitelinks, Video, Video Carousel, Related searches",informational,Organic
dealstack,37,37,90,28,9.60,https://dealcheck.io/,0,0,0.00,0.07,104,"7, 7, 7, 7, 26, 26, 19, 42, 53, 42, 100, 65",2026-08-03,"Knowledge panel, Sitelinks, Reviews, Video, Related searches",navigational,Organic
duplex calculator,38,38,70,41,2.83,https://dealcheck.io/features/multi-family-commercial-property-calculator/,0,0,0.00,0.33,100,"19, 26, 42, 34, 34, 19, 7, 26, 26, 26, 15, 19",2026-08-09,"Sitelinks, Reviews, Video, People also ask, Related searches",commercial,Organic
real estate deal tracker,27,27,30,19,7.67,https://dealcheck.io/,0,0,0.00,0.94,122,"7, 26, 11, 7, 7, 7, 7, 7, 7, 7, 19, 7",2026-08-22,"Sitelinks, Reviews, Video, People also ask, Related searches, AI overview",informational,Organic
flip calculator house,7,7,480,16,2.31,https://dealcheck.io/features/house-flipping-calculator/,0,0,0.00,0.14,119,"76, 13, 24, 30, 45, 55, 30, 36, 30, 55, 36, 30",2026-08-02,"Image pack, Reviews, Video, Video Carousel, People also ask, Related searches, AI overview",informational,Image pack
flip calculator house,7,7,480,16,2.31,https://dealcheck.io/features/house-flipping-calculator/,0,0,0.00,0.14,119,"76, 13, 24, 30, 45, 55, 30, 36, 30, 55, 36, 30",2026-08-02,"Image pack, Reviews, Video, Video Carousel, People also ask, Related searches, AI overview",informational,Image pack
wholesale real estate apps,10,10,30,14,5.59,https://dealcheck.io/,0,0,0.00,0.66,135,"11, 11, 11, 64, 11, 11, 11, 11, 11, 11, 11, 11",2026-08-30,"Sitelinks, Reviews, Video, Video Carousel, People also ask, Related searches, Discussions and forums, AI overview",informational,Organic
wholesale real estate apps,22,22,30,14,5.59,https://dealcheck.io/features/real-estate-wholesaling-calculator/,0,0,0.00,0.66,135,"11, 11, 11, 64, 11, 11, 11, 11, 11, 11, 11, 11",2026-08-30,"Sitelinks, Reviews, Video, Video Carousel, People also ask, Related searches, Discussions and forums, AI overview",informational,Organic
fix and flip software,1,1,90,6,8.06,https://dealcheck.io/,0,0,0.00,0.75,120,"19, 19, 33, 42, 23, 33, 33, 42, 100, 52, 42, 42",2026-07-28,"Reviews, Video, Video Carousel, Related searches, AI overview",informational,AI overview
dealcheck g2,2,2,40,26,0.00,https://dealcheck.io/,0,0,0.00,0,14000,"100, 75",2026-08-15,"Reviews, Video, People also ask, Related searches, AI overview","informational, transactional",AI overview
dealcheck g2,6,6,40,26,0.00,https://app.dealcheck.io/,0,0,0.00,0,14000,"100, 75",2026-08-15,"Reviews, Video, People also ask, Related searches, AI overview","informational, transactional",Organic
dealcheck g2,10,10,40,26,0.00,https://dealcheck.io/blog/category/news-updates/,0,0,0.00,0,14000,"100, 75",2026-08-15,"Reviews, Video, People also ask, Related searches, AI overview","informational, transactional",Organic
dealcheck g2,16,16,40,26,0.00,https://dealcheck.io/blog/category/how-to-guides/,0,0,0.00,0,14000,"100, 75",2026-08-15,"Reviews, Video, People also ask, Related searches, AI overview","informational, transactional",Organic
dealcheck g2,22,22,40,26,0.00,https://dealcheck.io/pricing/,0,0,0.00,0,14000,"100, 75",2026-08-15,"Reviews, Video, People also ask, Related searches, AI overview","informational, transactional",Organic
dealcheck g2,25,25,40,26,0.00,https://help.dealcheck.io/en/collections/1141204-using-dealcheck,0,0,0.00,0,14000,"100, 75",2026-08-15,"Reviews, Video, People also ask, Related searches, AI overview","informational, transactional",Organic
dealcheck g2,36,36,40,26,0.00,https://dealcheck.io/blog/side-by-side-property-comparison/,0,0,0.00,0,14000,"100, 75",2026-08-15,"Reviews, Video, People also ask, Related searches, AI overview","informational, transactional",Organic
dealcheck g2,48,48,40,26,0.00,https://help.dealcheck.io/en/articles/2049700-how-to-analyze-rental-properties,0,0,0.00,0,14000,"100, 75",2026-08-15,"Reviews, Video, People also ask, Related searches, AI overview","informational, transactional",Organic
dealcheck g2,55,55,40,26,0.00,https://dealcheck.io/features/property-valuation-reporting-software/,0,0,0.00,0,14000,"100, 75",2026-08-15,"Reviews, Video, People also ask, Related searches, AI overview","informational, transactional",Organic
annualized internal rate of return,69,69,50,30,0.00,https://help.dealcheck.io/en/articles/2023889-internal-rate-of-return-irr,0,0,0.00,0.33,130,"50, 35, 50, 35, 50, 28, 28, 35, 35, 28, 7, 14",2026-08-29,"Sitelinks, Video, People also ask, Related searches, AI overview",informational,Organic
cuyahoga county 1031 exchange properties for sale,82,82,40,9,0.00,https://app.dealcheck.io/shared/-M2_N1lW1FdQlYfzRAow,0,0,0.00,0.33,17500,"18, 18, 27, 45, 45, 63, 63, 18, 18, 27, 36, 45",2026-09-05,"Reviews, People also ask, AI overview",transactional,Organic
real estate ir software free demo and trial options,64,64,40,5,0.00,https://dealcheck.io/,0,0,0.00,0,648000,"100, 100, 81, 63, 27, 18, 0, 0, 0, 0",2026-08-22,"Reviews, Video, Ads bottom, Video Carousel, People also ask, AI overview",informational,Organic
capitalization rate vs discount rate,53,53,40,5,0.00,https://dealcheck.io/blog/understanding-cap-rates/,0,0,0.00,0.02,132,"63, 63, 63, 81, 63, 36, 18, 18, 0, 18, 18, 18",2026-09-15,"Sitelinks, Reviews, Video, People also ask, Related searches, AI overview","commercial, informational",Organic
debt yield calc,42,42,590,20,0.96,https://dealcheck.io/blog/how-to-calculate-debt-yield/,0,0,0.00,0.01,117,"76, 100, 100, 24, 36, 20, 30, 36, 24, 36, 36, 36",2026-07-30,"Sitelinks, Video, Video Carousel, People also ask, Related searches, AI overview",informational,Organic
what does ltc stand for,66,66,260,14,0.00,https://dealcheck.io/blog/what-is-the-loan-to-cost-ratio/,0,0,0.00,0,172,"0, 0, 0, 0, 1, 0, 0, 100, 0, 31, 13, 20",2026-08-06,"Video, Video Carousel, People also ask, Related searches, Short videos, AI overview",informational,Organic
real estate offer calculator,15,15,50,34,2.17,https://dealcheck.io/features/real-estate-wholesaling-calculator/,0,0,0.00,0.66,125,"57, 100, 71, 71, 71, 71, 71, 100, 57, 57, 42, 28",2026-08-21,"Reviews, Video, Video Carousel, People also ask, Related searches",informational,Organic
real estate deal analyzer free,56,56,40,14,2.88,https://dealcheck.io/features/multi-family-commercial-property-calculator/,0,0,0.00,0.71,138,"18, 27, 18, 18, 18, 18, 18, 81, 45, 63, 18, 81",2026-08-13,"Reviews, Video, People also ask, Related searches, AI overview",commercial,Organic
real estate deal analyzer free,79,79,40,14,2.88,https://dealcheck.io/features/rental-property-calculator/,0,0,0.00,0.71,138,"18, 27, 18, 18, 18, 18, 18, 81, 45, 63, 18, 81",2026-08-13,"Reviews, Video, People also ask, Related searches, AI overview",commercial,Organic
rental property investment analysis,17,17,70,34,0.00,https://dealcheck.io/features/rental-property-calculator/,0,0,0.00,0.02,134,"14, 78, 100, 64, 50, 14, 35, 50, 35, 35, 50, 50",2026-08-11,"Sitelinks, Reviews, Video, Video Carousel, People also ask, Related searches, AI overview",informational,Organic
how to evaluate a multi family investment property,25,25,70,4,1.91,https://dealcheck.io/features/multi-family-commercial-property-calculator/,0,0,0.00,0.35,123,"45, 63, 63, 18, 36, 45, 18, 63, 63, 81, 81, 100",2026-08-23,"Sitelinks, Video, Video Carousel, People also ask, Related searches, AI overview",informational,Organic
how to evaluate a multi family investment property,53,53,70,4,1.91,https://help.dealcheck.io/en/articles/2068341-how-to-analyze-multi-family-and-commercial-properties,0,0,0.00,0.35,123,"45, 63, 63, 18, 36, 45, 18, 63, 63, 81, 81, 100",2026-08-23,"Sitelinks, Video, Video Carousel, People also ask, Related searches, AI overview",informational,Organic
real estate wholesale calculator excel,9,9,40,1,0.00,https://dealcheck.io/features/real-estate-wholesaling-calculator/,0,0,0.00,0.08,125,"36, 45, 63, 45, 36, 18, 18, 18, 27, 36, 27, 36",2026-08-04,"Sitelinks, Reviews, Video, Video Carousel, Related searches, AI overview",informational,Organic
real estate wholesale calculator excel,47,47,40,1,0.00,https://dealcheck.io/,0,0,0.00,0.08,125,"36, 45, 63, 45, 36, 18, 18, 18, 27, 36, 27, 36",2026-08-04,"Sitelinks, Reviews, Video, Video Carousel, Related searches, AI overview",informational,Organic
best software for flipping houses,7,7,40,10,0.00,https://dealcheck.io/features/house-flipping-calculator/,0,0,0.00,0,82,"19, 23, 14, 19, 19, 14, 23, 23, 23, 19, 19, 4",2026-09-13,"Sitelinks, Reviews, Video, People also ask, Related searches, AI overview",commercial,Organic
real estate investment software free,1,1,30,21,4.43,https://dealcheck.io/,0,0,0.00,0.28,129,"28, 71, 100, 28, 14, 71, 0, 57, 28, 28, 14, 100",2026-09-01,"Sitelinks, Reviews, Video, People also ask, Related searches, AI overview","commercial, informational",AI overview
dealbeast,19,19,50,25,4.87,https://dealcheck.io/,0,0,0.00,0.07,109,"5, 29, 11, 100, 64, 11, 11, 64, 11, 11, 11, 11",2026-08-03,"Reviews, Video, Related searches","informational, transactional",Organic
how to value rental property calculator,22,22,40,34,2.01,https://dealcheck.io/features/rental-property-calculator/,0,0,0.00,0.33,136,"14, 19, 19, 9, 23, 42, 19, 9, 14, 9, 9, 9",2026-08-07,"Sitelinks, Reviews, Video, Video Carousel, People also ask, Related searches, AI overview",informational,Organic
investment real estate analysis software,1,1,50,16,11.71,https://dealcheck.io/,0,0,0.00,0.21,115,"18, 63, 100, 45, 18, 63, 63, 18, 9, 9, 63, 63",2026-08-25,"Sitelinks, Reviews, Video, Video Carousel, People also ask, Related searches, AI overview",informational,AI overview
center check,15,15,210,27,2.21,https://help.dealcheck.io/en/,0,0,0.00,0.23,108,"0, 0, 1, 1, 0, 1, 2, 1, 2, 2, 3, 1",2026-07-28,"Knowledge panel, Sitelinks, Video, People also ask, Related searches",navigational,Organic
how to calculate avr,91,91,40,18,0.00,https://help.dealcheck.io/en/articles/3591359-calculated-arv-estimate,0,0,0.00,0.01,131,"23, 23, 23, 17, 23, 29, 23, 17, 23, 11, 17, 11",2026-08-05,"Sitelinks, Reviews, Video, People also ask, Related searches, AI overview",informational,Organic
2 rule,22,22,210,21,0.00,https://dealcheck.io/blog/how-to-use-1-percent-rule-2-percent-rule/,0,0,0.00,0.01,115,"43, 54, 66, 54, 54, 43, 35, 35, 35, 43, 43, 43",2026-08-14,"Image pack, Sitelinks, Reviews, Video, People also ask, Related searches, AI overview",informational,Organic
how much is ber,26,26,40,6,0.00,https://dealcheck.io/blog/how-to-calculate-break-even-ratio/,0,0,0.00,0.33,167,"11, 11, 11, 23, 100, 11, 23, 11, 11, 11, 11, 11",2026-09-09,"Reviews, Video, People also ask, Related searches, AI overview",informational,Organic
dealsumm,35,35,70,16,15.04,https://dealcheck.io/,0,0,0.00,0.33,0,"34, 21, 28, 21, 21, 21, 21, 28, 15, 15, 6, 6",2026-08-28,"Sitelinks, Reviews, Video, Related searches",navigational,Organic
townhouse renovation ideas,38,38,70,14,2.98,https://dealcheck.io/blog/upgrading-townhomes-maximum-roi-renovation-tips-investors/,0,0,0.00,0.66,111,"36, 27, 100, 36, 81, 63, 100, 63, 36, 45, 36, 45",2026-09-07,"Image pack, Reviews, Video, Image, Video Carousel, People also ask, Related searches",informational,Organic
rental comps website,29,29,40,41,5.13,https://help.dealcheck.io/en/articles/3106052-viewing-rental-comps-rent-estimates,0,0,0.00,0.32,130,"100, 57, 71, 100, 42, 57, 28, 71, 71, 57, 42, 28",2026-07-28,"Sitelinks, Reviews, Video, People also ask, Related searches",commercial,Organic
rental comps website,59,59,40,41,5.13,https://dealcheck.io/blog/comparable-rental-listings-rent-estimates/,0,0,0.00,0.32,130,"100, 57, 71, 100, 42, 57, 28, 71, 71, 57, 42, 28",2026-07-28,"Sitelinks, Reviews, Video, People also ask, Related searches",commercial,Organic
how do you calculate return on investment for real estate,70,70,140,17,0.75,https://dealcheck.io/blog/how-to-calculate-return-on-investment-rentals/,0,0,0.00,0.22,134,"100, 53, 21, 34, 34, 28, 34, 34, 34, 53, 34, 43",2026-09-08,"Sitelinks, Video, Video Carousel, People also ask, Related searches, AI overview",informational,Organic
breakeven occupancy ratio,32,32,50,10,0.00,https://help.dealcheck.io/en/articles/3599297-break-even-ratio-ber,0,0,0.00,0,97,"45, 81, 63, 27, 0, 0, 45, 100, 63, 63, 36, 0",2026-08-14,"Sitelinks, Reviews, Video, People also ask, Related searches, AI overview",informational,Organic
breakeven occupancy ratio,59,59,50,10,0.00,https://dealcheck.io/blog/how-to-calculate-break-even-ratio/,0,0,0.00,0,97,"45, 81, 63, 27, 0, 0, 45, 100, 63, 63, 36, 0",2026-08-14,"Sitelinks, Reviews, Video, People also ask, Related searches, AI overview",informational,Organic
deal analysis spreadsheet,35,35,90,5,3.87,https://dealcheck.io/,0,0,0.00,0.22,131,"14, 18, 10, 4, 4, 4, 22, 43, 35, 29, 18, 22",2026-09-09,"Sitelinks, Video, Video Carousel, Related searches, AI overview",informational,Organic
dealsauce io,22,22,880,29,4.59,https://dealcheck.io/,0,0,0.00,0.4,0,"0, 4, 100, 30, 24, 34, 30, 44, 16, 13, 65, 20",2026-09-18,"Sitelinks, Reviews, Video, Video Carousel, People also ask, Related searches",navigational,Organic
property comparison tool,1,1,30,22,2.47,https://help.dealcheck.io/en/articles/2490178-comparing-properties-side-by-side,0,0,0.00,0.29,133,"9, 19, 19, 23, 14, 14, 14, 19, 9, 9, 14, 9",2026-09-05,"Video, People also ask, Related searches, AI overview",commercial,AI overview
property comparison tool,9,9,30,22,2.47,https://help.dealcheck.io/en/articles/2490178-comparing-properties-side-by-side,0,0,0.00,0.29,133,"9, 19, 19, 23, 14, 14, 14, 19, 9, 9, 14, 9",2026-09-05,"Video, People also ask, Related searches, AI overview",commercial,Organic
property comparison tool,55,55,30,22,2.47,https://dealcheck.io/,0,0,0.00,0.29,133,"9, 19, 19, 23, 14, 14, 14, 19, 9, 9, 14, 9",2026-09-05,"Video, People also ask, Related searches, AI overview",commercial,Organic
list stacking wholesaling,32,32,70,7,0.00,https://dealcheck.io/wp-content/uploads/media/Real%20Estate%20Wholesaling%20Checklist%20%7C%20DealCheck.pdf,0,0,0.00,0.33,108,"17, 41, 52, 52, 52, 52, 41, 52, 41, 41, 29, 29",2026-08-17,"Sitelinks, Video, Video Carousel, People also ask, Related searches, AI overview",informational,Organic
coc calc,50,50,70,7,0.00,https://dealcheck.io/blog/how-to-calculate-cash-on-cash-return/,0,0,0.00,0.33,98,"42, 52, 33, 33, 42, 33, 33, 23, 52, 33, 33, 33",2026-09-16,"Video, AI overview",informational,Organic
offer calculator,15,15,70,31,0.00,https://help.dealcheck.io/en/articles/2047630-using-the-offer-calculator-to-calculate-offers-to-sellers,0,0,0.00,0.33,113,"0, 0, 0, 0, 0, 2, 0, 3, 1, 3, 0, 0",2026-08-03,"Reviews, Video, Video Carousel, People also ask, Related searches",informational,Organic
offer calculator,20,20,70,31,0.00,https://help.dealcheck.io/en/articles/2047630-using-the-offer-calculator-to-calculate-offers-to-sellers,0,0,0.00,0.33,113,"0, 0, 0, 0, 0, 2, 0, 3, 1, 3, 0, 0",2026-08-03,"Reviews, Video, Video Carousel, People also ask, Related searches",informational,Organic
cap rate noi formula,6,6,40,34,0.30,https://dealcheck.io/blog/understanding-cap-rates/,0,0,0.00,0.1,127,"50, 50, 7, 0, 7, 21, 7, 35, 50, 35, 50, 28",2026-08-02,"Image pack, Sitelinks, Reviews, Video, Video Carousel, People also ask, Related searches, AI overview",informational,Image pack
how to value a multifamily property,55,55,70,8,1.84,https://dealcheck.io/features/multi-family-commercial-property-calculator/,0,0,0.00,0.62,128,"63, 63, 45, 45, 100, 63, 81, 45, 81, 63, 45, 63",2026-09-12,"Reviews, Video, Video Carousel, People also ask, Related searches, Discussions and forums, AI overview",informational,Organic
rental cashflow calculator,15,15,90,28,1.89,https://dealcheck.io/features/rental-property-calculator/,0,0,0.00,0.21,6950000,"11, 18, 23, 8, 23, 18, 6, 23, 15, 15, 15, 15",2026-08-09,"Sitelinks, Reviews, Video, Video Carousel, Related searches",commercial,Organic
70 rule house flipping,56,56,50,25,0.00,https://dealcheck.io/blog/what-is-the-70-percent-rule/,0,0,0.00,0.33,124,"9, 23, 33, 42, 33, 42, 42, 33, 14, 14, 9, 14",2026-09-03,"Sitelinks, Reviews, Video, Video Carousel, People also ask, Related searches, AI overview",informational,Organic
what does amount financed mean,26,26,170,21,0.00,https://help.dealcheck.io/en/articles/8713257-amount-financed,0,0,0.00,0.01,111,"80, 65, 80, 42, 53, 80, 65, 53, 53, 53, 53, 42",2026-09-13,"Video, People also ask, Related searches, AI overview",informational,Organic
listing details,41,41,720,8,0.00,https://help.dealcheck.io/en/articles/11471921-how-to-search-properties-listed-for-sale,0,0,0.00,0.33,132,"54, 30, 20, 79, 2, 100, 36, 24, 2, 8, 8, 4",2026-09-12,"Sitelinks, Video, People also ask, Related searches, AI overview",informational,Organic
minimum down payment for second home,94,94,110,25,3.84,https://dealcheck.io/blog/alternative-financing-strategies-purchasing-second-home/,0,0,0.00,0.24,108,"52, 23, 80, 66, 52, 80, 42, 52, 42, 33, 52, 52",2026-08-06,"Sitelinks, Reviews, Video, People also ask, Related searches, AI overview",commercial,Organic
what is roe return on equity,81,81,50,48,0.58,https://dealcheck.io/blog/how-to-calculate-return-on-equity/,0,0,0.00,0.02,142,"29, 0, 0, 0, 1, 0, 0, 23, 29, 0, 0, 0",2026-08-02,"Sitelinks, Video, People also ask, Related searches, AI overview",informational,Organic
rental property irr,16,16,50,37,0.00,https://dealcheck.io/blog/how-to-calculate-internal-rate-of-return/,0,0,0.00,0.33,130,"19, 26, 42, 19, 7, 7, 11, 26, 19, 19, 19, 19",2026-08-25,"Sitelinks, Reviews, Video, People also ask, Related searches, AI overview",informational,Organic
loan to cost,63,63,260,11,2.99,https://dealcheck.io/blog/what-is-the-loan-to-cost-ratio/,0,0,0.00,0.11,127,"44, 29, 23, 36, 29, 29, 29, 44, 36, 29, 36, 44",2026-09-15,"Sitelinks, Reviews, Video, People also ask, Related searches, AI overview",informational,Organic
promotional flip calculators,65,65,40,0,0.00,https://dealcheck.io/features/house-flipping-calculator/,0,0,0.00,0.67,197,"22, 77, 77, 77, 100, 22, 55, 55, 44, 11, 11, 11",2026-09-12,"Sitelinks, Reviews, Video, Image, Popular products, AI overview","commercial, informational",Organic
real estate 2 rule,14,14,40,21,1.05,https://dealcheck.io/blog/how-to-use-1-percent-rule-2-percent-rule/,0,0,0.00,0.13,118,"41, 41, 29, 17, 23, 17, 23, 23, 29, 41, 23, 5",2026-09-14,"Sitelinks, Reviews, Video, People also ask, Related searches, Discussions and forums, AI overview",informational,Organic
2 percent rule real estate,17,17,50,17,0.00,https://dealcheck.io/blog/how-to-use-1-percent-rule-2-percent-rule/,0,0,0.00,0.11,124,"26, 42, 34, 11, 34, 15, 15, 7, 11, 11, 15, 19",2026-08-15,"Sitelinks, Reviews, Video, People also ask, Related searches, AI overview",informational,Organic
what is the 70 rule,47,47,40,15,0.00,https://dealcheck.io/blog/what-is-the-70-percent-rule/,0,0,0.00,0.33,125,"7, 7, 7, 7, 42, 7, 7, 7, 7, 7, 65, 7",2026-08-09,"Sitelinks, Reviews, Video, Video Carousel, People also ask, Related searches, Short videos, AI overview",informational,Organic
cap rate vs discount rate,78,78,50,4,0.00,https://help.dealcheck.io/en/articles/2023856-capitalization-rate-cap-rate,0,0,0.00,0.04,128,"41, 41, 41, 64, 52, 52, 23, 11, 11, 11, 11, 11",2026-09-01,"Sitelinks, Reviews, Video, Video Carousel, People also ask, Related searches, AI overview","commercial, informational",Organic
calculate roe formula,60,60,480,44,0.00,https://dealcheck.io/blog/how-to-calculate-return-on-equity/,0,0,0.00,0.33,117,"20, 20, 24, 55, 24, 36, 45, 30, 36, 45, 55, 24",2026-08-24,"Image pack, Sitelinks, Reviews, Video, Video Carousel, People also ask, Related searches, AI overview",informational,Organic
real estate analysis software,1,1,210,7,10.33,https://dealcheck.io/,0,0,0.00,0.06,108,"65, 100, 100, 81, 28, 81, 53, 53, 65, 53, 65, 65",2026-08-27,"Sitelinks, Reviews, Video, People also ask, Related searches, AI overview",informational,AI overview
real estate analysis software,47,47,210,7,10.33,https://dealcheck.io/features/property-valuation-reporting-software/,0,0,0.00,0.06,108,"65, 100, 100, 81, 28, 81, 53, 53, 65, 53, 65, 65",2026-08-27,"Sitelinks, Reviews, Video, People also ask, Related searches, AI overview",informational,Organic
what does grm mean,53,53,50,16,0.00,https://dealcheck.io/blog/how-to-calculate-gross-rent-multiplier/,0,0,0.00,0.33,92,"81, 63, 45, 63, 45, 45, 63, 63, 45, 18, 18, 18",2026-09-17,"Video, Video Carousel, People also ask, Related searches, AI overview",informational,Organic
how to evaluate rental property investment,35,35,30,36,3.15,https://dealcheck.io/features/rental-property-calculator/,0,0,0.00,0.55,174,"22, 33, 22, 22, 44, 44, 22, 44, 22, 22, 22, 22",2026-08-08,"Sitelinks, Video, Video Carousel, People also ask, Related searches, AI overview",informational,Organic
how to evaluate rental property investment,51,51,30,36,3.15,https://dealcheck.io/features/rental-property-calculator/,0,0,0.00,0.55,174,"22, 33, 22, 22, 44, 44, 22, 44, 22, 22, 22, 22",2026-08-08,"Sitelinks, Video, Video Carousel, People also ask, Related searches, AI overview",informational,Organic
biggerpockets deal calculator,7,7,50,28,0.00,https://dealcheck.io/dealcheck-vs-biggerpockets/,0,0,0.00,0.07,109,"9, 15, 15, 15, 21, 12, 15, 12, 21, 12, 21, 15",2026-08-09,"Sitelinks, Video, Related searches",transactional,Organic
cap rate definition noi divided by purchase price,28,28,50,25,0.00,https://dealcheck.io/blog/understanding-cap-rates/,0,0,0.00,0,135,"14, 100, 0, 14, 21, 21, 14, 100, 35, 50",2026-09-13,"Sitelinks, Video, People also ask, Related searches, AI overview",transactional,Organic
70 percent rule flipping calculator,47,47,110,13,1.78,https://dealcheck.io/features/house-flipping-calculator/,0,0,0.00,0.12,105,"42, 42, 42, 53, 42, 42, 53, 65, 65, 53, 26, 26",2026-09-11,"Reviews, Video, People also ask, Related searches, AI overview",informational,Organic
real estate investing terms,13,13,110,17,0.80,https://dealcheck.io/wp-content/uploads/media/Real%20Estate%20Investing%20Glossary%20%7C%20DealCheck.pdf,0,0,0.00,0.29,126,"100, 42, 53, 34, 65, 26, 42, 26, 26, 34, 42, 42",2026-09-14,"Reviews, Video, People also ask, Related searches, AI overview",informational,Organic
best platforms for real estate valuation and analytics,19,19,70,11,0.00,https://dealcheck.io/,0,0,0.00,0,119,100,2026-09-19,"Sitelinks, Reviews, Video, People also ask, Related searches, Discussions and forums, AI overview",commercial,Organic
how to calculate arv wholesaling,78,78,50,3,3.34,https://help.dealcheck.io/en/articles/3071993-viewing-sales-comps-arv-estimates,0,0,0.00,0.33,104,"4, 7, 7, 2, 2, 3, 5, 11, 5, 5, 4, 4",2026-08-07,"Sitelinks, Reviews, Video, Video Carousel, People also ask, Related searches, Discussions and forums, AI overview",informational,Organic
rentcast.io,12,12,70,34,2.44,https://dealcheck.io/blog/rentcast-new-platform-growing-managing-portfolio/,0,0,0.00,0.43,435000,"0, 0, 0, 4, 23, 4, 80, 0, 52, 80, 80, 100",2026-08-17,"Sitelinks, Reviews, Video, People also ask",navigational,Organic
rentcast.io,56,56,70,34,2.44,https://dealcheck.io/blog/introducing-new-rentcast-property-data-api/,0,0,0.00,0.43,435000,"0, 0, 0, 4, 23, 4, 80, 0, 52, 80, 80, 100",2026-08-17,"Sitelinks, Reviews, Video, People also ask",navigational,Organic
how to calculate equity return,60,60,110,41,0.65,https://dealcheck.io/blog/how-to-calculate-return-on-equity/,0,0,0.00,0.01,166,"10, 7, 3, 10, 0, 0, 0, 0, 3, 0, 0, 0",2026-07-28,"Sitelinks, Reviews, Video, Video Carousel, People also ask, Related searches, AI overview",informational,Organic
house flip checklist,17,17,40,1,2.12,https://dealcheck.io/wp-content/uploads/media/House%20Flipping%20Checklist%20%7C%20DealCheck.pdf,0,0,0.00,0.18,128,"11, 29, 29, 23, 29, 29, 29, 29, 23, 23, 17, 29",2026-08-06,"Image pack, Sitelinks, Reviews, Video, Video Carousel, Related searches",informational,Organic
house flip checklist,24,24,40,1,2.12,https://dealcheck.io/wp-content/uploads/media/House%20Flipping%20Checklist%20%7C%20DealCheck.pdf,0,0,0.00,0.18,128,"11, 29, 29, 23, 29, 29, 29, 29, 23, 23, 17, 29",2026-08-06,"Image pack, Sitelinks, Reviews, Video, Video Carousel, Related searches",informational,Organic
how do you calculate debt service coverage ratio,84,84,50,32,0.80,https://dealcheck.io/blog/how-to-calculate-debt-service-coverage-ratio/,0,0,0.00,0.24,136,"0, 34, 12, 6, 0, 0, 100, 0, 0, 43, 3, 0",2026-08-16,"Sitelinks, Reviews, Video, People also ask, Related searches, AI overview",informational,Organic
70 rule real estate,49,49,110,23,1.94,https://dealcheck.io/blog/what-is-the-70-percent-rule/,0,0,0.00,0.13,126,"17, 17, 23, 28, 35, 28, 23, 35, 35, 28, 28, 23",2026-08-19,"Sitelinks, Reviews, Video, People also ask, Related searches, Discussions and forums, AI overview",informational,Organic
heck.io,44,44,50,43,0.00,https://app.dealcheck.io/,0,0,0.00,0.01,6600000,"42, 57, 71, 100, 100, 71, 71, 71, 57, 71, 100, 0",2026-08-15,"Sitelinks, Reviews, Video",informational,Organic
heck.io,53,53,50,43,0.00,https://app.dealcheck.io/,0,0,0.00,0.01,6600000,"42, 57, 71, 100, 100, 71, 71, 71, 57, 71, 100, 0",2026-08-15,"Sitelinks, Reviews, Video",informational,Organic
coc real estate,4,4,70,18,0.00,https://dealcheck.io/blog/how-to-calculate-cash-on-cash-return/,0,0,0.00,0.01,139,"52, 42, 42, 33, 33, 33, 23, 33, 33, 33, 33, 33",2026-08-06,"Sitelinks, Reviews, Video, People also ask, Related searches, AI overview",informational,Organic
sunoco gas station for sale,9,9,40,1,0.36,https://app.dealcheck.io/shared/-Mdb2KbqEkGQm-kBvDrd,0,0,0.00,0.12,110,"14, 35, 35, 14, 21, 14, 100, 14, 21, 21, 21, 14",2026-08-04,"Video, Related searches, AI overview",transactional,Organic
sunoco gas station for sale,10,10,40,1,0.36,https://app.dealcheck.io/shared/-Mdb2KbqEkGQm-kBvDrd,0,0,0.00,0.12,110,"14, 35, 35, 14, 21, 14, 100, 14, 21, 21, 21, 14",2026-08-04,"Video, Related searches, AI overview",transactional,Organic
annual internal rate of return,88,88,50,26,0.00,https://help.dealcheck.io/en/articles/2023889-internal-rate-of-return-irr,0,0,0.00,0.01,133,"45, 45, 63, 45, 63, 36, 36, 45, 45, 100, 18, 18",2026-08-29,"Knowledge panel, Sitelinks, Video, Video Carousel, People also ask, Related searches, AI overview",informational,Organic
whats a cap rate in real estate,43,43,1300,37,0.13,https://dealcheck.io/blog/understanding-cap-rates/,0,0,0.00,0.37,161,"2, 2, 2, 2, 2, 0, 0, 0, 81, 81, 100, 54",2026-08-02,"Sitelinks, Reviews, Video, People also ask, Related searches, Discussions and forums, AI overview",informational,Organic
rental calculator for investment property,29,29,90,31,1.77,https://dealcheck.io/features/rental-property-calculator/,0,0,0.00,0.27,129,"100, 82, 64, 64, 82, 64, 82, 52, 29, 17, 5, 5",2026-08-09,"Sitelinks, Reviews, Video, Video Carousel, People also ask, Related searches",commercial,Organic
dealsauce.io login,17,17,320,33,6.67,https://dealcheck.io/,0,0,0.00,0.13,107,"0, 0, 0, 16, 16, 16, 0, 62, 24, 13, 100, 8",2026-09-17,"Sitelinks, Video, Related searches","navigational, transactional",Organic
amount financed calculation,41,41,110,30,0.00,https://help.dealcheck.io/en/articles/8713257-amount-financed,0,0,0.00,0.33,125,"2, 100, 2, 0, 2, 2, 2, 2, 2, 2, 2, 2",2026-09-04,"Reviews, Video, People also ask, Related searches, AI overview",informational,Organic
capitalization rate real estate definition,37,37,140,44,0.18,https://dealcheck.io/blog/understanding-cap-rates/,0,0,0.00,0.39,129,"53, 43, 53, 53, 34, 28, 43, 21, 100, 21, 21, 65",2026-09-16,"Sitelinks, Video, Video Carousel, People also ask, Related searches, AI overview",informational,Organic
software for real estate investing,1,1,140,24,13.08,https://dealcheck.io/,0,0,0.00,0.04,107,"5, 12, 12, 4, 5, 5, 7, 7, 7, 12, 19, 100",2026-08-25,"Sitelinks, Reviews, Video, Video Carousel, People also ask, Related searches, AI overview",commercial,AI overview
bigger pockets deal finder,13,13,70,28,0.00,https://dealcheck.io/dealcheck-vs-biggerpockets/,0,0,0.00,0,108,"44, 100, 100, 100, 77, 77, 100, 77, 77, 55, 55, 100",2026-08-07,"Video, Related searches",navigational,Organic
calculate dscr ratio,63,63,390,52,1.26,https://dealcheck.io/blog/how-to-calculate-debt-service-coverage-ratio/,0,0,0.00,0.25,133,"100, 81, 81, 81, 81, 66, 66, 66, 81, 100, 100, 81",2026-09-04,"Sitelinks, Reviews, Video, People also ask, Related searches, AI overview",informational,Organic
real estate analytics tool,20,20,70,21,0.00,https://dealcheck.io/,0,0,0.00,0.01,125,"0, 0, 0, 0, 0, 100, 1, 1, 4, 1, 4, 1",2026-08-07,"Sitelinks, Reviews, Video, Ads bottom, Video Carousel, Related searches, AI overview",informational,Organic
how to buy a second home with no money down,41,41,140,21,4.26,https://dealcheck.io/blog/alternative-financing-strategies-purchasing-second-home/,0,0,0.00,0.51,117,"22, 43, 29, 29, 35, 54, 29, 22, 14, 29, 29, 18",2026-08-27,"Sitelinks, Reviews, Video, People also ask, Related searches, Discussions and forums, AI overview",informational,Organic
real estate wholesaling calculator,3,3,170,8,3.57,https://dealcheck.io/features/real-estate-wholesaling-calculator/,0,0,0.00,0.39,118,"10, 43, 43, 35, 53, 100, 43, 35, 35, 43, 28, 35",2026-08-20,"Video, Video Carousel, People also ask, Related searches, AI overview",informational,AI overview
commercial real estate property value calculator,26,26,70,7,0.00,https://dealcheck.io/features/multi-family-commercial-property-calculator/,0,0,0.00,0.02,131,"36, 45, 81, 100, 81, 81, 63, 63, 27, 36, 36, 45",2026-07-29,"Sitelinks, Video, People also ask, Related searches",informational,Organic
dscr calculation real estate,48,48,40,19,0.00,https://dealcheck.io/blog/how-to-calculate-debt-service-coverage-ratio/,0,0,0.00,0.29,137,"28, 35, 35, 21, 50, 21, 28, 50, 14, 14, 35, 14",2026-08-13,"Sitelinks, Video, Video Carousel, People also ask, Related searches, Discussions and forums, AI overview",informational,Organic
terminal capitalisation rate,35,35,70,16,0.17,https://dealcheck.io/blog/understanding-cap-rates/,0,0,0.00,0.06,132,"41, 23, 41, 41, 41, 52, 41, 29, 41, 52, 41, 41",2026-08-03,"Sitelinks, Reviews, Video, People also ask, Related searches, AI overview",informational,Organic
what is capitalization rate real estate,25,25,210,36,0.11,https://dealcheck.io/blog/understanding-cap-rates/,0,0,0.00,0.36,12300000,"0, 0, 0, 0, 0, 0, 0, 0, 100, 0, 0, 0",2026-08-01,"Sitelinks, Reviews, Video, People also ask, Related searches, AI overview",informational,Organic
70 rule for flipping houses,43,43,50,25,0.17,https://dealcheck.io/blog/what-is-the-70-percent-rule/,0,0,0.00,0.27,125,"5, 6, 8, 6, 11, 11, 5, 6, 5, 5, 5, 15",2026-08-16,"Sitelinks, Reviews, Video, Image, Video Carousel, People also ask, Related searches, AI overview",informational,Organic
how to analyze a multifamily deal,16,16,40,3,4.35,https://help.dealcheck.io/en/articles/2068341-how-to-analyze-multi-family-and-commercial-properties,0,0,0.00,0.54,108,"28, 57, 71, 57, 57, 100, 57, 42, 57, 42, 28, 28",2026-08-07,"Sitelinks, Reviews, Video, Video Carousel, People also ask, Related searches, AI overview",informational,Organic
how to analyze a multifamily deal,20,20,40,3,4.35,https://help.dealcheck.io/en/articles/2068341-how-to-analyze-multi-family-and-commercial-properties,0,0,0.00,0.54,108,"28, 57, 71, 57, 57, 100, 57, 42, 57, 42, 28, 28",2026-08-07,"Sitelinks, Reviews, Video, Video Carousel, People also ask, Related searches, AI overview",informational,Organic
how to analyze a multifamily deal,63,63,40,3,4.35,https://dealcheck.io/features/multi-family-commercial-property-calculator/,0,0,0.00,0.54,108,"28, 57, 71, 57, 57, 100, 57, 42, 57, 42, 28, 28",2026-08-07,"Sitelinks, Reviews, Video, Video Carousel, People also ask, Related searches, AI overview",informational,Organic
what is the 70 rule in house flipping,54,54,110,23,0.03,https://dealcheck.io/blog/what-is-the-70-percent-rule/,0,0,0.00,0.18,141,"28, 53, 43, 34, 21, 15, 53, 28, 34, 34, 34, 15",2026-08-11,"Sitelinks, Reviews, Video, People also ask, Related searches, AI overview",informational,Organic
off plan database,96,96,320,22,0.00,https://dealcheck.io/,0,0,0.00,0,655000000,"0, 5, 100",2026-09-12,"Sitelinks, Reviews, Video, Related searches, AI overview",informational,Organic
creative finance peak buy review toolmilk,17,17,40,21,0.00,https://help.dealcheck.io/en/articles/6590118-analyzing-creative-financing-and-loan-strategies,0,0,0.00,0.33,4100,"0, 11, 82, 23, 11, 0, 11, 100, 0, 0, 0, 0",2026-09-06,"Reviews, Video, People also ask, AI overview",commercial,Organic
grm appraisal,40,40,50,10,0.00,https://dealcheck.io/blog/how-to-calculate-gross-rent-multiplier/,0,0,0.00,0.03,127,"18, 45, 45, 63, 45, 45, 100, 36, 27, 45, 27, 18",2026-08-05,"Sitelinks, Reviews, Video, Video Carousel, People also ask, Related searches, AI overview",informational,Organic
dealulator,21,21,110,29,7.54,https://dealcheck.io/,0,0,0.00,0.4,106,"29, 15, 12, 15, 19, 12, 12, 6, 12, 12, 9, 9",2026-09-17,"Sitelinks, Reviews, Video, Related searches",navigational,Organic
rate of return on equity calculator,55,55,70,30,0.00,https://dealcheck.io/blog/how-to-calculate-return-on-equity/,0,0,0.00,0.02,117,"10, 14, 18, 14, 14, 14, 10, 10, 10, 14, 14, 10",2026-08-29,"Sitelinks, Reviews, Video, People also ask, Related searches, AI overview",informational,Organic
multifamily investment calculator,6,6,30,17,2.18,https://dealcheck.io/features/multi-family-commercial-property-calculator/,0,0,0.00,0.47,132,"18, 18, 45, 27, 18, 45, 18, 27, 18, 27, 18, 18",2026-08-31,"Sitelinks, Reviews, Video, People also ask, Related searches",commercial,Organic
alternatives to buying a house,70,70,70,28,3.69,https://dealcheck.io/blog/alternative-financing-strategies-purchasing-second-home/,0,0,0.00,0.11,127,"26, 42, 26, 34, 15, 15, 15, 15, 15, 26, 19, 26",2026-08-09,"Sitelinks, Video, People also ask, Related searches, Short videos, AI overview",informational,Organic
rent comparables,17,17,170,10,3.73,https://dealcheck.io/blog/comparable-rental-listings-rent-estimates/,0,0,0.00,0.48,129,"2, 14, 29, 10, 54, 66, 66, 14, 8, 100, 29, 22",2026-08-19,"Video, Video Carousel, People also ask, Related searches",informational,Organic
rent comparables,36,36,170,10,3.73,https://help.dealcheck.io/en/articles/3106052-viewing-rental-comps-rent-estimates,0,0,0.00,0.48,129,"2, 14, 29, 10, 54, 66, 66, 14, 8, 100, 29, 22",2026-08-19,"Video, Video Carousel, People also ask, Related searches",informational,Organic
home flipping calculator,8,8,70,19,2.31,https://dealcheck.io/features/house-flipping-calculator/,0,0,0.00,0.14,115,"4, 5, 5, 5, 5, 7, 14, 7, 5, 7, 9, 9",2026-08-20,"Image pack, Reviews, Video, People also ask, Related searches, AI overview",informational,Image pack
home flipping calculator,8,8,70,19,2.31,https://dealcheck.io/features/house-flipping-calculator/,0,0,0.00,0.14,115,"4, 5, 5, 5, 5, 7, 14, 7, 5, 7, 9, 9",2026-08-20,"Image pack, Reviews, Video, People also ask, Related searches, AI overview",informational,Image pack
return on equity calculator,32,32,170,40,0.00,https://dealcheck.io/blog/how-to-calculate-return-on-equity/,0,0,0.00,0.02,117,"8, 13, 13, 13, 8, 4, 3, 8, 36, 5, 10, 5",2026-08-19,"Sitelinks, Reviews, Video, People also ask, Related searches",informational,Organic
cap rate definition real estate,36,36,140,37,0.09,https://dealcheck.io/blog/understanding-cap-rates/,0,0,0.00,0.31,132,"42, 80, 80, 33, 66, 80, 66, 66, 100, 80, 66, 80",2026-07-27,"Sitelinks, Video, Video Carousel, People also ask, Related searches, Short videos, Discussions and forums, AI overview",informational,Organic
cap rate definition real estate,37,37,140,37,0.09,https://dealcheck.io/blog/understanding-cap-rates/,0,0,0.00,0.31,132,"42, 80, 80, 33, 66, 80, 66, 66, 100, 80, 66, 80",2026-07-27,"Sitelinks, Video, Video Carousel, People also ask, Related searches, Short videos, Discussions and forums, AI overview",informational,Organic
amount lending,59,59,70,32,0.00,https://help.dealcheck.io/en/articles/8713257-amount-financed,0,0,0.00,0.33,129,"100, 22, 4, 4, 4, 4, 4, 4, 4, 4, 4, 4",2026-08-10,"Video, People also ask, Related searches",informational,Organic
extract contract data to csv,63,63,40,1,0.00,https://help.dealcheck.io/en/articles/5920921-how-to-export-property-data-to-csv-and-excel,0,0,0.00,0,130,"40, 80, 80, 100, 60, 100",2026-09-08,"Reviews, Video, Video Carousel, Related searches, AI overview",informational,Organic
property tools,28,28,30,67,5.45,https://dealcheck.io/,0,0,0.00,0.32,136,"36, 45, 63, 18, 18, 18, 18, 18, 18, 18, 18, 18",2026-08-30,"Video, People also ask, Related searches, AI overview",informational,Organic
debt service coverage ratio calculation,82,82,50,36,0.85,https://dealcheck.io/blog/how-to-calculate-debt-service-coverage-ratio/,0,0,0.00,0.24,136,"12, 21, 9, 12, 12, 15, 6, 15, 34, 21, 6, 34",2026-08-17,"Sitelinks, Reviews, Video, People also ask, Related searches, AI overview",informational,Organic
extract contract details to csv,52,52,40,3,0.00,https://help.dealcheck.io/en/articles/5920921-how-to-export-property-data-to-csv-and-excel,0,0,0.00,0,120,"28, 71, 57, 100, 71, 57",2026-09-06,"Reviews, Video, Related searches, AI overview",informational,Organic
app for flipping houses,1,1,30,7,6.53,https://dealcheck.io/,0,0,0.00,0.81,139,"50, 75, 100, 100, 75, 50, 50, 50, 50, 50, 50, 50",2026-08-02,"Sitelinks, Reviews, Video, People also ask, Related searches, AI overview",informational,AI overview
app for flipping houses,5,5,30,7,6.53,https://dealcheck.io/features/house-flipping-calculator/,0,0,0.00,0.81,139,"50, 75, 100, 100, 75, 50, 50, 50, 50, 50, 50, 50",2026-08-02,"Sitelinks, Reviews, Video, People also ask, Related searches, AI overview",informational,Organic
net operating income formula managerial accounting,65,65,50,36,0.00,https://help.dealcheck.io/en/articles/2029694-net-operating-income-noi,0,0,0.00,0.02,127,"9, 9, 9, 80, 52, 9, 33, 9, 9, 9, 9, 9",2026-08-09,"Sitelinks, Reviews, Video, People also ask, Related searches, AI overview",informational,Organic
calculate equity return,55,55,70,45,0.00,https://dealcheck.io/blog/how-to-calculate-return-on-equity/,0,0,0.00,0.02,123,"19, 26, 34, 26, 34, 26, 19, 0, 26, 15, 26, 19",2026-08-02,"Sitelinks, Video, People also ask, Related searches, AI overview",informational,Organic
what does ltc mean,38,38,170,21,0.00,https://dealcheck.io/blog/what-is-the-loan-to-cost-ratio/,0,0,0.00,0,127,"1, 0, 1, 1, 100, 1, 0, 1, 0, 0, 10, 6",2026-09-02,"Sitelinks, Video, Video Carousel, People also ask, Related searches, AI overview",informational,Organic
deal flip formula,51,51,90,6,5.15,https://dealcheck.io/features/house-flipping-calculator/,0,0,0.00,0.09,180,"17, 64, 82, 82, 100, 41, 41, 41, 41, 29, 29, 29",2026-08-04,"Video, People also ask, Related searches, AI overview",informational,Organic
loan to cost versus loan to value,49,49,50,28,0.54,https://dealcheck.io/blog/what-is-the-loan-to-cost-ratio/,0,0,0.00,0.09,125,"78, 50, 64, 0, 35, 35, 7, 35, 35, 7, 7, 50",2026-09-03,"Sitelinks, Reviews, Video, People also ask, Related searches, AI overview",commercial,Organic
loan to cost versus loan to value,50,50,50,28,0.54,https://dealcheck.io/blog/what-is-the-loan-to-cost-ratio/,0,0,0.00,0.09,125,"78, 50, 64, 0, 35, 35, 7, 35, 35, 7, 7, 50",2026-09-03,"Sitelinks, Reviews, Video, People also ask, Related searches, AI overview",commercial,Organic
break even occupancy multifamily,45,45,50,9,0.00,https://dealcheck.io/blog/how-to-calculate-break-even-ratio/,0,0,0.00,0,136,"11, 77, 77, 55, 77, 77, 100",2026-08-14,"Video, People also ask, Related searches, AI overview",informational,Organic
loan to cost real estate,57,57,90,27,2.59,https://dealcheck.io/blog/what-is-the-loan-to-cost-ratio/,0,0,0.00,0.13,128,"66, 52, 52, 52, 66, 33, 33, 33, 33, 33, 33, 33",2026-08-27,"Sitelinks, Reviews, Video, People also ask, Related searches",informational,Organic
amount financed definition,21,21,110,31,0.00,https://help.dealcheck.io/en/articles/8713257-amount-financed,0,0,0.00,0.33,105,"65, 53, 100, 21, 28, 28, 28, 21, 28, 21, 28, 21",2026-07-28,"Sitelinks, Reviews, Video, People also ask, Related searches, AI overview",informational,Organic
coc formula,1,1,110,12,3.07,https://dealcheck.io/blog/how-to-calculate-cash-on-cash-return/,0,0,0.00,0.04,120,"41, 100, 82, 82, 41, 41, 41, 52, 64, 100, 64, 41",2026-09-01,"Image pack, Video, People also ask, Related searches, AI overview",informational,AI overview
coc formula,30,30,110,12,3.07,https://dealcheck.io/blog/how-to-calculate-cash-on-cash-return/,0,0,0.00,0.04,120,"41, 100, 82, 82, 41, 41, 41, 52, 64, 100, 64, 41",2026-09-01,"Image pack, Video, People also ask, Related searches, AI overview",informational,Organic
coc formula,74,74,110,12,3.07,https://help.dealcheck.io/en/articles/2023864-cash-on-cash-return-coc,0,0,0.00,0.04,120,"41, 100, 82, 82, 41, 41, 41, 52, 64, 100, 64, 41",2026-09-01,"Image pack, Video, People also ask, Related searches, AI overview",informational,Organic
best way to buy 2nd home,91,91,40,17,5.12,https://dealcheck.io/blog/alternative-financing-strategies-purchasing-second-home/,0,0,0.00,0.53,198,"0, 33, 33, 14, 23, 33, 33, 9, 9, 9, 9, 4",2026-09-02,"Sitelinks, Reviews, Video, People also ask, Related searches, AI overview",commercial,Organic
return on investment formula real estate,65,65,110,29,1.01,https://dealcheck.io/blog/how-to-calculate-return-on-investment-rentals/,0,0,0.00,0.09,135,"42, 23, 52, 33, 52, 42, 52, 42, 52, 52, 52, 66",2026-08-29,"Sitelinks, Video, People also ask, Related searches, AI overview",informational,Organic
return on investment formula real estate,82,82,110,29,1.01,https://dealcheck.io/blog/how-to-calculate-return-on-investment-rentals/,0,0,0.00,0.09,135,"42, 23, 52, 33, 52, 42, 52, 42, 52, 52, 52, 66",2026-08-29,"Sitelinks, Video, People also ask, Related searches, AI overview",informational,Organic
app to invest in real estate,32,32,90,44,6.24,https://dealcheck.io/,0,0,0.00,0.6,142,"0, 0, 4, 4, 2, 4, 5, 2, 2, 4, 5, 2",2026-08-01,"Sitelinks, Reviews, Video, Video Carousel, People also ask, Related searches, Discussions and forums, AI overview",commercial,Organic
what does arv mean in sweepstakes,49,49,90,4,0.00,https://help.dealcheck.io/en/articles/3071993-viewing-sales-comps-arv-estimates,0,0,0.00,0.33,107,"10, 18, 10, 10, 100, 10, 10, 10, 8, 10, 10, 8",2026-09-05,"Video, People also ask, Discussions and forums, AI overview",informational,Organic
what does arv mean in sweepstakes,87,87,90,4,0.00,https://help.dealcheck.io/en/articles/3591359-calculated-arv-estimate,0,0,0.00,0.33,107,"10, 18, 10, 10, 100, 10, 10, 10, 8, 10, 10, 8",2026-09-05,"Video, People also ask, Discussions and forums, AI overview",informational,Organic
what is loan to cost,56,56,70,15,1.63,https://dealcheck.io/blog/what-is-the-loan-to-cost-ratio/,0,0,0.00,0.07,125,"21, 28, 21, 15, 21, 21, 28, 21, 21, 21, 21, 28",2026-09-02,"Sitelinks, Reviews, Video, People also ask, Related searches, AI overview",informational,Organic
equity multiple calculation,24,24,90,20,0.00,https://dealcheck.io/blog/what-is-the-equity-multiple/,0,0,0.00,0.02,126,"42, 42, 42, 52, 33, 33, 33, 33, 33, 33, 52, 33",2026-08-27,"Sitelinks, Video, People also ask, Related searches, AI overview",informational,Organic
how to work out return on equity,39,39,210,33,0.35,https://dealcheck.io/blog/how-to-calculate-return-on-equity/,0,0,0.00,0.01,126,"29, 2, 10, 0, 0, 0, 0, 2, 0, 0, 0, 0",2026-08-12,"Sitelinks, Video, People also ask, Related searches, AI overview",informational,Organic
how to work out return on equity,47,47,210,33,0.35,https://dealcheck.io/blog/how-to-calculate-return-on-equity/,0,0,0.00,0.01,126,"29, 2, 10, 0, 0, 0, 0, 2, 0, 0, 0, 0",2026-08-12,"Sitelinks, Video, People also ask, Related searches, AI overview",informational,Organic
real estate wealth tool,24,24,1000,10,0.00,https://dealcheck.io/,0,0,0.00,0,139,"55, 0, 82, 100, 0, 0, 0",2026-09-04,"Reviews, Video, Video Carousel, People also ask, Related searches, AI overview",informational,Organic
what is a good irr for real estate,70,70,70,16,0.00,https://dealcheck.io/blog/how-to-calculate-internal-rate-of-return/,0,0,0.00,0.03,129,"33, 80, 80, 33, 23, 23, 23, 23, 23, 33, 19, 23",2026-08-10,"Sitelinks, Video, People also ask, Related searches, Discussions and forums, AI overview",informational,Organic
what is a good irr for real estate,86,86,70,16,0.00,https://dealcheck.io/blog/how-to-calculate-internal-rate-of-return/,0,0,0.00,0.03,129,"33, 80, 80, 33, 23, 23, 23, 23, 23, 33, 19, 23",2026-08-10,"Sitelinks, Video, People also ask, Related searches, Discussions and forums, AI overview",informational,Organic
value ratio,71,71,110,56,0.00,https://dealcheck.io/blog/what-is-the-loan-to-value-ratio/,0,0,0.00,0.02,126,"64, 64, 64, 78, 78, 78, 78, 100, 64, 64, 78, 50",2026-09-16,"Image pack, Video, People also ask, Related searches, AI overview",informational,Organic
irr real estate,57,57,390,18,0.36,https://dealcheck.io/blog/how-to-calculate-internal-rate-of-return/,0,0,0.00,0.08,131,"36, 30, 45, 36, 24, 24, 36, 24, 30, 36, 24, 30",2026-09-09,"Sitelinks, Video, Video Carousel, People also ask, Related searches, Things to know, Discussions and forums, AI overview",informational,Organic
50 percent rule real estate,56,56,50,15,0.00,https://help.dealcheck.io/en/articles/2023045-50-rule-rental-properties,0,0,0.00,0.02,130,"41, 41, 100, 41, 23, 29, 41, 23, 23, 17, 17, 11",2026-09-18,"Sitelinks, Video, People also ask, Related searches, AI overview",informational,Organic
50 percent rule real estate,63,63,50,15,0.00,https://help.dealcheck.io/en/articles/2023045-50-rule-rental-properties,0,0,0.00,0.02,130,"41, 41, 100, 41, 23, 29, 41, 23, 23, 17, 17, 11",2026-09-18,"Sitelinks, Video, People also ask, Related searches, AI overview",informational,Organic
townhouse renovation,39,39,210,10,5.43,https://dealcheck.io/blog/upgrading-townhomes-maximum-roi-renovation-tips-investors/,0,0,0.00,0.17,109,"43, 100, 100, 81, 43, 34, 43, 65, 53, 65, 53, 65",2026-08-03,"Image pack, Sitelinks, Reviews, Video, Image, Video Carousel, People also ask, Related searches, Discussions and forums, AI overview",informational,Organic
trust vs llc for property,16,16,50,5,1.45,https://dealcheck.io/blog/trust-vs-llc-best-way-to-hold-rental-properties/,0,0,0.00,0.38,123,"18, 45, 36, 45, 18, 27, 100, 100, 18, 18, 18, 18",2026-09-13,"Sitelinks, Reviews, Video, People also ask, Related searches, AI overview",commercial,Organic
townhouse remodeling,30,30,40,13,6.08,https://dealcheck.io/blog/upgrading-townhomes-maximum-roi-renovation-tips-investors/,0,0,0.00,0.19,126,"63, 45, 36, 9, 9, 18, 9, 63, 9, 45, 100, 27",2026-09-13,"Local pack, Reviews, Video, Video Carousel, People also ask, Related searches",informational,Organic
listing check,41,41,40,18,5.45,https://help.dealcheck.io/en/articles/11471921-how-to-search-properties-listed-for-sale,0,0,0.00,0.04,129,"0, 0, 0, 0, 100, 0, 0, 0, 0, 0, 2, 2",2026-08-06,"Reviews, Video, Ads bottom, Video Carousel, Related searches, AI overview",informational,Organic
listing check,76,76,40,18,5.45,https://dealcheck.io/,0,0,0.00,0.04,129,"0, 0, 0, 0, 100, 0, 0, 0, 0, 0, 2, 2",2026-08-06,"Reviews, Video, Ads bottom, Video Carousel, Related searches, AI overview",informational,Organic
calculate capitalization rate rental property,26,26,70,30,0.71,https://dealcheck.io/blog/understanding-cap-rates/,0,0,0.00,0.26,189,"33, 33, 100, 33, 33, 19, 23, 14, 23, 33, 42, 33",2026-07-29,"Sitelinks, Reviews, Video, Video Carousel, Related searches, AI overview",informational,Organic
deal finder real estate,1,1,50,27,4.14,https://dealcheck.io/,0,0,0.00,0.71,108,"26, 19, 19, 19, 26, 19, 7, 11, 15, 19, 26, 26",2026-08-30,"Sitelinks, Reviews, Video, Video Carousel, People also ask, Related searches, AI overview",informational,AI overview
deal finder real estate,1,1,50,27,4.14,https://dealcheck.io/,0,0,0.00,0.71,108,"26, 19, 19, 19, 26, 19, 7, 11, 15, 19, 26, 26",2026-08-30,"Sitelinks, Reviews, Video, Video Carousel, People also ask, Related searches, AI overview",informational,AI overview
llc vs trust for property,36,36,50,9,0.56,https://dealcheck.io/blog/trust-vs-llc-best-way-to-hold-rental-properties/,0,0,0.00,0.19,143,"1, 2, 1, 0, 0, 0, 0, 0, 0, 0, 0, 0",2026-08-09,"Sitelinks, Reviews, Video, People also ask, Related searches, AI overview","commercial, informational",Organic
creative ways to finance a second home,6,6,40,19,4.36,https://dealcheck.io/blog/alternative-financing-strategies-purchasing-second-home/,0,0,0.00,0.43,183,"50, 28, 64, 100, 28, 14, 14, 14, 14, 21, 14, 14",2026-07-30,"Sitelinks, Video, People also ask, Related searches, Discussions and forums, AI overview",informational,Organic
how to calculate the roe,83,83,210,47,0.35,https://dealcheck.io/blog/how-to-calculate-return-on-equity/,0,0,0.00,0.01,148,"16, 13, 11, 8, 5, 3, 3, 20, 4, 1, 4, 1",2026-08-03,"Sitelinks, Reviews, Video, People also ask, Related searches, AI overview",informational,Organic
tools for real estate investors,1,1,70,23,7.22,https://dealcheck.io/,0,0,0.00,0.46,128,"100, 100, 23, 19, 19, 14, 14, 23, 52, 42, 33, 14",2026-09-12,"Sitelinks, Video, Video Carousel, People also ask, Related searches, AI overview",informational,AI overview
irr vs annualized return,61,61,40,37,0.00,https://help.dealcheck.io/en/articles/2023889-internal-rate-of-return-irr,0,0,0.00,0.02,130,"7, 11, 19, 19, 26, 19, 7, 19, 15, 7, 11, 11",2026-08-20,"Sitelinks, Video, People also ask, Related searches, AI overview","commercial, informational",Organic
rental property evaluation,38,38,40,63,4.29,https://dealcheck.io/features/rental-property-calculator/,0,0,0.00,0.43,135,"50, 35, 35, 28, 35, 28, 21, 14, 14, 78, 14, 14",2026-09-02,"Video, People also ask, Related searches, AI overview",informational,Organic
how to purchase a second home with no money down,39,39,90,18,4.26,https://dealcheck.io/blog/alternative-financing-strategies-purchasing-second-home/,0,0,0.00,0.51,310000,"52, 42, 42, 42, 66, 100, 33, 33, 33, 33, 33, 23",2026-09-06,"Sitelinks, Video, People also ask, AI overview",informational,Organic
free flip calculator,1,1,40,9,1.77,https://dealcheck.io/features/house-flipping-calculator/,0,0,0.00,0.36,110,"21, 21, 14, 14, 28, 50, 100, 50, 28, 14, 28, 21",2026-09-02,"Reviews, Video, Video Carousel, People also ask, Related searches, AI overview","commercial, informational",AI overview
real estate tools,19,19,260,34,5.75,https://dealcheck.io/,0,0,0.00,0.11,128,"66, 81, 66, 35, 22, 22, 22, 54, 29, 100, 43, 54",2026-08-03,"Sitelinks, Reviews, Video, Video Carousel, People also ask, Related searches, Discussions and forums, AI overview",informational,Organic
real estate tools,37,37,260,34,5.75,https://dealcheck.io/,0,0,0.00,0.11,128,"66, 81, 66, 35, 22, 22, 22, 54, 29, 100, 43, 54",2026-08-03,"Sitelinks, Reviews, Video, Video Carousel, People also ask, Related searches, Discussions and forums, AI overview",informational,Organic
what is the 1 rule,27,27,170,10,1.02,https://dealcheck.io/blog/how-to-use-1-percent-rule-2-percent-rule/,0,0,0.00,0.05,195,"28, 81, 100, 53, 43, 43, 43, 43, 34, 43, 43, 53",2026-08-13,"Sitelinks, Reviews, Video, Video Carousel, People also ask, Related searches, Discussions and forums, AI overview",informational,Organic
sites like rentometer,31,31,50,14,5.57,https://dealcheck.io/blog/comparable-rental-listings-rent-estimates/,0,0,0.00,0.33,88,"36, 100, 100, 45, 18, 18, 27, 63, 36, 18, 63, 18",2026-08-26,"Video, Related searches, AI overview",commercial,Organic
deal beast,35,35,480,4,1.21,https://dealcheck.io/,0,0,0.00,0.16,166,"0, 1, 0, 66, 66, 20, 0, 0, 5, 0, 0, 0",2026-09-08,"Reviews, Video, Related searches",informational,Organic
real estate comp generator,21,21,40,14,8.41,https://dealcheck.io/,0,0,0.00,0.35,115,"12, 15, 9, 15, 15, 9, 12, 9, 9, 12, 9, 6",2026-09-13,"Sitelinks, Reviews, Video, People also ask, Related searches, AI overview",informational,Organic
debt coverage ratio definition,77,77,110,47,0.54,https://help.dealcheck.io/en/articles/2023900-debt-coverage-ratio-dcr-dscr,0,0,0.00,0.18,131,"66, 66, 33, 100, 66, 33, 33, 100, 80, 100, 33, 23",2026-09-09,"Sitelinks, Reviews, Video, Video Carousel, People also ask, Related searches, AI overview",informational,Organic
what is debt yield,69,69,260,23,0.00,https://dealcheck.io/blog/how-to-calculate-debt-yield/,0,0,0.00,0.02,116,"82, 82, 53, 100, 100, 53, 66, 53, 66, 66, 66, 66",2026-09-09,"Video, Video Carousel, People also ask, Related searches, AI overview",informational,Organic
investment property analyzer tool,41,41,40,35,0.00,https://dealcheck.io/features/rental-property-calculator/,0,0,0.00,0,136,"28, 57, 71, 28, 100, 100, 71, 28, 28, 28, 28, 42",2026-09-09,"Sitelinks, Reviews, Video, People also ask, Related searches, AI overview",informational,Organic
flipping houses formula,38,38,50,11,1.55,https://dealcheck.io/blog/how-to-calculate-return-on-investment-flips/,0,0,0.00,0.11,128,"11, 44, 44, 55, 55, 100, 55, 44, 55, 55, 77, 44",2026-09-06,"Reviews, Video, Video Carousel, People also ask, Related searches, Discussions and forums, AI overview",informational,Organic
flipping houses formula,73,73,50,11,1.55,https://dealcheck.io/features/house-flipping-calculator/,0,0,0.00,0.11,128,"11, 44, 44, 55, 55, 100, 55, 44, 55, 55, 77, 44",2026-09-06,"Reviews, Video, Video Carousel, People also ask, Related searches, Discussions and forums, AI overview",informational,Organic
free real estate wholesaling software,11,11,40,6,0.00,https://dealcheck.io/features/real-estate-wholesaling-calculator/,0,0,0.00,0.33,111,"40, 80, 80, 100, 100, 100, 80, 80, 60, 100, 100, 60",2026-09-05,"Sitelinks, Reviews, Video, Video Carousel, People also ask, Related searches, AI overview",informational,Organic
formula for dscr ratio,79,79,70,35,0.98,https://dealcheck.io/blog/how-to-calculate-debt-service-coverage-ratio/,0,0,0.00,0.11,133,"0, 0, 0, 0, 0, 0, 0, 100, 1, 0, 0, 0",2026-07-30,"Sitelinks, Video, People also ask, Related searches, AI overview",informational,Organic
how to afford second home,71,71,40,18,3.00,https://dealcheck.io/blog/alternative-financing-strategies-purchasing-second-home/,0,0,0.00,0.5,162,"77, 44, 33, 33, 44, 44, 44, 33, 33, 22, 44, 22",2026-07-29,"Sitelinks, Video, Video Carousel, People also ask, Related searches, Discussions and forums, AI overview",informational,Organic
best rental property calculator,15,15,140,42,2.60,https://dealcheck.io/features/rental-property-calculator/,0,0,0.00,0.65,130,"42, 42, 26, 26, 100, 100, 65, 65, 53, 65, 34, 42",2026-09-11,"Sitelinks, Reviews, Video, People also ask, Related searches, AI overview",commercial,Organic
what is total equity,71,71,170,28,0.00,https://help.dealcheck.io/en/articles/2029655-total-equity,0,0,0.00,0.01,132,"23, 23, 54, 44, 28, 18, 35, 44, 23, 28, 23, 15",2026-09-18,"Sitelinks, Reviews, Video, Video Carousel, People also ask, Related searches, AI overview",informational,Organic
deal sauce login,23,23,590,16,6.53,https://dealcheck.io/,0,0,0.00,0.1,105,"59, 48, 48, 72, 72, 48, 48, 100, 59, 39, 26, 32",2026-08-03,"Sitelinks, Reviews, Video, People also ask, Related searches","navigational, transactional",Organic
how to calculate retail property roi,79,79,70,7,0.00,https://dealcheck.io/blog/how-to-calculate-return-on-investment-rentals/,0,0,0.00,0,136,"11, 77, 77, 77, 77, 77, 77, 100, 77, 77, 77, 77",2026-09-05,"Sitelinks, Reviews, Video, People also ask, Related searches, AI overview",informational,Organic
debt yield calculation,56,56,1300,20,1.19,https://dealcheck.io/blog/how-to-calculate-debt-yield/,0,0,0.00,0.03,113,"68, 68, 68, 68, 84, 68, 68, 84, 68, 52, 84, 84",2026-08-10,"Sitelinks, Video, Video Carousel, People also ask, Related searches, AI overview",informational,Organic
leading ai data analysis platforms for property investment,48,48,50,11,0.00,https://dealcheck.io/,0,0,0.00,0,128,"50, 100, 50, 0, 0, 7, 0, 14, 50, 64",2026-08-24,"Reviews, Video, People also ask, Related searches, AI overview",informational,Organic
value check,30,30,1000,30,2.73,https://dealcheck.io/,0,0,0.00,0.34,120,"41, 66, 41, 24, 36, 41, 41, 41, 41, 54, 66, 36",2026-08-09,"Knowledge panel, Sitelinks, Reviews, Video, Related searches, AI overview",informational,Organic
equity multiple,37,37,1600,33,7.24,https://dealcheck.io/blog/what-is-the-equity-multiple/,0,0,0.00,0.2,104,"16, 19, 19, 13, 16, 13, 13, 16, 19, 16, 16, 16",2026-09-02,"Knowledge panel, Image pack, Sitelinks, Reviews, Video, People also ask, Related searches, AI overview",navigational,Organic
dealsauce io cost,12,12,50,14,4.89,https://dealcheck.io/pricing/,0,0,0.00,0.22,105,"0, 0, 0, 0, 14, 14, 100, 78, 78, 14, 14, 100",2026-09-04,"Reviews, Video, People also ask, Related searches, AI overview","informational, transactional",Organic
dealsauce io cost,35,35,50,14,4.89,https://dealcheck.io/,0,0,0.00,0.22,105,"0, 0, 0, 0, 14, 14, 100, 78, 78, 14, 14, 100",2026-09-04,"Reviews, Video, People also ask, Related searches, AI overview","informational, transactional",Organic
findqo,30,30,40,33,0.00,https://dealcheck.io/,0,0,0.00,0.33,0,"14, 28, 14, 50, 100, 14, 14, 14, 14, 14, 14, 14",2026-08-17,"Knowledge panel, Image pack, Sitelinks, Video, People also ask, Related searches",navigational,Organic
flipping house calculator,14,14,90,6,2.31,https://dealcheck.io/features/house-flipping-calculator/,0,0,0.00,0.14,104,"12, 15, 15, 15, 21, 28, 43, 28, 15, 15, 100, 28",2026-08-31,"Reviews, Video, People also ask, Related searches, AI overview",informational,Organic
value appreciation,74,74,320,43,0.00,https://help.dealcheck.io/en/articles/8713281-appreciation,0,0,0.00,0.33,126,"2, 2, 1, 2, 1, 2, 0, 0, 3, 0, 100, 0",2026-09-12,"Sitelinks, Video, People also ask, Related searches, Things to know, AI overview",informational,Organic
how to calculate gross rent multiplier,61,61,210,33,0.17,https://dealcheck.io/blog/how-to-calculate-gross-rent-multiplier/,0,0,0.00,0.15,124,"43, 65, 65, 34, 34, 43, 100, 65, 65, 100, 65, 53",2026-09-03,"Sitelinks, Reviews, Video, Video Carousel, People also ask, Related searches, AI overview",informational,Organic
real estate finance beir break-even interest rate definition,77,77,40,9,0.00,https://dealcheck.io/blog/how-to-calculate-break-even-ratio/,0,0,0.00,0,8660000,"100, 44, 0",2026-09-17,"Reviews, Video, People also ask, AI overview",informational,Organic
calculate debt service coverage ratio,75,75,140,36,0.85,https://dealcheck.io/blog/how-to-calculate-debt-service-coverage-ratio/,0,0,0.00,0.24,131,"23, 23, 23, 19, 19, 19, 19, 12, 19, 19, 15, 15",2026-08-14,"Sitelinks, Video, Ads bottom, People also ask, Related searches, AI overview",informational,Organic
dscr vs fccr,79,79,50,11,0.00,https://help.dealcheck.io/en/articles/2023900-debt-coverage-ratio-dcr-dscr,0,0,0.00,0.33,123,"22, 22, 55, 77, 100, 55, 77, 77, 55, 44, 55, 44",2026-08-26,"Image pack, Video, People also ask, Related searches, AI overview","commercial, informational",Organic
ratio ltv,79,79,2400,73,4.11,https://dealcheck.io/blog/what-is-the-loan-to-value-ratio/,0,0,0.00,0.14,130,"1, 13, 43, 36, 43, 36, 36, 54, 54, 54, 28, 36",2026-09-15,"Sitelinks, Reviews, Video, People also ask, Related searches, Discussions and forums, AI overview",informational,Organic
what is grm in real estate,62,62,720,35,0.06,https://dealcheck.io/blog/how-to-calculate-gross-rent-multiplier/,0,0,0.00,0.07,132,"5, 8, 8, 8, 7, 7, 10, 8, 7, 13, 8, 100",2026-08-29,"Sitelinks, Video, Video Carousel, People also ask, Related searches, AI overview",informational,Organic
1 percent rule in real estate,25,25,70,37,0.00,https://dealcheck.io/blog/how-to-use-1-percent-rule-2-percent-rule/,0,0,0.00,0.33,134,"42, 65, 42, 7, 42, 42, 53, 7, 7, 7, 7, 7",2026-08-02,"Sitelinks, Video, Video Carousel, People also ask, Related searches, Discussions and forums, AI overview",informational,Organic
best app to monitor property equity and loans,24,24,70,12,0.00,https://dealcheck.io/,0,0,0.00,0,149,"44, 100",2026-09-20,"Reviews, Video, People also ask, Related searches, Discussions and forums, AI overview",commercial,Organic
grm real estate,59,59,590,33,0.93,https://dealcheck.io/blog/how-to-calculate-gross-rent-multiplier/,0,0,0.00,0.03,122,"45, 45, 45, 36, 36, 30, 30, 24, 36, 45, 36, 36",2026-09-17,"Sitelinks, Video, Video Carousel, People also ask, Related searches, AI overview",informational,Organic
how to calculate debt service coverage,55,55,260,28,0.80,https://dealcheck.io/blog/how-to-calculate-debt-service-coverage-ratio/,0,0,0.00,0.24,137,"20, 6, 13, 100, 13, 6, 4, 6, 4, 8, 6, 5",2026-08-27,"Sitelinks, Reviews, Video, People also ask, Related searches, AI overview",informational,Organic
matching property,64,64,90,3,0.00,https://help.dealcheck.io/en/articles/2490178-comparing-properties-side-by-side,0,0,0.00,0.04,120,"22, 18, 18, 22, 22, 14, 0, 29, 29, 29, 0, 14",2026-08-19,"Sitelinks, Reviews, Video, People also ask, AI overview",commercial,Organic
equity check,66,66,110,36,4.68,https://dealcheck.io/,0,0,0.00,0.23,130,"18, 18, 23, 18, 18, 18, 15, 18, 18, 23, 18, 11",2026-08-09,"Video, People also ask, Related searches, AI overview",informational,Organic
capitalization rate explained,33,33,210,44,0.14,https://dealcheck.io/blog/understanding-cap-rates/,0,0,0.00,0.43,131,"53, 65, 81, 81, 53, 53, 53, 81, 53, 100, 100, 81",2026-08-09,"Sitelinks, Reviews, Video, Video Carousel, People also ask, Related searches, Short videos, AI overview",informational,Organic
alternatives to buying a vacation home,22,22,40,1,0.00,https://dealcheck.io/blog/alternative-financing-strategies-purchasing-second-home/,0,0,0.00,0.08,185,"64, 50, 21, 50, 21, 28, 14, 14, 21, 21, 14, 14",2026-08-01,"Sitelinks, Video, People also ask, Related searches, Discussions and forums, AI overview",informational,Organic
cash on cash formula,75,75,880,43,0.37,https://dealcheck.io/blog/how-to-calculate-cash-on-cash-return/,0,0,0.00,0.13,130,"55, 67, 100, 76, 76, 76, 55, 76, 67, 67, 76, 55",2026-09-06,"Image pack, Sitelinks, Reviews, Video, People also ask, Related searches, AI overview",informational,Organic
debt yield formula,51,51,1300,20,0.00,https://dealcheck.io/blog/how-to-calculate-debt-yield/,0,0,0.00,0,117,"68, 68, 84, 68, 68, 68, 46, 52, 68, 84, 84, 0",2026-09-13,"Image pack, Sitelinks, Video, People also ask, Related searches, AI overview",informational,Organic
loan cost ratio,53,53,40,14,0.00,https://dealcheck.io/blog/what-is-the-loan-to-cost-ratio/,0,0,0.00,0.01,125,"35, 35, 64, 50, 64, 50, 0, 0, 0, 0, 0, 35",2026-08-21,"Sitelinks, Reviews, Video, People also ask, Related searches, AI overview",informational,Organic
deal surge login,16,16,70,10,0.00,https://dealcheck.io/,0,0,0.00,0.02,100,"0, 0, 0, 7, 7, 14, 100, 78, 78, 78, 78, 100",2026-09-08,"Sitelinks, Video, Related searches","navigational, transactional",Organic
real estate deal calculator,45,45,90,22,2.90,https://dealcheck.io/features/multi-family-commercial-property-calculator/,0,0,0.00,0.66,135,"52, 66, 23, 23, 33, 33, 23, 14, 52, 100, 33, 33",2026-08-11,"Sitelinks, Reviews, Video, Related searches",commercial,Organic
real estate deal calculator,69,69,90,22,2.90,https://dealcheck.io/features/rental-property-calculator/,0,0,0.00,0.66,135,"52, 66, 23, 23, 33, 33, 23, 14, 52, 100, 33, 33",2026-08-11,"Sitelinks, Reviews, Video, Related searches",commercial,Organic
alternative financing options for real estate,27,27,50,13,0.00,https://dealcheck.io/blog/alternative-financing-strategies-purchasing-second-home/,0,0,0.00,0,139,"0, 100, 45",2026-08-15,"Sitelinks, Reviews, Video, People also ask, Related searches, Discussions and forums, AI overview",informational,Organic
50 rule real estate,1,1,110,11,2.80,https://dealcheck.io/blog/what-is-the-50-percent-rule/,0,0,0.00,0.06,127,"35, 28, 43, 43, 43, 28, 28, 23, 28, 23, 28, 23",2026-09-15,"Sitelinks, Video, People also ask, Related searches, Discussions and forums, AI overview",informational,AI overview
50 rule real estate,67,67,110,11,2.80,https://help.dealcheck.io/en/articles/2023045-50-rule-rental-properties,0,0,0.00,0.06,127,"35, 28, 43, 43, 43, 28, 28, 23, 28, 23, 28, 23",2026-09-15,"Sitelinks, Video, People also ask, Related searches, Discussions and forums, AI overview",informational,Organic
wholesale deal calculator,45,45,40,12,3.77,https://dealcheck.io/,0,0,0.00,0.66,102,"42, 42, 71, 71, 71, 28, 28, 28, 28, 42, 57, 57",2026-07-28,"Reviews, Video, Video Carousel, Related searches, AI overview",informational,Organic
real estate analyzer,1,1,70,15,4.68,https://dealcheck.io/,0,0,0.00,0.24,130,"3, 5, 8, 2, 13, 1, 3, 10, 3, 3, 6, 8",2026-08-28,"Sitelinks, Reviews, Video, Video Carousel, People also ask, Related searches, AI overview",informational,AI overview
real estate analyzer,43,43,70,15,4.68,https://dealcheck.io/features/rental-property-calculator/,0,0,0.00,0.24,130,"3, 5, 8, 2, 13, 1, 3, 10, 3, 3, 6, 8",2026-08-28,"Sitelinks, Reviews, Video, Video Carousel, People also ask, Related searches, AI overview",informational,Organic
flipper calculator,14,14,90,10,3.84,https://dealcheck.io/features/house-flipping-calculator/,0,0,0.00,0.07,144,"23, 29, 82, 100, 41, 52, 52, 41, 52, 41, 41, 64",2026-09-14,"Sitelinks, Reviews, Video, People also ask, Related searches, AI overview",informational,Organic
gross rent multiplier formula,62,62,720,38,0.10,https://dealcheck.io/blog/how-to-calculate-gross-rent-multiplier/,0,0,0.00,0.14,124,"45, 45, 62, 36, 30, 30, 30, 81, 45, 36, 45, 62",2026-07-27,"Image pack, Sitelinks, Reviews, Video, Video Carousel, People also ask, Related searches, AI overview",informational,Organic
ltc loan,49,49,110,19,0.00,https://dealcheck.io/blog/what-is-the-loan-to-cost-ratio/,0,0,0.00,0,130,"29, 52, 52, 52, 100, 100, 82, 82, 64, 52, 29, 23",2026-08-02,"Sitelinks, Reviews, Video, Video Carousel, People also ask, Related searches, AI overview",informational,Organic
real estate deal management software,30,30,390,42,23.29,https://dealcheck.io/,0,0,0.00,0.23,127,"66, 28, 81, 81, 81, 100, 100, 54, 54, 54, 54, 54",2026-07-30,"Sitelinks, Reviews, Video, Related searches, Discussions and forums, AI overview",informational,Organic
real estate wholesale calculator,2,2,90,16,3.06,https://dealcheck.io/features/real-estate-wholesaling-calculator/,0,0,0.00,0.51,117,"34, 34, 34, 34, 28, 34, 21, 21, 28, 21, 21, 12",2026-09-12,"Sitelinks, Video, Video Carousel, People also ask, Related searches, AI overview",informational,AI overview
real estate analysis tools,59,59,110,11,9.55,https://dealcheck.io/features/rental-property-calculator/,0,0,0.00,0.13,128,"64, 100, 100, 29, 29, 17, 64, 52, 52, 82, 41, 82",2026-08-28,"Reviews, Video, People also ask, Related searches, AI overview",informational,Organic
flip calculator,19,19,480,7,2.61,https://dealcheck.io/features/house-flipping-calculator/,0,0,0.00,0.21,105000000,"81, 67, 54, 54, 54, 44, 54, 54, 44, 44, 54, 36",2026-08-29,"Image pack, Reviews, Video, People also ask, Related searches, AI overview",informational,Organic
check property,10,10,140,52,1.37,https://dealcheck.io/,0,0,0.00,0.14,121,"12, 12, 15, 12, 15, 12, 15, 23, 23, 23, 19, 12",2026-08-07,"Knowledge panel, Sitelinks, Video, Related searches",navigational,Organic
real estate comp software,1,1,30,20,9.49,https://dealcheck.io/,0,0,0.00,0.77,115,"45, 36, 18, 18, 18, 18, 18, 27, 27, 36, 18, 9",2026-09-13,"Sitelinks, Reviews, Video, Video Carousel, People also ask, Related searches, AI overview",informational,AI overview
real estate comp software,1,1,30,20,9.49,https://dealcheck.io/,0,0,0.00,0.77,115,"45, 36, 18, 18, 18, 18, 18, 27, 27, 36, 18, 9",2026-09-13,"Sitelinks, Reviews, Video, Video Carousel, People also ask, Related searches, AI overview",informational,AI overview
real estate comp software,5,5,30,20,9.49,https://dealcheck.io/,0,0,0.00,0.77,115,"45, 36, 18, 18, 18, 18, 18, 27, 27, 36, 18, 9",2026-09-13,"Sitelinks, Reviews, Video, Video Carousel, People also ask, Related searches, AI overview",informational,Organic
ai property analysis,48,48,40,4,5.28,https://dealcheck.io/,0,0,0.00,0.24,126,"9, 9, 9, 9, 9, 100, 9, 9, 9, 9, 9, 42",2026-09-03,"Video, Related searches, AI overview","commercial, informational",Organic
property comparison,15,15,40,36,2.72,https://help.dealcheck.io/en/articles/2490178-comparing-properties-side-by-side,0,0,0.00,0.4,131,"18, 63, 63, 81, 36, 18, 18, 36, 27, 27, 36, 18",2026-08-27,"Image pack, Video, People also ask, Related searches, AI overview",commercial,Organic
how do you calculate debt service coverage,83,83,260,43,0.80,https://dealcheck.io/blog/how-to-calculate-debt-service-coverage-ratio/,0,0,0.00,0.24,135,"20, 5, 16, 100, 10, 8, 5, 6, 3, 45, 6, 5",2026-08-22,"Sitelinks, Reviews, Video, Video Carousel, People also ask, Related searches, AI overview",informational,Organic
explore real estate investment software,1,1,40,14,0.00,https://dealcheck.io/,0,0,0.00,0,96,"0, 45, 100, 63, 27, 45, 45, 36, 18, 18, 36, 45",2026-08-16,"Sitelinks, Reviews, Video, Ads bottom, People also ask, Related searches, AI overview",informational,AI overview
calculate return on common equity,78,78,90,34,0.00,https://dealcheck.io/blog/how-to-calculate-return-on-equity/,0,0,0.00,0.01,127,"15, 15, 21, 34, 34, 28, 28, 28, 34, 28, 28, 21",2026-08-19,"Reviews, Video, People also ask, Related searches, AI overview",informational,Organic
comparable rent,29,29,70,22,2.00,https://help.dealcheck.io/en/articles/3106052-viewing-rental-comps-rent-estimates,0,0,0.00,0.37,133,"21, 0, 43, 21, 15, 28, 21, 21, 15, 21, 28, 21",2026-08-07,"Video, Video Carousel, People also ask, Related searches, AI overview",informational,Organic
data analysis for real estate,75,75,50,15,0.00,https://dealcheck.io/,0,0,0.00,0.33,144,"63, 100, 45, 45, 18, 27, 36, 36, 36, 27, 18, 45",2026-07-28,"Sitelinks, Reviews, Video, Video Carousel, People also ask, Related searches, AI overview",informational,Organic
data analysis for real estate,85,85,50,15,0.00,https://dealcheck.io/,0,0,0.00,0.33,144,"63, 100, 45, 45, 18, 27, 36, 36, 36, 27, 18, 45",2026-07-28,"Sitelinks, Reviews, Video, Video Carousel, People also ask, Related searches, AI overview",informational,Organic
how to cancel flakes subscription,72,72,90,25,0.00,https://help.dealcheck.io/en/articles/2023916-managing-or-cancelling-your-subscription,0,0,0.00,0.33,171,"9, 9, 9, 9, 52, 100, 52, 9, 80, 52, 52, 9",2026-07-29,"Reviews, Video, People also ask, Related searches, AI overview",informational,Organic
how to calculate debt service ratio,59,59,90,30,0.80,https://dealcheck.io/blog/how-to-calculate-debt-service-coverage-ratio/,0,0,0.00,0.24,136,"21, 53, 21, 43, 28, 6, 9, 6, 28, 53, 34, 12",2026-08-21,"Sitelinks, Reviews, Video, People also ask, Related searches, AI overview",informational,Organic
how to calculate debt service ratio,60,60,90,30,0.80,https://dealcheck.io/blog/how-to-calculate-debt-service-coverage-ratio/,0,0,0.00,0.24,136,"21, 53, 21, 43, 28, 6, 9, 6, 28, 53, 34, 12",2026-08-21,"Sitelinks, Reviews, Video, People also ask, Related searches, AI overview",informational,Organic
internal rate of return real estate,61,61,210,23,0.26,https://dealcheck.io/blog/how-to-calculate-internal-rate-of-return/,0,0,0.00,0.06,132,"23, 36, 36, 19, 54, 12, 23, 36, 19, 12, 15, 15",2026-08-23,"Sitelinks, Video, People also ask, Related searches, Discussions and forums, AI overview",informational,Organic
annualized irr,48,48,110,38,0.00,https://help.dealcheck.io/en/articles/2023889-internal-rate-of-return-irr,0,0,0.00,0.01,132,"26, 34, 42, 42, 53, 100, 42, 19, 19, 42, 34, 11",2026-08-11,"Sitelinks, Video, People also ask, Related searches, AI overview",informational,Organic
annualized irr,55,55,110,38,0.00,https://help.dealcheck.io/en/articles/2023889-internal-rate-of-return-irr,0,0,0.00,0.01,132,"26, 34, 42, 42, 53, 100, 42, 19, 19, 42, 34, 11",2026-08-11,"Sitelinks, Video, People also ask, Related searches, AI overview",informational,Organic
dscr ratio calculation,67,67,170,36,1.18,https://dealcheck.io/blog/how-to-calculate-debt-service-coverage-ratio/,0,0,0.00,0.18,132,"23, 15, 18, 28, 15, 23, 28, 28, 44, 100, 23, 23",2026-09-15,"Sitelinks, Reviews, Video, People also ask, Related searches, AI overview",informational,Organic
real estate investment break-even interest rate beir definition,37,37,40,7,0.00,https://dealcheck.io/blog/how-to-calculate-break-even-ratio/,0,0,0.00,0,6060000,"100, 33, 0",2026-09-17,"Video, People also ask, Related searches, AI overview",informational,Organic
targeted equity multiple,34,34,40,18,0.00,https://dealcheck.io/blog/what-is-the-equity-multiple/,0,0,0.00,0.05,128,"15, 21, 21, 12, 6, 6, 6, 9, 6, 6, 6, 9",2026-08-11,"Sitelinks, Video, People also ask, Related searches, AI overview",informational,Organic
best real estate valuation platforms for u.s. financial institutions,30,30,90,39,0.00,https://dealcheck.io/,0,0,0.00,0,114,"5, 64, 100",2026-09-19,"Reviews, Video, People also ask, Related searches, AI overview",commercial,Organic
real estate deal finder,1,1,40,31,5.89,https://dealcheck.io/,0,0,0.00,0.99,119,"36, 45, 18, 27, 81, 18, 18, 18, 45, 45, 18, 27",2026-08-17,"Sitelinks, Reviews, Video, Ads bottom, People also ask, Related searches, AI overview",commercial,AI overview
what is rule 70,34,34,210,23,0.00,https://dealcheck.io/blog/what-is-the-70-percent-rule/,0,0,0.00,0.33,121,"7, 7, 21, 11, 26, 32, 26, 48, 14, 26, 32, 26",2026-08-05,"Reviews, Video, People also ask, Related searches, AI overview",informational,Organic
trust vs llc for real estate,19,19,70,6,0.79,https://dealcheck.io/blog/trust-vs-llc-best-way-to-hold-rental-properties/,0,0,0.00,0.28,126,"9, 21, 28, 28, 21, 15, 21, 21, 21, 15, 21, 9",2026-08-07,"Sitelinks, Reviews, Video, Video Carousel, People also ask, Related searches, Short videos, Discussions and forums, AI overview",commercial,Organic
trust vs llc for real estate,26,26,70,6,0.79,https://dealcheck.io/blog/trust-vs-llc-best-way-to-hold-rental-properties/,0,0,0.00,0.28,126,"9, 21, 28, 28, 21, 15, 21, 21, 21, 15, 21, 9",2026-08-07,"Sitelinks, Reviews, Video, Video Carousel, People also ask, Related searches, Short videos, Discussions and forums, AI overview",commercial,Organic
how do you calculate gross rent multiplier,67,67,110,32,0.17,https://dealcheck.io/blog/how-to-calculate-gross-rent-multiplier/,0,0,0.00,0.15,126,"52, 42, 33, 52, 52, 52, 42, 52, 42, 52, 52, 52",2026-08-28,"Sitelinks, Video, People also ask, Related searches, AI overview",informational,Organic
what is a cap rate on a rental property,23,23,50,37,0.10,https://dealcheck.io/blog/understanding-cap-rates/,0,0,0.00,0.3,134,"17, 41, 29, 41, 41, 29, 29, 23, 23, 64, 41, 41",2026-08-10,"Sitelinks, Reviews, Video, People also ask, Related searches, Short videos, Discussions and forums, AI overview",informational,Organic
dealchecker uk,61,0,320,21,3.25,https://dealcheck.io/features/,0,0,0.00,0.22,106,"8, 55, 100, 0, 0, 36, 0, 1, 1, 1, 0, 76",2026-09-21,"Reviews, Video, People also ask, Related searches, AI overview",informational,Organic
dealchecker uk,64,83,320,21,3.25,https://help.dealcheck.io/en/collections/1141204-using-dealcheck,0,0,0.00,0.22,106,"8, 55, 100, 0, 0, 36, 0, 1, 1, 1, 0, 76",2026-09-21,"Reviews, Video, People also ask, Related searches, AI overview",informational,Organic
dealchecker uk,66,70,320,21,3.25,https://help.dealcheck.io/en/articles/2049700-how-to-analyze-rental-properties,0,0,0.00,0.22,106,"8, 55, 100, 0, 0, 36, 0, 1, 1, 1, 0, 76",2026-09-21,"Reviews, Video, People also ask, Related searches, AI overview",informational,Organic
dealchecker uk,69,0,320,21,3.25,https://dealcheck.io/about/,0,0,0.00,0.22,106,"8, 55, 100, 0, 0, 36, 0, 1, 1, 1, 0, 76",2026-09-21,"Reviews, Video, People also ask, Related searches, AI overview",informational,Organic
dealchecker uk,72,73,320,21,3.25,https://dealcheck.io/features/rental-property-calculator/,0,0,0.00,0.22,106,"8, 55, 100, 0, 0, 36, 0, 1, 1, 1, 0, 76",2026-09-21,"Reviews, Video, People also ask, Related searches, AI overview",informational,Organic
dealchecker uk,73,73,320,21,3.25,https://dealcheck.io/features/rental-property-calculator/,0,0,0.00,0.22,106,"8, 55, 100, 0, 0, 36, 0, 1, 1, 1, 0, 76",2026-09-21,"Reviews, Video, People also ask, Related searches, AI overview",informational,Organic
dealchecker uk,75,77,320,21,3.25,https://help.dealcheck.io/en/articles/1974463-how-accurate-are-your-analysis-calculations,0,0,0.00,0.22,106,"8, 55, 100, 0, 0, 36, 0, 1, 1, 1, 0, 76",2026-09-21,"Reviews, Video, People also ask, Related searches, AI overview",informational,Organic
dealchecker uk,77,85,320,21,3.25,https://dealcheck.io/features/property-valuation-reporting-software/,0,0,0.00,0.22,106,"8, 55, 100, 0, 0, 36, 0, 1, 1, 1, 0, 76",2026-09-21,"Reviews, Video, People also ask, Related searches, AI overview",informational,Organic
dealchecker uk,79,75,320,21,3.25,https://help.dealcheck.io/en/articles/2023912-dealcheck-plus-pro,0,0,0.00,0.22,106,"8, 55, 100, 0, 0, 36, 0, 1, 1, 1, 0, 76",2026-09-21,"Reviews, Video, People also ask, Related searches, AI overview",informational,Organic
dealchecker uk,81,82,320,21,3.25,https://dealcheck.io/reviews/,0,0,0.00,0.22,106,"8, 55, 100, 0, 0, 36, 0, 1, 1, 1, 0, 76",2026-09-21,"Reviews, Video, People also ask, Related searches, AI overview",informational,Organic
dealchecker uk,83,0,320,21,3.25,https://help.dealcheck.io/en/articles/4471054-how-much-does-dealcheck-cost-can-i-try-it-for-free,0,0,0.00,0.22,106,"8, 55, 100, 0, 0, 36, 0, 1, 1, 1, 0, 76",2026-09-21,"Reviews, Video, People also ask, Related searches, AI overview",informational,Organic
best real estate deal platform for acquisitions teams,38,38,50,5,0.00,https://dealcheck.io/,0,0,0.00,0,122,"100, 80",2026-09-20,"Reviews, Video, People also ask, Related searches, Discussions and forums, AI overview",commercial,Organic
rent check free,70,70,70,44,4.51,https://dealcheck.io/,0,0,0.00,0.63,113,"5, 5, 35, 35, 28, 10, 17, 12, 17, 12, 5, 5",2026-07-29,"Sitelinks, Reviews, Video, People also ask, Related searches",informational,Organic
property search software,20,20,210,45,11.69,https://dealcheck.io/,0,0,0.00,0.68,112,"36, 100, 5, 5, 10, 10, 10, 8, 8, 3, 2, 2",2026-08-23,"Sitelinks, Reviews, Video, People also ask, Related searches, AI overview",informational,Organic
typical operating expense ratio rental property 40 percent rule,24,24,40,15,0.00,https://dealcheck.io/blog/what-is-the-50-percent-rule/,0,0,0.00,0,315000000,"100, 75",2026-08-17,"Sitelinks, Reviews, Video, People also ask, Related searches, Discussions and forums, AI overview",informational,Organic
calculating dscr,66,66,170,51,1.61,https://dealcheck.io/blog/how-to-calculate-debt-service-coverage-ratio/,0,0,0.00,0.36,130,"54, 9, 44, 12, 4, 9, 6, 100, 19, 4, 6, 9",2026-07-31,"Image pack, Sitelinks, Video, Video Carousel, People also ask, Related searches, Short videos, AI overview",informational,Organic
calculating dscr,68,68,170,51,1.61,https://dealcheck.io/blog/how-to-calculate-debt-service-coverage-ratio/,0,0,0.00,0.36,130,"54, 9, 44, 12, 4, 9, 6, 100, 19, 4, 6, 9",2026-07-31,"Image pack, Sitelinks, Video, Video Carousel, People also ask, Related searches, Short videos, AI overview",informational,Organic
check listing,7,7,70,23,2.79,https://help.dealcheck.io/en/articles/11471921-how-to-search-properties-listed-for-sale,0,0,0.00,0.13,128,"7, 26, 53, 19, 19, 3, 65, 15, 80, 0, 11, 19",2026-08-21,"Image pack, Sitelinks, Video, Video Carousel, People also ask, Related searches, AI overview",informational,Organic
deal analyzer spreadsheet,38,38,140,2,3.19,https://dealcheck.io/,0,0,0.00,0.35,127,"34, 26, 53, 42, 34, 26, 53, 65, 100, 65, 80, 80",2026-07-29,"Sitelinks, Reviews, Video, Video Carousel, Related searches, Discussions and forums, AI overview",informational,Organic
the 70 rule,51,51,260,11,0.00,https://dealcheck.io/blog/what-is-the-70-percent-rule/,0,0,0.00,0.33,124,"18, 18, 22, 35, 100, 66, 54, 43, 54, 54, 43, 54",2026-09-08,"Reviews, Video, People also ask, Related searches, Discussions and forums, AI overview",informational,Organic
property 50,62,62,2900,15,2.68,https://help.dealcheck.io/en/articles/2023045-50-rule-rental-properties,0,0,0.00,0.01,107,"0, 7, 100, 7, 2, 1, 81, 1, 2, 1, 0, 4",2026-09-15,"Video, People also ask, Related searches, AI overview",informational,Organic
rentometer alternative,39,39,320,20,4.00,https://dealcheck.io/blog/comparable-rental-listings-rent-estimates/,0,0,0.00,0.39,89,"84, 20, 13, 16, 25, 7, 11, 11, 7, 7, 5, 3",2026-09-16,"Sitelinks, Reviews, Video, People also ask, Related searches, AI overview","commercial, informational",Organic
comparative property,53,53,70,21,2.42,https://help.dealcheck.io/en/articles/2490178-comparing-properties-side-by-side,0,0,0.00,0.08,109,"45, 63, 45, 63, 63, 81, 63, 63, 63, 100, 100, 81",2026-08-10,"Reviews, Video, Video Carousel, People also ask, Related searches, AI overview",informational,Organic
grm real estate formula,55,55,90,37,0.62,https://dealcheck.io/blog/how-to-calculate-gross-rent-multiplier/,0,0,0.00,0.06,127,"17, 23, 28, 10, 5, 7, 35, 43, 23, 23, 23, 17",2026-08-07,"Sitelinks, Reviews, Video, Video Carousel, People also ask, Related searches, AI overview",informational,Organic
how to buy a second house with no money,31,31,50,19,4.09,https://dealcheck.io/blog/alternative-financing-strategies-purchasing-second-home/,0,0,0.00,0.47,121,"9, 23, 14, 19, 42, 9, 9, 9, 33, 33, 33, 14",2026-09-14,"Sitelinks, Video, Video Carousel, People also ask, Related searches, Discussions and forums, AI overview",informational,Organic
how to calculate internal rate of return manually,78,78,70,49,0.80,https://dealcheck.io/blog/how-to-calculate-internal-rate-of-return/,0,0,0.00,0.03,165,"64, 41, 29, 41, 52, 82, 41, 41, 23, 17, 23, 17",2026-08-01,"Sitelinks, Video, Video Carousel, People also ask, Related searches, AI overview",informational,Organic
how to calculate internal rate of return manually,92,92,70,49,0.80,https://dealcheck.io/blog/how-to-calculate-internal-rate-of-return/,0,0,0.00,0.03,165,"64, 41, 29, 41, 52, 82, 41, 41, 23, 17, 23, 17",2026-08-01,"Sitelinks, Video, Video Carousel, People also ask, Related searches, AI overview",informational,Organic
dealsauce.io,58,58,1900,21,4.59,https://dealcheck.io/,0,0,0.00,0.4,0,"0, 0, 3, 81, 36, 43, 1, 43, 24, 10, 100, 28",2026-09-19,"Sitelinks, Reviews, Video, Ads bottom, Video Carousel, People also ask, AI overview",navigational,Organic
charlotte property investment analytics tool,1,1,50,0,0.00,https://dealcheck.io/,0,0,0.00,0,28100000,"57, 100, 100, 100, 100, 100, 71, 28",2026-08-03,"Reviews, Video, People also ask, Related searches, AI overview","commercial, informational",AI overview
charlotte property investment analytics tool,29,29,50,0,0.00,https://dealcheck.io/,0,0,0.00,0,28100000,"57, 100, 100, 100, 100, 100, 71, 28",2026-08-03,"Reviews, Video, People also ask, Related searches, AI overview","commercial, informational",Organic
how do you calculate grm,58,58,90,29,0.09,https://dealcheck.io/blog/how-to-calculate-gross-rent-multiplier/,0,0,0.00,0.11,100,"50, 50, 78, 78, 78, 64, 64, 64, 50, 78, 64, 64",2026-08-29,"Sitelinks, Reviews, Video, Video Carousel, People also ask, Related searches, AI overview",informational,Organic
rental market analysis tool,23,23,140,52,4.03,https://dealcheck.io/,0,0,0.00,0.54,128,"12, 65, 15, 6, 28, 28, 43, 100, 43, 34, 53, 43",2026-08-31,"Video, People also ask, Related searches, AI overview",commercial,Organic
rental market analysis tool,67,67,140,52,4.03,https://dealcheck.io/features/rental-property-calculator/,0,0,0.00,0.54,128,"12, 65, 15, 6, 28, 28, 43, 100, 43, 34, 53, 43",2026-08-31,"Video, People also ask, Related searches, AI overview",commercial,Organic
dealcheck reviews,3,3,30,24,4.32,https://dealcheck.io/,0,0,0.00,0.33,104,"11, 7, 19, 7, 15, 11, 34, 7, 7, 15, 7, 7",2026-07-28,"Sitelinks, Reviews, Video, Video Carousel, People also ask, Related searches, AI overview","commercial, informational",Organic
dealcheck reviews,3,3,30,24,4.32,https://dealcheck.io/pricing/,0,0,0.00,0.33,104,"11, 7, 19, 7, 15, 11, 34, 7, 7, 15, 7, 7",2026-07-28,"Sitelinks, Reviews, Video, Video Carousel, People also ask, Related searches, AI overview","commercial, informational",People also ask
dealcheck reviews,9,9,30,24,4.32,https://dealcheck.io/reviews/,0,0,0.00,0.33,104,"11, 7, 19, 7, 15, 11, 34, 7, 7, 15, 7, 7",2026-07-28,"Sitelinks, Reviews, Video, Video Carousel, People also ask, Related searches, AI overview","commercial, informational",Organic
dealcheck reviews,30,30,30,24,4.32,https://dealcheck.io/dealcheck-vs-biggerpockets/,0,0,0.00,0.33,104,"11, 7, 19, 7, 15, 11, 34, 7, 7, 15, 7, 7",2026-07-28,"Sitelinks, Reviews, Video, Video Carousel, People also ask, Related searches, AI overview","commercial, informational",Organic
dealcheck reviews,41,41,30,24,4.32,https://app.dealcheck.io/,0,0,0.00,0.33,104,"11, 7, 19, 7, 15, 11, 34, 7, 7, 15, 7, 7",2026-07-28,"Sitelinks, Reviews, Video, Video Carousel, People also ask, Related searches, AI overview","commercial, informational",Organic
dealcheck reviews,50,50,30,24,4.32,https://dealcheck.io/features/,0,0,0.00,0.33,104,"11, 7, 19, 7, 15, 11, 34, 7, 7, 15, 7, 7",2026-07-28,"Sitelinks, Reviews, Video, Video Carousel, People also ask, Related searches, AI overview","commercial, informational",Organic
dealcheck reviews,53,53,30,24,4.32,https://dealcheck.io/blog/side-by-side-property-comparison/,0,0,0.00,0.33,104,"11, 7, 19, 7, 15, 11, 34, 7, 7, 15, 7, 7",2026-07-28,"Sitelinks, Reviews, Video, Video Carousel, People also ask, Related searches, AI overview","commercial, informational",Organic
dealcheck reviews,55,55,30,24,4.32,https://help.dealcheck.io/en/collections/1141204-using-dealcheck,0,0,0.00,0.33,104,"11, 7, 19, 7, 15, 11, 34, 7, 7, 15, 7, 7",2026-07-28,"Sitelinks, Reviews, Video, Video Carousel, People also ask, Related searches, AI overview","commercial, informational",Organic
dealcheck reviews,58,58,30,24,4.32,https://dealcheck.io/features/rental-property-calculator/,0,0,0.00,0.33,104,"11, 7, 19, 7, 15, 11, 34, 7, 7, 15, 7, 7",2026-07-28,"Sitelinks, Reviews, Video, Video Carousel, People also ask, Related searches, AI overview","commercial, informational",Organic
dealcheck reviews,60,60,30,24,4.32,https://help.dealcheck.io/en/articles/4471054-how-much-does-dealcheck-cost-can-i-try-it-for-free,0,0,0.00,0.33,104,"11, 7, 19, 7, 15, 11, 34, 7, 7, 15, 7, 7",2026-07-28,"Sitelinks, Reviews, Video, Video Carousel, People also ask, Related searches, AI overview","commercial, informational",Organic
dealcheck reviews,61,61,30,24,4.32,https://dealcheck.io/blog/category/commercial-real-estate/,0,0,0.00,0.33,104,"11, 7, 19, 7, 15, 11, 34, 7, 7, 15, 7, 7",2026-07-28,"Sitelinks, Reviews, Video, Video Carousel, People also ask, Related searches, AI overview","commercial, informational",Organic
dealcheck reviews,62,62,30,24,4.32,https://dealcheck.io/pricing/,0,0,0.00,0.33,104,"11, 7, 19, 7, 15, 11, 34, 7, 7, 15, 7, 7",2026-07-28,"Sitelinks, Reviews, Video, Video Carousel, People also ask, Related searches, AI overview","commercial, informational",Organic
dealcheck reviews,63,63,30,24,4.32,https://dealcheck.io/features/,0,0,0.00,0.33,104,"11, 7, 19, 7, 15, 11, 34, 7, 7, 15, 7, 7",2026-07-28,"Sitelinks, Reviews, Video, Video Carousel, People also ask, Related searches, AI overview","commercial, informational",Organic
dealcheck reviews,64,64,30,24,4.32,https://dealcheck.io/blog/category/how-to-guides/,0,0,0.00,0.33,104,"11, 7, 19, 7, 15, 11, 34, 7, 7, 15, 7, 7",2026-07-28,"Sitelinks, Reviews, Video, Video Carousel, People also ask, Related searches, AI overview","commercial, informational",Organic
dealcheck reviews,65,65,30,24,4.32,https://dealcheck.io/blog/side-by-side-property-comparison/,0,0,0.00,0.33,104,"11, 7, 19, 7, 15, 11, 34, 7, 7, 15, 7, 7",2026-07-28,"Sitelinks, Reviews, Video, Video Carousel, People also ask, Related searches, AI overview","commercial, informational",Organic
dealcheck reviews,66,66,30,24,4.32,https://dealcheck.io/blog/category/news-updates/,0,0,0.00,0.33,104,"11, 7, 19, 7, 15, 11, 34, 7, 7, 15, 7, 7",2026-07-28,"Sitelinks, Reviews, Video, Video Carousel, People also ask, Related searches, AI overview","commercial, informational",Organic
dealcheck reviews,67,67,30,24,4.32,https://help.dealcheck.io/en/collections/1141204-using-dealcheck,0,0,0.00,0.33,104,"11, 7, 19, 7, 15, 11, 34, 7, 7, 15, 7, 7",2026-07-28,"Sitelinks, Reviews, Video, Video Carousel, People also ask, Related searches, AI overview","commercial, informational",Organic
calculate roe,38,38,720,46,1.16,https://dealcheck.io/blog/how-to-calculate-return-on-equity/,0,0,0.00,0.01,104,"8, 7, 4, 4, 3, 1, 8, 1, 19, 5, 3, 5",2026-09-04,"Sitelinks, Reviews, Video, Video Carousel, People also ask, Related searches, AI overview",informational,Organic
calculate roe,50,50,720,46,1.16,https://dealcheck.io/blog/how-to-calculate-return-on-equity/,0,0,0.00,0.01,104,"8, 7, 4, 4, 3, 1, 8, 1, 19, 5, 3, 5",2026-09-04,"Sitelinks, Reviews, Video, Video Carousel, People also ask, Related searches, AI overview",informational,Organic
real estate acquisition software,18,18,140,17,0.00,https://dealcheck.io/,0,0,0.00,0.05,111,"52, 100, 100, 33, 23, 52, 66, 66, 52, 42, 66, 80",2026-08-21,"Sitelinks, Reviews, Video, People also ask, Related searches, AI overview",informational,Organic
how to calculate dscr in real estate,48,48,50,37,1.30,https://dealcheck.io/blog/how-to-calculate-debt-service-coverage-ratio/,0,0,0.00,0.29,137,"23, 23, 33, 33, 23, 33, 33, 33, 23, 9, 9, 33",2026-07-30,"Sitelinks, Reviews, Video, Video Carousel, People also ask, Related searches, Short videos, AI overview",informational,Organic
analyzing multi family properties,12,12,50,9,0.00,https://dealcheck.io/features/multi-family-commercial-property-calculator/,0,0,0.00,0.33,107,"45, 45, 63, 100, 36, 36, 81, 45, 45, 45, 45, 45",2026-07-29,"Sitelinks, Video, Ads bottom, Video Carousel, People also ask, Related searches, AI overview",informational,Organic
analyzing multi family properties,47,47,50,9,0.00,https://help.dealcheck.io/en/articles/2068341-how-to-analyze-multi-family-and-commercial-properties,0,0,0.00,0.33,107,"45, 45, 63, 100, 36, 36, 81, 45, 45, 45, 45, 45",2026-07-29,"Sitelinks, Video, Ads bottom, Video Carousel, People also ask, Related searches, AI overview",informational,Organic
real estate data analytics software,23,23,140,16,5.29,https://dealcheck.io/,0,0,0.00,0.15,128,"42, 42, 53, 65, 42, 26, 26, 53, 53, 34, 80, 100",2026-07-28,"Sitelinks, Reviews, Video, Video Carousel, Related searches, Discussions and forums, AI overview",informational,Organic
house flip profit calculator,7,7,50,7,1.99,https://dealcheck.io/features/house-flipping-calculator/,0,0,0.00,0.16,104,"0, 0, 0, 0, 0, 1, 2, 1, 0, 1, 2, 2",2026-09-09,"Image pack, Reviews, Video, People also ask, Related searches, AI overview",informational,Image pack
house flip profit calculator,7,7,50,7,1.99,https://dealcheck.io/features/house-flipping-calculator/,0,0,0.00,0.16,104,"0, 0, 0, 0, 0, 1, 2, 1, 0, 1, 2, 2",2026-09-09,"Image pack, Reviews, Video, People also ask, Related searches, AI overview",informational,Image pack
house flip profit calculator,7,7,50,7,1.99,https://dealcheck.io/features/house-flipping-calculator/,0,0,0.00,0.16,104,"0, 0, 0, 0, 0, 1, 2, 1, 0, 1, 2, 2",2026-09-09,"Image pack, Reviews, Video, People also ask, Related searches, AI overview",informational,Image pack
house flip profit calculator,8,8,50,7,1.99,https://dealcheck.io/features/house-flipping-calculator/,0,0,0.00,0.16,104,"0, 0, 0, 0, 0, 1, 2, 1, 0, 1, 2, 2",2026-09-09,"Image pack, Reviews, Video, People also ask, Related searches, AI overview",informational,Organic
house flip program,16,16,70,12,6.04,https://dealcheck.io/features/house-flipping-calculator/,0,0,0.00,0.33,125,"0, 0, 1, 0, 0, 0, 0, 0, 3, 100, 35, 11",2026-08-29,"Sitelinks, Reviews, Video, Video Carousel, People also ask, Related searches, AI overview",informational,Organic
how do you calculate return on equity,57,57,480,50,0.65,https://dealcheck.io/blog/how-to-calculate-return-on-equity/,0,0,0.00,0.01,125,"8, 13, 31, 31, 5, 5, 3, 7, 68, 13, 52, 68",2026-07-31,"Sitelinks, Reviews, Video, Video Carousel, People also ask, Related searches, Short videos, AI overview",informational,Organic
real estate deal analyzer spreadsheet,24,24,90,11,0.00,https://dealcheck.io/,0,0,0.00,0.08,132,"19, 52, 66, 19, 9, 14, 42, 42, 42, 66, 100, 33",2026-08-08,"Sitelinks, Reviews, Video, Ads bottom, Video Carousel, Related searches, Discussions and forums, AI overview",informational,Organic
real estate deal analyzer spreadsheet,29,29,90,11,0.00,https://dealcheck.io/,0,0,0.00,0.08,132,"19, 52, 66, 19, 9, 14, 42, 42, 42, 66, 100, 33",2026-08-08,"Sitelinks, Reviews, Video, Ads bottom, Video Carousel, Related searches, Discussions and forums, AI overview",informational,Organic
flipping houses software,1,1,50,9,4.74,https://dealcheck.io/features/house-flipping-calculator/,0,0,0.00,0.21,117,"14, 21, 28, 14, 28, 35, 64, 100, 28, 21, 35, 28",2026-08-18,"Sitelinks, Reviews, Video, Video Carousel, People also ask, Related searches, AI overview",informational,AI overview
debt yield definition,52,52,90,18,0.00,https://dealcheck.io/blog/how-to-calculate-debt-yield/,0,0,0.00,0.04,113,"41, 52, 29, 52, 64, 52, 52, 52, 64, 64, 64, 41",2026-08-12,"Sitelinks, Video, People also ask, Related searches, AI overview",informational,Organic
rental property cash flow analysis,26,26,70,39,3.85,https://dealcheck.io/features/rental-property-calculator/,0,0,0.00,0.33,135,"52, 19, 42, 33, 42, 33, 33, 42, 23, 33, 33, 23",2026-08-06,"Video, Video Carousel, Related searches, AI overview",informational,Organic
deal calculator,2,2,210,49,25.06,https://dealcheck.io/,0,0,0.00,0.02,94,"18, 28, 28, 23, 23, 35, 23, 35, 18, 28, 66, 100",2026-08-10,"Reviews, Video, Video Carousel, People also ask, Related searches, AI overview",informational,AI overview
llc vs trust for real estate,32,32,70,4,0.79,https://dealcheck.io/blog/trust-vs-llc-best-way-to-hold-rental-properties/,0,0,0.00,0.28,127,"29, 29, 17, 11, 23, 11, 41, 52, 82, 29, 41, 64",2026-08-10,"Sitelinks, Reviews, Video, Video Carousel, People also ask, Related searches, Short videos, Discussions and forums, AI overview",commercial,Organic
offers check,47,47,40,65,4.41,https://help.dealcheck.io/en/articles/5034261-entering-discount-or-promo-codes,0,0,0.00,0.12,119,"0, 0, 0, 0, 55, 100, 55, 0, 22, 77, 100, 77",2026-08-18,"Sitelinks, Reviews, Video, People also ask, Related searches, AI overview",informational,Organic
property analytics,37,37,140,21,4.00,https://dealcheck.io/,0,0,0.00,0.21,130,"19, 19, 65, 80, 26, 53, 65, 42, 100, 65, 19, 34",2026-07-29,"Video, Video Carousel, People also ask, Related searches, AI overview",informational,Organic
valuecheck,40,40,320,23,2.73,https://dealcheck.io/,0,0,0.00,0.34,106,"67, 76, 3, 24, 24, 3, 5, 3, 30, 3, 76, 6",2026-08-23,"Local pack, Sitelinks, Reviews, Video, Related searches",navigational,Organic
valuecheck,61,61,320,23,2.73,https://dealcheck.io/features/property-valuation-reporting-software/,0,0,0.00,0.34,106,"67, 76, 3, 24, 24, 3, 5, 3, 30, 3, 76, 6",2026-08-23,"Local pack, Sitelinks, Reviews, Video, Related searches",navigational,Organic
real estate business intelligence software,68,68,40,10,0.00,https://dealcheck.io/,0,0,0.00,0.33,135,"100, 63, 18, 18, 27, 18, 45, 18, 18, 36, 63, 45",2026-09-11,"Reviews, Video, People also ask, Related searches, AI overview",informational,Organic
best software for real estate wholesalers,20,20,30,12,27.30,https://dealcheck.io/features/real-estate-wholesaling-calculator/,0,0,0.00,0.59,129,"27, 18, 36, 45, 36, 18, 18, 18, 18, 18, 18, 18",2026-07-28,"Sitelinks, Reviews, Video, Video Carousel, People also ask, Related searches, Discussions and forums, AI overview","commercial, informational",Organic
real estate flip software,1,1,40,10,7.51,https://dealcheck.io/features/house-flipping-calculator/,0,0,0.00,0.33,112,"42, 100, 100, 71, 42, 42, 42, 42, 42, 57, 42, 42",2026-09-05,"Sitelinks, Reviews, Video, Video Carousel, People also ask, Related searches, AI overview",informational,AI overview
net income net operating income,54,54,70,21,0.00,https://help.dealcheck.io/en/articles/2029694-net-operating-income-noi,0,0,0.00,0.01,123,"64, 50, 28, 35, 64, 78, 50, 50, 50, 50, 50, 50",2026-08-01,"Sitelinks, Reviews, Video, Video Carousel, People also ask, Related searches, AI overview",informational,Organic
capitalization rate means,29,29,210,42,0.08,https://dealcheck.io/blog/understanding-cap-rates/,0,0,0.00,0.35,136,"0, 0, 0, 0, 0, 0, 0, 0, 100, 0, 0, 0",2026-08-01,"Sitelinks, Reviews, Video, Video Carousel, People also ask, Related searches, Short videos, AI overview",informational,Organic
nominal cap rate,29,29,40,18,0.00,https://dealcheck.io/blog/understanding-cap-rates/,0,0,0.00,0.33,135,"6, 9, 9, 15, 21, 15, 15, 9, 6, 6, 9, 6",2026-08-06,"Reviews, Video, Video Carousel, People also ask, Related searches, Short videos, AI overview",informational,Organic
what is coc in real estate,1,1,40,44,0.00,https://dealcheck.io/blog/how-to-calculate-cash-on-cash-return/,0,0,0.00,0.02,133,"11, 11, 100, 11, 11, 11, 11, 11, 29, 11, 11, 11",2026-09-13,"Video, Video Carousel, People also ask, Short videos, AI overview",informational,AI overview
what is coc in real estate,35,35,40,44,0.00,https://dealcheck.io/blog/how-to-calculate-cash-on-cash-return/,0,0,0.00,0.02,133,"11, 11, 100, 11, 11, 11, 11, 11, 29, 11, 11, 11",2026-09-13,"Video, Video Carousel, People also ask, Short videos, AI overview",informational,Organic
what is coc in real estate,91,91,40,44,0.00,https://help.dealcheck.io/en/articles/2023864-cash-on-cash-return-coc,0,0,0.00,0.02,133,"11, 11, 100, 11, 11, 11, 11, 11, 29, 11, 11, 11",2026-09-13,"Video, Video Carousel, People also ask, Short videos, AI overview",informational,Organic
leveraged irr,69,69,50,5,3.98,https://help.dealcheck.io/en/articles/2023889-internal-rate-of-return-irr,0,0,0.00,0.02,126,"50, 50, 28, 28, 35, 35, 21, 28, 35, 64, 35, 21",2026-08-17,"Sitelinks, Video, People also ask, Related searches, Things to know, AI overview","commercial, informational",Organic
value check login,24,24,70,5,0.00,https://dealcheck.io/,0,0,0.00,0.33,107,"44, 55, 77, 77, 77, 77, 100, 77, 100, 77, 77, 77",2026-08-03,"People also ask, Related searches","navigational, transactional",Organic
trust vs llc rental property,19,19,50,10,0.64,https://dealcheck.io/blog/trust-vs-llc-best-way-to-hold-rental-properties/,0,0,0.00,0.66,126,"63, 45, 63, 45, 45, 36, 36, 36, 27, 36, 27, 36",2026-09-08,"Sitelinks, Video, People also ask, Related searches, AI overview",commercial,Organic
real estate trust vs llc,11,11,110,5,0.79,https://dealcheck.io/blog/trust-vs-llc-best-way-to-hold-rental-properties/,0,0,0.00,0.28,128,"26, 53, 42, 34, 42, 34, 42, 53, 42, 42, 53, 42",2026-08-08,"Sitelinks, Reviews, Video, Video Carousel, People also ask, Related searches, Discussions and forums, AI overview","commercial, informational",Organic
loan to cost vs loan to value,47,47,170,25,0.54,https://dealcheck.io/blog/what-is-the-loan-to-cost-ratio/,0,0,0.00,0.09,134,"65, 80, 80, 65, 65, 80, 80, 53, 42, 42, 53, 42",2026-08-10,"Sitelinks, Reviews, Video, People also ask, Related searches, Discussions and forums, AI overview",commercial,Organic
debt yeild,66,66,140,22,2.07,https://dealcheck.io/blog/how-to-calculate-debt-yield/,0,0,0.00,0.02,122,"35, 44, 11, 44, 28, 18, 15, 15, 15, 23, 18, 23",2026-08-17,"Sitelinks, Video, People also ask, Related searches, Things to know, AI overview",informational,Organic
multifamily analytics,70,70,50,36,0.00,https://help.dealcheck.io/en/articles/2068341-how-to-analyze-multi-family-and-commercial-properties,0,0,0.00,0.66,139,"18, 81, 100, 36, 18, 18, 36, 63, 45, 100, 45, 81",2026-08-18,"Video, People also ask, Related searches, AI overview",informational,Organic
cash on cash return formula real estate,71,71,110,47,0.40,https://dealcheck.io/blog/how-to-calculate-cash-on-cash-return/,0,0,0.00,0.07,135,"26, 42, 34, 26, 26, 42, 26, 34, 34, 80, 26, 100",2026-07-30,"Reviews, Video, Video Carousel, People also ask, Related searches, Short videos, Discussions and forums, AI overview",informational,Organic
loan to cost ratio,49,49,140,17,0.00,https://dealcheck.io/blog/what-is-the-loan-to-cost-ratio/,0,0,0.00,0.01,126,"43, 43, 53, 34, 53, 34, 34, 34, 34, 43, 34, 28",2026-08-20,"Sitelinks, Reviews, Video, People also ask, Related searches, AI overview",informational,Organic
dealsauceio,17,17,50,35,4.40,https://dealcheck.io/,0,0,0.00,0.31,106,"5, 100, 82, 82, 0, 5, 0, 0, 11",2026-09-04,"Sitelinks, Reviews, Video, People also ask, Related searches",navigational,Organic
calculator flip,40,40,70,5,2.22,https://dealcheck.io/features/house-flipping-calculator/,0,0,0.00,0.35,113,"3, 3, 0, 3, 3, 0, 0, 100, 0, 0, 65, 65",2026-09-13,"Image pack, Sitelinks, Reviews, Video, Video Carousel, People also ask, Related searches, AI overview",informational,Organic
cash on cash return formula,77,77,1300,45,0.37,https://dealcheck.io/blog/how-to-calculate-cash-on-cash-return/,0,0,0.00,0.13,134,"44, 44, 44, 55, 44, 30, 30, 34, 34, 34, 44, 30",2026-08-05,"Sitelinks, Video, Video Carousel, People also ask, Related searches, AI overview",informational,Organic
rent multiplier,5,5,390,38,0.08,https://dealcheck.io/blog/how-to-calculate-gross-rent-multiplier/,0,0,0.00,0.12,125,"41, 10, 13, 8, 13, 13, 10, 13, 36, 10, 16, 10",2026-08-06,"Image pack, Sitelinks, Reviews, Video, Video Carousel, People also ask, Related searches, Things to know, AI overview","commercial, informational",Image pack
free rental property calculator,16,16,320,49,2.06,https://dealcheck.io/features/rental-property-calculator/,0,0,0.00,0.5,131,"20, 16, 24, 30, 24, 24, 36, 30, 30, 20, 20, 20",2026-07-31,"Reviews, Video, Video Carousel, People also ask, Related searches",commercial,Organic
what is the 50 rule in real estate,1,1,40,10,0.00,https://dealcheck.io/blog/what-is-the-50-percent-rule/,0,0,0.00,0.02,127,"17, 23, 23, 41, 23, 23, 29, 23, 17, 29, 17, 17",2026-09-12,"Sitelinks, Reviews, Video, People also ask, Related searches, AI overview",informational,AI overview
what is the 50 rule in real estate,16,16,40,10,0.00,https://dealcheck.io/blog/what-is-the-50-percent-rule/,0,0,0.00,0.02,127,"17, 23, 23, 41, 23, 23, 29, 23, 17, 29, 17, 17",2026-09-12,"Sitelinks, Reviews, Video, People also ask, Related searches, AI overview",informational,Organic
what is the 50 rule in real estate,66,66,40,10,0.00,https://help.dealcheck.io/en/articles/2023045-50-rule-rental-properties,0,0,0.00,0.02,127,"17, 23, 23, 41, 23, 23, 29, 23, 17, 29, 17, 17",2026-09-12,"Sitelinks, Reviews, Video, People also ask, Related searches, AI overview",informational,Organic
deal analyzer software,50,50,50,15,0.00,https://dealcheck.io/features/property-valuation-reporting-software/,0,0,0.00,0.33,100,"11, 29, 29, 29, 29, 29, 29, 41, 23, 17, 23, 29",2026-08-26,"Reviews, Video, People also ask, Related searches, AI overview",commercial,Organic
deal analyzer software,68,68,50,15,0.00,https://dealcheck.io/pricing/,0,0,0.00,0.33,100,"11, 29, 29, 29, 29, 29, 29, 41, 23, 17, 23, 29",2026-08-26,"Reviews, Video, People also ask, Related searches, AI overview",commercial,Organic
deal analyzer software,79,79,50,15,0.00,https://dealcheck.io/features/rental-property-calculator/,0,0,0.00,0.33,100,"11, 29, 29, 29, 29, 29, 29, 41, 23, 17, 23, 29",2026-08-26,"Reviews, Video, People also ask, Related searches, AI overview",commercial,Organic
how to buy a 2nd home with no money down,41,41,110,21,4.26,https://dealcheck.io/blog/alternative-financing-strategies-purchasing-second-home/,0,0,0.00,0.51,114,"34, 53, 42, 42, 53, 80, 53, 34, 26, 42, 42, 34",2026-08-30,"Sitelinks, Reviews, Video, People also ask, Related searches, Discussions and forums, AI overview",informational,Organic
rental property cashflow calculator,15,15,90,32,1.99,https://dealcheck.io/features/rental-property-calculator/,0,0,0.00,0.27,129,"15, 12, 9, 15, 100, 12, 9, 12, 15, 21, 34, 100",2026-07-29,"Sitelinks, Reviews, Video, Video Carousel, Related searches",commercial,Organic
return on equity calculation formula,62,62,50,42,0.00,https://dealcheck.io/blog/how-to-calculate-return-on-equity/,0,0,0.00,0.02,123,"36, 100, 81, 27, 45, 81, 63, 45, 18, 18, 18, 18",2026-08-02,"Image pack, Sitelinks, Reviews, Video, Video Carousel, People also ask, Related searches, AI overview",informational,Organic
property acquisitions software,27,27,50,8,0.00,https://dealcheck.io/,0,0,0.00,0,122,"28, 100, 100",2026-08-16,"Sitelinks, Reviews, Video, People also ask, Related searches, AI overview","commercial, informational",Organic
return on equity real estate,1,1,110,3,0.00,https://dealcheck.io/blog/how-to-calculate-return-on-equity/,0,0,0.00,0.03,134,"42, 66, 52, 52, 42, 42, 42, 52, 52, 52, 66, 52",2026-08-09,"Video, Video Carousel, People also ask, Related searches, Discussions and forums, AI overview",informational,AI overview
return on equity real estate,1,1,110,3,0.00,https://dealcheck.io/blog/how-to-calculate-return-on-equity/,0,0,0.00,0.03,134,"42, 66, 52, 52, 42, 42, 42, 52, 52, 52, 66, 52",2026-08-09,"Video, Video Carousel, People also ask, Related searches, Discussions and forums, AI overview",informational,AI overview
return on equity real estate,30,30,110,3,0.00,https://dealcheck.io/blog/how-to-calculate-return-on-equity/,0,0,0.00,0.03,134,"42, 66, 52, 52, 42, 42, 42, 52, 52, 52, 66, 52",2026-08-09,"Video, Video Carousel, People also ask, Related searches, Discussions and forums, AI overview",informational,Organic
rental property cash flow calculator,17,17,590,36,1.89,https://dealcheck.io/features/rental-property-calculator/,0,0,0.00,0.21,127,"13, 20, 16, 13, 16, 16, 16, 16, 16, 16, 16, 13",2026-08-06,"Sitelinks, Reviews, Video, Video Carousel, People also ask, Related searches",commercial,Organic
value checked,38,38,140,33,2.73,https://dealcheck.io/,0,0,0.00,0.34,106,"0, 0, 0, 0, 0, 0, 0, 0, 100, 0, 0, 0",2026-08-07,"Sitelinks, Reviews, Video, Related searches, AI overview",informational,Organic
