Page ascore,Source title,Source url,Target url,Anchor,External links,Internal links,Nofollow,Frame,Form,First seen,Last seen
6,Bricked AI Lets Investors Underwrite Real Estate Deals in 15 Seconds,https://completeaitraining.com/news/bricked-ai-lets-investors-underwrite-real-estate-deals-in/,https://bricked.ai/?ref=completeaitraining.com,bricked.ai,7,207,true,false,false,2026-01-20,2026-07-22
6,"AI Property Valuation Tool: Viability Score 72/100, $8B TAM Market | IdeaProof",https://ideaproof.io/startup-idea/ai-property-valuation,https://bricked.ai/,Bricked,12,25,true,false,false,2026-07-16,2026-09-10
5,"Bricked AI Underwrites Real Estate Deals in 15 Seconds with Appraiser-Style Comps, ARV, and Rehab Costs",https://completeaitraining.com/news/bricked-ai-underwrites-real-estate-deals-in-15-seconds-with/,https://bricked.ai/?ref=completeaitraining.com,Get details and try Bricked AI,7,208,true,false,false,2026-01-14,2026-05-30
3,"How to Underwrite Deals Faster with AI (Comps, ARV, Rehab + Offers in Minutes) - Investor Fuel",https://investorfuel.com/real-estate-pros-show/how-to-underwrite-deals-faster-with-ai-comps-arv-rehab-offers-in-minutes/,https://bricked.ai/,Abhi Bharatham’s Website,10,68,false,false,false,2025-12-21,2026-09-18
2,How AI Is Reshaping Real Estate Deal Analysis in 15 Seconds - KeyCrew,https://keycrew.co/journal/how-ai-is-reshaping-real-estate-deal-analysis-in-15-seconds/,https://bricked.ai/,Bricked AI,2,63,false,false,false,2026-02-03,2026-09-15
2,How AI Is Taking the Guesswork Out of Home Pricing - KeyCrew,https://keycrew.co/journal/how-ai-is-taking-the-guesswork-out-of-home-pricing/,https://bricked.ai/,Bricked AI,2,57,false,false,false,2026-03-17,2026-09-21
2,Investor Data Reveals Overlooked Opportunities Beyond Single-Family Homes and Land - KeyCrew,https://keycrew.co/journal/investor-data-reveals-overlooked-opportunities-beyond-single-family-homes-and-land/,https://bricked.ai/,Bricked AI,2,67,false,false,false,2026-03-01,2026-09-05
1,Bricked AI Launches AI Tool Eliminating Manual Real Estate Comping | Economic Policy Times,https://economicpolicytimes.com/article/882078978-bricked-ai-launches-ai-tool-eliminating-manual-real-estate-comping,https://bricked.ai/,https://bricked.ai,25,22,true,false,false,2026-03-31,2026-09-15
1,Bricked AI Launches AI Tool Eliminating Manual Real Estate Comping | Economic Policy Times,https://economicpolicytimes.com/article/882078978-bricked-ai-launches-ai-tool-eliminating-manual-real-estate-comping,https://bricked.ai/,real estate comping,25,22,true,false,false,2026-03-31,2026-09-15
1,Bricked AI Launches AI Tool Eliminating Manual Real Estate Comping | Economic Policy Times,https://economicpolicytimes.com/article/882078978-bricked-ai-launches-ai-tool-eliminating-manual-real-estate-comping,https://bricked.ai/discord,Other,25,22,true,false,false,2026-03-31,2026-09-15
1,Bricked AI Launches AI Tool Eliminating Manual Real Estate Comping | Economic Policy Times,https://economicpolicytimes.com/article/882078978-bricked-ai-launches-ai-tool-eliminating-manual-real-estate-comping,https://bricked.ai/,Bricked AI,25,22,true,false,false,2026-03-31,2026-09-15
0,Business Archives - Page 1437 of 2416 - Aberdeen News - XPR,http://aberdeennews.xpr-gannett.com/press-release/story/category/business/page/1437/,https://bricked.ai/,Bricked AI,58,28,true,false,false,2026-02-20,2026-04-05
0,Business Archives - Page 1437 of 2416 - Aberdeen News - XPR,http://aberdeennews.xpr-gannett.com/press-release/story/category/business/page/1437/,https://bricked.ai/,https://bricked.ai,58,28,true,false,false,2026-02-20,2026-04-05
0,Business Archives - Page 1437 of 2416 - Aberdeen News - XPR,http://aberdeennews.xpr-gannett.com/press-release/story/category/business/page/1437/,https://bricked.ai/,real estate comping,58,28,true,false,false,2026-02-20,2026-04-05
0,Business Archives - Page 1437 of 2416 - Aberdeen News - XPR,http://aberdeennews.xpr-gannett.com/press-release/story/category/business/page/1437/,https://bricked.ai/discord,Other,58,28,false,false,false,2026-02-20,2026-04-05
0,Business Archives - Page 291 of 1270 - Aberdeen News - XPR,http://aberdeennews.xpr-gannett.com/press-release/story/category/business/page/291/,https://bricked.ai/,https://bricked.ai,87,28,true,false,false,2026-02-03,2026-03-07
0,Business Archives - Page 291 of 1270 - Aberdeen News - XPR,http://aberdeennews.xpr-gannett.com/press-release/story/category/business/page/291/,https://bricked.ai/,real estate comping,87,28,true,false,false,2026-02-03,2026-03-07
0,Business Archives - Page 291 of 1270 - Aberdeen News - XPR,http://aberdeennews.xpr-gannett.com/press-release/story/category/business/page/291/,https://bricked.ai/,Bricked AI,87,28,true,false,false,2026-02-03,2026-03-07
0,Business Archives - Page 291 of 1270 - Aberdeen News - XPR,http://aberdeennews.xpr-gannett.com/press-release/story/category/business/page/291/,https://bricked.ai/discord,Other,87,28,false,false,false,2026-02-03,2026-03-07
0,Business Archives - Page 308 of 1287 - Aberdeen News - XPR,http://aberdeennews.xpr-gannett.com/press-release/story/category/business/page/308/,https://bricked.ai/,Bricked AI,87,28,true,false,false,2026-02-08,2026-03-05
0,Business Archives - Page 308 of 1287 - Aberdeen News - XPR,http://aberdeennews.xpr-gannett.com/press-release/story/category/business/page/308/,https://bricked.ai/,https://bricked.ai,87,28,true,false,false,2026-02-08,2026-03-05
0,Business Archives - Page 308 of 1287 - Aberdeen News - XPR,http://aberdeennews.xpr-gannett.com/press-release/story/category/business/page/308/,https://bricked.ai/,real estate comping,87,28,true,false,false,2026-02-08,2026-03-05
0,Business Archives - Page 308 of 1287 - Aberdeen News - XPR,http://aberdeennews.xpr-gannett.com/press-release/story/category/business/page/308/,https://bricked.ai/discord,Other,87,28,false,false,false,2026-02-08,2026-03-05
0,Channels Archives - Page 138 of 240 - Aberdeen News - XPR,http://aberdeennews.xpr-gannett.com/press-release/story/category/channels/page/138/,https://bricked.ai/,https://bricked.ai,93,28,true,false,false,2026-02-14,2026-03-05
0,Channels Archives - Page 138 of 240 - Aberdeen News - XPR,http://aberdeennews.xpr-gannett.com/press-release/story/category/channels/page/138/,https://bricked.ai/,Bricked AI,93,28,true,false,false,2026-02-14,2026-03-05
0,Channels Archives - Page 138 of 240 - Aberdeen News - XPR,http://aberdeennews.xpr-gannett.com/press-release/story/category/channels/page/138/,https://bricked.ai/,real estate comping,93,28,true,false,false,2026-02-14,2026-03-05
0,Channels Archives - Page 138 of 240 - Aberdeen News - XPR,http://aberdeennews.xpr-gannett.com/press-release/story/category/channels/page/138/,https://bricked.ai/discord,Other,93,28,false,false,false,2026-02-14,2026-03-05
0,Channels Archives - Page 92 of 194 - Aberdeen News - XPR,http://aberdeennews.xpr-gannett.com/press-release/story/category/channels/page/92/,https://bricked.ai/,https://bricked.ai,92,28,true,false,false,2026-02-08,2026-03-09
0,Channels Archives - Page 92 of 194 - Aberdeen News - XPR,http://aberdeennews.xpr-gannett.com/press-release/story/category/channels/page/92/,https://bricked.ai/,Bricked AI,92,28,true,false,false,2026-02-08,2026-03-09
0,Channels Archives - Page 92 of 194 - Aberdeen News - XPR,http://aberdeennews.xpr-gannett.com/press-release/story/category/channels/page/92/,https://bricked.ai/discord,Other,92,28,false,false,false,2026-02-08,2026-03-09
0,Channels Archives - Page 92 of 194 - Aberdeen News - XPR,http://aberdeennews.xpr-gannett.com/press-release/story/category/channels/page/92/,https://bricked.ai/,real estate comping,92,28,true,false,false,2026-02-08,2026-03-09
0,Technology Archives - Page 67 of 146 - Aberdeen News - XPR,http://aberdeennews.xpr-gannett.com/press-release/story/category/channels/technology/page/67/,https://bricked.ai/,Bricked AI,85,28,true,false,false,2026-02-06,2026-04-05
0,Technology Archives - Page 67 of 146 - Aberdeen News - XPR,http://aberdeennews.xpr-gannett.com/press-release/story/category/channels/technology/page/67/,https://bricked.ai/,https://bricked.ai,85,28,true,false,false,2026-02-06,2026-04-05
0,Technology Archives - Page 67 of 146 - Aberdeen News - XPR,http://aberdeennews.xpr-gannett.com/press-release/story/category/channels/technology/page/67/,https://bricked.ai/,real estate comping,85,28,true,false,false,2026-02-06,2026-04-05
0,Technology Archives - Page 67 of 146 - Aberdeen News - XPR,http://aberdeennews.xpr-gannett.com/press-release/story/category/channels/technology/page/67/,https://bricked.ai/discord,Other,85,28,false,false,false,2026-02-06,2026-04-05
0,Technology Archives - Page 75 of 154 - Aberdeen News - XPR,http://aberdeennews.xpr-gannett.com/press-release/story/category/channels/technology/page/75/,https://bricked.ai/,Bricked AI,49,28,true,false,false,2026-02-11,2026-04-06
0,Technology Archives - Page 75 of 154 - Aberdeen News - XPR,http://aberdeennews.xpr-gannett.com/press-release/story/category/channels/technology/page/75/,https://bricked.ai/,https://bricked.ai,49,28,true,false,false,2026-02-11,2026-04-06
0,Technology Archives - Page 75 of 154 - Aberdeen News - XPR,http://aberdeennews.xpr-gannett.com/press-release/story/category/channels/technology/page/75/,https://bricked.ai/,real estate comping,49,28,true,false,false,2026-02-11,2026-04-06
0,Technology Archives - Page 75 of 154 - Aberdeen News - XPR,http://aberdeennews.xpr-gannett.com/press-release/story/category/channels/technology/page/75/,https://bricked.ai/discord,Other,49,28,false,false,false,2026-02-11,2026-04-06
0,EIN Presswire Archives - Page 1348 of 1621 - Aberdeen News - XPR,http://aberdeennews.xpr-gannett.com/press-release/story/category/partners/ein-presswire/page/1348/,https://bricked.ai/discord,Other,87,28,false,false,false,2026-02-22,2026-04-04
0,EIN Presswire Archives - Page 1348 of 1621 - Aberdeen News - XPR,http://aberdeennews.xpr-gannett.com/press-release/story/category/partners/ein-presswire/page/1348/,https://bricked.ai/,Bricked AI,87,28,true,false,false,2026-02-22,2026-04-04
0,EIN Presswire Archives - Page 1348 of 1621 - Aberdeen News - XPR,http://aberdeennews.xpr-gannett.com/press-release/story/category/partners/ein-presswire/page/1348/,https://bricked.ai/,https://bricked.ai,87,28,true,false,false,2026-02-22,2026-04-04
0,EIN Presswire Archives - Page 1348 of 1621 - Aberdeen News - XPR,http://aberdeennews.xpr-gannett.com/press-release/story/category/partners/ein-presswire/page/1348/,https://bricked.ai/,real estate comping,87,28,true,false,false,2026-02-22,2026-04-04
0,EIN Presswire Archives - Page 1357 of 1630 - Aberdeen News - XPR,http://aberdeennews.xpr-gannett.com/press-release/story/category/partners/ein-presswire/page/1357/,https://bricked.ai/,Bricked AI,57,28,true,false,false,2026-02-23,2026-04-05
0,EIN Presswire Archives - Page 1357 of 1630 - Aberdeen News - XPR,http://aberdeennews.xpr-gannett.com/press-release/story/category/partners/ein-presswire/page/1357/,https://bricked.ai/,https://bricked.ai,57,28,true,false,false,2026-02-23,2026-04-05
0,EIN Presswire Archives - Page 1357 of 1630 - Aberdeen News - XPR,http://aberdeennews.xpr-gannett.com/press-release/story/category/partners/ein-presswire/page/1357/,https://bricked.ai/,real estate comping,57,28,true,false,false,2026-02-23,2026-04-05
0,EIN Presswire Archives - Page 1357 of 1630 - Aberdeen News - XPR,http://aberdeennews.xpr-gannett.com/press-release/story/category/partners/ein-presswire/page/1357/,https://bricked.ai/discord,Other,57,28,false,false,false,2026-02-23,2026-04-05
0,Partners Archives - Page 445 of 1423 - Aberdeen News - XPR,http://aberdeennews.xpr-gannett.com/press-release/story/category/partners/page/445/,https://bricked.ai/discord,Other,94,28,false,false,false,2026-02-13,2026-03-05
0,Partners Archives - Page 445 of 1423 - Aberdeen News - XPR,http://aberdeennews.xpr-gannett.com/press-release/story/category/partners/page/445/,https://bricked.ai/,Bricked AI,94,28,true,false,false,2026-02-13,2026-03-05
0,Partners Archives - Page 445 of 1423 - Aberdeen News - XPR,http://aberdeennews.xpr-gannett.com/press-release/story/category/partners/page/445/,https://bricked.ai/,https://bricked.ai,94,28,true,false,false,2026-02-13,2026-03-05
0,Partners Archives - Page 445 of 1423 - Aberdeen News - XPR,http://aberdeennews.xpr-gannett.com/press-release/story/category/partners/page/445/,https://bricked.ai/,real estate comping,94,28,true,false,false,2026-02-13,2026-03-05
0,Press Releases Archives - Page 1438 of 2236 - Aberdeen News - XPR,http://aberdeennews.xpr-gannett.com/press-release/story/category/press-releases/page/1438/,https://bricked.ai/,Bricked AI,58,28,true,false,false,2026-02-20,2026-05-05
0,Press Releases Archives - Page 1438 of 2236 - Aberdeen News - XPR,http://aberdeennews.xpr-gannett.com/press-release/story/category/press-releases/page/1438/,https://bricked.ai/,real estate comping,58,28,true,false,false,2026-02-20,2026-05-05
0,Press Releases Archives - Page 1438 of 2236 - Aberdeen News - XPR,http://aberdeennews.xpr-gannett.com/press-release/story/category/press-releases/page/1438/,https://bricked.ai/,https://bricked.ai,58,28,true,false,false,2026-02-20,2026-05-05
0,Press Releases Archives - Page 1438 of 2236 - Aberdeen News - XPR,http://aberdeennews.xpr-gannett.com/press-release/story/category/press-releases/page/1438/,https://bricked.ai/discord,Other,58,28,false,false,false,2026-02-20,2026-05-05
0,Press Releases Archives - Page 291 of 1088 - Aberdeen News - XPR,http://aberdeennews.xpr-gannett.com/press-release/story/category/press-releases/page/291/,https://bricked.ai/,Bricked AI,57,28,true,false,false,2026-02-03,2026-03-09
0,Press Releases Archives - Page 291 of 1088 - Aberdeen News - XPR,http://aberdeennews.xpr-gannett.com/press-release/story/category/press-releases/page/291/,https://bricked.ai/,https://bricked.ai,57,28,true,false,false,2026-02-03,2026-03-09
0,Press Releases Archives - Page 291 of 1088 - Aberdeen News - XPR,http://aberdeennews.xpr-gannett.com/press-release/story/category/press-releases/page/291/,https://bricked.ai/,real estate comping,57,28,true,false,false,2026-02-03,2026-03-09
0,Press Releases Archives - Page 291 of 1088 - Aberdeen News - XPR,http://aberdeennews.xpr-gannett.com/press-release/story/category/press-releases/page/291/,https://bricked.ai/discord,Other,57,28,false,false,false,2026-02-03,2026-03-09
0,Press Releases Archives - Page 308 of 1105 - Aberdeen News - XPR,http://aberdeennews.xpr-gannett.com/press-release/story/category/press-releases/page/308/,https://bricked.ai/,Bricked AI,87,28,true,false,false,2026-02-08,2026-03-05
0,Press Releases Archives - Page 308 of 1105 - Aberdeen News - XPR,http://aberdeennews.xpr-gannett.com/press-release/story/category/press-releases/page/308/,https://bricked.ai/,https://bricked.ai,87,28,true,false,false,2026-02-08,2026-03-05
0,Press Releases Archives - Page 308 of 1105 - Aberdeen News - XPR,http://aberdeennews.xpr-gannett.com/press-release/story/category/press-releases/page/308/,https://bricked.ai/,real estate comping,87,28,true,false,false,2026-02-08,2026-03-05
0,Press Releases Archives - Page 308 of 1105 - Aberdeen News - XPR,http://aberdeennews.xpr-gannett.com/press-release/story/category/press-releases/page/308/,https://bricked.ai/discord,Other,87,28,false,false,false,2026-02-08,2026-03-05
0,Press Releases Archives - Page 344 of 1142 - Aberdeen News - XPR,http://aberdeennews.xpr-gannett.com/press-release/story/category/press-releases/page/344/,https://bricked.ai/,Bricked AI,56,28,true,false,false,2026-02-11,2026-04-09
0,Press Releases Archives - Page 344 of 1142 - Aberdeen News - XPR,http://aberdeennews.xpr-gannett.com/press-release/story/category/press-releases/page/344/,https://bricked.ai/,https://bricked.ai,56,28,true,false,false,2026-02-11,2026-04-09
0,Press Releases Archives - Page 344 of 1142 - Aberdeen News - XPR,http://aberdeennews.xpr-gannett.com/press-release/story/category/press-releases/page/344/,https://bricked.ai/,real estate comping,56,28,true,false,false,2026-02-11,2026-04-09
0,Press Releases Archives - Page 344 of 1142 - Aberdeen News - XPR,http://aberdeennews.xpr-gannett.com/press-release/story/category/press-releases/page/344/,https://bricked.ai/discord,Other,56,28,false,false,false,2026-02-11,2026-04-09
0,Business Archives - Page 1250 of 2167 - Amarillo Globe-News,http://amarillo.xpr-gannett.com/press-release/story/category/business/page/1250/,https://bricked.ai/discord,Other,59,28,false,false,false,2026-02-22,2026-04-05
0,Business Archives - Page 1250 of 2167 - Amarillo Globe-News,http://amarillo.xpr-gannett.com/press-release/story/category/business/page/1250/,https://bricked.ai/,https://bricked.ai,59,28,true,false,false,2026-02-22,2026-04-05
0,Business Archives - Page 1250 of 2167 - Amarillo Globe-News,http://amarillo.xpr-gannett.com/press-release/story/category/business/page/1250/,https://bricked.ai/,Bricked AI,59,28,true,false,false,2026-02-22,2026-04-05
0,Business Archives - Page 1250 of 2167 - Amarillo Globe-News,http://amarillo.xpr-gannett.com/press-release/story/category/business/page/1250/,https://bricked.ai/,real estate comping,59,28,true,false,false,2026-02-22,2026-04-05
0,Business Archives - Page 400 of 1317 - Amarillo Globe-News,http://amarillo.xpr-gannett.com/press-release/story/category/business/page/400/,https://bricked.ai/discord,Other,58,28,false,false,false,2026-02-13,2026-04-06
0,Business Archives - Page 400 of 1317 - Amarillo Globe-News,http://amarillo.xpr-gannett.com/press-release/story/category/business/page/400/,https://bricked.ai/,https://bricked.ai,58,28,true,false,false,2026-02-13,2026-04-06
0,Business Archives - Page 400 of 1317 - Amarillo Globe-News,http://amarillo.xpr-gannett.com/press-release/story/category/business/page/400/,https://bricked.ai/,Bricked AI,58,28,true,false,false,2026-02-13,2026-04-06
0,Business Archives - Page 400 of 1317 - Amarillo Globe-News,http://amarillo.xpr-gannett.com/press-release/story/category/business/page/400/,https://bricked.ai/,real estate comping,58,28,true,false,false,2026-02-13,2026-04-06
0,Channels Archives - Page 126 of 227 - Amarillo Globe-News,http://amarillo.xpr-gannett.com/press-release/story/category/channels/page/126/,https://bricked.ai/,https://bricked.ai,92,28,true,false,false,2026-02-19,2026-03-05
0,Channels Archives - Page 126 of 227 - Amarillo Globe-News,http://amarillo.xpr-gannett.com/press-release/story/category/channels/page/126/,https://bricked.ai/,Bricked AI,92,28,true,false,false,2026-02-19,2026-03-05
0,Channels Archives - Page 126 of 227 - Amarillo Globe-News,http://amarillo.xpr-gannett.com/press-release/story/category/channels/page/126/,https://bricked.ai/,real estate comping,92,28,true,false,false,2026-02-19,2026-03-05
0,Channels Archives - Page 126 of 227 - Amarillo Globe-News,http://amarillo.xpr-gannett.com/press-release/story/category/channels/page/126/,https://bricked.ai/discord,Other,92,28,false,false,false,2026-02-19,2026-03-05
0,Channels Archives - Page 89 of 191 - Amarillo Globe-News,http://amarillo.xpr-gannett.com/press-release/story/category/channels/page/89/,https://bricked.ai/,Bricked AI,89,28,true,false,false,2026-02-11,2026-03-08
0,Channels Archives - Page 89 of 191 - Amarillo Globe-News,http://amarillo.xpr-gannett.com/press-release/story/category/channels/page/89/,https://bricked.ai/,https://bricked.ai,89,28,true,false,false,2026-02-11,2026-03-08
0,Channels Archives - Page 89 of 191 - Amarillo Globe-News,http://amarillo.xpr-gannett.com/press-release/story/category/channels/page/89/,https://bricked.ai/,real estate comping,89,28,true,false,false,2026-02-11,2026-03-08
0,Channels Archives - Page 89 of 191 - Amarillo Globe-News,http://amarillo.xpr-gannett.com/press-release/story/category/channels/page/89/,https://bricked.ai/discord,Other,89,28,false,false,false,2026-02-11,2026-03-08
0,Technology Archives - Page 63 of 142 - Amarillo Globe-News,http://amarillo.xpr-gannett.com/press-release/story/category/channels/technology/page/63/,https://bricked.ai/,Bricked AI,82,28,true,false,false,2026-01-31,2026-03-05
0,Technology Archives - Page 63 of 142 - Amarillo Globe-News,http://amarillo.xpr-gannett.com/press-release/story/category/channels/technology/page/63/,https://bricked.ai/,https://bricked.ai,82,28,true,false,false,2026-01-31,2026-03-05
0,Technology Archives - Page 63 of 142 - Amarillo Globe-News,http://amarillo.xpr-gannett.com/press-release/story/category/channels/technology/page/63/,https://bricked.ai/,real estate comping,82,28,true,false,false,2026-01-31,2026-03-05
0,Technology Archives - Page 63 of 142 - Amarillo Globe-News,http://amarillo.xpr-gannett.com/press-release/story/category/channels/technology/page/63/,https://bricked.ai/discord,Other,82,28,false,false,false,2026-01-31,2026-03-05
0,Technology Archives - Page 72 of 150 - Amarillo Globe-News,http://amarillo.xpr-gannett.com/press-release/story/category/channels/technology/page/72/,https://bricked.ai/discord,Other,79,28,false,false,false,2026-02-11,2026-03-07
0,Technology Archives - Page 72 of 150 - Amarillo Globe-News,http://amarillo.xpr-gannett.com/press-release/story/category/channels/technology/page/72/,https://bricked.ai/,https://bricked.ai,79,28,true,false,false,2026-02-11,2026-03-07
0,Technology Archives - Page 72 of 150 - Amarillo Globe-News,http://amarillo.xpr-gannett.com/press-release/story/category/channels/technology/page/72/,https://bricked.ai/,Bricked AI,79,28,true,false,false,2026-02-11,2026-03-07
0,Technology Archives - Page 72 of 150 - Amarillo Globe-News,http://amarillo.xpr-gannett.com/press-release/story/category/channels/technology/page/72/,https://bricked.ai/,real estate comping,79,28,true,false,false,2026-02-11,2026-03-07
0,Technology Archives - Page 95 of 173 - Amarillo Globe-News,http://amarillo.xpr-gannett.com/press-release/story/category/channels/technology/page/95/,https://bricked.ai/discord,Other,79,28,false,false,false,2026-02-17,2026-03-08
0,Technology Archives - Page 95 of 173 - Amarillo Globe-News,http://amarillo.xpr-gannett.com/press-release/story/category/channels/technology/page/95/,https://bricked.ai/,https://bricked.ai,79,28,true,false,false,2026-02-17,2026-03-08
0,Technology Archives - Page 95 of 173 - Amarillo Globe-News,http://amarillo.xpr-gannett.com/press-release/story/category/channels/technology/page/95/,https://bricked.ai/,real estate comping,79,28,true,false,false,2026-02-17,2026-03-08
0,Technology Archives - Page 95 of 173 - Amarillo Globe-News,http://amarillo.xpr-gannett.com/press-release/story/category/channels/technology/page/95/,https://bricked.ai/,Bricked AI,79,28,true,false,false,2026-02-17,2026-03-08
0,Partners Archives - Page 420 of 1337 - Amarillo Globe-News,http://amarillo.xpr-gannett.com/press-release/story/category/partners/page/420/,https://bricked.ai/,Bricked AI,53,28,true,false,false,2026-02-19,2026-03-05
0,Partners Archives - Page 420 of 1337 - Amarillo Globe-News,http://amarillo.xpr-gannett.com/press-release/story/category/partners/page/420/,https://bricked.ai/,https://bricked.ai,53,28,true,false,false,2026-02-19,2026-03-05
0,Partners Archives - Page 420 of 1337 - Amarillo Globe-News,http://amarillo.xpr-gannett.com/press-release/story/category/partners/page/420/,https://bricked.ai/,real estate comping,53,28,true,false,false,2026-02-19,2026-03-05
0,Partners Archives - Page 420 of 1337 - Amarillo Globe-News,http://amarillo.xpr-gannett.com/press-release/story/category/partners/page/420/,https://bricked.ai/discord,Other,53,28,false,false,false,2026-02-19,2026-03-05
0,Press Releases Archives - Page 267 of 1064 - Amarillo Globe-News,http://amarillo.xpr-gannett.com/press-release/story/category/press-releases/page/267/,https://bricked.ai/,Bricked AI,87,28,true,false,false,2026-02-03,2026-03-08
0,Press Releases Archives - Page 267 of 1064 - Amarillo Globe-News,http://amarillo.xpr-gannett.com/press-release/story/category/press-releases/page/267/,https://bricked.ai/,https://bricked.ai,87,28,true,false,false,2026-02-03,2026-03-08
0,Press Releases Archives - Page 267 of 1064 - Amarillo Globe-News,http://amarillo.xpr-gannett.com/press-release/story/category/press-releases/page/267/,https://bricked.ai/,real estate comping,87,28,true,false,false,2026-02-03,2026-03-08
0,Press Releases Archives - Page 267 of 1064 - Amarillo Globe-News,http://amarillo.xpr-gannett.com/press-release/story/category/press-releases/page/267/,https://bricked.ai/discord,Other,87,28,false,false,false,2026-02-03,2026-03-08
0,Press Releases Archives - Page 276 of 1073 - Amarillo Globe-News,http://amarillo.xpr-gannett.com/press-release/story/category/press-releases/page/276/,https://bricked.ai/,Bricked AI,92,28,true,false,false,2026-02-08,2026-03-08
0,Press Releases Archives - Page 276 of 1073 - Amarillo Globe-News,http://amarillo.xpr-gannett.com/press-release/story/category/press-releases/page/276/,https://bricked.ai/,https://bricked.ai,92,28,true,false,false,2026-02-08,2026-03-08
0,Press Releases Archives - Page 276 of 1073 - Amarillo Globe-News,http://amarillo.xpr-gannett.com/press-release/story/category/press-releases/page/276/,https://bricked.ai/,real estate comping,92,28,true,false,false,2026-02-08,2026-03-08
0,Press Releases Archives - Page 276 of 1073 - Amarillo Globe-News,http://amarillo.xpr-gannett.com/press-release/story/category/press-releases/page/276/,https://bricked.ai/discord,Other,92,28,false,false,false,2026-02-08,2026-03-08
0,Press Releases Archives - Page 400 of 1197 - Amarillo Globe-News,http://amarillo.xpr-gannett.com/press-release/story/category/press-releases/page/400/,https://bricked.ai/,Bricked AI,87,28,true,false,false,2026-02-13,2026-03-05
0,Press Releases Archives - Page 400 of 1197 - Amarillo Globe-News,http://amarillo.xpr-gannett.com/press-release/story/category/press-releases/page/400/,https://bricked.ai/,https://bricked.ai,87,28,true,false,false,2026-02-13,2026-03-05
0,Press Releases Archives - Page 400 of 1197 - Amarillo Globe-News,http://amarillo.xpr-gannett.com/press-release/story/category/press-releases/page/400/,https://bricked.ai/,real estate comping,87,28,true,false,false,2026-02-13,2026-03-05
0,Press Releases Archives - Page 400 of 1197 - Amarillo Globe-News,http://amarillo.xpr-gannett.com/press-release/story/category/press-releases/page/400/,https://bricked.ai/discord,Other,87,28,false,false,false,2026-02-13,2026-03-05
0,Business Archives - Page 1517 of 2421 - App.com | Asbury Park Press,http://app.xpr-gannett.com/press-release/story/category/business/page/1517/,https://bricked.ai/,Bricked AI,91,28,true,false,false,2026-02-22,2026-05-05
0,Business Archives - Page 1517 of 2421 - App.com | Asbury Park Press,http://app.xpr-gannett.com/press-release/story/category/business/page/1517/,https://bricked.ai/,https://bricked.ai,91,28,true,false,false,2026-02-22,2026-05-05
0,Business Archives - Page 1517 of 2421 - App.com | Asbury Park Press,http://app.xpr-gannett.com/press-release/story/category/business/page/1517/,https://bricked.ai/,real estate comping,91,28,true,false,false,2026-02-22,2026-05-05
0,Business Archives - Page 1517 of 2421 - App.com | Asbury Park Press,http://app.xpr-gannett.com/press-release/story/category/business/page/1517/,https://bricked.ai/discord,Other,91,28,false,false,false,2026-02-22,2026-05-05
0,Business Archives - Page 229 of 1133 - App.com | Asbury Park Press,http://app.xpr-gannett.com/press-release/story/category/business/page/229/,https://bricked.ai/,Bricked AI,91,28,true,false,false,2026-02-05,2026-05-05
0,Business Archives - Page 229 of 1133 - App.com | Asbury Park Press,http://app.xpr-gannett.com/press-release/story/category/business/page/229/,https://bricked.ai/,real estate comping,91,28,true,false,false,2026-02-05,2026-05-05
0,Business Archives - Page 229 of 1133 - App.com | Asbury Park Press,http://app.xpr-gannett.com/press-release/story/category/business/page/229/,https://bricked.ai/,https://bricked.ai,91,28,true,false,false,2026-02-05,2026-05-05
0,Business Archives - Page 229 of 1133 - App.com | Asbury Park Press,http://app.xpr-gannett.com/press-release/story/category/business/page/229/,https://bricked.ai/discord,Other,91,28,false,false,false,2026-02-05,2026-05-05
0,Business Archives - Page 236 of 1139 - App.com | Asbury Park Press,http://app.xpr-gannett.com/press-release/story/category/business/page/236/,https://bricked.ai/,Bricked AI,101,28,true,false,false,2026-02-08,2026-03-08
0,Business Archives - Page 236 of 1139 - App.com | Asbury Park Press,http://app.xpr-gannett.com/press-release/story/category/business/page/236/,https://bricked.ai/,https://bricked.ai,101,28,true,false,false,2026-02-08,2026-03-08
0,Business Archives - Page 236 of 1139 - App.com | Asbury Park Press,http://app.xpr-gannett.com/press-release/story/category/business/page/236/,https://bricked.ai/,real estate comping,101,28,true,false,false,2026-02-08,2026-03-08
0,Business Archives - Page 236 of 1139 - App.com | Asbury Park Press,http://app.xpr-gannett.com/press-release/story/category/business/page/236/,https://bricked.ai/discord,Other,101,28,false,false,false,2026-02-08,2026-03-08
0,Business Archives - Page 257 of 1161 - App.com | Asbury Park Press,http://app.xpr-gannett.com/press-release/story/category/business/page/257/,https://bricked.ai/discord,Other,91,28,false,false,false,2026-02-11,2026-05-04
0,Business Archives - Page 257 of 1161 - App.com | Asbury Park Press,http://app.xpr-gannett.com/press-release/story/category/business/page/257/,https://bricked.ai/,Bricked AI,91,28,true,false,false,2026-02-11,2026-05-04
0,Business Archives - Page 257 of 1161 - App.com | Asbury Park Press,http://app.xpr-gannett.com/press-release/story/category/business/page/257/,https://bricked.ai/,https://bricked.ai,91,28,true,false,false,2026-02-11,2026-05-04
0,Business Archives - Page 257 of 1161 - App.com | Asbury Park Press,http://app.xpr-gannett.com/press-release/story/category/business/page/257/,https://bricked.ai/,real estate comping,91,28,true,false,false,2026-02-11,2026-05-04
0,Business Archives - Page 293 of 1197 - App.com | Asbury Park Press,http://app.xpr-gannett.com/press-release/story/category/business/page/293/,https://bricked.ai/,Bricked AI,101,28,true,false,false,2026-02-14,2026-03-09
0,Business Archives - Page 293 of 1197 - App.com | Asbury Park Press,http://app.xpr-gannett.com/press-release/story/category/business/page/293/,https://bricked.ai/,https://bricked.ai,101,28,true,false,false,2026-02-14,2026-03-09
0,Business Archives - Page 293 of 1197 - App.com | Asbury Park Press,http://app.xpr-gannett.com/press-release/story/category/business/page/293/,https://bricked.ai/,real estate comping,101,28,true,false,false,2026-02-14,2026-03-09
0,Business Archives - Page 293 of 1197 - App.com | Asbury Park Press,http://app.xpr-gannett.com/press-release/story/category/business/page/293/,https://bricked.ai/discord,Other,101,28,false,false,false,2026-02-14,2026-03-09
0,Technology Archives - Page 245 of 326 - App.com | Asbury Park Press,http://app.xpr-gannett.com/press-release/story/category/channels/technology/page/245/,https://bricked.ai/discord,Other,49,28,false,false,false,2026-02-19,2026-03-08
0,Technology Archives - Page 245 of 326 - App.com | Asbury Park Press,http://app.xpr-gannett.com/press-release/story/category/channels/technology/page/245/,https://bricked.ai/,Bricked AI,49,28,true,false,false,2026-02-19,2026-03-08
0,Technology Archives - Page 245 of 326 - App.com | Asbury Park Press,http://app.xpr-gannett.com/press-release/story/category/channels/technology/page/245/,https://bricked.ai/,https://bricked.ai,49,28,true,false,false,2026-02-19,2026-03-08
0,Technology Archives - Page 245 of 326 - App.com | Asbury Park Press,http://app.xpr-gannett.com/press-release/story/category/channels/technology/page/245/,https://bricked.ai/,real estate comping,49,28,true,false,false,2026-02-19,2026-03-08
0,Technology Archives - Page 56 of 137 - App.com | Asbury Park Press,http://app.xpr-gannett.com/press-release/story/category/channels/technology/page/56/,https://bricked.ai/discord,Other,49,28,false,false,false,2026-02-06,2026-03-06
0,Technology Archives - Page 56 of 137 - App.com | Asbury Park Press,http://app.xpr-gannett.com/press-release/story/category/channels/technology/page/56/,https://bricked.ai/,real estate comping,49,28,true,false,false,2026-02-06,2026-03-06
0,Technology Archives - Page 56 of 137 - App.com | Asbury Park Press,http://app.xpr-gannett.com/press-release/story/category/channels/technology/page/56/,https://bricked.ai/,Bricked AI,49,28,true,false,false,2026-02-06,2026-03-06
0,Technology Archives - Page 56 of 137 - App.com | Asbury Park Press,http://app.xpr-gannett.com/press-release/story/category/channels/technology/page/56/,https://bricked.ai/,https://bricked.ai,49,28,true,false,false,2026-02-06,2026-03-06
0,Technology Archives - Page 57 of 137 - App.com | Asbury Park Press,http://app.xpr-gannett.com/press-release/story/category/channels/technology/page/57/,https://bricked.ai/discord,Other,78,28,false,false,false,2026-02-08,2026-03-07
0,Technology Archives - Page 57 of 137 - App.com | Asbury Park Press,http://app.xpr-gannett.com/press-release/story/category/channels/technology/page/57/,https://bricked.ai/,Bricked AI,78,28,true,false,false,2026-02-08,2026-03-07
0,Technology Archives - Page 57 of 137 - App.com | Asbury Park Press,http://app.xpr-gannett.com/press-release/story/category/channels/technology/page/57/,https://bricked.ai/,https://bricked.ai,78,28,true,false,false,2026-02-08,2026-03-07
0,Technology Archives - Page 57 of 137 - App.com | Asbury Park Press,http://app.xpr-gannett.com/press-release/story/category/channels/technology/page/57/,https://bricked.ai/,real estate comping,78,28,true,false,false,2026-02-08,2026-03-07
0,Technology Archives - Page 60 of 141 - App.com | Asbury Park Press,http://app.xpr-gannett.com/press-release/story/category/channels/technology/page/60/,https://bricked.ai/,Bricked AI,85,28,true,false,false,2026-02-11,2026-03-06
0,Technology Archives - Page 60 of 141 - App.com | Asbury Park Press,http://app.xpr-gannett.com/press-release/story/category/channels/technology/page/60/,https://bricked.ai/,https://bricked.ai,85,28,true,false,false,2026-02-11,2026-03-06
0,Technology Archives - Page 60 of 141 - App.com | Asbury Park Press,http://app.xpr-gannett.com/press-release/story/category/channels/technology/page/60/,https://bricked.ai/,real estate comping,85,28,true,false,false,2026-02-11,2026-03-06
0,Technology Archives - Page 60 of 141 - App.com | Asbury Park Press,http://app.xpr-gannett.com/press-release/story/category/channels/technology/page/60/,https://bricked.ai/discord,Other,85,28,false,false,false,2026-02-11,2026-03-06
0,Partners Archives - Page 236 of 1139 - App.com | Asbury Park Press,http://app.xpr-gannett.com/press-release/story/category/partners/page/236/,https://bricked.ai/discord,Other,91,28,false,false,false,2026-02-08,2026-03-05
0,Partners Archives - Page 236 of 1139 - App.com | Asbury Park Press,http://app.xpr-gannett.com/press-release/story/category/partners/page/236/,https://bricked.ai/,Bricked AI,91,28,true,false,false,2026-02-08,2026-03-05
0,Partners Archives - Page 236 of 1139 - App.com | Asbury Park Press,http://app.xpr-gannett.com/press-release/story/category/partners/page/236/,https://bricked.ai/,https://bricked.ai,91,28,true,false,false,2026-02-08,2026-03-05
0,Partners Archives - Page 236 of 1139 - App.com | Asbury Park Press,http://app.xpr-gannett.com/press-release/story/category/partners/page/236/,https://bricked.ai/,real estate comping,91,28,true,false,false,2026-02-08,2026-03-05
0,Press Releases Archives - Page 226 of 986 - App.com | Asbury Park Press,http://app.xpr-gannett.com/press-release/story/category/press-releases/page/226/,https://bricked.ai/discord,Other,91,28,false,false,false,2026-02-03,2026-03-05
0,Press Releases Archives - Page 226 of 986 - App.com | Asbury Park Press,http://app.xpr-gannett.com/press-release/story/category/press-releases/page/226/,https://bricked.ai/,https://bricked.ai,91,28,true,false,false,2026-02-03,2026-03-05
0,Press Releases Archives - Page 226 of 986 - App.com | Asbury Park Press,http://app.xpr-gannett.com/press-release/story/category/press-releases/page/226/,https://bricked.ai/,real estate comping,91,28,true,false,false,2026-02-03,2026-03-05
0,Press Releases Archives - Page 226 of 986 - App.com | Asbury Park Press,http://app.xpr-gannett.com/press-release/story/category/press-releases/page/226/,https://bricked.ai/,Bricked AI,91,28,true,false,false,2026-02-03,2026-03-05
0,Press Releases Archives - Page 236 of 996 - App.com | Asbury Park Press,http://app.xpr-gannett.com/press-release/story/category/press-releases/page/236/,https://bricked.ai/discord,Other,101,28,false,false,false,2026-02-08,2026-04-06
0,Press Releases Archives - Page 236 of 996 - App.com | Asbury Park Press,http://app.xpr-gannett.com/press-release/story/category/press-releases/page/236/,https://bricked.ai/,Bricked AI,101,28,true,false,false,2026-02-08,2026-04-06
0,Press Releases Archives - Page 236 of 996 - App.com | Asbury Park Press,http://app.xpr-gannett.com/press-release/story/category/press-releases/page/236/,https://bricked.ai/,https://bricked.ai,101,28,true,false,false,2026-02-08,2026-04-06
0,Press Releases Archives - Page 236 of 996 - App.com | Asbury Park Press,http://app.xpr-gannett.com/press-release/story/category/press-releases/page/236/,https://bricked.ai/,real estate comping,101,28,true,false,false,2026-02-08,2026-04-06
0,Press Releases Archives - Page 639 of 1399 - App.com | Asbury Park Press,http://app.xpr-gannett.com/press-release/story/category/press-releases/page/639/,https://bricked.ai/discord,Other,59,28,false,false,false,2026-02-16,2026-03-07
0,Press Releases Archives - Page 639 of 1399 - App.com | Asbury Park Press,http://app.xpr-gannett.com/press-release/story/category/press-releases/page/639/,https://bricked.ai/,real estate comping,59,28,true,false,false,2026-02-16,2026-03-07
0,Press Releases Archives - Page 639 of 1399 - App.com | Asbury Park Press,http://app.xpr-gannett.com/press-release/story/category/press-releases/page/639/,https://bricked.ai/,Bricked AI,59,28,true,false,false,2026-02-16,2026-03-07
0,Press Releases Archives - Page 639 of 1399 - App.com | Asbury Park Press,http://app.xpr-gannett.com/press-release/story/category/press-releases/page/639/,https://bricked.ai/,https://bricked.ai,59,28,true,false,false,2026-02-16,2026-03-07
0,Press Releases Archives - Page 701 of 1461 - App.com | Asbury Park Press,http://app.xpr-gannett.com/press-release/story/category/press-releases/page/701/,https://bricked.ai/discord,Other,58,28,false,false,false,2026-02-16,2026-04-08
0,Press Releases Archives - Page 701 of 1461 - App.com | Asbury Park Press,http://app.xpr-gannett.com/press-release/story/category/press-releases/page/701/,https://bricked.ai/,https://bricked.ai,58,28,true,false,false,2026-02-16,2026-04-08
0,Press Releases Archives - Page 701 of 1461 - App.com | Asbury Park Press,http://app.xpr-gannett.com/press-release/story/category/press-releases/page/701/,https://bricked.ai/,real estate comping,58,28,true,false,false,2026-02-16,2026-04-08
0,Press Releases Archives - Page 701 of 1461 - App.com | Asbury Park Press,http://app.xpr-gannett.com/press-release/story/category/press-releases/page/701/,https://bricked.ai/,Bricked AI,58,28,true,false,false,2026-02-16,2026-04-08
0,Business Archives - Page 601 of 1615 - The Augusta Chronicle - XPR,http://augustachronicle.xpr-gannett.com/press-release/story/category/business/page/601/,https://bricked.ai/,Bricked AI,59,28,true,false,false,2026-02-05,2026-04-06
0,Business Archives - Page 601 of 1615 - The Augusta Chronicle - XPR,http://augustachronicle.xpr-gannett.com/press-release/story/category/business/page/601/,https://bricked.ai/,https://bricked.ai,59,28,true,false,false,2026-02-05,2026-04-06
0,Business Archives - Page 601 of 1615 - The Augusta Chronicle - XPR,http://augustachronicle.xpr-gannett.com/press-release/story/category/business/page/601/,https://bricked.ai/,real estate comping,59,28,true,false,false,2026-02-05,2026-04-06
0,Business Archives - Page 601 of 1615 - The Augusta Chronicle - XPR,http://augustachronicle.xpr-gannett.com/press-release/story/category/business/page/601/,https://bricked.ai/discord,Other,59,28,false,false,false,2026-02-05,2026-04-06
0,Business Archives - Page 735 of 1748 - The Augusta Chronicle - XPR,http://augustachronicle.xpr-gannett.com/press-release/story/category/business/page/735/,https://bricked.ai/,Bricked AI,91,28,true,false,false,2026-02-14,2026-04-06
0,Business Archives - Page 735 of 1748 - The Augusta Chronicle - XPR,http://augustachronicle.xpr-gannett.com/press-release/story/category/business/page/735/,https://bricked.ai/,https://bricked.ai,91,28,true,false,false,2026-02-14,2026-04-06
0,Business Archives - Page 735 of 1748 - The Augusta Chronicle - XPR,http://augustachronicle.xpr-gannett.com/press-release/story/category/business/page/735/,https://bricked.ai/,real estate comping,91,28,true,false,false,2026-02-14,2026-04-06
0,Business Archives - Page 735 of 1748 - The Augusta Chronicle - XPR,http://augustachronicle.xpr-gannett.com/press-release/story/category/business/page/735/,https://bricked.ai/discord,Other,91,28,false,false,false,2026-02-14,2026-04-06
0,Channels Archives - Page 191 of 292 - The Augusta Chronicle - XPR,http://augustachronicle.xpr-gannett.com/press-release/story/category/channels/page/191/,https://bricked.ai/,Bricked AI,85,28,true,false,false,2026-02-12,2026-03-07
0,Channels Archives - Page 191 of 292 - The Augusta Chronicle - XPR,http://augustachronicle.xpr-gannett.com/press-release/story/category/channels/page/191/,https://bricked.ai/,https://bricked.ai,85,28,true,false,false,2026-02-12,2026-03-07
0,Channels Archives - Page 191 of 292 - The Augusta Chronicle - XPR,http://augustachronicle.xpr-gannett.com/press-release/story/category/channels/page/191/,https://bricked.ai/,real estate comping,85,28,true,false,false,2026-02-12,2026-03-07
0,Channels Archives - Page 191 of 292 - The Augusta Chronicle - XPR,http://augustachronicle.xpr-gannett.com/press-release/story/category/channels/page/191/,https://bricked.ai/discord,Other,85,28,false,false,false,2026-02-12,2026-03-07
0,Channels Archives - Page 224 of 325 - The Augusta Chronicle - XPR,http://augustachronicle.xpr-gannett.com/press-release/story/category/channels/page/224/,https://bricked.ai/discord,Other,92,28,false,false,false,2026-02-14,2026-03-05
0,Channels Archives - Page 224 of 325 - The Augusta Chronicle - XPR,http://augustachronicle.xpr-gannett.com/press-release/story/category/channels/page/224/,https://bricked.ai/,Bricked AI,92,28,true,false,false,2026-02-14,2026-03-05
0,Channels Archives - Page 224 of 325 - The Augusta Chronicle - XPR,http://augustachronicle.xpr-gannett.com/press-release/story/category/channels/page/224/,https://bricked.ai/,https://bricked.ai,92,28,true,false,false,2026-02-14,2026-03-05
0,Channels Archives - Page 224 of 325 - The Augusta Chronicle - XPR,http://augustachronicle.xpr-gannett.com/press-release/story/category/channels/page/224/,https://bricked.ai/,real estate comping,92,28,true,false,false,2026-02-14,2026-03-05
0,Channels Archives - Page 448 of 549 - The Augusta Chronicle - XPR,http://augustachronicle.xpr-gannett.com/press-release/story/category/channels/page/448/,https://bricked.ai/discord,Other,83,28,false,false,false,2026-02-22,2026-04-05
0,Channels Archives - Page 448 of 549 - The Augusta Chronicle - XPR,http://augustachronicle.xpr-gannett.com/press-release/story/category/channels/page/448/,https://bricked.ai/,Bricked AI,83,28,true,false,false,2026-02-22,2026-04-05
0,Channels Archives - Page 448 of 549 - The Augusta Chronicle - XPR,http://augustachronicle.xpr-gannett.com/press-release/story/category/channels/page/448/,https://bricked.ai/,real estate comping,83,28,true,false,false,2026-02-22,2026-04-05
0,Channels Archives - Page 448 of 549 - The Augusta Chronicle - XPR,http://augustachronicle.xpr-gannett.com/press-release/story/category/channels/page/448/,https://bricked.ai/,https://bricked.ai,83,28,true,false,false,2026-02-22,2026-04-05
0,Technology Archives - Page 153 of 232 - The Augusta Chronicle - XPR,http://augustachronicle.xpr-gannett.com/press-release/story/category/channels/technology/page/153/,https://bricked.ai/,Bricked AI,75,28,true,false,false,2026-02-12,2026-04-05
0,Technology Archives - Page 153 of 232 - The Augusta Chronicle - XPR,http://augustachronicle.xpr-gannett.com/press-release/story/category/channels/technology/page/153/,https://bricked.ai/,https://bricked.ai,75,28,true,false,false,2026-02-12,2026-04-05
0,Technology Archives - Page 153 of 232 - The Augusta Chronicle - XPR,http://augustachronicle.xpr-gannett.com/press-release/story/category/channels/technology/page/153/,https://bricked.ai/,real estate comping,75,28,true,false,false,2026-02-12,2026-04-05
0,Technology Archives - Page 153 of 232 - The Augusta Chronicle - XPR,http://augustachronicle.xpr-gannett.com/press-release/story/category/channels/technology/page/153/,https://bricked.ai/discord,Other,75,28,false,false,false,2026-02-12,2026-04-05
0,Partners Archives - Page 1287 of 2300 - The Augusta Chronicle - XPR,http://augustachronicle.xpr-gannett.com/press-release/story/category/partners/page/1287/,https://bricked.ai/discord,Other,87,28,false,false,false,2026-02-16,2026-04-05
0,Partners Archives - Page 1287 of 2300 - The Augusta Chronicle - XPR,http://augustachronicle.xpr-gannett.com/press-release/story/category/partners/page/1287/,https://bricked.ai/,Bricked AI,87,28,true,false,false,2026-02-16,2026-04-05
0,Partners Archives - Page 1287 of 2300 - The Augusta Chronicle - XPR,http://augustachronicle.xpr-gannett.com/press-release/story/category/partners/page/1287/,https://bricked.ai/,https://bricked.ai,87,28,true,false,false,2026-02-16,2026-04-05
0,Partners Archives - Page 1287 of 2300 - The Augusta Chronicle - XPR,http://augustachronicle.xpr-gannett.com/press-release/story/category/partners/page/1287/,https://bricked.ai/,real estate comping,87,28,true,false,false,2026-02-16,2026-04-05
0,Partners Archives - Page 1294 of 2308 - The Augusta Chronicle - XPR,http://augustachronicle.xpr-gannett.com/press-release/story/category/partners/page/1294/,https://bricked.ai/,Bricked AI,54,28,true,false,false,2026-02-17,2026-04-05
0,Partners Archives - Page 1294 of 2308 - The Augusta Chronicle - XPR,http://augustachronicle.xpr-gannett.com/press-release/story/category/partners/page/1294/,https://bricked.ai/,https://bricked.ai,54,28,true,false,false,2026-02-17,2026-04-05
0,Partners Archives - Page 1294 of 2308 - The Augusta Chronicle - XPR,http://augustachronicle.xpr-gannett.com/press-release/story/category/partners/page/1294/,https://bricked.ai/,real estate comping,54,28,true,false,false,2026-02-17,2026-04-05
0,Partners Archives - Page 1294 of 2308 - The Augusta Chronicle - XPR,http://augustachronicle.xpr-gannett.com/press-release/story/category/partners/page/1294/,https://bricked.ai/discord,Other,54,28,false,false,false,2026-02-17,2026-04-05
0,Partners Archives - Page 1296 of 2309 - The Augusta Chronicle - XPR,http://augustachronicle.xpr-gannett.com/press-release/story/category/partners/page/1296/,https://bricked.ai/,Bricked AI,87,28,true,false,false,2026-02-17,2026-04-05
0,Partners Archives - Page 1296 of 2309 - The Augusta Chronicle - XPR,http://augustachronicle.xpr-gannett.com/press-release/story/category/partners/page/1296/,https://bricked.ai/,https://bricked.ai,87,28,true,false,false,2026-02-17,2026-04-05
0,Partners Archives - Page 1296 of 2309 - The Augusta Chronicle - XPR,http://augustachronicle.xpr-gannett.com/press-release/story/category/partners/page/1296/,https://bricked.ai/,real estate comping,87,28,true,false,false,2026-02-17,2026-04-05
0,Partners Archives - Page 1296 of 2309 - The Augusta Chronicle - XPR,http://augustachronicle.xpr-gannett.com/press-release/story/category/partners/page/1296/,https://bricked.ai/discord,Other,87,28,false,false,false,2026-02-17,2026-04-05
0,Press Releases Archives - Page 594 of 1393 - The Augusta Chronicle - XPR,http://augustachronicle.xpr-gannett.com/press-release/story/category/press-releases/page/594/,https://bricked.ai/discord,Other,59,28,false,false,false,2026-02-04,2026-03-05
0,Press Releases Archives - Page 594 of 1393 - The Augusta Chronicle - XPR,http://augustachronicle.xpr-gannett.com/press-release/story/category/press-releases/page/594/,https://bricked.ai/,Bricked AI,59,28,true,false,false,2026-02-04,2026-03-05
0,Press Releases Archives - Page 594 of 1393 - The Augusta Chronicle - XPR,http://augustachronicle.xpr-gannett.com/press-release/story/category/press-releases/page/594/,https://bricked.ai/,https://bricked.ai,59,28,true,false,false,2026-02-04,2026-03-05
0,Press Releases Archives - Page 594 of 1393 - The Augusta Chronicle - XPR,http://augustachronicle.xpr-gannett.com/press-release/story/category/press-releases/page/594/,https://bricked.ai/,real estate comping,59,28,true,false,false,2026-02-04,2026-03-05
0,Press Releases Archives - Page 674 of 1472 - The Augusta Chronicle - XPR,http://augustachronicle.xpr-gannett.com/press-release/story/category/press-releases/page/674/,https://bricked.ai/,Bricked AI,85,28,true,false,false,2026-02-12,2026-05-05
0,Press Releases Archives - Page 674 of 1472 - The Augusta Chronicle - XPR,http://augustachronicle.xpr-gannett.com/press-release/story/category/press-releases/page/674/,https://bricked.ai/,https://bricked.ai,85,28,true,false,false,2026-02-12,2026-05-05
0,Press Releases Archives - Page 674 of 1472 - The Augusta Chronicle - XPR,http://augustachronicle.xpr-gannett.com/press-release/story/category/press-releases/page/674/,https://bricked.ai/,real estate comping,85,28,true,false,false,2026-02-12,2026-05-05
0,Press Releases Archives - Page 674 of 1472 - The Augusta Chronicle - XPR,http://augustachronicle.xpr-gannett.com/press-release/story/category/press-releases/page/674/,https://bricked.ai/discord,Other,85,28,false,false,false,2026-02-12,2026-05-05
0,Business Archives - Page 438 of 1340 - AZCentral | The Arizona Republic - Press Release,http://azcentral.xpr-gannett.com/press-release/story/category/business/page/438/,https://bricked.ai/discord,Other,59,28,false,false,false,2026-02-08,2026-03-04
0,Business Archives - Page 438 of 1340 - AZCentral | The Arizona Republic - Press Release,http://azcentral.xpr-gannett.com/press-release/story/category/business/page/438/,https://bricked.ai/,Bricked AI,59,28,true,false,false,2026-02-08,2026-03-04
0,Business Archives - Page 438 of 1340 - AZCentral | The Arizona Republic - Press Release,http://azcentral.xpr-gannett.com/press-release/story/category/business/page/438/,https://bricked.ai/,https://bricked.ai,59,28,true,false,false,2026-02-08,2026-03-04
0,Business Archives - Page 438 of 1340 - AZCentral | The Arizona Republic - Press Release,http://azcentral.xpr-gannett.com/press-release/story/category/business/page/438/,https://bricked.ai/,real estate comping,59,28,true,false,false,2026-02-08,2026-03-04
0,Business Archives - Page 500 of 1402 - AZCentral | The Arizona Republic - Press Release,http://azcentral.xpr-gannett.com/press-release/story/category/business/page/500/,https://bricked.ai/,Bricked AI,97,28,true,false,false,2026-02-14,2026-03-05
0,Business Archives - Page 500 of 1402 - AZCentral | The Arizona Republic - Press Release,http://azcentral.xpr-gannett.com/press-release/story/category/business/page/500/,https://bricked.ai/,https://bricked.ai,97,28,true,false,false,2026-02-14,2026-03-05
0,Business Archives - Page 500 of 1402 - AZCentral | The Arizona Republic - Press Release,http://azcentral.xpr-gannett.com/press-release/story/category/business/page/500/,https://bricked.ai/,real estate comping,97,28,true,false,false,2026-02-14,2026-03-05
0,Business Archives - Page 500 of 1402 - AZCentral | The Arizona Republic - Press Release,http://azcentral.xpr-gannett.com/press-release/story/category/business/page/500/,https://bricked.ai/discord,Other,97,28,false,false,false,2026-02-14,2026-03-05
0,Channels Archives - Page 129 of 237 - AZCentral | The Arizona Republic - Press Release,http://azcentral.xpr-gannett.com/press-release/story/category/channels/page/129/,https://bricked.ai/discord,Other,100,28,false,false,false,2026-02-03,2026-03-05
0,Channels Archives - Page 129 of 237 - AZCentral | The Arizona Republic - Press Release,http://azcentral.xpr-gannett.com/press-release/story/category/channels/page/129/,https://bricked.ai/,https://bricked.ai,100,28,true,false,false,2026-02-03,2026-03-05
0,Channels Archives - Page 129 of 237 - AZCentral | The Arizona Republic - Press Release,http://azcentral.xpr-gannett.com/press-release/story/category/channels/page/129/,https://bricked.ai/,Bricked AI,100,28,true,false,false,2026-02-03,2026-03-05
0,Channels Archives - Page 129 of 237 - AZCentral | The Arizona Republic - Press Release,http://azcentral.xpr-gannett.com/press-release/story/category/channels/page/129/,https://bricked.ai/,real estate comping,100,28,true,false,false,2026-02-03,2026-03-05
0,Channels Archives - Page 132 of 240 - AZCentral | The Arizona Republic - Press Release,http://azcentral.xpr-gannett.com/press-release/story/category/channels/page/132/,https://bricked.ai/,Bricked AI,106,28,true,false,false,2026-02-08,2026-03-06
0,Channels Archives - Page 132 of 240 - AZCentral | The Arizona Republic - Press Release,http://azcentral.xpr-gannett.com/press-release/story/category/channels/page/132/,https://bricked.ai/,https://bricked.ai,106,28,true,false,false,2026-02-08,2026-03-06
0,Channels Archives - Page 132 of 240 - AZCentral | The Arizona Republic - Press Release,http://azcentral.xpr-gannett.com/press-release/story/category/channels/page/132/,https://bricked.ai/,real estate comping,106,28,true,false,false,2026-02-08,2026-03-06
0,Channels Archives - Page 132 of 240 - AZCentral | The Arizona Republic - Press Release,http://azcentral.xpr-gannett.com/press-release/story/category/channels/page/132/,https://bricked.ai/discord,Other,106,28,false,false,false,2026-02-08,2026-03-06
0,Channels Archives - Page 133 of 241 - AZCentral | The Arizona Republic - Press Release,http://azcentral.xpr-gannett.com/press-release/story/category/channels/page/133/,https://bricked.ai/,Bricked AI,95,28,true,false,false,2026-02-11,2026-03-07
0,Channels Archives - Page 133 of 241 - AZCentral | The Arizona Republic - Press Release,http://azcentral.xpr-gannett.com/press-release/story/category/channels/page/133/,https://bricked.ai/,https://bricked.ai,95,28,true,false,false,2026-02-11,2026-03-07
0,Channels Archives - Page 133 of 241 - AZCentral | The Arizona Republic - Press Release,http://azcentral.xpr-gannett.com/press-release/story/category/channels/page/133/,https://bricked.ai/,real estate comping,95,28,true,false,false,2026-02-11,2026-03-07
0,Channels Archives - Page 133 of 241 - AZCentral | The Arizona Republic - Press Release,http://azcentral.xpr-gannett.com/press-release/story/category/channels/page/133/,https://bricked.ai/discord,Other,95,28,false,false,false,2026-02-11,2026-03-07
0,Channels Archives - Page 150 of 258 - AZCentral | The Arizona Republic - Press Release,http://azcentral.xpr-gannett.com/press-release/story/category/channels/page/150/,https://bricked.ai/,Bricked AI,99,28,true,false,false,2026-02-14,2026-03-05
0,Channels Archives - Page 150 of 258 - AZCentral | The Arizona Republic - Press Release,http://azcentral.xpr-gannett.com/press-release/story/category/channels/page/150/,https://bricked.ai/,https://bricked.ai,99,28,true,false,false,2026-02-14,2026-03-05
0,Channels Archives - Page 150 of 258 - AZCentral | The Arizona Republic - Press Release,http://azcentral.xpr-gannett.com/press-release/story/category/channels/page/150/,https://bricked.ai/,real estate comping,99,28,true,false,false,2026-02-14,2026-03-05
0,Channels Archives - Page 150 of 258 - AZCentral | The Arizona Republic - Press Release,http://azcentral.xpr-gannett.com/press-release/story/category/channels/page/150/,https://bricked.ai/discord,Other,99,28,false,false,false,2026-02-14,2026-03-05
0,Technology Archives - Page 104 of 184 - AZCentral | The Arizona Republic - Press Release,http://azcentral.xpr-gannett.com/press-release/story/category/channels/technology/page/104/,https://bricked.ai/,Bricked AI,80,28,true,false,false,2026-02-11,2026-03-08
0,Technology Archives - Page 104 of 184 - AZCentral | The Arizona Republic - Press Release,http://azcentral.xpr-gannett.com/press-release/story/category/channels/technology/page/104/,https://bricked.ai/,https://bricked.ai,80,28,true,false,false,2026-02-11,2026-03-08
0,Technology Archives - Page 104 of 184 - AZCentral | The Arizona Republic - Press Release,http://azcentral.xpr-gannett.com/press-release/story/category/channels/technology/page/104/,https://bricked.ai/,real estate comping,80,28,true,false,false,2026-02-11,2026-03-08
0,Technology Archives - Page 104 of 184 - AZCentral | The Arizona Republic - Press Release,http://azcentral.xpr-gannett.com/press-release/story/category/channels/technology/page/104/,https://bricked.ai/discord,Other,80,28,false,false,false,2026-02-11,2026-03-08
0,Technology Archives - Page 96 of 177 - AZCentral | The Arizona Republic - Press Release,http://azcentral.xpr-gannett.com/press-release/story/category/channels/technology/page/96/,https://bricked.ai/discord,Other,83,28,false,false,false,2026-01-31,2026-03-06
0,Technology Archives - Page 96 of 177 - AZCentral | The Arizona Republic - Press Release,http://azcentral.xpr-gannett.com/press-release/story/category/channels/technology/page/96/,https://bricked.ai/,https://bricked.ai,83,28,true,false,false,2026-01-31,2026-03-06
0,Technology Archives - Page 96 of 177 - AZCentral | The Arizona Republic - Press Release,http://azcentral.xpr-gannett.com/press-release/story/category/channels/technology/page/96/,https://bricked.ai/,real estate comping,83,28,true,false,false,2026-01-31,2026-03-06
0,Technology Archives - Page 96 of 177 - AZCentral | The Arizona Republic - Press Release,http://azcentral.xpr-gannett.com/press-release/story/category/channels/technology/page/96/,https://bricked.ai/,Bricked AI,83,28,true,false,false,2026-01-31,2026-03-06
0,Partners Archives - Page 438 of 1341 - AZCentral | The Arizona Republic - Press Release,http://azcentral.xpr-gannett.com/press-release/story/category/partners/page/438/,https://bricked.ai/discord,Other,56,28,false,false,false,2026-02-08,2026-03-07
0,Partners Archives - Page 438 of 1341 - AZCentral | The Arizona Republic - Press Release,http://azcentral.xpr-gannett.com/press-release/story/category/partners/page/438/,https://bricked.ai/,Bricked AI,56,28,true,false,false,2026-02-08,2026-03-07
0,Partners Archives - Page 438 of 1341 - AZCentral | The Arizona Republic - Press Release,http://azcentral.xpr-gannett.com/press-release/story/category/partners/page/438/,https://bricked.ai/,https://bricked.ai,56,28,true,false,false,2026-02-08,2026-03-07
0,Partners Archives - Page 438 of 1341 - AZCentral | The Arizona Republic - Press Release,http://azcentral.xpr-gannett.com/press-release/story/category/partners/page/438/,https://bricked.ai/,real estate comping,56,28,true,false,false,2026-02-08,2026-03-07
0,Partners Archives - Page 500 of 1402 - AZCentral | The Arizona Republic - Press Release,http://azcentral.xpr-gannett.com/press-release/story/category/partners/page/500/,https://bricked.ai/discord,Other,59,28,false,false,false,2026-02-14,2026-03-05
0,Partners Archives - Page 500 of 1402 - AZCentral | The Arizona Republic - Press Release,http://azcentral.xpr-gannett.com/press-release/story/category/partners/page/500/,https://bricked.ai/,Bricked AI,59,28,true,false,false,2026-02-14,2026-03-05
0,Partners Archives - Page 500 of 1402 - AZCentral | The Arizona Republic - Press Release,http://azcentral.xpr-gannett.com/press-release/story/category/partners/page/500/,https://bricked.ai/,https://bricked.ai,59,28,true,false,false,2026-02-14,2026-03-05
0,Partners Archives - Page 500 of 1402 - AZCentral | The Arizona Republic - Press Release,http://azcentral.xpr-gannett.com/press-release/story/category/partners/page/500/,https://bricked.ai/,real estate comping,59,28,true,false,false,2026-02-14,2026-03-05
0,Press Releases Archives - Page 419 of 1177 - AZCentral | The Arizona Republic - Press Release,http://azcentral.xpr-gannett.com/press-release/story/category/press-releases/page/419/,https://bricked.ai/,Bricked AI,97,28,true,false,false,2026-01-31,2026-03-05
0,Press Releases Archives - Page 419 of 1177 - AZCentral | The Arizona Republic - Press Release,http://azcentral.xpr-gannett.com/press-release/story/category/press-releases/page/419/,https://bricked.ai/,real estate comping,97,28,true,false,false,2026-01-31,2026-03-05
0,Press Releases Archives - Page 419 of 1177 - AZCentral | The Arizona Republic - Press Release,http://azcentral.xpr-gannett.com/press-release/story/category/press-releases/page/419/,https://bricked.ai/discord,Other,97,28,false,false,false,2026-01-31,2026-03-05
0,Press Releases Archives - Page 419 of 1177 - AZCentral | The Arizona Republic - Press Release,http://azcentral.xpr-gannett.com/press-release/story/category/press-releases/page/419/,https://bricked.ai/,https://bricked.ai,97,28,true,false,false,2026-01-31,2026-03-05
0,Press Releases Archives - Page 426 of 1185 - AZCentral | The Arizona Republic - Press Release,http://azcentral.xpr-gannett.com/press-release/story/category/press-releases/page/426/,https://bricked.ai/discord,Other,55,28,false,false,false,2026-02-06,2026-03-08
0,Press Releases Archives - Page 426 of 1185 - AZCentral | The Arizona Republic - Press Release,http://azcentral.xpr-gannett.com/press-release/story/category/press-releases/page/426/,https://bricked.ai/,https://bricked.ai,55,28,true,false,false,2026-02-06,2026-03-08
0,Press Releases Archives - Page 426 of 1185 - AZCentral | The Arizona Republic - Press Release,http://azcentral.xpr-gannett.com/press-release/story/category/press-releases/page/426/,https://bricked.ai/,real estate comping,55,28,true,false,false,2026-02-06,2026-03-08
0,Press Releases Archives - Page 426 of 1185 - AZCentral | The Arizona Republic - Press Release,http://azcentral.xpr-gannett.com/press-release/story/category/press-releases/page/426/,https://bricked.ai/,Bricked AI,55,28,true,false,false,2026-02-06,2026-03-08
0,Press Releases Archives - Page 444 of 1203 - AZCentral | The Arizona Republic - Press Release,http://azcentral.xpr-gannett.com/press-release/story/category/press-releases/page/444/,https://bricked.ai/,Bricked AI,59,28,true,false,false,2026-02-11,2026-03-08
0,Press Releases Archives - Page 444 of 1203 - AZCentral | The Arizona Republic - Press Release,http://azcentral.xpr-gannett.com/press-release/story/category/press-releases/page/444/,https://bricked.ai/,https://bricked.ai,59,28,true,false,false,2026-02-11,2026-03-08
0,Press Releases Archives - Page 444 of 1203 - AZCentral | The Arizona Republic - Press Release,http://azcentral.xpr-gannett.com/press-release/story/category/press-releases/page/444/,https://bricked.ai/,real estate comping,59,28,true,false,false,2026-02-11,2026-03-08
0,Press Releases Archives - Page 444 of 1203 - AZCentral | The Arizona Republic - Press Release,http://azcentral.xpr-gannett.com/press-release/story/category/press-releases/page/444/,https://bricked.ai/discord,Other,59,28,false,false,false,2026-02-11,2026-03-08
0,Press Releases Archives - Page 468 of 1226 - AZCentral | The Arizona Republic - Press Release,http://azcentral.xpr-gannett.com/press-release/story/category/press-releases/page/468/,https://bricked.ai/,Bricked AI,87,28,true,false,false,2026-02-12,2026-03-08
0,Press Releases Archives - Page 468 of 1226 - AZCentral | The Arizona Republic - Press Release,http://azcentral.xpr-gannett.com/press-release/story/category/press-releases/page/468/,https://bricked.ai/,https://bricked.ai,87,28,true,false,false,2026-02-12,2026-03-08
0,Press Releases Archives - Page 468 of 1226 - AZCentral | The Arizona Republic - Press Release,http://azcentral.xpr-gannett.com/press-release/story/category/press-releases/page/468/,https://bricked.ai/,real estate comping,87,28,true,false,false,2026-02-12,2026-03-08
0,Press Releases Archives - Page 468 of 1226 - AZCentral | The Arizona Republic - Press Release,http://azcentral.xpr-gannett.com/press-release/story/category/press-releases/page/468/,https://bricked.ai/discord,Other,87,28,false,false,false,2026-02-12,2026-03-08
0,Channels Archives - Page 143 of 251 - Akron Beacon Journal - Press Releases,http://beaconjournal.xpr-gannett.com/press-release/story/category/channels/page/143/,https://bricked.ai/,Bricked AI,100,28,true,false,false,2026-01-31,2026-03-08
0,Channels Archives - Page 143 of 251 - Akron Beacon Journal - Press Releases,http://beaconjournal.xpr-gannett.com/press-release/story/category/channels/page/143/,https://bricked.ai/,https://bricked.ai,100,28,true,false,false,2026-01-31,2026-03-08
0,Channels Archives - Page 143 of 251 - Akron Beacon Journal - Press Releases,http://beaconjournal.xpr-gannett.com/press-release/story/category/channels/page/143/,https://bricked.ai/,real estate comping,100,28,true,false,false,2026-01-31,2026-03-08
0,Channels Archives - Page 143 of 251 - Akron Beacon Journal - Press Releases,http://beaconjournal.xpr-gannett.com/press-release/story/category/channels/page/143/,https://bricked.ai/discord,Other,100,28,false,false,false,2026-01-31,2026-03-08
0,Channels Archives - Page 144 of 252 - Akron Beacon Journal - Press Releases,http://beaconjournal.xpr-gannett.com/press-release/story/category/channels/page/144/,https://bricked.ai/,Bricked AI,100,28,true,false,false,2026-02-03,2026-03-04
0,Channels Archives - Page 144 of 252 - Akron Beacon Journal - Press Releases,http://beaconjournal.xpr-gannett.com/press-release/story/category/channels/page/144/,https://bricked.ai/,https://bricked.ai,100,28,true,false,false,2026-02-03,2026-03-04
0,Channels Archives - Page 144 of 252 - Akron Beacon Journal - Press Releases,http://beaconjournal.xpr-gannett.com/press-release/story/category/channels/page/144/,https://bricked.ai/,real estate comping,100,28,true,false,false,2026-02-03,2026-03-04
0,Channels Archives - Page 144 of 252 - Akron Beacon Journal - Press Releases,http://beaconjournal.xpr-gannett.com/press-release/story/category/channels/page/144/,https://bricked.ai/discord,Other,100,28,false,false,false,2026-02-03,2026-03-04
0,Partners Archives - Page 489 of 1425 - Akron Beacon Journal - Press Releases,http://beaconjournal.xpr-gannett.com/press-release/story/category/partners/page/489/,https://bricked.ai/,Bricked AI,57,28,true,false,false,2026-02-06,2026-05-03
0,Partners Archives - Page 489 of 1425 - Akron Beacon Journal - Press Releases,http://beaconjournal.xpr-gannett.com/press-release/story/category/partners/page/489/,https://bricked.ai/,https://bricked.ai,57,28,true,false,false,2026-02-06,2026-05-03
0,Partners Archives - Page 489 of 1425 - Akron Beacon Journal - Press Releases,http://beaconjournal.xpr-gannett.com/press-release/story/category/partners/page/489/,https://bricked.ai/,real estate comping,57,28,true,false,false,2026-02-06,2026-05-03
0,Partners Archives - Page 489 of 1425 - Akron Beacon Journal - Press Releases,http://beaconjournal.xpr-gannett.com/press-release/story/category/partners/page/489/,https://bricked.ai/discord,Other,57,28,false,false,false,2026-02-06,2026-05-03
0,Partners Archives - Page 647 of 1583 - Akron Beacon Journal - Press Releases,http://beaconjournal.xpr-gannett.com/press-release/story/category/partners/page/647/,https://bricked.ai/,Bricked AI,57,28,true,false,false,2026-02-13,2026-03-05
0,Partners Archives - Page 647 of 1583 - Akron Beacon Journal - Press Releases,http://beaconjournal.xpr-gannett.com/press-release/story/category/partners/page/647/,https://bricked.ai/,https://bricked.ai,57,28,true,false,false,2026-02-13,2026-03-05
0,Partners Archives - Page 647 of 1583 - Akron Beacon Journal - Press Releases,http://beaconjournal.xpr-gannett.com/press-release/story/category/partners/page/647/,https://bricked.ai/,real estate comping,57,28,true,false,false,2026-02-13,2026-03-05
0,Partners Archives - Page 647 of 1583 - Akron Beacon Journal - Press Releases,http://beaconjournal.xpr-gannett.com/press-release/story/category/partners/page/647/,https://bricked.ai/discord,Other,57,28,false,false,false,2026-02-13,2026-03-05
0,Partners Archives - Page 648 of 1584 - Akron Beacon Journal - Press Releases,http://beaconjournal.xpr-gannett.com/press-release/story/category/partners/page/648/,https://bricked.ai/,Bricked AI,100,28,true,false,false,2026-02-14,2026-03-06
0,Partners Archives - Page 648 of 1584 - Akron Beacon Journal - Press Releases,http://beaconjournal.xpr-gannett.com/press-release/story/category/partners/page/648/,https://bricked.ai/,https://bricked.ai,100,28,true,false,false,2026-02-14,2026-03-06
0,Partners Archives - Page 648 of 1584 - Akron Beacon Journal - Press Releases,http://beaconjournal.xpr-gannett.com/press-release/story/category/partners/page/648/,https://bricked.ai/,real estate comping,100,28,true,false,false,2026-02-14,2026-03-06
0,Partners Archives - Page 648 of 1584 - Akron Beacon Journal - Press Releases,http://beaconjournal.xpr-gannett.com/press-release/story/category/partners/page/648/,https://bricked.ai/discord,Other,100,28,false,false,false,2026-02-14,2026-03-06
0,Press Releases Archives - Page 1329 of 2121 - Akron Beacon Journal - Press Releases,http://beaconjournal.xpr-gannett.com/press-release/story/category/press-releases/page/1329/,https://bricked.ai/discord,Other,92,28,false,false,false,2026-02-16,2026-03-06
0,Press Releases Archives - Page 1329 of 2121 - Akron Beacon Journal - Press Releases,http://beaconjournal.xpr-gannett.com/press-release/story/category/press-releases/page/1329/,https://bricked.ai/,real estate comping,92,28,true,false,false,2026-02-16,2026-03-06
0,Press Releases Archives - Page 1329 of 2121 - Akron Beacon Journal - Press Releases,http://beaconjournal.xpr-gannett.com/press-release/story/category/press-releases/page/1329/,https://bricked.ai/,https://bricked.ai,92,28,true,false,false,2026-02-16,2026-03-06
0,Press Releases Archives - Page 1329 of 2121 - Akron Beacon Journal - Press Releases,http://beaconjournal.xpr-gannett.com/press-release/story/category/press-releases/page/1329/,https://bricked.ai/,Bricked AI,92,28,true,false,false,2026-02-16,2026-03-06
0,Press Releases Archives - Page 477 of 1269 - Akron Beacon Journal - Press Releases,http://beaconjournal.xpr-gannett.com/press-release/story/category/press-releases/page/477/,https://bricked.ai/,Bricked AI,97,28,true,false,false,2026-02-04,2026-03-06
0,Press Releases Archives - Page 477 of 1269 - Akron Beacon Journal - Press Releases,http://beaconjournal.xpr-gannett.com/press-release/story/category/press-releases/page/477/,https://bricked.ai/,https://bricked.ai,97,28,true,false,false,2026-02-04,2026-03-06
0,Press Releases Archives - Page 477 of 1269 - Akron Beacon Journal - Press Releases,http://beaconjournal.xpr-gannett.com/press-release/story/category/press-releases/page/477/,https://bricked.ai/,real estate comping,97,28,true,false,false,2026-02-04,2026-03-06
0,Press Releases Archives - Page 477 of 1269 - Akron Beacon Journal - Press Releases,http://beaconjournal.xpr-gannett.com/press-release/story/category/press-releases/page/477/,https://bricked.ai/discord,Other,97,28,false,false,false,2026-02-04,2026-03-06
0,Press Releases Archives - Page 487 of 1280 - Akron Beacon Journal - Press Releases,http://beaconjournal.xpr-gannett.com/press-release/story/category/press-releases/page/487/,https://bricked.ai/discord,Other,56,28,false,false,false,2026-02-06,2026-03-09
0,Press Releases Archives - Page 487 of 1280 - Akron Beacon Journal - Press Releases,http://beaconjournal.xpr-gannett.com/press-release/story/category/press-releases/page/487/,https://bricked.ai/,Bricked AI,56,28,true,false,false,2026-02-06,2026-03-09
0,Press Releases Archives - Page 487 of 1280 - Akron Beacon Journal - Press Releases,http://beaconjournal.xpr-gannett.com/press-release/story/category/press-releases/page/487/,https://bricked.ai/,https://bricked.ai,56,28,true,false,false,2026-02-06,2026-03-09
0,Press Releases Archives - Page 487 of 1280 - Akron Beacon Journal - Press Releases,http://beaconjournal.xpr-gannett.com/press-release/story/category/press-releases/page/487/,https://bricked.ai/,real estate comping,56,28,true,false,false,2026-02-06,2026-03-09
0,Press Releases Archives - Page 531 of 1323 - Akron Beacon Journal - Press Releases,http://beaconjournal.xpr-gannett.com/press-release/story/category/press-releases/page/531/,https://bricked.ai/,Bricked AI,97,28,true,false,false,2026-02-11,2026-03-08
0,Press Releases Archives - Page 531 of 1323 - Akron Beacon Journal - Press Releases,http://beaconjournal.xpr-gannett.com/press-release/story/category/press-releases/page/531/,https://bricked.ai/,https://bricked.ai,97,28,true,false,false,2026-02-11,2026-03-08
0,Press Releases Archives - Page 531 of 1323 - Akron Beacon Journal - Press Releases,http://beaconjournal.xpr-gannett.com/press-release/story/category/press-releases/page/531/,https://bricked.ai/,real estate comping,97,28,true,false,false,2026-02-11,2026-03-08
0,Press Releases Archives - Page 531 of 1323 - Akron Beacon Journal - Press Releases,http://beaconjournal.xpr-gannett.com/press-release/story/category/press-releases/page/531/,https://bricked.ai/discord,Other,97,28,false,false,false,2026-02-11,2026-03-08
0,🏆🏆Boost your Google rankings with Premium PBN & Link Building🏆🏆,http://bestnz-poker-casinoslot.com/all/493/11.html,https://bricked.ai/,High Quality Dofollow Backlinks DA 50 PA 40 Premium PBN Network Service bricked.ai Rank First Page Google Fast SEO Link Building Buy Backlinks Online Cheap,3000,12,false,false,false,2026-09-19,2026-09-19
0,🏆🏆Boost your Google rankings with Premium PBN & Link Building🏆🏆,http://bestofthefirstcoast.com/all/493/11.html,https://bricked.ai/,High Quality Dofollow Backlinks DA 50 PA 40 Premium PBN Network Service bricked.ai Rank First Page Google Fast SEO Link Building Buy Backlinks Online Cheap,3000,12,false,false,false,2026-09-10,2026-09-18
0,🏆🏆Boost your Google rankings with Premium PBN & Link Building🏆🏆,http://blogerreviewers.com/all/493/11.html,https://bricked.ai/,High Quality Dofollow Backlinks DA 50 PA 40 Premium PBN Network Service bricked.ai Rank First Page Google Fast SEO Link Building Buy Backlinks Online Cheap,3000,12,false,false,false,2026-09-17,2026-09-17
0,Business Archives - Page 1326 of 2336 - Burlington County Times - XPR,http://burlingtoncountytimes.xpr-gannett.com/press-release/story/category/business/page/1326/,https://bricked.ai/,Bricked AI,80,28,true,false,false,2026-02-19,2026-03-06
0,Business Archives - Page 1326 of 2336 - Burlington County Times - XPR,http://burlingtoncountytimes.xpr-gannett.com/press-release/story/category/business/page/1326/,https://bricked.ai/,https://bricked.ai,80,28,true,false,false,2026-02-19,2026-03-06
0,Business Archives - Page 1326 of 2336 - Burlington County Times - XPR,http://burlingtoncountytimes.xpr-gannett.com/press-release/story/category/business/page/1326/,https://bricked.ai/,real estate comping,80,28,true,false,false,2026-02-19,2026-03-06
0,Business Archives - Page 1326 of 2336 - Burlington County Times - XPR,http://burlingtoncountytimes.xpr-gannett.com/press-release/story/category/business/page/1326/,https://bricked.ai/discord,Other,80,28,false,false,false,2026-02-19,2026-03-06
0,Business Archives - Page 1499 of 2510 - Burlington County Times - XPR,http://burlingtoncountytimes.xpr-gannett.com/press-release/story/category/business/page/1499/,https://bricked.ai/discord,Other,54,28,false,false,false,2026-02-22,2026-04-05
0,Business Archives - Page 1499 of 2510 - Burlington County Times - XPR,http://burlingtoncountytimes.xpr-gannett.com/press-release/story/category/business/page/1499/,https://bricked.ai/,Bricked AI,54,28,true,false,false,2026-02-22,2026-04-05
0,Business Archives - Page 1499 of 2510 - Burlington County Times - XPR,http://burlingtoncountytimes.xpr-gannett.com/press-release/story/category/business/page/1499/,https://bricked.ai/,https://bricked.ai,54,28,true,false,false,2026-02-22,2026-04-05
0,Business Archives - Page 1499 of 2510 - Burlington County Times - XPR,http://burlingtoncountytimes.xpr-gannett.com/press-release/story/category/business/page/1499/,https://bricked.ai/,real estate comping,54,28,true,false,false,2026-02-22,2026-04-05
0,Channels Archives - Page 100 of 202 - Burlington County Times - XPR,http://burlingtoncountytimes.xpr-gannett.com/press-release/story/category/channels/page/100/,https://bricked.ai/,Bricked AI,83,28,true,false,false,2026-02-11,2026-03-03
0,Channels Archives - Page 100 of 202 - Burlington County Times - XPR,http://burlingtoncountytimes.xpr-gannett.com/press-release/story/category/channels/page/100/,https://bricked.ai/,https://bricked.ai,83,28,true,false,false,2026-02-11,2026-03-03
0,Channels Archives - Page 100 of 202 - Burlington County Times - XPR,http://burlingtoncountytimes.xpr-gannett.com/press-release/story/category/channels/page/100/,https://bricked.ai/,real estate comping,83,28,true,false,false,2026-02-11,2026-03-03
0,Channels Archives - Page 100 of 202 - Burlington County Times - XPR,http://burlingtoncountytimes.xpr-gannett.com/press-release/story/category/channels/page/100/,https://bricked.ai/discord,Other,83,28,false,false,false,2026-02-11,2026-03-03
0,Channels Archives - Page 109 of 211 - Burlington County Times - XPR,http://burlingtoncountytimes.xpr-gannett.com/press-release/story/category/channels/page/109/,https://bricked.ai/,Bricked AI,61,28,true,false,false,2026-02-11,2026-03-03
0,Channels Archives - Page 109 of 211 - Burlington County Times - XPR,http://burlingtoncountytimes.xpr-gannett.com/press-release/story/category/channels/page/109/,https://bricked.ai/discord,Other,61,28,false,false,false,2026-02-11,2026-03-03
0,Channels Archives - Page 109 of 211 - Burlington County Times - XPR,http://burlingtoncountytimes.xpr-gannett.com/press-release/story/category/channels/page/109/,https://bricked.ai/,real estate comping,61,28,true,false,false,2026-02-11,2026-03-03
0,Channels Archives - Page 109 of 211 - Burlington County Times - XPR,http://burlingtoncountytimes.xpr-gannett.com/press-release/story/category/channels/page/109/,https://bricked.ai/,https://bricked.ai,61,28,true,false,false,2026-02-11,2026-03-03
0,Technology Archives - Page 38 of 117 - Burlington County Times - XPR,http://burlingtoncountytimes.xpr-gannett.com/press-release/story/category/channels/technology/page/38/,https://bricked.ai/,Bricked AI,47,28,true,false,false,2026-01-20,2026-03-04
0,Technology Archives - Page 38 of 117 - Burlington County Times - XPR,http://burlingtoncountytimes.xpr-gannett.com/press-release/story/category/channels/technology/page/38/,https://bricked.ai/,https://bricked.ai,47,28,true,false,false,2026-01-20,2026-03-04
0,Technology Archives - Page 38 of 117 - Burlington County Times - XPR,http://burlingtoncountytimes.xpr-gannett.com/press-release/story/category/channels/technology/page/38/,https://bricked.ai/,real estate comping,47,28,true,false,false,2026-01-20,2026-03-04
0,Technology Archives - Page 38 of 117 - Burlington County Times - XPR,http://burlingtoncountytimes.xpr-gannett.com/press-release/story/category/channels/technology/page/38/,https://bricked.ai/discord,Other,47,28,false,false,false,2026-01-20,2026-03-04
0,Technology Archives - Page 71 of 150 - Burlington County Times - XPR,http://burlingtoncountytimes.xpr-gannett.com/press-release/story/category/channels/technology/page/71/,https://bricked.ai/,Bricked AI,85,28,true,false,false,2026-02-03,2026-03-05
0,Technology Archives - Page 71 of 150 - Burlington County Times - XPR,http://burlingtoncountytimes.xpr-gannett.com/press-release/story/category/channels/technology/page/71/,https://bricked.ai/,https://bricked.ai,85,28,true,false,false,2026-02-03,2026-03-05
0,Technology Archives - Page 71 of 150 - Burlington County Times - XPR,http://burlingtoncountytimes.xpr-gannett.com/press-release/story/category/channels/technology/page/71/,https://bricked.ai/,real estate comping,85,28,true,false,false,2026-02-03,2026-03-05
0,Technology Archives - Page 71 of 150 - Burlington County Times - XPR,http://burlingtoncountytimes.xpr-gannett.com/press-release/story/category/channels/technology/page/71/,https://bricked.ai/discord,Other,85,28,false,false,false,2026-02-03,2026-03-05
0,EIN Presswire Archives - Page 281 of 553 - Burlington County Times - XPR,http://burlingtoncountytimes.xpr-gannett.com/press-release/story/category/partners/ein-presswire/page/281/,https://bricked.ai/,Bricked AI,86,28,true,false,false,2026-02-04,2026-03-04
0,EIN Presswire Archives - Page 281 of 553 - Burlington County Times - XPR,http://burlingtoncountytimes.xpr-gannett.com/press-release/story/category/partners/ein-presswire/page/281/,https://bricked.ai/,https://bricked.ai,86,28,true,false,false,2026-02-04,2026-03-04
0,EIN Presswire Archives - Page 281 of 553 - Burlington County Times - XPR,http://burlingtoncountytimes.xpr-gannett.com/press-release/story/category/partners/ein-presswire/page/281/,https://bricked.ai/,real estate comping,86,28,true,false,false,2026-02-04,2026-03-04
0,EIN Presswire Archives - Page 281 of 553 - Burlington County Times - XPR,http://burlingtoncountytimes.xpr-gannett.com/press-release/story/category/partners/ein-presswire/page/281/,https://bricked.ai/discord,Other,86,28,false,false,false,2026-02-04,2026-03-04
0,EIN Presswire Archives - Page 413 of 686 - Burlington County Times - XPR,http://burlingtoncountytimes.xpr-gannett.com/press-release/story/category/partners/ein-presswire/page/413/,https://bricked.ai/,real estate comping,51,28,true,false,false,2026-02-14,2026-03-06
0,EIN Presswire Archives - Page 413 of 686 - Burlington County Times - XPR,http://burlingtoncountytimes.xpr-gannett.com/press-release/story/category/partners/ein-presswire/page/413/,https://bricked.ai/,https://bricked.ai,51,28,true,false,false,2026-02-14,2026-03-06
0,EIN Presswire Archives - Page 413 of 686 - Burlington County Times - XPR,http://burlingtoncountytimes.xpr-gannett.com/press-release/story/category/partners/ein-presswire/page/413/,https://bricked.ai/,Bricked AI,51,28,true,false,false,2026-02-14,2026-03-06
0,EIN Presswire Archives - Page 413 of 686 - Burlington County Times - XPR,http://burlingtoncountytimes.xpr-gannett.com/press-release/story/category/partners/ein-presswire/page/413/,https://bricked.ai/discord,Other,51,28,false,false,false,2026-02-14,2026-03-06
0,Press Releases Archives - Page 1497 of 2293 - Burlington County Times - XPR,http://burlingtoncountytimes.xpr-gannett.com/press-release/story/category/press-releases/page/1497/,https://bricked.ai/,Bricked AI,54,28,true,false,false,2026-02-22,2026-04-05
0,Press Releases Archives - Page 1497 of 2293 - Burlington County Times - XPR,http://burlingtoncountytimes.xpr-gannett.com/press-release/story/category/press-releases/page/1497/,https://bricked.ai/,https://bricked.ai,54,28,true,false,false,2026-02-22,2026-04-05
0,Press Releases Archives - Page 1497 of 2293 - Burlington County Times - XPR,http://burlingtoncountytimes.xpr-gannett.com/press-release/story/category/press-releases/page/1497/,https://bricked.ai/,real estate comping,54,28,true,false,false,2026-02-22,2026-04-05
0,Press Releases Archives - Page 1497 of 2293 - Burlington County Times - XPR,http://burlingtoncountytimes.xpr-gannett.com/press-release/story/category/press-releases/page/1497/,https://bricked.ai/discord,Other,54,28,false,false,false,2026-02-22,2026-04-05
0,🏆🏆Boost your Google rankings with Premium PBN & Link Building🏆🏆,http://canadapsilocybin.com/all/493/11.html,https://bricked.ai/,High Quality Dofollow Backlinks DA 50 PA 40 Premium PBN Network Service bricked.ai Rank First Page Google Fast SEO Link Building Buy Backlinks Online Cheap,3000,12,false,false,false,2026-08-31,2026-09-08
0,Business Archives - Page 1303 of 2316 - The Repository - XPR,http://cantonrep.xpr-gannett.com/press-release/story/category/business/page/1303/,https://bricked.ai/,Bricked AI,59,28,true,false,false,2026-02-16,2026-04-06
0,Business Archives - Page 1303 of 2316 - The Repository - XPR,http://cantonrep.xpr-gannett.com/press-release/story/category/business/page/1303/,https://bricked.ai/,https://bricked.ai,59,28,true,false,false,2026-02-16,2026-04-06
0,Business Archives - Page 1303 of 2316 - The Repository - XPR,http://cantonrep.xpr-gannett.com/press-release/story/category/business/page/1303/,https://bricked.ai/,real estate comping,59,28,true,false,false,2026-02-16,2026-04-06
0,Business Archives - Page 1303 of 2316 - The Repository - XPR,http://cantonrep.xpr-gannett.com/press-release/story/category/business/page/1303/,https://bricked.ai/discord,Other,59,28,false,false,false,2026-02-16,2026-04-06
0,Business Archives - Page 1492 of 2505 - The Repository - XPR,http://cantonrep.xpr-gannett.com/press-release/story/category/business/page/1492/,https://bricked.ai/discord,Other,53,28,false,false,false,2026-02-22,2026-03-08
0,Business Archives - Page 1492 of 2505 - The Repository - XPR,http://cantonrep.xpr-gannett.com/press-release/story/category/business/page/1492/,https://bricked.ai/,Bricked AI,53,28,true,false,false,2026-02-22,2026-03-08
0,Business Archives - Page 1492 of 2505 - The Repository - XPR,http://cantonrep.xpr-gannett.com/press-release/story/category/business/page/1492/,https://bricked.ai/,real estate comping,53,28,true,false,false,2026-02-22,2026-03-08
0,Business Archives - Page 1492 of 2505 - The Repository - XPR,http://cantonrep.xpr-gannett.com/press-release/story/category/business/page/1492/,https://bricked.ai/,https://bricked.ai,53,28,true,false,false,2026-02-22,2026-03-08
0,Business Archives - Page 503 of 1516 - The Repository - XPR,http://cantonrep.xpr-gannett.com/press-release/story/category/business/page/503/,https://bricked.ai/discord,Other,61,28,false,false,false,2026-02-03,2026-04-08
0,Business Archives - Page 503 of 1516 - The Repository - XPR,http://cantonrep.xpr-gannett.com/press-release/story/category/business/page/503/,https://bricked.ai/,real estate comping,61,28,true,false,false,2026-02-03,2026-04-08
0,Business Archives - Page 503 of 1516 - The Repository - XPR,http://cantonrep.xpr-gannett.com/press-release/story/category/business/page/503/,https://bricked.ai/,https://bricked.ai,61,28,true,false,false,2026-02-03,2026-04-08
0,Business Archives - Page 503 of 1516 - The Repository - XPR,http://cantonrep.xpr-gannett.com/press-release/story/category/business/page/503/,https://bricked.ai/,Bricked AI,61,28,true,false,false,2026-02-03,2026-04-08
0,Business Archives - Page 507 of 1520 - The Repository - XPR,http://cantonrep.xpr-gannett.com/press-release/story/category/business/page/507/,https://bricked.ai/,real estate comping,59,28,true,false,false,2026-02-03,2026-03-08
0,Business Archives - Page 507 of 1520 - The Repository - XPR,http://cantonrep.xpr-gannett.com/press-release/story/category/business/page/507/,https://bricked.ai/,https://bricked.ai,59,28,true,false,false,2026-02-03,2026-03-08
0,Business Archives - Page 507 of 1520 - The Repository - XPR,http://cantonrep.xpr-gannett.com/press-release/story/category/business/page/507/,https://bricked.ai/,Bricked AI,59,28,true,false,false,2026-02-03,2026-03-08
0,Business Archives - Page 507 of 1520 - The Repository - XPR,http://cantonrep.xpr-gannett.com/press-release/story/category/business/page/507/,https://bricked.ai/discord,Other,59,28,false,false,false,2026-02-03,2026-03-08
0,Business Archives - Page 649 of 1662 - The Repository - XPR,http://cantonrep.xpr-gannett.com/press-release/story/category/business/page/649/,https://bricked.ai/,Bricked AI,85,28,true,false,false,2026-02-14,2026-03-08
0,Business Archives - Page 649 of 1662 - The Repository - XPR,http://cantonrep.xpr-gannett.com/press-release/story/category/business/page/649/,https://bricked.ai/,https://bricked.ai,85,28,true,false,false,2026-02-14,2026-03-08
0,Business Archives - Page 649 of 1662 - The Repository - XPR,http://cantonrep.xpr-gannett.com/press-release/story/category/business/page/649/,https://bricked.ai/,real estate comping,85,28,true,false,false,2026-02-14,2026-03-08
0,Business Archives - Page 649 of 1662 - The Repository - XPR,http://cantonrep.xpr-gannett.com/press-release/story/category/business/page/649/,https://bricked.ai/discord,Other,85,28,false,false,false,2026-02-14,2026-03-08
0,Channels Archives - Page 158 of 260 - The Repository - XPR,http://cantonrep.xpr-gannett.com/press-release/story/category/channels/page/158/,https://bricked.ai/,Bricked AI,60,28,true,false,false,2026-02-08,2026-05-05
0,Channels Archives - Page 158 of 260 - The Repository - XPR,http://cantonrep.xpr-gannett.com/press-release/story/category/channels/page/158/,https://bricked.ai/,https://bricked.ai,60,28,true,false,false,2026-02-08,2026-05-05
0,Channels Archives - Page 158 of 260 - The Repository - XPR,http://cantonrep.xpr-gannett.com/press-release/story/category/channels/page/158/,https://bricked.ai/,real estate comping,60,28,true,false,false,2026-02-08,2026-05-05
0,Channels Archives - Page 158 of 260 - The Repository - XPR,http://cantonrep.xpr-gannett.com/press-release/story/category/channels/page/158/,https://bricked.ai/discord,Other,60,28,false,false,false,2026-02-08,2026-05-05
0,Channels Archives - Page 446 of 548 - The Repository - XPR,http://cantonrep.xpr-gannett.com/press-release/story/category/channels/page/446/,https://bricked.ai/discord,Other,57,28,false,false,false,2026-02-22,2026-04-05
0,Channels Archives - Page 446 of 548 - The Repository - XPR,http://cantonrep.xpr-gannett.com/press-release/story/category/channels/page/446/,https://bricked.ai/,Bricked AI,57,28,true,false,false,2026-02-22,2026-04-05
0,Channels Archives - Page 446 of 548 - The Repository - XPR,http://cantonrep.xpr-gannett.com/press-release/story/category/channels/page/446/,https://bricked.ai/,real estate comping,57,28,true,false,false,2026-02-22,2026-04-05
0,Channels Archives - Page 446 of 548 - The Repository - XPR,http://cantonrep.xpr-gannett.com/press-release/story/category/channels/page/446/,https://bricked.ai/,https://bricked.ai,57,28,true,false,false,2026-02-22,2026-04-05
0,Technology Archives - Page 123 of 201 - The Repository - XPR,http://cantonrep.xpr-gannett.com/press-release/story/category/channels/technology/page/123/,https://bricked.ai/,Bricked AI,79,28,true,false,false,2026-02-08,2026-05-04
0,Technology Archives - Page 123 of 201 - The Repository - XPR,http://cantonrep.xpr-gannett.com/press-release/story/category/channels/technology/page/123/,https://bricked.ai/,https://bricked.ai,79,28,true,false,false,2026-02-08,2026-05-04
0,Technology Archives - Page 123 of 201 - The Repository - XPR,http://cantonrep.xpr-gannett.com/press-release/story/category/channels/technology/page/123/,https://bricked.ai/,real estate comping,79,28,true,false,false,2026-02-08,2026-05-04
0,Technology Archives - Page 123 of 201 - The Repository - XPR,http://cantonrep.xpr-gannett.com/press-release/story/category/channels/technology/page/123/,https://bricked.ai/discord,Other,79,28,false,false,false,2026-02-08,2026-05-04
0,Partners Archives - Page 507 of 1520 - The Repository - XPR,http://cantonrep.xpr-gannett.com/press-release/story/category/partners/page/507/,https://bricked.ai/,Bricked AI,53,28,true,false,false,2026-02-05,2026-03-08
0,Partners Archives - Page 507 of 1520 - The Repository - XPR,http://cantonrep.xpr-gannett.com/press-release/story/category/partners/page/507/,https://bricked.ai/,https://bricked.ai,53,28,true,false,false,2026-02-05,2026-03-08
0,Partners Archives - Page 507 of 1520 - The Repository - XPR,http://cantonrep.xpr-gannett.com/press-release/story/category/partners/page/507/,https://bricked.ai/,real estate comping,53,28,true,false,false,2026-02-05,2026-03-08
0,Partners Archives - Page 507 of 1520 - The Repository - XPR,http://cantonrep.xpr-gannett.com/press-release/story/category/partners/page/507/,https://bricked.ai/discord,Other,53,28,false,false,false,2026-02-05,2026-03-08
0,Press Releases Archives - Page 1303 of 2102 - The Repository - XPR,http://cantonrep.xpr-gannett.com/press-release/story/category/press-releases/page/1303/,https://bricked.ai/,Bricked AI,53,28,true,false,false,2026-02-17,2026-03-08
0,Press Releases Archives - Page 1303 of 2102 - The Repository - XPR,http://cantonrep.xpr-gannett.com/press-release/story/category/press-releases/page/1303/,https://bricked.ai/,https://bricked.ai,53,28,true,false,false,2026-02-17,2026-03-08
0,Press Releases Archives - Page 1303 of 2102 - The Repository - XPR,http://cantonrep.xpr-gannett.com/press-release/story/category/press-releases/page/1303/,https://bricked.ai/,real estate comping,53,28,true,false,false,2026-02-17,2026-03-08
0,Press Releases Archives - Page 1303 of 2102 - The Repository - XPR,http://cantonrep.xpr-gannett.com/press-release/story/category/press-releases/page/1303/,https://bricked.ai/discord,Other,53,28,false,false,false,2026-02-17,2026-03-08
0,Press Releases Archives - Page 1385 of 2183 - The Repository - XPR,http://cantonrep.xpr-gannett.com/press-release/story/category/press-releases/page/1385/,https://bricked.ai/,Bricked AI,61,28,true,false,false,2026-02-20,2026-04-05
0,Press Releases Archives - Page 1385 of 2183 - The Repository - XPR,http://cantonrep.xpr-gannett.com/press-release/story/category/press-releases/page/1385/,https://bricked.ai/,https://bricked.ai,61,28,true,false,false,2026-02-20,2026-04-05
0,Press Releases Archives - Page 1385 of 2183 - The Repository - XPR,http://cantonrep.xpr-gannett.com/press-release/story/category/press-releases/page/1385/,https://bricked.ai/,real estate comping,61,28,true,false,false,2026-02-20,2026-04-05
0,Press Releases Archives - Page 1385 of 2183 - The Repository - XPR,http://cantonrep.xpr-gannett.com/press-release/story/category/press-releases/page/1385/,https://bricked.ai/discord,Other,61,28,false,false,false,2026-02-20,2026-04-05
0,Press Releases Archives - Page 508 of 1306 - The Repository - XPR,http://cantonrep.xpr-gannett.com/press-release/story/category/press-releases/page/508/,https://bricked.ai/,Bricked AI,88,28,true,false,false,2026-02-06,2026-03-08
0,Press Releases Archives - Page 508 of 1306 - The Repository - XPR,http://cantonrep.xpr-gannett.com/press-release/story/category/press-releases/page/508/,https://bricked.ai/,https://bricked.ai,88,28,true,false,false,2026-02-06,2026-03-08
0,Press Releases Archives - Page 508 of 1306 - The Repository - XPR,http://cantonrep.xpr-gannett.com/press-release/story/category/press-releases/page/508/,https://bricked.ai/,real estate comping,88,28,true,false,false,2026-02-06,2026-03-08
0,Press Releases Archives - Page 508 of 1306 - The Repository - XPR,http://cantonrep.xpr-gannett.com/press-release/story/category/press-releases/page/508/,https://bricked.ai/discord,Other,88,28,false,false,false,2026-02-06,2026-03-08
0,Press Releases Archives - Page 524 of 1322 - The Repository - XPR,http://cantonrep.xpr-gannett.com/press-release/story/category/press-releases/page/524/,https://bricked.ai/,Bricked AI,61,28,true,false,false,2026-02-08,2026-03-06
0,Press Releases Archives - Page 524 of 1322 - The Repository - XPR,http://cantonrep.xpr-gannett.com/press-release/story/category/press-releases/page/524/,https://bricked.ai/,https://bricked.ai,61,28,true,false,false,2026-02-08,2026-03-06
0,Press Releases Archives - Page 524 of 1322 - The Repository - XPR,http://cantonrep.xpr-gannett.com/press-release/story/category/press-releases/page/524/,https://bricked.ai/,real estate comping,61,28,true,false,false,2026-02-08,2026-03-06
0,Press Releases Archives - Page 524 of 1322 - The Repository - XPR,http://cantonrep.xpr-gannett.com/press-release/story/category/press-releases/page/524/,https://bricked.ai/discord,Other,61,28,false,false,false,2026-02-08,2026-03-06
0,Press Releases Archives - Page 544 of 1343 - The Repository - XPR,http://cantonrep.xpr-gannett.com/press-release/story/category/press-releases/page/544/,https://bricked.ai/discord,Other,55,28,false,false,false,2026-02-11,2026-03-08
0,Press Releases Archives - Page 544 of 1343 - The Repository - XPR,http://cantonrep.xpr-gannett.com/press-release/story/category/press-releases/page/544/,https://bricked.ai/,https://bricked.ai,55,28,true,false,false,2026-02-11,2026-03-08
0,Press Releases Archives - Page 544 of 1343 - The Repository - XPR,http://cantonrep.xpr-gannett.com/press-release/story/category/press-releases/page/544/,https://bricked.ai/,real estate comping,55,28,true,false,false,2026-02-11,2026-03-08
0,Press Releases Archives - Page 544 of 1343 - The Repository - XPR,http://cantonrep.xpr-gannett.com/press-release/story/category/press-releases/page/544/,https://bricked.ai/,Bricked AI,55,28,true,false,false,2026-02-11,2026-03-08
0,Press Releases Archives - Page 649 of 1447 - The Repository - XPR,http://cantonrep.xpr-gannett.com/press-release/story/category/press-releases/page/649/,https://bricked.ai/,Bricked AI,85,28,true,false,false,2026-02-13,2026-03-06
0,Press Releases Archives - Page 649 of 1447 - The Repository - XPR,http://cantonrep.xpr-gannett.com/press-release/story/category/press-releases/page/649/,https://bricked.ai/,https://bricked.ai,85,28,true,false,false,2026-02-13,2026-03-06
0,Press Releases Archives - Page 649 of 1447 - The Repository - XPR,http://cantonrep.xpr-gannett.com/press-release/story/category/press-releases/page/649/,https://bricked.ai/,real estate comping,85,28,true,false,false,2026-02-13,2026-03-06
0,Press Releases Archives - Page 649 of 1447 - The Repository - XPR,http://cantonrep.xpr-gannett.com/press-release/story/category/press-releases/page/649/,https://bricked.ai/discord,Other,85,28,false,false,false,2026-02-13,2026-03-06
0,Business Archives - Page 1293 of 2303 - Cape Cod Times - XPR,http://capecodtimes.xpr-gannett.com/press-release/story/category/business/page/1293/,https://bricked.ai/,Bricked AI,85,28,true,false,false,2026-02-16,2026-03-08
0,Business Archives - Page 1293 of 2303 - Cape Cod Times - XPR,http://capecodtimes.xpr-gannett.com/press-release/story/category/business/page/1293/,https://bricked.ai/,https://bricked.ai,85,28,true,false,false,2026-02-16,2026-03-08
0,Business Archives - Page 1293 of 2303 - Cape Cod Times - XPR,http://capecodtimes.xpr-gannett.com/press-release/story/category/business/page/1293/,https://bricked.ai/,real estate comping,85,28,true,false,false,2026-02-16,2026-03-08
0,Business Archives - Page 1293 of 2303 - Cape Cod Times - XPR,http://capecodtimes.xpr-gannett.com/press-release/story/category/business/page/1293/,https://bricked.ai/discord,Other,85,28,false,false,false,2026-02-16,2026-03-08
0,Business Archives - Page 1490 of 2500 - Cape Cod Times - XPR,http://capecodtimes.xpr-gannett.com/press-release/story/category/business/page/1490/,https://bricked.ai/discord,Other,86,28,false,false,false,2026-02-22,2026-04-08
0,Business Archives - Page 1490 of 2500 - Cape Cod Times - XPR,http://capecodtimes.xpr-gannett.com/press-release/story/category/business/page/1490/,https://bricked.ai/,real estate comping,86,28,true,false,false,2026-02-22,2026-04-08
0,Business Archives - Page 1490 of 2500 - Cape Cod Times - XPR,http://capecodtimes.xpr-gannett.com/press-release/story/category/business/page/1490/,https://bricked.ai/,Bricked AI,86,28,true,false,false,2026-02-22,2026-04-08
0,Business Archives - Page 1490 of 2500 - Cape Cod Times - XPR,http://capecodtimes.xpr-gannett.com/press-release/story/category/business/page/1490/,https://bricked.ai/,https://bricked.ai,86,28,true,false,false,2026-02-22,2026-04-08
0,Business Archives - Page 241 of 1251 - Cape Cod Times - XPR,http://capecodtimes.xpr-gannett.com/press-release/story/category/business/page/241/,https://bricked.ai/discord,Other,54,28,false,false,false,2026-02-12,2026-03-07
0,Business Archives - Page 241 of 1251 - Cape Cod Times - XPR,http://capecodtimes.xpr-gannett.com/press-release/story/category/business/page/241/,https://bricked.ai/,Bricked AI,54,28,true,false,false,2026-02-12,2026-03-07
0,Business Archives - Page 241 of 1251 - Cape Cod Times - XPR,http://capecodtimes.xpr-gannett.com/press-release/story/category/business/page/241/,https://bricked.ai/,https://bricked.ai,54,28,true,false,false,2026-02-12,2026-03-07
0,Business Archives - Page 241 of 1251 - Cape Cod Times - XPR,http://capecodtimes.xpr-gannett.com/press-release/story/category/business/page/241/,https://bricked.ai/,real estate comping,54,28,true,false,false,2026-02-12,2026-03-07
0,Business Archives - Page 328 of 1338 - Cape Cod Times - XPR,http://capecodtimes.xpr-gannett.com/press-release/story/category/business/page/328/,https://bricked.ai/discord,Other,85,28,false,false,false,2026-02-13,2026-04-06
0,Business Archives - Page 328 of 1338 - Cape Cod Times - XPR,http://capecodtimes.xpr-gannett.com/press-release/story/category/business/page/328/,https://bricked.ai/,Bricked AI,85,28,true,false,false,2026-02-13,2026-04-06
0,Business Archives - Page 328 of 1338 - Cape Cod Times - XPR,http://capecodtimes.xpr-gannett.com/press-release/story/category/business/page/328/,https://bricked.ai/,https://bricked.ai,85,28,true,false,false,2026-02-13,2026-04-06
0,Business Archives - Page 328 of 1338 - Cape Cod Times - XPR,http://capecodtimes.xpr-gannett.com/press-release/story/category/business/page/328/,https://bricked.ai/,real estate comping,85,28,true,false,false,2026-02-13,2026-04-06
0,Channels Archives - Page 64 of 165 - Cape Cod Times - XPR,http://capecodtimes.xpr-gannett.com/press-release/story/category/channels/page/64/,https://bricked.ai/discord,Other,91,28,false,false,false,2026-02-06,2026-03-06
0,Channels Archives - Page 64 of 165 - Cape Cod Times - XPR,http://capecodtimes.xpr-gannett.com/press-release/story/category/channels/page/64/,https://bricked.ai/,Bricked AI,91,28,true,false,false,2026-02-06,2026-03-06
0,Channels Archives - Page 64 of 165 - Cape Cod Times - XPR,http://capecodtimes.xpr-gannett.com/press-release/story/category/channels/page/64/,https://bricked.ai/,https://bricked.ai,91,28,true,false,false,2026-02-06,2026-03-06
0,Channels Archives - Page 64 of 165 - Cape Cod Times - XPR,http://capecodtimes.xpr-gannett.com/press-release/story/category/channels/page/64/,https://bricked.ai/,real estate comping,91,28,true,false,false,2026-02-06,2026-03-06
0,Channels Archives - Page 65 of 166 - Cape Cod Times - XPR,http://capecodtimes.xpr-gannett.com/press-release/story/category/channels/page/65/,https://bricked.ai/,Bricked AI,61,28,true,false,false,2026-02-08,2026-03-07
0,Channels Archives - Page 65 of 166 - Cape Cod Times - XPR,http://capecodtimes.xpr-gannett.com/press-release/story/category/channels/page/65/,https://bricked.ai/,https://bricked.ai,61,28,true,false,false,2026-02-08,2026-03-07
0,Channels Archives - Page 65 of 166 - Cape Cod Times - XPR,http://capecodtimes.xpr-gannett.com/press-release/story/category/channels/page/65/,https://bricked.ai/,real estate comping,61,28,true,false,false,2026-02-08,2026-03-07
0,Channels Archives - Page 65 of 166 - Cape Cod Times - XPR,http://capecodtimes.xpr-gannett.com/press-release/story/category/channels/page/65/,https://bricked.ai/discord,Other,61,28,false,false,false,2026-02-08,2026-03-07
0,Technology Archives - Page 52 of 130 - Cape Cod Times - XPR,http://capecodtimes.xpr-gannett.com/press-release/story/category/channels/technology/page/52/,https://bricked.ai/,Bricked AI,82,28,true,false,false,2026-02-06,2026-04-08
0,Technology Archives - Page 52 of 130 - Cape Cod Times - XPR,http://capecodtimes.xpr-gannett.com/press-release/story/category/channels/technology/page/52/,https://bricked.ai/,https://bricked.ai,82,28,true,false,false,2026-02-06,2026-04-08
0,Technology Archives - Page 52 of 130 - Cape Cod Times - XPR,http://capecodtimes.xpr-gannett.com/press-release/story/category/channels/technology/page/52/,https://bricked.ai/,real estate comping,82,28,true,false,false,2026-02-06,2026-04-08
0,Technology Archives - Page 52 of 130 - Cape Cod Times - XPR,http://capecodtimes.xpr-gannett.com/press-release/story/category/channels/technology/page/52/,https://bricked.ai/discord,Other,82,28,false,false,false,2026-02-06,2026-04-08
0,Technology Archives - Page 53 of 131 - Cape Cod Times - XPR,http://capecodtimes.xpr-gannett.com/press-release/story/category/channels/technology/page/53/,https://bricked.ai/,Bricked AI,85,28,true,false,false,2026-02-08,2026-03-08
0,Technology Archives - Page 53 of 131 - Cape Cod Times - XPR,http://capecodtimes.xpr-gannett.com/press-release/story/category/channels/technology/page/53/,https://bricked.ai/,https://bricked.ai,85,28,true,false,false,2026-02-08,2026-03-08
0,Technology Archives - Page 53 of 131 - Cape Cod Times - XPR,http://capecodtimes.xpr-gannett.com/press-release/story/category/channels/technology/page/53/,https://bricked.ai/,real estate comping,85,28,true,false,false,2026-02-08,2026-03-08
0,Technology Archives - Page 53 of 131 - Cape Cod Times - XPR,http://capecodtimes.xpr-gannett.com/press-release/story/category/channels/technology/page/53/,https://bricked.ai/discord,Other,85,28,false,false,false,2026-02-08,2026-03-08
0,EIN Presswire Archives - Page 1326 of 1598 - Cape Cod Times - XPR,http://capecodtimes.xpr-gannett.com/press-release/story/category/partners/ein-presswire/page/1326/,https://bricked.ai/,Bricked AI,54,28,true,false,false,2026-02-22,2026-04-08
0,EIN Presswire Archives - Page 1326 of 1598 - Cape Cod Times - XPR,http://capecodtimes.xpr-gannett.com/press-release/story/category/partners/ein-presswire/page/1326/,https://bricked.ai/,https://bricked.ai,54,28,true,false,false,2026-02-22,2026-04-08
0,EIN Presswire Archives - Page 1326 of 1598 - Cape Cod Times - XPR,http://capecodtimes.xpr-gannett.com/press-release/story/category/partners/ein-presswire/page/1326/,https://bricked.ai/,real estate comping,54,28,true,false,false,2026-02-22,2026-04-08
0,EIN Presswire Archives - Page 1326 of 1598 - Cape Cod Times - XPR,http://capecodtimes.xpr-gannett.com/press-release/story/category/partners/ein-presswire/page/1326/,https://bricked.ai/discord,Other,54,28,false,false,false,2026-02-22,2026-04-08
0,Press Releases Archives - Page 212 of 1008 - Cape Cod Times - XPR,http://capecodtimes.xpr-gannett.com/press-release/story/category/press-releases/page/212/,https://bricked.ai/,Bricked AI,58,28,true,false,false,2026-02-08,2026-04-07
0,Press Releases Archives - Page 212 of 1008 - Cape Cod Times - XPR,http://capecodtimes.xpr-gannett.com/press-release/story/category/press-releases/page/212/,https://bricked.ai/,https://bricked.ai,58,28,true,false,false,2026-02-08,2026-04-07
0,Press Releases Archives - Page 212 of 1008 - Cape Cod Times - XPR,http://capecodtimes.xpr-gannett.com/press-release/story/category/press-releases/page/212/,https://bricked.ai/,real estate comping,58,28,true,false,false,2026-02-08,2026-04-07
0,Press Releases Archives - Page 212 of 1008 - Cape Cod Times - XPR,http://capecodtimes.xpr-gannett.com/press-release/story/category/press-releases/page/212/,https://bricked.ai/discord,Other,58,28,false,false,false,2026-02-08,2026-04-07
0,Channels Archives - Page 76 of 177 - The Pueblo Chieftain,http://chieftain.xpr-gannett.com/press-release/story/category/channels/page/76/,https://bricked.ai/discord,Other,86,28,false,false,false,2026-02-09,2026-04-05
0,Channels Archives - Page 76 of 177 - The Pueblo Chieftain,http://chieftain.xpr-gannett.com/press-release/story/category/channels/page/76/,https://bricked.ai/,Bricked AI,86,28,true,false,false,2026-02-09,2026-04-05
0,Channels Archives - Page 76 of 177 - The Pueblo Chieftain,http://chieftain.xpr-gannett.com/press-release/story/category/channels/page/76/,https://bricked.ai/,https://bricked.ai,86,28,true,false,false,2026-02-09,2026-04-05
0,Channels Archives - Page 76 of 177 - The Pueblo Chieftain,http://chieftain.xpr-gannett.com/press-release/story/category/channels/page/76/,https://bricked.ai/,real estate comping,86,28,true,false,false,2026-02-09,2026-04-05
0,Technology Archives - Page 59 of 137 - The Pueblo Chieftain,http://chieftain.xpr-gannett.com/press-release/story/category/channels/technology/page/59/,https://bricked.ai/discord,Other,83,28,false,false,false,2026-02-05,2026-03-07
0,Technology Archives - Page 59 of 137 - The Pueblo Chieftain,http://chieftain.xpr-gannett.com/press-release/story/category/channels/technology/page/59/,https://bricked.ai/,https://bricked.ai,83,28,true,false,false,2026-02-05,2026-03-07
0,Technology Archives - Page 59 of 137 - The Pueblo Chieftain,http://chieftain.xpr-gannett.com/press-release/story/category/channels/technology/page/59/,https://bricked.ai/,Bricked AI,83,28,true,false,false,2026-02-05,2026-03-07
0,Technology Archives - Page 59 of 137 - The Pueblo Chieftain,http://chieftain.xpr-gannett.com/press-release/story/category/channels/technology/page/59/,https://bricked.ai/,real estate comping,83,28,true,false,false,2026-02-05,2026-03-07
0,Press Releases Archives - Page 247 of 1045 - The Pueblo Chieftain,http://chieftain.xpr-gannett.com/press-release/story/category/press-releases/page/247/,https://bricked.ai/discord,Other,90,28,false,false,false,2026-02-05,2026-03-07
0,Press Releases Archives - Page 247 of 1045 - The Pueblo Chieftain,http://chieftain.xpr-gannett.com/press-release/story/category/press-releases/page/247/,https://bricked.ai/,Bricked AI,90,28,true,false,false,2026-02-05,2026-03-07
0,Press Releases Archives - Page 247 of 1045 - The Pueblo Chieftain,http://chieftain.xpr-gannett.com/press-release/story/category/press-releases/page/247/,https://bricked.ai/,https://bricked.ai,90,28,true,false,false,2026-02-05,2026-03-07
0,Press Releases Archives - Page 247 of 1045 - The Pueblo Chieftain,http://chieftain.xpr-gannett.com/press-release/story/category/press-releases/page/247/,https://bricked.ai/,real estate comping,90,28,true,false,false,2026-02-05,2026-03-07
0,Press Releases Archives - Page 248 of 1046 - The Pueblo Chieftain,http://chieftain.xpr-gannett.com/press-release/story/category/press-releases/page/248/,https://bricked.ai/,Bricked AI,90,28,true,false,false,2026-02-06,2026-03-07
0,Press Releases Archives - Page 248 of 1046 - The Pueblo Chieftain,http://chieftain.xpr-gannett.com/press-release/story/category/press-releases/page/248/,https://bricked.ai/,https://bricked.ai,90,28,true,false,false,2026-02-06,2026-03-07
0,Press Releases Archives - Page 248 of 1046 - The Pueblo Chieftain,http://chieftain.xpr-gannett.com/press-release/story/category/press-releases/page/248/,https://bricked.ai/,real estate comping,90,28,true,false,false,2026-02-06,2026-03-07
0,Press Releases Archives - Page 248 of 1046 - The Pueblo Chieftain,http://chieftain.xpr-gannett.com/press-release/story/category/press-releases/page/248/,https://bricked.ai/discord,Other,90,28,false,false,false,2026-02-06,2026-03-07
0,Press Releases Archives - Page 372 of 1170 - The Pueblo Chieftain,http://chieftain.xpr-gannett.com/press-release/story/category/press-releases/page/372/,https://bricked.ai/discord,Other,90,28,false,false,false,2026-02-13,2026-03-08
0,Press Releases Archives - Page 372 of 1170 - The Pueblo Chieftain,http://chieftain.xpr-gannett.com/press-release/story/category/press-releases/page/372/,https://bricked.ai/,Bricked AI,90,28,true,false,false,2026-02-13,2026-03-08
0,Press Releases Archives - Page 372 of 1170 - The Pueblo Chieftain,http://chieftain.xpr-gannett.com/press-release/story/category/press-releases/page/372/,https://bricked.ai/,real estate comping,90,28,true,false,false,2026-02-13,2026-03-08
0,Press Releases Archives - Page 372 of 1170 - The Pueblo Chieftain,http://chieftain.xpr-gannett.com/press-release/story/category/press-releases/page/372/,https://bricked.ai/,https://bricked.ai,90,28,true,false,false,2026-02-13,2026-03-08
0,Business Archives - Page 306 of 1207 - Cincinnati.com | The Enquirer,http://cincinnati.xpr-gannett.com/press-release/story/category/business/page/306/,https://bricked.ai/discord,Other,97,28,false,false,false,2026-02-06,2026-03-07
0,Business Archives - Page 306 of 1207 - Cincinnati.com | The Enquirer,http://cincinnati.xpr-gannett.com/press-release/story/category/business/page/306/,https://bricked.ai/,Bricked AI,97,28,true,false,false,2026-02-06,2026-03-07
0,Business Archives - Page 306 of 1207 - Cincinnati.com | The Enquirer,http://cincinnati.xpr-gannett.com/press-release/story/category/business/page/306/,https://bricked.ai/,https://bricked.ai,97,28,true,false,false,2026-02-06,2026-03-07
0,Business Archives - Page 306 of 1207 - Cincinnati.com | The Enquirer,http://cincinnati.xpr-gannett.com/press-release/story/category/business/page/306/,https://bricked.ai/,real estate comping,97,28,true,false,false,2026-02-06,2026-03-07
0,Business Archives - Page 947 of 1849 - Cincinnati.com | The Enquirer,http://cincinnati.xpr-gannett.com/press-release/story/category/business/page/947/,https://bricked.ai/discord,Other,56,28,false,false,false,2026-02-17,2026-04-08
0,Business Archives - Page 947 of 1849 - Cincinnati.com | The Enquirer,http://cincinnati.xpr-gannett.com/press-release/story/category/business/page/947/,https://bricked.ai/,Bricked AI,56,28,true,false,false,2026-02-17,2026-04-08
0,Business Archives - Page 947 of 1849 - Cincinnati.com | The Enquirer,http://cincinnati.xpr-gannett.com/press-release/story/category/business/page/947/,https://bricked.ai/,https://bricked.ai,56,28,true,false,false,2026-02-17,2026-04-08
0,Business Archives - Page 947 of 1849 - Cincinnati.com | The Enquirer,http://cincinnati.xpr-gannett.com/press-release/story/category/business/page/947/,https://bricked.ai/,real estate comping,56,28,true,false,false,2026-02-17,2026-04-08
0,Channels Archives - Page 99 of 207 - Cincinnati.com | The Enquirer,http://cincinnati.xpr-gannett.com/press-release/story/category/channels/page/99/,https://bricked.ai/,Bricked AI,100,28,true,false,false,2026-02-11,2026-03-08
0,Channels Archives - Page 99 of 207 - Cincinnati.com | The Enquirer,http://cincinnati.xpr-gannett.com/press-release/story/category/channels/page/99/,https://bricked.ai/,https://bricked.ai,100,28,true,false,false,2026-02-11,2026-03-08
0,Channels Archives - Page 99 of 207 - Cincinnati.com | The Enquirer,http://cincinnati.xpr-gannett.com/press-release/story/category/channels/page/99/,https://bricked.ai/,real estate comping,100,28,true,false,false,2026-02-11,2026-03-08
0,Channels Archives - Page 99 of 207 - Cincinnati.com | The Enquirer,http://cincinnati.xpr-gannett.com/press-release/story/category/channels/page/99/,https://bricked.ai/discord,Other,100,28,false,false,false,2026-02-11,2026-03-08
0,Technology Archives - Page 68 of 149 - Cincinnati.com | The Enquirer,http://cincinnati.xpr-gannett.com/press-release/story/category/channels/technology/page/68/,https://bricked.ai/discord,Other,83,28,false,false,false,2026-01-31,2026-03-06
0,Technology Archives - Page 68 of 149 - Cincinnati.com | The Enquirer,http://cincinnati.xpr-gannett.com/press-release/story/category/channels/technology/page/68/,https://bricked.ai/,Bricked AI,83,28,true,false,false,2026-01-31,2026-03-06
0,Technology Archives - Page 68 of 149 - Cincinnati.com | The Enquirer,http://cincinnati.xpr-gannett.com/press-release/story/category/channels/technology/page/68/,https://bricked.ai/,https://bricked.ai,83,28,true,false,false,2026-01-31,2026-03-06
0,Technology Archives - Page 68 of 149 - Cincinnati.com | The Enquirer,http://cincinnati.xpr-gannett.com/press-release/story/category/channels/technology/page/68/,https://bricked.ai/,real estate comping,83,28,true,false,false,2026-01-31,2026-03-06
0,Technology Archives - Page 95 of 176 - Cincinnati.com | The Enquirer,http://cincinnati.xpr-gannett.com/press-release/story/category/channels/technology/page/95/,https://bricked.ai/,real estate comping,86,28,true,false,false,2026-02-14,2026-03-05
0,Technology Archives - Page 95 of 176 - Cincinnati.com | The Enquirer,http://cincinnati.xpr-gannett.com/press-release/story/category/channels/technology/page/95/,https://bricked.ai/discord,Other,86,28,false,false,false,2026-02-14,2026-03-05
0,Technology Archives - Page 95 of 176 - Cincinnati.com | The Enquirer,http://cincinnati.xpr-gannett.com/press-release/story/category/channels/technology/page/95/,https://bricked.ai/,Bricked AI,86,28,true,false,false,2026-02-14,2026-03-05
0,Technology Archives - Page 95 of 176 - Cincinnati.com | The Enquirer,http://cincinnati.xpr-gannett.com/press-release/story/category/channels/technology/page/95/,https://bricked.ai/,https://bricked.ai,86,28,true,false,false,2026-02-14,2026-03-05
0,EIN Presswire Archives - Page 263 of 536 - Cincinnati.com | The Enquirer,http://cincinnati.xpr-gannett.com/press-release/story/category/partners/ein-presswire/page/263/,https://bricked.ai/discord,Other,56,28,false,false,false,2026-02-03,2026-03-08
0,EIN Presswire Archives - Page 263 of 536 - Cincinnati.com | The Enquirer,http://cincinnati.xpr-gannett.com/press-release/story/category/partners/ein-presswire/page/263/,https://bricked.ai/,https://bricked.ai,56,28,true,false,false,2026-02-03,2026-03-08
0,EIN Presswire Archives - Page 263 of 536 - Cincinnati.com | The Enquirer,http://cincinnati.xpr-gannett.com/press-release/story/category/partners/ein-presswire/page/263/,https://bricked.ai/,real estate comping,56,28,true,false,false,2026-02-03,2026-03-08
0,EIN Presswire Archives - Page 263 of 536 - Cincinnati.com | The Enquirer,http://cincinnati.xpr-gannett.com/press-release/story/category/partners/ein-presswire/page/263/,https://bricked.ai/,Bricked AI,56,28,true,false,false,2026-02-03,2026-03-08
0,Partners Archives - Page 306 of 1208 - Cincinnati.com | The Enquirer,http://cincinnati.xpr-gannett.com/press-release/story/category/partners/page/306/,https://bricked.ai/,Bricked AI,45,28,true,false,false,2026-02-06,2026-03-08
0,Partners Archives - Page 306 of 1208 - Cincinnati.com | The Enquirer,http://cincinnati.xpr-gannett.com/press-release/story/category/partners/page/306/,https://bricked.ai/,https://bricked.ai,45,28,true,false,false,2026-02-06,2026-03-08
0,Partners Archives - Page 306 of 1208 - Cincinnati.com | The Enquirer,http://cincinnati.xpr-gannett.com/press-release/story/category/partners/page/306/,https://bricked.ai/,real estate comping,45,28,true,false,false,2026-02-06,2026-03-08
0,Partners Archives - Page 306 of 1208 - Cincinnati.com | The Enquirer,http://cincinnati.xpr-gannett.com/press-release/story/category/partners/page/306/,https://bricked.ai/discord,Other,45,28,false,false,false,2026-02-06,2026-03-08
0,Partners Archives - Page 319 of 1221 - Cincinnati.com | The Enquirer,http://cincinnati.xpr-gannett.com/press-release/story/category/partners/page/319/,https://bricked.ai/,Bricked AI,55,28,true,false,false,2026-02-11,2026-04-05
0,Partners Archives - Page 319 of 1221 - Cincinnati.com | The Enquirer,http://cincinnati.xpr-gannett.com/press-release/story/category/partners/page/319/,https://bricked.ai/,https://bricked.ai,55,28,true,false,false,2026-02-11,2026-04-05
0,Partners Archives - Page 319 of 1221 - Cincinnati.com | The Enquirer,http://cincinnati.xpr-gannett.com/press-release/story/category/partners/page/319/,https://bricked.ai/,real estate comping,55,28,true,false,false,2026-02-11,2026-04-05
0,Partners Archives - Page 319 of 1221 - Cincinnati.com | The Enquirer,http://cincinnati.xpr-gannett.com/press-release/story/category/partners/page/319/,https://bricked.ai/discord,Other,55,28,false,false,false,2026-02-11,2026-04-05
0,Partners Archives - Page 342 of 1244 - Cincinnati.com | The Enquirer,http://cincinnati.xpr-gannett.com/press-release/story/category/partners/page/342/,https://bricked.ai/discord,Other,83,28,false,false,false,2026-02-11,2026-05-06
0,Partners Archives - Page 342 of 1244 - Cincinnati.com | The Enquirer,http://cincinnati.xpr-gannett.com/press-release/story/category/partners/page/342/,https://bricked.ai/,Bricked AI,83,28,true,false,false,2026-02-11,2026-05-06
0,Partners Archives - Page 342 of 1244 - Cincinnati.com | The Enquirer,http://cincinnati.xpr-gannett.com/press-release/story/category/partners/page/342/,https://bricked.ai/,real estate comping,83,28,true,false,false,2026-02-11,2026-05-06
0,Partners Archives - Page 342 of 1244 - Cincinnati.com | The Enquirer,http://cincinnati.xpr-gannett.com/press-release/story/category/partners/page/342/,https://bricked.ai/,https://bricked.ai,83,28,true,false,false,2026-02-11,2026-05-06
0,Press Releases Archives - Page 300 of 1058 - Cincinnati.com | The Enquirer,http://cincinnati.xpr-gannett.com/press-release/story/category/press-releases/page/300/,https://bricked.ai/,Bricked AI,83,28,true,false,false,2026-02-03,2026-03-06
0,Press Releases Archives - Page 300 of 1058 - Cincinnati.com | The Enquirer,http://cincinnati.xpr-gannett.com/press-release/story/category/press-releases/page/300/,https://bricked.ai/,https://bricked.ai,83,28,true,false,false,2026-02-03,2026-03-06
0,Press Releases Archives - Page 300 of 1058 - Cincinnati.com | The Enquirer,http://cincinnati.xpr-gannett.com/press-release/story/category/press-releases/page/300/,https://bricked.ai/,real estate comping,83,28,true,false,false,2026-02-03,2026-03-06
0,Press Releases Archives - Page 300 of 1058 - Cincinnati.com | The Enquirer,http://cincinnati.xpr-gannett.com/press-release/story/category/press-releases/page/300/,https://bricked.ai/discord,Other,83,28,false,false,false,2026-02-03,2026-03-06
0,Press Releases Archives - Page 314 of 1072 - Cincinnati.com | The Enquirer,http://cincinnati.xpr-gannett.com/press-release/story/category/press-releases/page/314/,https://bricked.ai/discord,Other,97,28,false,false,false,2026-02-08,2026-04-06
0,Press Releases Archives - Page 314 of 1072 - Cincinnati.com | The Enquirer,http://cincinnati.xpr-gannett.com/press-release/story/category/press-releases/page/314/,https://bricked.ai/,Bricked AI,97,28,true,false,false,2026-02-08,2026-04-06
0,Press Releases Archives - Page 314 of 1072 - Cincinnati.com | The Enquirer,http://cincinnati.xpr-gannett.com/press-release/story/category/press-releases/page/314/,https://bricked.ai/,https://bricked.ai,97,28,true,false,false,2026-02-08,2026-04-06
0,Press Releases Archives - Page 314 of 1072 - Cincinnati.com | The Enquirer,http://cincinnati.xpr-gannett.com/press-release/story/category/press-releases/page/314/,https://bricked.ai/,real estate comping,97,28,true,false,false,2026-02-08,2026-04-06
0,Business Archives - Page 1464 of 2270 - The Topeka Capital-Journal,http://cjonline.xpr-gannett.com/press-release/story/category/business/page/1464/,https://bricked.ai/,Bricked AI,86,28,true,false,false,2026-02-22,2026-04-05
0,Business Archives - Page 1464 of 2270 - The Topeka Capital-Journal,http://cjonline.xpr-gannett.com/press-release/story/category/business/page/1464/,https://bricked.ai/,https://bricked.ai,86,28,true,false,false,2026-02-22,2026-04-05
0,Business Archives - Page 1464 of 2270 - The Topeka Capital-Journal,http://cjonline.xpr-gannett.com/press-release/story/category/business/page/1464/,https://bricked.ai/,real estate comping,86,28,true,false,false,2026-02-22,2026-04-05
0,Business Archives - Page 1464 of 2270 - The Topeka Capital-Journal,http://cjonline.xpr-gannett.com/press-release/story/category/business/page/1464/,https://bricked.ai/discord,Other,86,28,false,false,false,2026-02-22,2026-04-05
0,Technology Archives - Page 152 of 231 - The Topeka Capital-Journal,http://cjonline.xpr-gannett.com/press-release/story/category/channels/technology/page/152/,https://bricked.ai/,Bricked AI,48,28,true,false,false,2026-02-16,2026-03-05
0,Technology Archives - Page 152 of 231 - The Topeka Capital-Journal,http://cjonline.xpr-gannett.com/press-release/story/category/channels/technology/page/152/,https://bricked.ai/,https://bricked.ai,48,28,true,false,false,2026-02-16,2026-03-05
0,Technology Archives - Page 152 of 231 - The Topeka Capital-Journal,http://cjonline.xpr-gannett.com/press-release/story/category/channels/technology/page/152/,https://bricked.ai/,real estate comping,48,28,true,false,false,2026-02-16,2026-03-05
0,Technology Archives - Page 152 of 231 - The Topeka Capital-Journal,http://cjonline.xpr-gannett.com/press-release/story/category/channels/technology/page/152/,https://bricked.ai/discord,Other,48,28,false,false,false,2026-02-16,2026-03-05
0,Partners Archives - Page 1462 of 2269 - The Topeka Capital-Journal,http://cjonline.xpr-gannett.com/press-release/story/category/partners/page/1462/,https://bricked.ai/discord,Other,56,28,false,false,false,2026-02-22,2026-04-04
0,Partners Archives - Page 1462 of 2269 - The Topeka Capital-Journal,http://cjonline.xpr-gannett.com/press-release/story/category/partners/page/1462/,https://bricked.ai/,real estate comping,56,28,true,false,false,2026-02-22,2026-04-04
0,Partners Archives - Page 1462 of 2269 - The Topeka Capital-Journal,http://cjonline.xpr-gannett.com/press-release/story/category/partners/page/1462/,https://bricked.ai/,https://bricked.ai,56,28,true,false,false,2026-02-22,2026-04-04
0,Partners Archives - Page 1462 of 2269 - The Topeka Capital-Journal,http://cjonline.xpr-gannett.com/press-release/story/category/partners/page/1462/,https://bricked.ai/,Bricked AI,56,28,true,false,false,2026-02-22,2026-04-04
0,Press Releases Archives - Page 1464 of 2262 - The Topeka Capital-Journal,http://cjonline.xpr-gannett.com/press-release/story/category/press-releases/page/1464/,https://bricked.ai/,Bricked AI,83,28,true,false,false,2026-02-22,2026-04-05
0,Press Releases Archives - Page 1464 of 2262 - The Topeka Capital-Journal,http://cjonline.xpr-gannett.com/press-release/story/category/press-releases/page/1464/,https://bricked.ai/,https://bricked.ai,83,28,true,false,false,2026-02-22,2026-04-05
0,Press Releases Archives - Page 1464 of 2262 - The Topeka Capital-Journal,http://cjonline.xpr-gannett.com/press-release/story/category/press-releases/page/1464/,https://bricked.ai/,real estate comping,83,28,true,false,false,2026-02-22,2026-04-05
0,Press Releases Archives - Page 1464 of 2262 - The Topeka Capital-Journal,http://cjonline.xpr-gannett.com/press-release/story/category/press-releases/page/1464/,https://bricked.ai/discord,Other,83,28,false,false,false,2026-02-22,2026-04-05
0,Business Archives - Page 374 of 1273 - The Clarion-Ledger,http://clarionledger.xpr-gannett.com/press-release/story/category/business/page/374/,https://bricked.ai/,Bricked AI,62,28,true,false,false,2026-02-08,2026-04-01
0,Business Archives - Page 374 of 1273 - The Clarion-Ledger,http://clarionledger.xpr-gannett.com/press-release/story/category/business/page/374/,https://bricked.ai/,https://bricked.ai,62,28,true,false,false,2026-02-08,2026-04-01
0,Business Archives - Page 374 of 1273 - The Clarion-Ledger,http://clarionledger.xpr-gannett.com/press-release/story/category/business/page/374/,https://bricked.ai/,real estate comping,62,28,true,false,false,2026-02-08,2026-04-01
0,Business Archives - Page 374 of 1273 - The Clarion-Ledger,http://clarionledger.xpr-gannett.com/press-release/story/category/business/page/374/,https://bricked.ai/discord,Other,62,28,false,false,false,2026-02-08,2026-04-01
0,Business Archives - Page 523 of 1422 - The Clarion-Ledger,http://clarionledger.xpr-gannett.com/press-release/story/category/business/page/523/,https://bricked.ai/discord,Other,58,28,false,false,false,2026-02-14,2026-04-05
0,Business Archives - Page 523 of 1422 - The Clarion-Ledger,http://clarionledger.xpr-gannett.com/press-release/story/category/business/page/523/,https://bricked.ai/,real estate comping,58,28,true,false,false,2026-02-14,2026-04-05
0,Business Archives - Page 523 of 1422 - The Clarion-Ledger,http://clarionledger.xpr-gannett.com/press-release/story/category/business/page/523/,https://bricked.ai/,Bricked AI,58,28,true,false,false,2026-02-14,2026-04-05
0,Business Archives - Page 523 of 1422 - The Clarion-Ledger,http://clarionledger.xpr-gannett.com/press-release/story/category/business/page/523/,https://bricked.ai/,https://bricked.ai,58,28,true,false,false,2026-02-14,2026-04-05
0,Channels Archives - Page 110 of 217 - The Clarion-Ledger,http://clarionledger.xpr-gannett.com/press-release/story/category/channels/page/110/,https://bricked.ai/,real estate comping,100,28,true,false,false,2026-02-06,2026-04-05
0,Channels Archives - Page 110 of 217 - The Clarion-Ledger,http://clarionledger.xpr-gannett.com/press-release/story/category/channels/page/110/,https://bricked.ai/,https://bricked.ai,100,28,true,false,false,2026-02-06,2026-04-05
0,Channels Archives - Page 110 of 217 - The Clarion-Ledger,http://clarionledger.xpr-gannett.com/press-release/story/category/channels/page/110/,https://bricked.ai/,Bricked AI,100,28,true,false,false,2026-02-06,2026-04-05
0,Channels Archives - Page 110 of 217 - The Clarion-Ledger,http://clarionledger.xpr-gannett.com/press-release/story/category/channels/page/110/,https://bricked.ai/discord,Other,100,28,false,false,false,2026-02-06,2026-04-05
0,Technology Archives - Page 199 of 280 - The Clarion-Ledger,http://clarionledger.xpr-gannett.com/press-release/story/category/channels/technology/page/199/,https://bricked.ai/,Bricked AI,83,28,true,false,false,2026-02-16,2026-03-06
0,Technology Archives - Page 199 of 280 - The Clarion-Ledger,http://clarionledger.xpr-gannett.com/press-release/story/category/channels/technology/page/199/,https://bricked.ai/,https://bricked.ai,83,28,true,false,false,2026-02-16,2026-03-06
0,Technology Archives - Page 199 of 280 - The Clarion-Ledger,http://clarionledger.xpr-gannett.com/press-release/story/category/channels/technology/page/199/,https://bricked.ai/,real estate comping,83,28,true,false,false,2026-02-16,2026-03-06
0,Technology Archives - Page 199 of 280 - The Clarion-Ledger,http://clarionledger.xpr-gannett.com/press-release/story/category/channels/technology/page/199/,https://bricked.ai/discord,Other,83,28,false,false,false,2026-02-16,2026-03-06
0,Technology Archives - Page 82 of 162 - The Clarion-Ledger,http://clarionledger.xpr-gannett.com/press-release/story/category/channels/technology/page/82/,https://bricked.ai/,Bricked AI,80,28,true,false,false,2026-02-03,2026-03-08
0,Technology Archives - Page 82 of 162 - The Clarion-Ledger,http://clarionledger.xpr-gannett.com/press-release/story/category/channels/technology/page/82/,https://bricked.ai/,https://bricked.ai,80,28,true,false,false,2026-02-03,2026-03-08
0,Technology Archives - Page 82 of 162 - The Clarion-Ledger,http://clarionledger.xpr-gannett.com/press-release/story/category/channels/technology/page/82/,https://bricked.ai/,real estate comping,80,28,true,false,false,2026-02-03,2026-03-08
0,Technology Archives - Page 82 of 162 - The Clarion-Ledger,http://clarionledger.xpr-gannett.com/press-release/story/category/channels/technology/page/82/,https://bricked.ai/discord,Other,80,28,false,false,false,2026-02-03,2026-03-08
0,Technology Archives - Page 92 of 173 - The Clarion-Ledger,http://clarionledger.xpr-gannett.com/press-release/story/category/channels/technology/page/92/,https://bricked.ai/,Bricked AI,83,28,true,false,false,2026-02-11,2026-04-07
0,Technology Archives - Page 92 of 173 - The Clarion-Ledger,http://clarionledger.xpr-gannett.com/press-release/story/category/channels/technology/page/92/,https://bricked.ai/,https://bricked.ai,83,28,true,false,false,2026-02-11,2026-04-07
0,Technology Archives - Page 92 of 173 - The Clarion-Ledger,http://clarionledger.xpr-gannett.com/press-release/story/category/channels/technology/page/92/,https://bricked.ai/,real estate comping,83,28,true,false,false,2026-02-11,2026-04-07
0,Technology Archives - Page 92 of 173 - The Clarion-Ledger,http://clarionledger.xpr-gannett.com/press-release/story/category/channels/technology/page/92/,https://bricked.ai/discord,Other,83,28,false,false,false,2026-02-11,2026-04-07
0,Partners Archives - Page 357 of 1256 - The Clarion-Ledger,http://clarionledger.xpr-gannett.com/press-release/story/category/partners/page/357/,https://bricked.ai/,Bricked AI,92,28,true,false,false,2026-02-03,2026-04-05
0,Partners Archives - Page 357 of 1256 - The Clarion-Ledger,http://clarionledger.xpr-gannett.com/press-release/story/category/partners/page/357/,https://bricked.ai/,https://bricked.ai,92,28,true,false,false,2026-02-03,2026-04-05
0,Partners Archives - Page 357 of 1256 - The Clarion-Ledger,http://clarionledger.xpr-gannett.com/press-release/story/category/partners/page/357/,https://bricked.ai/,real estate comping,92,28,true,false,false,2026-02-03,2026-04-05
0,Partners Archives - Page 357 of 1256 - The Clarion-Ledger,http://clarionledger.xpr-gannett.com/press-release/story/category/partners/page/357/,https://bricked.ai/discord,Other,92,28,false,false,false,2026-02-03,2026-04-05
0,Partners Archives - Page 360 of 1259 - The Clarion-Ledger,http://clarionledger.xpr-gannett.com/press-release/story/category/partners/page/360/,https://bricked.ai/,Bricked AI,56,28,true,false,false,2026-02-06,2026-05-04
0,Partners Archives - Page 360 of 1259 - The Clarion-Ledger,http://clarionledger.xpr-gannett.com/press-release/story/category/partners/page/360/,https://bricked.ai/,https://bricked.ai,56,28,true,false,false,2026-02-06,2026-05-04
0,Partners Archives - Page 360 of 1259 - The Clarion-Ledger,http://clarionledger.xpr-gannett.com/press-release/story/category/partners/page/360/,https://bricked.ai/,real estate comping,56,28,true,false,false,2026-02-06,2026-05-04
0,Partners Archives - Page 360 of 1259 - The Clarion-Ledger,http://clarionledger.xpr-gannett.com/press-release/story/category/partners/page/360/,https://bricked.ai/discord,Other,56,28,false,false,false,2026-02-06,2026-05-04
0,Partners Archives - Page 519 of 1419 - The Clarion-Ledger,http://clarionledger.xpr-gannett.com/press-release/story/category/partners/page/519/,https://bricked.ai/,Bricked AI,45,28,true,false,false,2026-02-14,2026-03-05
0,Partners Archives - Page 519 of 1419 - The Clarion-Ledger,http://clarionledger.xpr-gannett.com/press-release/story/category/partners/page/519/,https://bricked.ai/,https://bricked.ai,45,28,true,false,false,2026-02-14,2026-03-05
0,Partners Archives - Page 519 of 1419 - The Clarion-Ledger,http://clarionledger.xpr-gannett.com/press-release/story/category/partners/page/519/,https://bricked.ai/,real estate comping,45,28,true,false,false,2026-02-14,2026-03-05
0,Partners Archives - Page 519 of 1419 - The Clarion-Ledger,http://clarionledger.xpr-gannett.com/press-release/story/category/partners/page/519/,https://bricked.ai/discord,Other,45,28,false,false,false,2026-02-14,2026-03-05
0,🏆🏆Boost your Google rankings with Premium PBN & Link Building🏆🏆,http://clifflisting.com/all/493/11.html,https://bricked.ai/,High Quality Dofollow Backlinks DA 50 PA 40 Premium PBN Network Service bricked.ai Rank First Page Google Fast SEO Link Building Buy Backlinks Online Cheap,3000,12,false,false,false,2026-09-15,2026-09-15
0,"Distributed by EIN Presswire, Author at The Commercial Appeal - Page 447 of 514",http://commercialappeal.xpr-gannett.com/press-release/story/author/distributed-by-ein-commercialappealxpr-gannettcom/page/447/,https://bricked.ai/discord,Other,91,28,false,false,false,2026-02-14,2026-04-04
0,"Distributed by EIN Presswire, Author at The Commercial Appeal - Page 447 of 514",http://commercialappeal.xpr-gannett.com/press-release/story/author/distributed-by-ein-commercialappealxpr-gannettcom/page/447/,https://bricked.ai/,Bricked AI,91,28,true,false,false,2026-02-14,2026-04-04
0,"Distributed by EIN Presswire, Author at The Commercial Appeal - Page 447 of 514",http://commercialappeal.xpr-gannett.com/press-release/story/author/distributed-by-ein-commercialappealxpr-gannettcom/page/447/,https://bricked.ai/,https://bricked.ai,91,28,true,false,false,2026-02-14,2026-04-04
0,"Distributed by EIN Presswire, Author at The Commercial Appeal - Page 447 of 514",http://commercialappeal.xpr-gannett.com/press-release/story/author/distributed-by-ein-commercialappealxpr-gannettcom/page/447/,https://bricked.ai/,real estate comping,91,28,true,false,false,2026-02-14,2026-04-04
0,Business Archives - Page 415 of 1363 - The Commercial Appeal,http://commercialappeal.xpr-gannett.com/press-release/story/category/business/page/415/,https://bricked.ai/,Bricked AI,51,28,true,false,false,2026-02-04,2026-04-05
0,Business Archives - Page 415 of 1363 - The Commercial Appeal,http://commercialappeal.xpr-gannett.com/press-release/story/category/business/page/415/,https://bricked.ai/,https://bricked.ai,51,28,true,false,false,2026-02-04,2026-04-05
0,Business Archives - Page 415 of 1363 - The Commercial Appeal,http://commercialappeal.xpr-gannett.com/press-release/story/category/business/page/415/,https://bricked.ai/,real estate comping,51,28,true,false,false,2026-02-04,2026-04-05
0,Business Archives - Page 415 of 1363 - The Commercial Appeal,http://commercialappeal.xpr-gannett.com/press-release/story/category/business/page/415/,https://bricked.ai/discord,Other,51,28,false,false,false,2026-02-04,2026-04-05
0,Business Archives - Page 424 of 1371 - The Commercial Appeal,http://commercialappeal.xpr-gannett.com/press-release/story/category/business/page/424/,https://bricked.ai/,Bricked AI,91,28,true,false,false,2026-02-08,2026-03-09
0,Business Archives - Page 424 of 1371 - The Commercial Appeal,http://commercialappeal.xpr-gannett.com/press-release/story/category/business/page/424/,https://bricked.ai/,https://bricked.ai,91,28,true,false,false,2026-02-08,2026-03-09
0,Business Archives - Page 424 of 1371 - The Commercial Appeal,http://commercialappeal.xpr-gannett.com/press-release/story/category/business/page/424/,https://bricked.ai/,real estate comping,91,28,true,false,false,2026-02-08,2026-03-09
0,Business Archives - Page 424 of 1371 - The Commercial Appeal,http://commercialappeal.xpr-gannett.com/press-release/story/category/business/page/424/,https://bricked.ai/discord,Other,91,28,false,false,false,2026-02-08,2026-03-09
0,Channels Archives - Page 152 of 258 - The Commercial Appeal,http://commercialappeal.xpr-gannett.com/press-release/story/category/channels/page/152/,https://bricked.ai/,Bricked AI,60,28,true,false,false,2026-02-16,2026-03-07
0,Channels Archives - Page 152 of 258 - The Commercial Appeal,http://commercialappeal.xpr-gannett.com/press-release/story/category/channels/page/152/,https://bricked.ai/,https://bricked.ai,60,28,true,false,false,2026-02-16,2026-03-07
0,Channels Archives - Page 152 of 258 - The Commercial Appeal,http://commercialappeal.xpr-gannett.com/press-release/story/category/channels/page/152/,https://bricked.ai/,real estate comping,60,28,true,false,false,2026-02-16,2026-03-07
0,Channels Archives - Page 152 of 258 - The Commercial Appeal,http://commercialappeal.xpr-gannett.com/press-release/story/category/channels/page/152/,https://bricked.ai/discord,Other,60,28,false,false,false,2026-02-16,2026-03-07
0,Channels Archives - Page 153 of 258 - The Commercial Appeal,http://commercialappeal.xpr-gannett.com/press-release/story/category/channels/page/153/,https://bricked.ai/,Bricked AI,92,28,true,false,false,2026-02-17,2026-03-07
0,Channels Archives - Page 153 of 258 - The Commercial Appeal,http://commercialappeal.xpr-gannett.com/press-release/story/category/channels/page/153/,https://bricked.ai/,https://bricked.ai,92,28,true,false,false,2026-02-17,2026-03-07
0,Channels Archives - Page 153 of 258 - The Commercial Appeal,http://commercialappeal.xpr-gannett.com/press-release/story/category/channels/page/153/,https://bricked.ai/,real estate comping,92,28,true,false,false,2026-02-17,2026-03-07
0,Channels Archives - Page 153 of 258 - The Commercial Appeal,http://commercialappeal.xpr-gannett.com/press-release/story/category/channels/page/153/,https://bricked.ai/discord,Other,92,28,false,false,false,2026-02-17,2026-03-07
0,Partners Archives - Page 501 of 1449 - The Commercial Appeal,http://commercialappeal.xpr-gannett.com/press-release/story/category/partners/page/501/,https://bricked.ai/,Bricked AI,53,28,true,false,false,2026-02-17,2026-05-03
0,Partners Archives - Page 501 of 1449 - The Commercial Appeal,http://commercialappeal.xpr-gannett.com/press-release/story/category/partners/page/501/,https://bricked.ai/,https://bricked.ai,53,28,true,false,false,2026-02-17,2026-05-03
0,Partners Archives - Page 501 of 1449 - The Commercial Appeal,http://commercialappeal.xpr-gannett.com/press-release/story/category/partners/page/501/,https://bricked.ai/,real estate comping,53,28,true,false,false,2026-02-17,2026-05-03
0,Partners Archives - Page 501 of 1449 - The Commercial Appeal,http://commercialappeal.xpr-gannett.com/press-release/story/category/partners/page/501/,https://bricked.ai/discord,Other,53,28,false,false,false,2026-02-17,2026-05-03
0,Press Releases Archives - Page 415 of 1228 - The Commercial Appeal,http://commercialappeal.xpr-gannett.com/press-release/story/category/press-releases/page/415/,https://bricked.ai/,Bricked AI,51,28,true,false,false,2026-02-03,2026-04-06
0,Press Releases Archives - Page 415 of 1228 - The Commercial Appeal,http://commercialappeal.xpr-gannett.com/press-release/story/category/press-releases/page/415/,https://bricked.ai/,https://bricked.ai,51,28,true,false,false,2026-02-03,2026-04-06
0,Press Releases Archives - Page 415 of 1228 - The Commercial Appeal,http://commercialappeal.xpr-gannett.com/press-release/story/category/press-releases/page/415/,https://bricked.ai/,real estate comping,51,28,true,false,false,2026-02-03,2026-04-06
0,Press Releases Archives - Page 415 of 1228 - The Commercial Appeal,http://commercialappeal.xpr-gannett.com/press-release/story/category/press-releases/page/415/,https://bricked.ai/discord,Other,51,28,false,false,false,2026-02-03,2026-04-06
0,Press Releases Archives - Page 419 of 1231 - The Commercial Appeal,http://commercialappeal.xpr-gannett.com/press-release/story/category/press-releases/page/419/,https://bricked.ai/,Bricked AI,87,28,true,false,false,2026-02-06,2026-04-05
0,Press Releases Archives - Page 419 of 1231 - The Commercial Appeal,http://commercialappeal.xpr-gannett.com/press-release/story/category/press-releases/page/419/,https://bricked.ai/,https://bricked.ai,87,28,true,false,false,2026-02-06,2026-04-05
0,Press Releases Archives - Page 419 of 1231 - The Commercial Appeal,http://commercialappeal.xpr-gannett.com/press-release/story/category/press-releases/page/419/,https://bricked.ai/,real estate comping,87,28,true,false,false,2026-02-06,2026-04-05
0,Press Releases Archives - Page 419 of 1231 - The Commercial Appeal,http://commercialappeal.xpr-gannett.com/press-release/story/category/press-releases/page/419/,https://bricked.ai/discord,Other,87,28,false,false,false,2026-02-06,2026-04-05
0,Press Releases Archives - Page 500 of 1313 - The Commercial Appeal,http://commercialappeal.xpr-gannett.com/press-release/story/category/press-releases/page/500/,https://bricked.ai/,Bricked AI,56,28,true,false,false,2026-02-16,2026-03-08
0,Press Releases Archives - Page 500 of 1313 - The Commercial Appeal,http://commercialappeal.xpr-gannett.com/press-release/story/category/press-releases/page/500/,https://bricked.ai/,https://bricked.ai,56,28,true,false,false,2026-02-16,2026-03-08
0,Press Releases Archives - Page 500 of 1313 - The Commercial Appeal,http://commercialappeal.xpr-gannett.com/press-release/story/category/press-releases/page/500/,https://bricked.ai/,real estate comping,56,28,true,false,false,2026-02-16,2026-03-08
0,Press Releases Archives - Page 500 of 1313 - The Commercial Appeal,http://commercialappeal.xpr-gannett.com/press-release/story/category/press-releases/page/500/,https://bricked.ai/discord,Other,56,28,false,false,false,2026-02-16,2026-03-08
0,Press Releases Archives - Page 501 of 1314 - The Commercial Appeal,http://commercialappeal.xpr-gannett.com/press-release/story/category/press-releases/page/501/,https://bricked.ai/discord,Other,88,28,false,false,false,2026-02-17,2026-04-05
0,Press Releases Archives - Page 501 of 1314 - The Commercial Appeal,http://commercialappeal.xpr-gannett.com/press-release/story/category/press-releases/page/501/,https://bricked.ai/,Bricked AI,88,28,true,false,false,2026-02-17,2026-04-05
0,Press Releases Archives - Page 501 of 1314 - The Commercial Appeal,http://commercialappeal.xpr-gannett.com/press-release/story/category/press-releases/page/501/,https://bricked.ai/,https://bricked.ai,88,28,true,false,false,2026-02-17,2026-04-05
0,Press Releases Archives - Page 501 of 1314 - The Commercial Appeal,http://commercialappeal.xpr-gannett.com/press-release/story/category/press-releases/page/501/,https://bricked.ai/,real estate comping,88,28,true,false,false,2026-02-17,2026-04-05
0,Business Archives - Page 760 of 1699 - The Coshocton Tribune,http://coshoctontribune.xpr-gannett.com/press-release/story/category/business/page/760/,https://bricked.ai/,Bricked AI,80,28,true,false,false,2026-02-14,2026-04-06
0,Business Archives - Page 760 of 1699 - The Coshocton Tribune,http://coshoctontribune.xpr-gannett.com/press-release/story/category/business/page/760/,https://bricked.ai/,https://bricked.ai,80,28,true,false,false,2026-02-14,2026-04-06
0,Business Archives - Page 760 of 1699 - The Coshocton Tribune,http://coshoctontribune.xpr-gannett.com/press-release/story/category/business/page/760/,https://bricked.ai/,real estate comping,80,28,true,false,false,2026-02-14,2026-04-06
0,Business Archives - Page 760 of 1699 - The Coshocton Tribune,http://coshoctontribune.xpr-gannett.com/press-release/story/category/business/page/760/,https://bricked.ai/discord,Other,80,28,false,false,false,2026-02-14,2026-04-06
0,Business Archives - Page 764 of 1704 - The Coshocton Tribune,http://coshoctontribune.xpr-gannett.com/press-release/story/category/business/page/764/,https://bricked.ai/discord,Other,56,28,false,false,false,2026-02-19,2026-03-06
0,Business Archives - Page 764 of 1704 - The Coshocton Tribune,http://coshoctontribune.xpr-gannett.com/press-release/story/category/business/page/764/,https://bricked.ai/,Bricked AI,56,28,true,false,false,2026-02-19,2026-03-06
0,Business Archives - Page 764 of 1704 - The Coshocton Tribune,http://coshoctontribune.xpr-gannett.com/press-release/story/category/business/page/764/,https://bricked.ai/,https://bricked.ai,56,28,true,false,false,2026-02-19,2026-03-06
0,Business Archives - Page 764 of 1704 - The Coshocton Tribune,http://coshoctontribune.xpr-gannett.com/press-release/story/category/business/page/764/,https://bricked.ai/,real estate comping,56,28,true,false,false,2026-02-19,2026-03-06
0,Channels Archives - Page 85 of 186 - The Coshocton Tribune,http://coshoctontribune.xpr-gannett.com/press-release/story/category/channels/page/85/,https://bricked.ai/discord,Other,92,28,false,false,false,2026-01-20,2026-04-05
0,Channels Archives - Page 85 of 186 - The Coshocton Tribune,http://coshoctontribune.xpr-gannett.com/press-release/story/category/channels/page/85/,https://bricked.ai/,Bricked AI,92,28,true,false,false,2026-01-20,2026-04-05
0,Channels Archives - Page 85 of 186 - The Coshocton Tribune,http://coshoctontribune.xpr-gannett.com/press-release/story/category/channels/page/85/,https://bricked.ai/,https://bricked.ai,92,28,true,false,false,2026-01-20,2026-04-05
0,Channels Archives - Page 85 of 186 - The Coshocton Tribune,http://coshoctontribune.xpr-gannett.com/press-release/story/category/channels/page/85/,https://bricked.ai/,real estate comping,92,28,true,false,false,2026-01-20,2026-04-05
0,Partners Archives - Page 1444 of 2152 - The Coshocton Tribune,http://coshoctontribune.xpr-gannett.com/press-release/story/category/partners/page/1444/,https://bricked.ai/,real estate comping,57,28,true,false,false,2026-02-22,2026-04-08
0,Partners Archives - Page 1444 of 2152 - The Coshocton Tribune,http://coshoctontribune.xpr-gannett.com/press-release/story/category/partners/page/1444/,https://bricked.ai/discord,Other,57,28,false,false,false,2026-02-22,2026-04-08
0,Partners Archives - Page 1444 of 2152 - The Coshocton Tribune,http://coshoctontribune.xpr-gannett.com/press-release/story/category/partners/page/1444/,https://bricked.ai/,https://bricked.ai,57,28,true,false,false,2026-02-22,2026-04-08
0,Partners Archives - Page 1444 of 2152 - The Coshocton Tribune,http://coshoctontribune.xpr-gannett.com/press-release/story/category/partners/page/1444/,https://bricked.ai/,Bricked AI,57,28,true,false,false,2026-02-22,2026-04-08
0,Partners Archives - Page 883 of 1591 - The Coshocton Tribune,http://coshoctontribune.xpr-gannett.com/press-release/story/category/partners/page/883/,https://bricked.ai/discord,Other,57,28,false,false,false,2026-02-20,2026-03-05
0,Partners Archives - Page 883 of 1591 - The Coshocton Tribune,http://coshoctontribune.xpr-gannett.com/press-release/story/category/partners/page/883/,https://bricked.ai/,real estate comping,57,28,true,false,false,2026-02-20,2026-03-05
0,Partners Archives - Page 883 of 1591 - The Coshocton Tribune,http://coshoctontribune.xpr-gannett.com/press-release/story/category/partners/page/883/,https://bricked.ai/,https://bricked.ai,57,28,true,false,false,2026-02-20,2026-03-05
0,Partners Archives - Page 883 of 1591 - The Coshocton Tribune,http://coshoctontribune.xpr-gannett.com/press-release/story/category/partners/page/883/,https://bricked.ai/,Bricked AI,57,28,true,false,false,2026-02-20,2026-03-05
0,Press Releases Archives - Page 655 of 1462 - The Coshocton Tribune,http://coshoctontribune.xpr-gannett.com/press-release/story/category/press-releases/page/655/,https://bricked.ai/,Bricked AI,57,28,true,false,false,2026-01-28,2026-03-06
0,Press Releases Archives - Page 655 of 1462 - The Coshocton Tribune,http://coshoctontribune.xpr-gannett.com/press-release/story/category/press-releases/page/655/,https://bricked.ai/,https://bricked.ai,57,28,true,false,false,2026-01-28,2026-03-06
0,Press Releases Archives - Page 655 of 1462 - The Coshocton Tribune,http://coshoctontribune.xpr-gannett.com/press-release/story/category/press-releases/page/655/,https://bricked.ai/,real estate comping,57,28,true,false,false,2026-01-28,2026-03-06
0,Press Releases Archives - Page 655 of 1462 - The Coshocton Tribune,http://coshoctontribune.xpr-gannett.com/press-release/story/category/press-releases/page/655/,https://bricked.ai/discord,Other,57,28,false,false,false,2026-01-28,2026-03-06
0,Press Releases Archives - Page 685 of 1491 - The Coshocton Tribune,http://coshoctontribune.xpr-gannett.com/press-release/story/category/press-releases/page/685/,https://bricked.ai/,Bricked AI,87,28,true,false,false,2026-01-31,2026-03-07
0,Press Releases Archives - Page 685 of 1491 - The Coshocton Tribune,http://coshoctontribune.xpr-gannett.com/press-release/story/category/press-releases/page/685/,https://bricked.ai/,https://bricked.ai,87,28,true,false,false,2026-01-31,2026-03-07
0,Press Releases Archives - Page 685 of 1491 - The Coshocton Tribune,http://coshoctontribune.xpr-gannett.com/press-release/story/category/press-releases/page/685/,https://bricked.ai/,real estate comping,87,28,true,false,false,2026-01-31,2026-03-07
0,Press Releases Archives - Page 685 of 1491 - The Coshocton Tribune,http://coshoctontribune.xpr-gannett.com/press-release/story/category/press-releases/page/685/,https://bricked.ai/discord,Other,87,28,false,false,false,2026-01-31,2026-03-07
0,Business Archives - Page 1163 of 2064 - The Courier Journal,http://courier-journal.xpr-gannett.com/press-release/story/category/business/page/1163/,https://bricked.ai/discord,Other,92,28,false,false,false,2026-02-19,2026-03-09
0,Business Archives - Page 1163 of 2064 - The Courier Journal,http://courier-journal.xpr-gannett.com/press-release/story/category/business/page/1163/,https://bricked.ai/,Bricked AI,92,28,true,false,false,2026-02-19,2026-03-09
0,Business Archives - Page 1163 of 2064 - The Courier Journal,http://courier-journal.xpr-gannett.com/press-release/story/category/business/page/1163/,https://bricked.ai/,https://bricked.ai,92,28,true,false,false,2026-02-19,2026-03-09
0,Business Archives - Page 1163 of 2064 - The Courier Journal,http://courier-journal.xpr-gannett.com/press-release/story/category/business/page/1163/,https://bricked.ai/,real estate comping,92,28,true,false,false,2026-02-19,2026-03-09
0,Business Archives - Page 609 of 1509 - The Courier Journal,http://courier-journal.xpr-gannett.com/press-release/story/category/business/page/609/,https://bricked.ai/discord,Other,97,28,false,false,false,2026-02-05,2026-04-06
0,Business Archives - Page 609 of 1509 - The Courier Journal,http://courier-journal.xpr-gannett.com/press-release/story/category/business/page/609/,https://bricked.ai/,Bricked AI,97,28,true,false,false,2026-02-05,2026-04-06
0,Business Archives - Page 609 of 1509 - The Courier Journal,http://courier-journal.xpr-gannett.com/press-release/story/category/business/page/609/,https://bricked.ai/,https://bricked.ai,97,28,true,false,false,2026-02-05,2026-04-06
0,Business Archives - Page 609 of 1509 - The Courier Journal,http://courier-journal.xpr-gannett.com/press-release/story/category/business/page/609/,https://bricked.ai/,real estate comping,97,28,true,false,false,2026-02-05,2026-04-06
0,Business Archives - Page 688 of 1588 - The Courier Journal,http://courier-journal.xpr-gannett.com/press-release/story/category/business/page/688/,https://bricked.ai/,Bricked AI,97,28,true,false,false,2026-02-11,2026-04-05
0,Business Archives - Page 688 of 1588 - The Courier Journal,http://courier-journal.xpr-gannett.com/press-release/story/category/business/page/688/,https://bricked.ai/,https://bricked.ai,97,28,true,false,false,2026-02-11,2026-04-05
0,Business Archives - Page 688 of 1588 - The Courier Journal,http://courier-journal.xpr-gannett.com/press-release/story/category/business/page/688/,https://bricked.ai/,real estate comping,97,28,true,false,false,2026-02-11,2026-04-05
0,Business Archives - Page 688 of 1588 - The Courier Journal,http://courier-journal.xpr-gannett.com/press-release/story/category/business/page/688/,https://bricked.ai/discord,Other,97,28,false,false,false,2026-02-11,2026-04-05
0,Channels Archives - Page 456 of 563 - The Courier Journal,http://courier-journal.xpr-gannett.com/press-release/story/category/channels/page/456/,https://bricked.ai/,Bricked AI,89,28,true,false,false,2026-02-22,2026-04-04
0,Channels Archives - Page 456 of 563 - The Courier Journal,http://courier-journal.xpr-gannett.com/press-release/story/category/channels/page/456/,https://bricked.ai/,https://bricked.ai,89,28,true,false,false,2026-02-22,2026-04-04
0,Channels Archives - Page 456 of 563 - The Courier Journal,http://courier-journal.xpr-gannett.com/press-release/story/category/channels/page/456/,https://bricked.ai/,real estate comping,89,28,true,false,false,2026-02-22,2026-04-04
0,Channels Archives - Page 456 of 563 - The Courier Journal,http://courier-journal.xpr-gannett.com/press-release/story/category/channels/page/456/,https://bricked.ai/discord,Other,89,28,false,false,false,2026-02-22,2026-04-04
0,Technology Archives - Page 143 of 224 - The Courier Journal,http://courier-journal.xpr-gannett.com/press-release/story/category/channels/technology/page/143/,https://bricked.ai/discord,Other,84,28,false,false,false,2026-01-31,2026-03-06
0,Technology Archives - Page 143 of 224 - The Courier Journal,http://courier-journal.xpr-gannett.com/press-release/story/category/channels/technology/page/143/,https://bricked.ai/,Bricked AI,84,28,true,false,false,2026-01-31,2026-03-06
0,Technology Archives - Page 143 of 224 - The Courier Journal,http://courier-journal.xpr-gannett.com/press-release/story/category/channels/technology/page/143/,https://bricked.ai/,https://bricked.ai,84,28,true,false,false,2026-01-31,2026-03-06
0,Technology Archives - Page 143 of 224 - The Courier Journal,http://courier-journal.xpr-gannett.com/press-release/story/category/channels/technology/page/143/,https://bricked.ai/,real estate comping,84,28,true,false,false,2026-01-31,2026-03-06
0,Technology Archives - Page 266 of 347 - The Courier Journal,http://courier-journal.xpr-gannett.com/press-release/story/category/channels/technology/page/266/,https://bricked.ai/discord,Other,75,28,false,false,false,2026-02-17,2026-03-08
0,Technology Archives - Page 266 of 347 - The Courier Journal,http://courier-journal.xpr-gannett.com/press-release/story/category/channels/technology/page/266/,https://bricked.ai/,Bricked AI,75,28,true,false,false,2026-02-17,2026-03-08
0,Technology Archives - Page 266 of 347 - The Courier Journal,http://courier-journal.xpr-gannett.com/press-release/story/category/channels/technology/page/266/,https://bricked.ai/,https://bricked.ai,75,28,true,false,false,2026-02-17,2026-03-08
0,Technology Archives - Page 266 of 347 - The Courier Journal,http://courier-journal.xpr-gannett.com/press-release/story/category/channels/technology/page/266/,https://bricked.ai/,real estate comping,75,28,true,false,false,2026-02-17,2026-03-08
0,EIN Presswire Archives - Page 533 of 805 - The Courier Journal,http://courier-journal.xpr-gannett.com/press-release/story/category/partners/ein-presswire/page/533/,https://bricked.ai/discord,Other,82,28,false,false,false,2026-01-31,2026-03-06
0,EIN Presswire Archives - Page 533 of 805 - The Courier Journal,http://courier-journal.xpr-gannett.com/press-release/story/category/partners/ein-presswire/page/533/,https://bricked.ai/,Bricked AI,82,28,true,false,false,2026-01-31,2026-03-06
0,EIN Presswire Archives - Page 533 of 805 - The Courier Journal,http://courier-journal.xpr-gannett.com/press-release/story/category/partners/ein-presswire/page/533/,https://bricked.ai/,real estate comping,82,28,true,false,false,2026-01-31,2026-03-06
0,EIN Presswire Archives - Page 533 of 805 - The Courier Journal,http://courier-journal.xpr-gannett.com/press-release/story/category/partners/ein-presswire/page/533/,https://bricked.ai/,https://bricked.ai,82,28,true,false,false,2026-01-31,2026-03-06
0,EIN Presswire Archives - Page 549 of 821 - The Courier Journal,http://courier-journal.xpr-gannett.com/press-release/story/category/partners/ein-presswire/page/549/,https://bricked.ai/,Bricked AI,92,28,true,false,false,2026-02-09,2026-03-06
0,EIN Presswire Archives - Page 549 of 821 - The Courier Journal,http://courier-journal.xpr-gannett.com/press-release/story/category/partners/ein-presswire/page/549/,https://bricked.ai/,https://bricked.ai,92,28,true,false,false,2026-02-09,2026-03-06
0,EIN Presswire Archives - Page 549 of 821 - The Courier Journal,http://courier-journal.xpr-gannett.com/press-release/story/category/partners/ein-presswire/page/549/,https://bricked.ai/,real estate comping,92,28,true,false,false,2026-02-09,2026-03-06
0,EIN Presswire Archives - Page 549 of 821 - The Courier Journal,http://courier-journal.xpr-gannett.com/press-release/story/category/partners/ein-presswire/page/549/,https://bricked.ai/discord,Other,92,28,false,false,false,2026-02-09,2026-03-06
0,Partners Archives - Page 608 of 1509 - The Courier Journal,http://courier-journal.xpr-gannett.com/press-release/story/category/partners/page/608/,https://bricked.ai/,Bricked AI,55,28,true,false,false,2026-02-05,2026-03-08
0,Partners Archives - Page 608 of 1509 - The Courier Journal,http://courier-journal.xpr-gannett.com/press-release/story/category/partners/page/608/,https://bricked.ai/,https://bricked.ai,55,28,true,false,false,2026-02-05,2026-03-08
0,Partners Archives - Page 608 of 1509 - The Courier Journal,http://courier-journal.xpr-gannett.com/press-release/story/category/partners/page/608/,https://bricked.ai/,real estate comping,55,28,true,false,false,2026-02-05,2026-03-08
0,Partners Archives - Page 608 of 1509 - The Courier Journal,http://courier-journal.xpr-gannett.com/press-release/story/category/partners/page/608/,https://bricked.ai/discord,Other,55,28,false,false,false,2026-02-05,2026-03-08
0,Partners Archives - Page 610 of 1511 - The Courier Journal,http://courier-journal.xpr-gannett.com/press-release/story/category/partners/page/610/,https://bricked.ai/,Bricked AI,82,28,true,false,false,2026-02-06,2026-04-08
0,Partners Archives - Page 610 of 1511 - The Courier Journal,http://courier-journal.xpr-gannett.com/press-release/story/category/partners/page/610/,https://bricked.ai/,https://bricked.ai,82,28,true,false,false,2026-02-06,2026-04-08
0,Partners Archives - Page 610 of 1511 - The Courier Journal,http://courier-journal.xpr-gannett.com/press-release/story/category/partners/page/610/,https://bricked.ai/,real estate comping,82,28,true,false,false,2026-02-06,2026-04-08
0,Partners Archives - Page 610 of 1511 - The Courier Journal,http://courier-journal.xpr-gannett.com/press-release/story/category/partners/page/610/,https://bricked.ai/discord,Other,82,28,false,false,false,2026-02-06,2026-04-08
0,Press Releases Archives - Page 1145 of 1901 - The Courier Journal,http://courier-journal.xpr-gannett.com/press-release/story/category/press-releases/page/1145/,https://bricked.ai/,Bricked AI,97,28,true,false,false,2026-02-17,2026-03-07
0,Press Releases Archives - Page 1145 of 1901 - The Courier Journal,http://courier-journal.xpr-gannett.com/press-release/story/category/press-releases/page/1145/,https://bricked.ai/,https://bricked.ai,97,28,true,false,false,2026-02-17,2026-03-07
0,Press Releases Archives - Page 1145 of 1901 - The Courier Journal,http://courier-journal.xpr-gannett.com/press-release/story/category/press-releases/page/1145/,https://bricked.ai/,real estate comping,97,28,true,false,false,2026-02-17,2026-03-07
0,Press Releases Archives - Page 1145 of 1901 - The Courier Journal,http://courier-journal.xpr-gannett.com/press-release/story/category/press-releases/page/1145/,https://bricked.ai/discord,Other,97,28,false,false,false,2026-02-17,2026-03-07
0,Press Releases Archives - Page 603 of 1360 - The Courier Journal,http://courier-journal.xpr-gannett.com/press-release/story/category/press-releases/page/603/,https://bricked.ai/discord,Other,84,28,false,false,false,2026-02-03,2026-03-05
0,Press Releases Archives - Page 603 of 1360 - The Courier Journal,http://courier-journal.xpr-gannett.com/press-release/story/category/press-releases/page/603/,https://bricked.ai/,Bricked AI,84,28,true,false,false,2026-02-03,2026-03-05
0,Press Releases Archives - Page 603 of 1360 - The Courier Journal,http://courier-journal.xpr-gannett.com/press-release/story/category/press-releases/page/603/,https://bricked.ai/,https://bricked.ai,84,28,true,false,false,2026-02-03,2026-03-05
0,Press Releases Archives - Page 603 of 1360 - The Courier Journal,http://courier-journal.xpr-gannett.com/press-release/story/category/press-releases/page/603/,https://bricked.ai/,real estate comping,84,28,true,false,false,2026-02-03,2026-03-05
0,Press Releases Archives - Page 692 of 1448 - The Courier Journal,http://courier-journal.xpr-gannett.com/press-release/story/category/press-releases/page/692/,https://bricked.ai/,Bricked AI,97,28,true,false,false,2026-02-11,2026-04-08
0,Press Releases Archives - Page 692 of 1448 - The Courier Journal,http://courier-journal.xpr-gannett.com/press-release/story/category/press-releases/page/692/,https://bricked.ai/,https://bricked.ai,97,28,true,false,false,2026-02-11,2026-04-08
0,Press Releases Archives - Page 692 of 1448 - The Courier Journal,http://courier-journal.xpr-gannett.com/press-release/story/category/press-releases/page/692/,https://bricked.ai/,real estate comping,97,28,true,false,false,2026-02-11,2026-04-08
0,Press Releases Archives - Page 692 of 1448 - The Courier Journal,http://courier-journal.xpr-gannett.com/press-release/story/category/press-releases/page/692/,https://bricked.ai/discord,Other,97,28,false,false,false,2026-02-11,2026-04-08
0,Business Archives - Page 1442 of 2389 - The Courier & Press,http://courierpress.xpr-gannett.com/press-release/story/category/business/page/1442/,https://bricked.ai/discord,Other,89,28,false,false,false,2026-02-22,2026-04-05
0,Business Archives - Page 1442 of 2389 - The Courier & Press,http://courierpress.xpr-gannett.com/press-release/story/category/business/page/1442/,https://bricked.ai/,Bricked AI,89,28,true,false,false,2026-02-22,2026-04-05
0,Business Archives - Page 1442 of 2389 - The Courier & Press,http://courierpress.xpr-gannett.com/press-release/story/category/business/page/1442/,https://bricked.ai/,https://bricked.ai,89,28,true,false,false,2026-02-22,2026-04-05
0,Business Archives - Page 1442 of 2389 - The Courier & Press,http://courierpress.xpr-gannett.com/press-release/story/category/business/page/1442/,https://bricked.ai/,real estate comping,89,28,true,false,false,2026-02-22,2026-04-05
0,Business Archives - Page 691 of 1638 - The Courier & Press,http://courierpress.xpr-gannett.com/press-release/story/category/business/page/691/,https://bricked.ai/,Bricked AI,82,28,true,false,false,2026-02-03,2026-04-05
0,Business Archives - Page 691 of 1638 - The Courier & Press,http://courierpress.xpr-gannett.com/press-release/story/category/business/page/691/,https://bricked.ai/,https://bricked.ai,82,28,true,false,false,2026-02-03,2026-04-05
0,Business Archives - Page 691 of 1638 - The Courier & Press,http://courierpress.xpr-gannett.com/press-release/story/category/business/page/691/,https://bricked.ai/,real estate comping,82,28,true,false,false,2026-02-03,2026-04-05
0,Business Archives - Page 691 of 1638 - The Courier & Press,http://courierpress.xpr-gannett.com/press-release/story/category/business/page/691/,https://bricked.ai/discord,Other,82,28,false,false,false,2026-02-03,2026-04-05
0,Business Archives - Page 776 of 1723 - The Courier & Press,http://courierpress.xpr-gannett.com/press-release/story/category/business/page/776/,https://bricked.ai/discord,Other,82,28,false,false,false,2026-02-13,2026-04-06
0,Business Archives - Page 776 of 1723 - The Courier & Press,http://courierpress.xpr-gannett.com/press-release/story/category/business/page/776/,https://bricked.ai/,Bricked AI,82,28,true,false,false,2026-02-13,2026-04-06
0,Business Archives - Page 776 of 1723 - The Courier & Press,http://courierpress.xpr-gannett.com/press-release/story/category/business/page/776/,https://bricked.ai/,https://bricked.ai,82,28,true,false,false,2026-02-13,2026-04-06
0,Business Archives - Page 776 of 1723 - The Courier & Press,http://courierpress.xpr-gannett.com/press-release/story/category/business/page/776/,https://bricked.ai/,real estate comping,82,28,true,false,false,2026-02-13,2026-04-06
0,Business Archives - Page 805 of 1752 - The Courier & Press,http://courierpress.xpr-gannett.com/press-release/story/category/business/page/805/,https://bricked.ai/,Bricked AI,89,28,true,false,false,2026-02-19,2026-03-09
0,Business Archives - Page 805 of 1752 - The Courier & Press,http://courierpress.xpr-gannett.com/press-release/story/category/business/page/805/,https://bricked.ai/,https://bricked.ai,89,28,true,false,false,2026-02-19,2026-03-09
0,Business Archives - Page 805 of 1752 - The Courier & Press,http://courierpress.xpr-gannett.com/press-release/story/category/business/page/805/,https://bricked.ai/,real estate comping,89,28,true,false,false,2026-02-19,2026-03-09
0,Business Archives - Page 805 of 1752 - The Courier & Press,http://courierpress.xpr-gannett.com/press-release/story/category/business/page/805/,https://bricked.ai/discord,Other,89,28,false,false,false,2026-02-19,2026-03-09
0,Technology Archives - Page 181 of 262 - The Courier & Press,http://courierpress.xpr-gannett.com/press-release/story/category/channels/technology/page/181/,https://bricked.ai/discord,Other,79,28,false,false,false,2026-02-17,2026-03-09
0,Technology Archives - Page 181 of 262 - The Courier & Press,http://courierpress.xpr-gannett.com/press-release/story/category/channels/technology/page/181/,https://bricked.ai/,real estate comping,79,28,true,false,false,2026-02-17,2026-03-09
0,Technology Archives - Page 181 of 262 - The Courier & Press,http://courierpress.xpr-gannett.com/press-release/story/category/channels/technology/page/181/,https://bricked.ai/,https://bricked.ai,79,28,true,false,false,2026-02-17,2026-03-09
0,Technology Archives - Page 181 of 262 - The Courier & Press,http://courierpress.xpr-gannett.com/press-release/story/category/channels/technology/page/181/,https://bricked.ai/,Bricked AI,79,28,true,false,false,2026-02-17,2026-03-09
0,EIN Presswire Archives - Page 688 of 970 - The Courier & Press,http://courierpress.xpr-gannett.com/press-release/story/category/partners/ein-presswire/page/688/,https://bricked.ai/,Bricked AI,84,28,true,false,false,2026-02-14,2026-03-06
0,EIN Presswire Archives - Page 688 of 970 - The Courier & Press,http://courierpress.xpr-gannett.com/press-release/story/category/partners/ein-presswire/page/688/,https://bricked.ai/,https://bricked.ai,84,28,true,false,false,2026-02-14,2026-03-06
0,EIN Presswire Archives - Page 688 of 970 - The Courier & Press,http://courierpress.xpr-gannett.com/press-release/story/category/partners/ein-presswire/page/688/,https://bricked.ai/,real estate comping,84,28,true,false,false,2026-02-14,2026-03-06
0,EIN Presswire Archives - Page 688 of 970 - The Courier & Press,http://courierpress.xpr-gannett.com/press-release/story/category/partners/ein-presswire/page/688/,https://bricked.ai/discord,Other,84,28,false,false,false,2026-02-14,2026-03-06
0,EIN Presswire Archives - Page 701 of 982 - The Courier & Press,http://courierpress.xpr-gannett.com/press-release/story/category/partners/ein-presswire/page/701/,https://bricked.ai/discord,Other,91,28,false,false,false,2026-02-17,2026-04-06
0,EIN Presswire Archives - Page 701 of 982 - The Courier & Press,http://courierpress.xpr-gannett.com/press-release/story/category/partners/ein-presswire/page/701/,https://bricked.ai/,Bricked AI,91,28,true,false,false,2026-02-17,2026-04-06
0,EIN Presswire Archives - Page 701 of 982 - The Courier & Press,http://courierpress.xpr-gannett.com/press-release/story/category/partners/ein-presswire/page/701/,https://bricked.ai/,https://bricked.ai,91,28,true,false,false,2026-02-17,2026-04-06
0,EIN Presswire Archives - Page 701 of 982 - The Courier & Press,http://courierpress.xpr-gannett.com/press-release/story/category/partners/ein-presswire/page/701/,https://bricked.ai/,real estate comping,91,28,true,false,false,2026-02-17,2026-04-06
0,EIN Presswire Archives - Page 715 of 996 - The Courier & Press,http://courierpress.xpr-gannett.com/press-release/story/category/partners/ein-presswire/page/715/,https://bricked.ai/,Bricked AI,91,28,true,false,false,2026-02-19,2026-03-06
0,EIN Presswire Archives - Page 715 of 996 - The Courier & Press,http://courierpress.xpr-gannett.com/press-release/story/category/partners/ein-presswire/page/715/,https://bricked.ai/,https://bricked.ai,91,28,true,false,false,2026-02-19,2026-03-06
0,EIN Presswire Archives - Page 715 of 996 - The Courier & Press,http://courierpress.xpr-gannett.com/press-release/story/category/partners/ein-presswire/page/715/,https://bricked.ai/,real estate comping,91,28,true,false,false,2026-02-19,2026-03-06
0,EIN Presswire Archives - Page 715 of 996 - The Courier & Press,http://courierpress.xpr-gannett.com/press-release/story/category/partners/ein-presswire/page/715/,https://bricked.ai/discord,Other,91,28,false,false,false,2026-02-19,2026-03-06
0,EIN Presswire Archives - Page 770 of 1052 - The Courier & Press,http://courierpress.xpr-gannett.com/press-release/story/category/partners/ein-presswire/page/770/,https://bricked.ai/discord,Other,55,28,false,false,false,2026-02-19,2026-03-06
0,EIN Presswire Archives - Page 770 of 1052 - The Courier & Press,http://courierpress.xpr-gannett.com/press-release/story/category/partners/ein-presswire/page/770/,https://bricked.ai/,Bricked AI,55,28,true,false,false,2026-02-19,2026-03-06
0,EIN Presswire Archives - Page 770 of 1052 - The Courier & Press,http://courierpress.xpr-gannett.com/press-release/story/category/partners/ein-presswire/page/770/,https://bricked.ai/,https://bricked.ai,55,28,true,false,false,2026-02-19,2026-03-06
0,EIN Presswire Archives - Page 770 of 1052 - The Courier & Press,http://courierpress.xpr-gannett.com/press-release/story/category/partners/ein-presswire/page/770/,https://bricked.ai/,real estate comping,55,28,true,false,false,2026-02-19,2026-03-06
0,🏆🏆Boost your Google rankings with Premium PBN & Link Building🏆🏆,http://cvillico.com/all/493/11.html,https://bricked.ai/,High Quality Dofollow Backlinks DA 50 PA 40 Premium PBN Network Service bricked.ai Rank First Page Google Fast SEO Link Building Buy Backlinks Online Cheap,3000,12,false,false,false,2026-09-21,2026-09-21
0,Business Archives - Page 853 of 1900 - The Daily Jeffersonian,http://daily-jeff.xpr-gannett.com/press-release/story/category/business/page/853/,https://bricked.ai/,real estate comping,53,28,true,false,false,2026-02-17,2026-03-08
0,Business Archives - Page 853 of 1900 - The Daily Jeffersonian,http://daily-jeff.xpr-gannett.com/press-release/story/category/business/page/853/,https://bricked.ai/,https://bricked.ai,53,28,true,false,false,2026-02-17,2026-03-08
0,Business Archives - Page 853 of 1900 - The Daily Jeffersonian,http://daily-jeff.xpr-gannett.com/press-release/story/category/business/page/853/,https://bricked.ai/,Bricked AI,53,28,true,false,false,2026-02-17,2026-03-08
0,Business Archives - Page 853 of 1900 - The Daily Jeffersonian,http://daily-jeff.xpr-gannett.com/press-release/story/category/business/page/853/,https://bricked.ai/discord,Other,53,28,false,false,false,2026-02-17,2026-03-08
0,Business Archives - Page 1523 of 2422 - Delaware Online | The News Journal,http://delawareonline.xpr-gannett.com/press-release/story/category/business/page/1523/,https://bricked.ai/discord,Other,53,28,false,false,false,2026-02-22,2026-04-05
0,Business Archives - Page 1523 of 2422 - Delaware Online | The News Journal,http://delawareonline.xpr-gannett.com/press-release/story/category/business/page/1523/,https://bricked.ai/,Bricked AI,53,28,true,false,false,2026-02-22,2026-04-05
0,Business Archives - Page 1523 of 2422 - Delaware Online | The News Journal,http://delawareonline.xpr-gannett.com/press-release/story/category/business/page/1523/,https://bricked.ai/,https://bricked.ai,53,28,true,false,false,2026-02-22,2026-04-05
0,Business Archives - Page 1523 of 2422 - Delaware Online | The News Journal,http://delawareonline.xpr-gannett.com/press-release/story/category/business/page/1523/,https://bricked.ai/,real estate comping,53,28,true,false,false,2026-02-22,2026-04-05
0,Business Archives - Page 633 of 1531 - Delaware Online | The News Journal,http://delawareonline.xpr-gannett.com/press-release/story/category/business/page/633/,https://bricked.ai/,Bricked AI,92,28,true,false,false,2026-02-06,2026-04-05
0,Business Archives - Page 633 of 1531 - Delaware Online | The News Journal,http://delawareonline.xpr-gannett.com/press-release/story/category/business/page/633/,https://bricked.ai/,https://bricked.ai,92,28,true,false,false,2026-02-06,2026-04-05
0,Business Archives - Page 633 of 1531 - Delaware Online | The News Journal,http://delawareonline.xpr-gannett.com/press-release/story/category/business/page/633/,https://bricked.ai/,real estate comping,92,28,true,false,false,2026-02-06,2026-04-05
0,Business Archives - Page 633 of 1531 - Delaware Online | The News Journal,http://delawareonline.xpr-gannett.com/press-release/story/category/business/page/633/,https://bricked.ai/discord,Other,92,28,false,false,false,2026-02-06,2026-04-05
0,Business Archives - Page 643 of 1541 - Delaware Online | The News Journal,http://delawareonline.xpr-gannett.com/press-release/story/category/business/page/643/,https://bricked.ai/,Bricked AI,92,28,true,false,false,2026-02-08,2026-03-05
0,Business Archives - Page 643 of 1541 - Delaware Online | The News Journal,http://delawareonline.xpr-gannett.com/press-release/story/category/business/page/643/,https://bricked.ai/,https://bricked.ai,92,28,true,false,false,2026-02-08,2026-03-05
0,Business Archives - Page 643 of 1541 - Delaware Online | The News Journal,http://delawareonline.xpr-gannett.com/press-release/story/category/business/page/643/,https://bricked.ai/,real estate comping,92,28,true,false,false,2026-02-08,2026-03-05
0,Business Archives - Page 643 of 1541 - Delaware Online | The News Journal,http://delawareonline.xpr-gannett.com/press-release/story/category/business/page/643/,https://bricked.ai/discord,Other,92,28,false,false,false,2026-02-08,2026-03-05
0,Business Archives - Page 775 of 1674 - Delaware Online | The News Journal,http://delawareonline.xpr-gannett.com/press-release/story/category/business/page/775/,https://bricked.ai/discord,Other,58,28,false,false,false,2026-02-14,2026-03-09
0,Business Archives - Page 775 of 1674 - Delaware Online | The News Journal,http://delawareonline.xpr-gannett.com/press-release/story/category/business/page/775/,https://bricked.ai/,Bricked AI,58,28,true,false,false,2026-02-14,2026-03-09
0,Business Archives - Page 775 of 1674 - Delaware Online | The News Journal,http://delawareonline.xpr-gannett.com/press-release/story/category/business/page/775/,https://bricked.ai/,https://bricked.ai,58,28,true,false,false,2026-02-14,2026-03-09
0,Business Archives - Page 775 of 1674 - Delaware Online | The News Journal,http://delawareonline.xpr-gannett.com/press-release/story/category/business/page/775/,https://bricked.ai/,real estate comping,58,28,true,false,false,2026-02-14,2026-03-09
0,Channels Archives - Page 194 of 301 - Delaware Online | The News Journal,http://delawareonline.xpr-gannett.com/press-release/story/category/channels/page/194/,https://bricked.ai/discord,Other,106,28,false,false,false,2026-02-03,2026-03-05
0,Channels Archives - Page 194 of 301 - Delaware Online | The News Journal,http://delawareonline.xpr-gannett.com/press-release/story/category/channels/page/194/,https://bricked.ai/,Bricked AI,106,28,true,false,false,2026-02-03,2026-03-05
0,Channels Archives - Page 194 of 301 - Delaware Online | The News Journal,http://delawareonline.xpr-gannett.com/press-release/story/category/channels/page/194/,https://bricked.ai/,https://bricked.ai,106,28,true,false,false,2026-02-03,2026-03-05
0,Channels Archives - Page 194 of 301 - Delaware Online | The News Journal,http://delawareonline.xpr-gannett.com/press-release/story/category/channels/page/194/,https://bricked.ai/,real estate comping,106,28,true,false,false,2026-02-03,2026-03-05
0,Technology Archives - Page 150 of 230 - Delaware Online | The News Journal,http://delawareonline.xpr-gannett.com/press-release/story/category/channels/technology/page/150/,https://bricked.ai/discord,Other,79,28,false,false,false,2026-02-03,2026-04-06
0,Technology Archives - Page 150 of 230 - Delaware Online | The News Journal,http://delawareonline.xpr-gannett.com/press-release/story/category/channels/technology/page/150/,https://bricked.ai/,Bricked AI,79,28,true,false,false,2026-02-03,2026-04-06
0,Technology Archives - Page 150 of 230 - Delaware Online | The News Journal,http://delawareonline.xpr-gannett.com/press-release/story/category/channels/technology/page/150/,https://bricked.ai/,https://bricked.ai,79,28,true,false,false,2026-02-03,2026-04-06
0,Technology Archives - Page 150 of 230 - Delaware Online | The News Journal,http://delawareonline.xpr-gannett.com/press-release/story/category/channels/technology/page/150/,https://bricked.ai/,real estate comping,79,28,true,false,false,2026-02-03,2026-04-06
0,Partners Archives - Page 1526 of 2424 - Delaware Online | The News Journal,http://delawareonline.xpr-gannett.com/press-release/story/category/partners/page/1526/,https://bricked.ai/,Bricked AI,97,28,true,false,false,2026-02-22,2026-04-06
0,Partners Archives - Page 1526 of 2424 - Delaware Online | The News Journal,http://delawareonline.xpr-gannett.com/press-release/story/category/partners/page/1526/,https://bricked.ai/,https://bricked.ai,97,28,true,false,false,2026-02-22,2026-04-06
0,Partners Archives - Page 1526 of 2424 - Delaware Online | The News Journal,http://delawareonline.xpr-gannett.com/press-release/story/category/partners/page/1526/,https://bricked.ai/,real estate comping,97,28,true,false,false,2026-02-22,2026-04-06
0,Partners Archives - Page 1526 of 2424 - Delaware Online | The News Journal,http://delawareonline.xpr-gannett.com/press-release/story/category/partners/page/1526/,https://bricked.ai/discord,Other,97,28,false,false,false,2026-02-22,2026-04-06
0,Partners Archives - Page 675 of 1573 - Delaware Online | The News Journal,http://delawareonline.xpr-gannett.com/press-release/story/category/partners/page/675/,https://bricked.ai/discord,Other,87,28,false,false,false,2026-02-11,2026-03-07
0,Partners Archives - Page 675 of 1573 - Delaware Online | The News Journal,http://delawareonline.xpr-gannett.com/press-release/story/category/partners/page/675/,https://bricked.ai/,https://bricked.ai,87,28,true,false,false,2026-02-11,2026-03-07
0,Partners Archives - Page 675 of 1573 - Delaware Online | The News Journal,http://delawareonline.xpr-gannett.com/press-release/story/category/partners/page/675/,https://bricked.ai/,Bricked AI,87,28,true,false,false,2026-02-11,2026-03-07
0,Partners Archives - Page 675 of 1573 - Delaware Online | The News Journal,http://delawareonline.xpr-gannett.com/press-release/story/category/partners/page/675/,https://bricked.ai/,real estate comping,87,28,true,false,false,2026-02-11,2026-03-07
0,Press Releases Archives - Page 775 of 1530 - Delaware Online | The News Journal,http://delawareonline.xpr-gannett.com/press-release/story/category/press-releases/page/775/,https://bricked.ai/,Bricked AI,58,28,true,false,false,2026-02-14,2026-04-06
0,Press Releases Archives - Page 775 of 1530 - Delaware Online | The News Journal,http://delawareonline.xpr-gannett.com/press-release/story/category/press-releases/page/775/,https://bricked.ai/,https://bricked.ai,58,28,true,false,false,2026-02-14,2026-04-06
0,Press Releases Archives - Page 775 of 1530 - Delaware Online | The News Journal,http://delawareonline.xpr-gannett.com/press-release/story/category/press-releases/page/775/,https://bricked.ai/,real estate comping,58,28,true,false,false,2026-02-14,2026-04-06
0,Press Releases Archives - Page 775 of 1530 - Delaware Online | The News Journal,http://delawareonline.xpr-gannett.com/press-release/story/category/press-releases/page/775/,https://bricked.ai/discord,Other,58,28,false,false,false,2026-02-14,2026-04-06
0,Business Archives - Page 1063 of 2036 - Democrat and Chronicle,http://democratandchronicle.xpr-gannett.com/press-release/story/category/business/page/1063/,https://bricked.ai/discord,Other,87,28,false,false,false,2026-02-20,2026-03-05
0,Business Archives - Page 1063 of 2036 - Democrat and Chronicle,http://democratandchronicle.xpr-gannett.com/press-release/story/category/business/page/1063/,https://bricked.ai/,Bricked AI,87,28,true,false,false,2026-02-20,2026-03-05
0,Business Archives - Page 1063 of 2036 - Democrat and Chronicle,http://democratandchronicle.xpr-gannett.com/press-release/story/category/business/page/1063/,https://bricked.ai/,https://bricked.ai,87,28,true,false,false,2026-02-20,2026-03-05
0,Business Archives - Page 1063 of 2036 - Democrat and Chronicle,http://democratandchronicle.xpr-gannett.com/press-release/story/category/business/page/1063/,https://bricked.ai/,real estate comping,87,28,true,false,false,2026-02-20,2026-03-05
0,Business Archives - Page 1490 of 2464 - Democrat and Chronicle,http://democratandchronicle.xpr-gannett.com/press-release/story/category/business/page/1490/,https://bricked.ai/discord,Other,53,28,false,false,false,2026-02-22,2026-03-08
0,Business Archives - Page 1490 of 2464 - Democrat and Chronicle,http://democratandchronicle.xpr-gannett.com/press-release/story/category/business/page/1490/,https://bricked.ai/,Bricked AI,53,28,true,false,false,2026-02-22,2026-03-08
0,Business Archives - Page 1490 of 2464 - Democrat and Chronicle,http://democratandchronicle.xpr-gannett.com/press-release/story/category/business/page/1490/,https://bricked.ai/,https://bricked.ai,53,28,true,false,false,2026-02-22,2026-03-08
0,Business Archives - Page 1490 of 2464 - Democrat and Chronicle,http://democratandchronicle.xpr-gannett.com/press-release/story/category/business/page/1490/,https://bricked.ai/,real estate comping,53,28,true,false,false,2026-02-22,2026-03-08
0,Business Archives - Page 485 of 1458 - Democrat and Chronicle,http://democratandchronicle.xpr-gannett.com/press-release/story/category/business/page/485/,https://bricked.ai/,Bricked AI,80,28,true,false,false,2026-02-08,2026-03-06
0,Business Archives - Page 485 of 1458 - Democrat and Chronicle,http://democratandchronicle.xpr-gannett.com/press-release/story/category/business/page/485/,https://bricked.ai/,https://bricked.ai,80,28,true,false,false,2026-02-08,2026-03-06
0,Business Archives - Page 485 of 1458 - Democrat and Chronicle,http://democratandchronicle.xpr-gannett.com/press-release/story/category/business/page/485/,https://bricked.ai/,real estate comping,80,28,true,false,false,2026-02-08,2026-03-06
0,Business Archives - Page 485 of 1458 - Democrat and Chronicle,http://democratandchronicle.xpr-gannett.com/press-release/story/category/business/page/485/,https://bricked.ai/discord,Other,80,28,false,false,false,2026-02-08,2026-03-06
0,Business Archives - Page 509 of 1482 - Democrat and Chronicle,http://democratandchronicle.xpr-gannett.com/press-release/story/category/business/page/509/,https://bricked.ai/,Bricked AI,87,28,true,false,false,2026-02-11,2026-03-05
0,Business Archives - Page 509 of 1482 - Democrat and Chronicle,http://democratandchronicle.xpr-gannett.com/press-release/story/category/business/page/509/,https://bricked.ai/,https://bricked.ai,87,28,true,false,false,2026-02-11,2026-03-05
0,Business Archives - Page 509 of 1482 - Democrat and Chronicle,http://democratandchronicle.xpr-gannett.com/press-release/story/category/business/page/509/,https://bricked.ai/,real estate comping,87,28,true,false,false,2026-02-11,2026-03-05
0,Business Archives - Page 509 of 1482 - Democrat and Chronicle,http://democratandchronicle.xpr-gannett.com/press-release/story/category/business/page/509/,https://bricked.ai/discord,Other,87,28,false,false,false,2026-02-11,2026-03-05
0,Business Archives - Page 530 of 1503 - Democrat and Chronicle,http://democratandchronicle.xpr-gannett.com/press-release/story/category/business/page/530/,https://bricked.ai/,Bricked AI,85,28,true,false,false,2026-02-12,2026-03-08
0,Business Archives - Page 530 of 1503 - Democrat and Chronicle,http://democratandchronicle.xpr-gannett.com/press-release/story/category/business/page/530/,https://bricked.ai/,https://bricked.ai,85,28,true,false,false,2026-02-12,2026-03-08
0,Business Archives - Page 530 of 1503 - Democrat and Chronicle,http://democratandchronicle.xpr-gannett.com/press-release/story/category/business/page/530/,https://bricked.ai/,real estate comping,85,28,true,false,false,2026-02-12,2026-03-08
0,Business Archives - Page 530 of 1503 - Democrat and Chronicle,http://democratandchronicle.xpr-gannett.com/press-release/story/category/business/page/530/,https://bricked.ai/discord,Other,85,28,false,false,false,2026-02-12,2026-03-08
0,Business Archives - Page 609 of 1582 - Democrat and Chronicle,http://democratandchronicle.xpr-gannett.com/press-release/story/category/business/page/609/,https://bricked.ai/,https://bricked.ai,87,28,true,false,false,2026-02-14,2026-03-05
0,Business Archives - Page 609 of 1582 - Democrat and Chronicle,http://democratandchronicle.xpr-gannett.com/press-release/story/category/business/page/609/,https://bricked.ai/,Bricked AI,87,28,true,false,false,2026-02-14,2026-03-05
0,Business Archives - Page 609 of 1582 - Democrat and Chronicle,http://democratandchronicle.xpr-gannett.com/press-release/story/category/business/page/609/,https://bricked.ai/,real estate comping,87,28,true,false,false,2026-02-14,2026-03-05
0,Business Archives - Page 609 of 1582 - Democrat and Chronicle,http://democratandchronicle.xpr-gannett.com/press-release/story/category/business/page/609/,https://bricked.ai/discord,Other,87,28,false,false,false,2026-02-14,2026-03-05
0,Business Archives - Page 918 of 1891 - Democrat and Chronicle,http://democratandchronicle.xpr-gannett.com/press-release/story/category/business/page/918/,https://bricked.ai/discord,Other,87,28,false,false,false,2026-02-16,2026-04-05
0,Business Archives - Page 918 of 1891 - Democrat and Chronicle,http://democratandchronicle.xpr-gannett.com/press-release/story/category/business/page/918/,https://bricked.ai/,Bricked AI,87,28,true,false,false,2026-02-16,2026-04-05
0,Business Archives - Page 918 of 1891 - Democrat and Chronicle,http://democratandchronicle.xpr-gannett.com/press-release/story/category/business/page/918/,https://bricked.ai/,https://bricked.ai,87,28,true,false,false,2026-02-16,2026-04-05
0,Business Archives - Page 918 of 1891 - Democrat and Chronicle,http://democratandchronicle.xpr-gannett.com/press-release/story/category/business/page/918/,https://bricked.ai/,real estate comping,87,28,true,false,false,2026-02-16,2026-04-05
0,Channels Archives - Page 147 of 250 - Democrat and Chronicle,http://democratandchronicle.xpr-gannett.com/press-release/story/category/channels/page/147/,https://bricked.ai/discord,Other,92,28,false,false,false,2026-02-06,2026-03-08
0,Channels Archives - Page 147 of 250 - Democrat and Chronicle,http://democratandchronicle.xpr-gannett.com/press-release/story/category/channels/page/147/,https://bricked.ai/,Bricked AI,92,28,true,false,false,2026-02-06,2026-03-08
0,Channels Archives - Page 147 of 250 - Democrat and Chronicle,http://democratandchronicle.xpr-gannett.com/press-release/story/category/channels/page/147/,https://bricked.ai/,https://bricked.ai,92,28,true,false,false,2026-02-06,2026-03-08
0,Channels Archives - Page 147 of 250 - Democrat and Chronicle,http://democratandchronicle.xpr-gannett.com/press-release/story/category/channels/page/147/,https://bricked.ai/,real estate comping,92,28,true,false,false,2026-02-06,2026-03-08
0,Channels Archives - Page 148 of 251 - Democrat and Chronicle,http://democratandchronicle.xpr-gannett.com/press-release/story/category/channels/page/148/,https://bricked.ai/discord,Other,85,28,false,false,false,2026-02-09,2026-04-05
0,Channels Archives - Page 148 of 251 - Democrat and Chronicle,http://democratandchronicle.xpr-gannett.com/press-release/story/category/channels/page/148/,https://bricked.ai/,real estate comping,85,28,true,false,false,2026-02-09,2026-04-05
0,Channels Archives - Page 148 of 251 - Democrat and Chronicle,http://democratandchronicle.xpr-gannett.com/press-release/story/category/channels/page/148/,https://bricked.ai/,https://bricked.ai,85,28,true,false,false,2026-02-09,2026-04-05
0,Channels Archives - Page 148 of 251 - Democrat and Chronicle,http://democratandchronicle.xpr-gannett.com/press-release/story/category/channels/page/148/,https://bricked.ai/,Bricked AI,85,28,true,false,false,2026-02-09,2026-04-05
0,Channels Archives - Page 185 of 288 - Democrat and Chronicle,http://democratandchronicle.xpr-gannett.com/press-release/story/category/channels/page/185/,https://bricked.ai/,https://bricked.ai,85,28,true,false,false,2026-02-14,2026-03-08
0,Channels Archives - Page 185 of 288 - Democrat and Chronicle,http://democratandchronicle.xpr-gannett.com/press-release/story/category/channels/page/185/,https://bricked.ai/,real estate comping,85,28,true,false,false,2026-02-14,2026-03-08
0,Channels Archives - Page 185 of 288 - Democrat and Chronicle,http://democratandchronicle.xpr-gannett.com/press-release/story/category/channels/page/185/,https://bricked.ai/,Bricked AI,85,28,true,false,false,2026-02-14,2026-03-08
0,Channels Archives - Page 185 of 288 - Democrat and Chronicle,http://democratandchronicle.xpr-gannett.com/press-release/story/category/channels/page/185/,https://bricked.ai/discord,Other,85,28,false,false,false,2026-02-14,2026-03-08
0,Channels Archives - Page 307 of 411 - Democrat and Chronicle,http://democratandchronicle.xpr-gannett.com/press-release/story/category/channels/page/307/,https://bricked.ai/discord,Other,82,28,false,false,false,2026-02-19,2026-03-08
0,Channels Archives - Page 307 of 411 - Democrat and Chronicle,http://democratandchronicle.xpr-gannett.com/press-release/story/category/channels/page/307/,https://bricked.ai/,Bricked AI,82,28,true,false,false,2026-02-19,2026-03-08
0,Channels Archives - Page 307 of 411 - Democrat and Chronicle,http://democratandchronicle.xpr-gannett.com/press-release/story/category/channels/page/307/,https://bricked.ai/,https://bricked.ai,82,28,true,false,false,2026-02-19,2026-03-08
0,Channels Archives - Page 307 of 411 - Democrat and Chronicle,http://democratandchronicle.xpr-gannett.com/press-release/story/category/channels/page/307/,https://bricked.ai/,real estate comping,82,28,true,false,false,2026-02-19,2026-03-08
0,Technology Archives - Page 113 of 193 - Democrat and Chronicle,http://democratandchronicle.xpr-gannett.com/press-release/story/category/channels/technology/page/113/,https://bricked.ai/discord,Other,85,28,false,false,false,2026-02-09,2026-03-06
0,Technology Archives - Page 113 of 193 - Democrat and Chronicle,http://democratandchronicle.xpr-gannett.com/press-release/story/category/channels/technology/page/113/,https://bricked.ai/,Bricked AI,85,28,true,false,false,2026-02-09,2026-03-06
0,Technology Archives - Page 113 of 193 - Democrat and Chronicle,http://democratandchronicle.xpr-gannett.com/press-release/story/category/channels/technology/page/113/,https://bricked.ai/,https://bricked.ai,85,28,true,false,false,2026-02-09,2026-03-06
0,Technology Archives - Page 113 of 193 - Democrat and Chronicle,http://democratandchronicle.xpr-gannett.com/press-release/story/category/channels/technology/page/113/,https://bricked.ai/,real estate comping,85,28,true,false,false,2026-02-09,2026-03-06
0,Technology Archives - Page 224 of 304 - Democrat and Chronicle,http://democratandchronicle.xpr-gannett.com/press-release/story/category/channels/technology/page/224/,https://bricked.ai/,Bricked AI,83,28,true,false,false,2026-02-16,2026-04-06
0,Technology Archives - Page 224 of 304 - Democrat and Chronicle,http://democratandchronicle.xpr-gannett.com/press-release/story/category/channels/technology/page/224/,https://bricked.ai/,https://bricked.ai,83,28,true,false,false,2026-02-16,2026-04-06
0,Technology Archives - Page 224 of 304 - Democrat and Chronicle,http://democratandchronicle.xpr-gannett.com/press-release/story/category/channels/technology/page/224/,https://bricked.ai/,real estate comping,83,28,true,false,false,2026-02-16,2026-04-06
0,Technology Archives - Page 224 of 304 - Democrat and Chronicle,http://democratandchronicle.xpr-gannett.com/press-release/story/category/channels/technology/page/224/,https://bricked.ai/discord,Other,83,28,false,false,false,2026-02-16,2026-04-06
0,Technology Archives - Page 25 of 105 - Democrat and Chronicle,http://democratandchronicle.xpr-gannett.com/press-release/story/category/channels/technology/page/25/,https://bricked.ai/,Bricked AI,83,28,true,false,false,2026-01-23,2026-04-06
0,Technology Archives - Page 25 of 105 - Democrat and Chronicle,http://democratandchronicle.xpr-gannett.com/press-release/story/category/channels/technology/page/25/,https://bricked.ai/,https://bricked.ai,83,28,true,false,false,2026-01-23,2026-04-06
0,Technology Archives - Page 25 of 105 - Democrat and Chronicle,http://democratandchronicle.xpr-gannett.com/press-release/story/category/channels/technology/page/25/,https://bricked.ai/,real estate comping,83,28,true,false,false,2026-01-23,2026-04-06
0,Technology Archives - Page 25 of 105 - Democrat and Chronicle,http://democratandchronicle.xpr-gannett.com/press-release/story/category/channels/technology/page/25/,https://bricked.ai/discord,Other,83,28,false,false,false,2026-01-23,2026-04-06
0,Technology Archives - Page 26 of 106 - Democrat and Chronicle,http://democratandchronicle.xpr-gannett.com/press-release/story/category/channels/technology/page/26/,https://bricked.ai/,Bricked AI,81,28,true,false,false,2026-01-23,2026-04-06
0,Technology Archives - Page 26 of 106 - Democrat and Chronicle,http://democratandchronicle.xpr-gannett.com/press-release/story/category/channels/technology/page/26/,https://bricked.ai/,https://bricked.ai,81,28,true,false,false,2026-01-23,2026-04-06
0,Technology Archives - Page 26 of 106 - Democrat and Chronicle,http://democratandchronicle.xpr-gannett.com/press-release/story/category/channels/technology/page/26/,https://bricked.ai/,real estate comping,81,28,true,false,false,2026-01-23,2026-04-06
0,Technology Archives - Page 26 of 106 - Democrat and Chronicle,http://democratandchronicle.xpr-gannett.com/press-release/story/category/channels/technology/page/26/,https://bricked.ai/discord,Other,81,28,false,false,false,2026-01-23,2026-04-06
0,Partners Archives - Page 430 of 745 - Democrat and Chronicle,http://democratandchronicle.xpr-gannett.com/press-release/story/category/partners/page/430/,https://bricked.ai/,Bricked AI,53,28,true,false,false,2026-02-05,2026-03-07
0,Partners Archives - Page 430 of 745 - Democrat and Chronicle,http://democratandchronicle.xpr-gannett.com/press-release/story/category/partners/page/430/,https://bricked.ai/,https://bricked.ai,53,28,true,false,false,2026-02-05,2026-03-07
0,Partners Archives - Page 430 of 745 - Democrat and Chronicle,http://democratandchronicle.xpr-gannett.com/press-release/story/category/partners/page/430/,https://bricked.ai/,real estate comping,53,28,true,false,false,2026-02-05,2026-03-07
0,Partners Archives - Page 430 of 745 - Democrat and Chronicle,http://democratandchronicle.xpr-gannett.com/press-release/story/category/partners/page/430/,https://bricked.ai/discord,Other,53,28,false,false,false,2026-02-05,2026-03-07
0,Partners Archives - Page 456 of 771 - Democrat and Chronicle,http://democratandchronicle.xpr-gannett.com/press-release/story/category/partners/page/456/,https://bricked.ai/discord,Other,87,28,false,false,false,2026-02-11,2026-03-07
0,Partners Archives - Page 456 of 771 - Democrat and Chronicle,http://democratandchronicle.xpr-gannett.com/press-release/story/category/partners/page/456/,https://bricked.ai/,Bricked AI,87,28,true,false,false,2026-02-11,2026-03-07
0,Partners Archives - Page 456 of 771 - Democrat and Chronicle,http://democratandchronicle.xpr-gannett.com/press-release/story/category/partners/page/456/,https://bricked.ai/,https://bricked.ai,87,28,true,false,false,2026-02-11,2026-03-07
0,Partners Archives - Page 456 of 771 - Democrat and Chronicle,http://democratandchronicle.xpr-gannett.com/press-release/story/category/partners/page/456/,https://bricked.ai/,real estate comping,87,28,true,false,false,2026-02-11,2026-03-07
0,Partners Archives - Page 474 of 789 - Democrat and Chronicle,http://democratandchronicle.xpr-gannett.com/press-release/story/category/partners/page/474/,https://bricked.ai/,Bricked AI,53,28,true,false,false,2026-02-12,2026-03-07
0,Partners Archives - Page 474 of 789 - Democrat and Chronicle,http://democratandchronicle.xpr-gannett.com/press-release/story/category/partners/page/474/,https://bricked.ai/,https://bricked.ai,53,28,true,false,false,2026-02-12,2026-03-07
0,Partners Archives - Page 474 of 789 - Democrat and Chronicle,http://democratandchronicle.xpr-gannett.com/press-release/story/category/partners/page/474/,https://bricked.ai/,real estate comping,53,28,true,false,false,2026-02-12,2026-03-07
0,Partners Archives - Page 474 of 789 - Democrat and Chronicle,http://democratandchronicle.xpr-gannett.com/press-release/story/category/partners/page/474/,https://bricked.ai/discord,Other,53,28,false,false,false,2026-02-12,2026-03-07
0,Partners Archives - Page 542 of 857 - Democrat and Chronicle,http://democratandchronicle.xpr-gannett.com/press-release/story/category/partners/page/542/,https://bricked.ai/discord,Other,87,28,false,false,false,2026-02-13,2026-03-07
0,Partners Archives - Page 542 of 857 - Democrat and Chronicle,http://democratandchronicle.xpr-gannett.com/press-release/story/category/partners/page/542/,https://bricked.ai/,Bricked AI,87,28,true,false,false,2026-02-13,2026-03-07
0,Partners Archives - Page 542 of 857 - Democrat and Chronicle,http://democratandchronicle.xpr-gannett.com/press-release/story/category/partners/page/542/,https://bricked.ai/,https://bricked.ai,87,28,true,false,false,2026-02-13,2026-03-07
0,Partners Archives - Page 542 of 857 - Democrat and Chronicle,http://democratandchronicle.xpr-gannett.com/press-release/story/category/partners/page/542/,https://bricked.ai/,real estate comping,87,28,true,false,false,2026-02-13,2026-03-07
0,Press Releases Archives - Page 1037 of 1844 - Democrat and Chronicle,http://democratandchronicle.xpr-gannett.com/press-release/story/category/press-releases/page/1037/,https://bricked.ai/,Bricked AI,82,28,true,false,false,2026-02-19,2026-04-06
0,Press Releases Archives - Page 1037 of 1844 - Democrat and Chronicle,http://democratandchronicle.xpr-gannett.com/press-release/story/category/press-releases/page/1037/,https://bricked.ai/,https://bricked.ai,82,28,true,false,false,2026-02-19,2026-04-06
0,Press Releases Archives - Page 1037 of 1844 - Democrat and Chronicle,http://democratandchronicle.xpr-gannett.com/press-release/story/category/press-releases/page/1037/,https://bricked.ai/,real estate comping,82,28,true,false,false,2026-02-19,2026-04-06
0,Press Releases Archives - Page 1037 of 1844 - Democrat and Chronicle,http://democratandchronicle.xpr-gannett.com/press-release/story/category/press-releases/page/1037/,https://bricked.ai/discord,Other,82,28,false,false,false,2026-02-19,2026-04-06
0,Press Releases Archives - Page 529 of 1336 - Democrat and Chronicle,http://democratandchronicle.xpr-gannett.com/press-release/story/category/press-releases/page/529/,https://bricked.ai/,Bricked AI,87,28,true,false,false,2026-02-12,2026-03-08
0,Press Releases Archives - Page 529 of 1336 - Democrat and Chronicle,http://democratandchronicle.xpr-gannett.com/press-release/story/category/press-releases/page/529/,https://bricked.ai/,https://bricked.ai,87,28,true,false,false,2026-02-12,2026-03-08
0,Press Releases Archives - Page 529 of 1336 - Democrat and Chronicle,http://democratandchronicle.xpr-gannett.com/press-release/story/category/press-releases/page/529/,https://bricked.ai/,real estate comping,87,28,true,false,false,2026-02-12,2026-03-08
0,Press Releases Archives - Page 529 of 1336 - Democrat and Chronicle,http://democratandchronicle.xpr-gannett.com/press-release/story/category/press-releases/page/529/,https://bricked.ai/discord,Other,87,28,false,false,false,2026-02-12,2026-03-08
0,Business Archives - Page 1561 of 2573 - The Desert Sun,http://desertsun.xpr-gannett.com/press-release/story/category/business/page/1561/,https://bricked.ai/discord,Other,88,28,false,false,false,2026-02-19,2026-04-02
0,Business Archives - Page 1561 of 2573 - The Desert Sun,http://desertsun.xpr-gannett.com/press-release/story/category/business/page/1561/,https://bricked.ai/,Bricked AI,88,28,true,false,false,2026-02-19,2026-04-02
0,Business Archives - Page 1561 of 2573 - The Desert Sun,http://desertsun.xpr-gannett.com/press-release/story/category/business/page/1561/,https://bricked.ai/,https://bricked.ai,88,28,true,false,false,2026-02-19,2026-04-02
0,Business Archives - Page 1561 of 2573 - The Desert Sun,http://desertsun.xpr-gannett.com/press-release/story/category/business/page/1561/,https://bricked.ai/,real estate comping,88,28,true,false,false,2026-02-19,2026-04-02
0,Business Archives - Page 592 of 1604 - The Desert Sun,http://desertsun.xpr-gannett.com/press-release/story/category/business/page/592/,https://bricked.ai/discord,Other,65,28,false,false,false,2026-02-06,2026-04-02
0,Business Archives - Page 592 of 1604 - The Desert Sun,http://desertsun.xpr-gannett.com/press-release/story/category/business/page/592/,https://bricked.ai/,Bricked AI,65,28,true,false,false,2026-02-06,2026-04-02
0,Business Archives - Page 592 of 1604 - The Desert Sun,http://desertsun.xpr-gannett.com/press-release/story/category/business/page/592/,https://bricked.ai/,https://bricked.ai,65,28,true,false,false,2026-02-06,2026-04-02
0,Business Archives - Page 592 of 1604 - The Desert Sun,http://desertsun.xpr-gannett.com/press-release/story/category/business/page/592/,https://bricked.ai/,real estate comping,65,28,true,false,false,2026-02-06,2026-04-02
0,Press Releases Archives - Page 1591 of 2390 - The Desert Sun,http://desertsun.xpr-gannett.com/press-release/story/category/press-releases/page/1591/,https://bricked.ai/,Bricked AI,87,28,true,false,false,2026-02-19,2026-03-05
0,Press Releases Archives - Page 1591 of 2390 - The Desert Sun,http://desertsun.xpr-gannett.com/press-release/story/category/press-releases/page/1591/,https://bricked.ai/,https://bricked.ai,87,28,true,false,false,2026-02-19,2026-03-05
0,Press Releases Archives - Page 1591 of 2390 - The Desert Sun,http://desertsun.xpr-gannett.com/press-release/story/category/press-releases/page/1591/,https://bricked.ai/,real estate comping,87,28,true,false,false,2026-02-19,2026-03-05
0,Press Releases Archives - Page 1591 of 2390 - The Desert Sun,http://desertsun.xpr-gannett.com/press-release/story/category/press-releases/page/1591/,https://bricked.ai/discord,Other,87,28,false,false,false,2026-02-19,2026-03-05
0,Press Releases Archives - Page 1598 of 2397 - The Desert Sun,http://desertsun.xpr-gannett.com/press-release/story/category/press-releases/page/1598/,https://bricked.ai/,Bricked AI,84,28,true,false,false,2026-02-19,2026-03-09
0,Press Releases Archives - Page 1598 of 2397 - The Desert Sun,http://desertsun.xpr-gannett.com/press-release/story/category/press-releases/page/1598/,https://bricked.ai/,https://bricked.ai,84,28,true,false,false,2026-02-19,2026-03-09
0,Press Releases Archives - Page 1598 of 2397 - The Desert Sun,http://desertsun.xpr-gannett.com/press-release/story/category/press-releases/page/1598/,https://bricked.ai/,real estate comping,84,28,true,false,false,2026-02-19,2026-03-09
0,Press Releases Archives - Page 1598 of 2397 - The Desert Sun,http://desertsun.xpr-gannett.com/press-release/story/category/press-releases/page/1598/,https://bricked.ai/discord,Other,84,28,false,false,false,2026-02-19,2026-03-09
0,Press Releases Archives - Page 1619 of 2418 - The Desert Sun,http://desertsun.xpr-gannett.com/press-release/story/category/press-releases/page/1619/,https://bricked.ai/,Bricked AI,85,28,true,false,false,2026-02-20,2026-04-08
0,Press Releases Archives - Page 1619 of 2418 - The Desert Sun,http://desertsun.xpr-gannett.com/press-release/story/category/press-releases/page/1619/,https://bricked.ai/,https://bricked.ai,85,28,true,false,false,2026-02-20,2026-04-08
0,Press Releases Archives - Page 1619 of 2418 - The Desert Sun,http://desertsun.xpr-gannett.com/press-release/story/category/press-releases/page/1619/,https://bricked.ai/,real estate comping,85,28,true,false,false,2026-02-20,2026-04-08
0,Press Releases Archives - Page 1619 of 2418 - The Desert Sun,http://desertsun.xpr-gannett.com/press-release/story/category/press-releases/page/1619/,https://bricked.ai/discord,Other,85,28,false,false,false,2026-02-20,2026-04-08
0,Press Releases Archives - Page 753 of 1553 - The Desert Sun,http://desertsun.xpr-gannett.com/press-release/story/category/press-releases/page/753/,https://bricked.ai/,Bricked AI,89,28,true,false,false,2026-02-08,2026-03-06
0,Press Releases Archives - Page 753 of 1553 - The Desert Sun,http://desertsun.xpr-gannett.com/press-release/story/category/press-releases/page/753/,https://bricked.ai/,https://bricked.ai,89,28,true,false,false,2026-02-08,2026-03-06
0,Press Releases Archives - Page 753 of 1553 - The Desert Sun,http://desertsun.xpr-gannett.com/press-release/story/category/press-releases/page/753/,https://bricked.ai/,real estate comping,89,28,true,false,false,2026-02-08,2026-03-06
0,Press Releases Archives - Page 753 of 1553 - The Desert Sun,http://desertsun.xpr-gannett.com/press-release/story/category/press-releases/page/753/,https://bricked.ai/discord,Other,89,28,false,false,false,2026-02-08,2026-03-06
0,Business Archives - Page 703 of 1604 - The Des Moines Register,http://desmoinesregister.xpr-gannett.com/press-release/story/category/business/page/703/,https://bricked.ai/discord,Other,91,28,false,false,false,2026-02-06,2026-04-04
0,Business Archives - Page 703 of 1604 - The Des Moines Register,http://desmoinesregister.xpr-gannett.com/press-release/story/category/business/page/703/,https://bricked.ai/,Bricked AI,91,28,true,false,false,2026-02-06,2026-04-04
0,Business Archives - Page 703 of 1604 - The Des Moines Register,http://desmoinesregister.xpr-gannett.com/press-release/story/category/business/page/703/,https://bricked.ai/,https://bricked.ai,91,28,true,false,false,2026-02-06,2026-04-04
0,Business Archives - Page 703 of 1604 - The Des Moines Register,http://desmoinesregister.xpr-gannett.com/press-release/story/category/business/page/703/,https://bricked.ai/,real estate comping,91,28,true,false,false,2026-02-06,2026-04-04
0,Channels Archives - Page 257 of 365 - The Des Moines Register,http://desmoinesregister.xpr-gannett.com/press-release/story/category/channels/page/257/,https://bricked.ai/,Bricked AI,95,28,true,false,false,2026-02-14,2026-05-04
0,Channels Archives - Page 257 of 365 - The Des Moines Register,http://desmoinesregister.xpr-gannett.com/press-release/story/category/channels/page/257/,https://bricked.ai/,https://bricked.ai,95,28,true,false,false,2026-02-14,2026-05-04
0,Channels Archives - Page 257 of 365 - The Des Moines Register,http://desmoinesregister.xpr-gannett.com/press-release/story/category/channels/page/257/,https://bricked.ai/,real estate comping,95,28,true,false,false,2026-02-14,2026-05-04
0,Channels Archives - Page 257 of 365 - The Des Moines Register,http://desmoinesregister.xpr-gannett.com/press-release/story/category/channels/page/257/,https://bricked.ai/discord,Other,95,28,false,false,false,2026-02-14,2026-05-04
0,Technology Archives - Page 351 of 432 - The Des Moines Register,http://desmoinesregister.xpr-gannett.com/press-release/story/category/channels/technology/page/351/,https://bricked.ai/,Bricked AI,49,28,true,false,false,2026-02-22,2026-05-04
0,Technology Archives - Page 351 of 432 - The Des Moines Register,http://desmoinesregister.xpr-gannett.com/press-release/story/category/channels/technology/page/351/,https://bricked.ai/,https://bricked.ai,49,28,true,false,false,2026-02-22,2026-05-04
0,Technology Archives - Page 351 of 432 - The Des Moines Register,http://desmoinesregister.xpr-gannett.com/press-release/story/category/channels/technology/page/351/,https://bricked.ai/,real estate comping,49,28,true,false,false,2026-02-22,2026-05-04
0,Technology Archives - Page 351 of 432 - The Des Moines Register,http://desmoinesregister.xpr-gannett.com/press-release/story/category/channels/technology/page/351/,https://bricked.ai/discord,Other,49,28,false,false,false,2026-02-22,2026-05-04
0,Partners Archives - Page 1222 of 2123 - The Des Moines Register,http://desmoinesregister.xpr-gannett.com/press-release/story/category/partners/page/1222/,https://bricked.ai/,Bricked AI,103,28,true,false,false,2026-02-16,2026-03-05
0,Partners Archives - Page 1222 of 2123 - The Des Moines Register,http://desmoinesregister.xpr-gannett.com/press-release/story/category/partners/page/1222/,https://bricked.ai/,https://bricked.ai,103,28,true,false,false,2026-02-16,2026-03-05
0,Partners Archives - Page 1222 of 2123 - The Des Moines Register,http://desmoinesregister.xpr-gannett.com/press-release/story/category/partners/page/1222/,https://bricked.ai/,real estate comping,103,28,true,false,false,2026-02-16,2026-03-05
0,Partners Archives - Page 1222 of 2123 - The Des Moines Register,http://desmoinesregister.xpr-gannett.com/press-release/story/category/partners/page/1222/,https://bricked.ai/discord,Other,103,28,false,false,false,2026-02-16,2026-03-05
0,Partners Archives - Page 1349 of 2250 - The Des Moines Register,http://desmoinesregister.xpr-gannett.com/press-release/story/category/partners/page/1349/,https://bricked.ai/discord,Other,53,28,false,false,false,2026-02-20,2026-03-06
0,Partners Archives - Page 1349 of 2250 - The Des Moines Register,http://desmoinesregister.xpr-gannett.com/press-release/story/category/partners/page/1349/,https://bricked.ai/,real estate comping,53,28,true,false,false,2026-02-20,2026-03-06
0,Partners Archives - Page 1349 of 2250 - The Des Moines Register,http://desmoinesregister.xpr-gannett.com/press-release/story/category/partners/page/1349/,https://bricked.ai/,https://bricked.ai,53,28,true,false,false,2026-02-20,2026-03-06
0,Partners Archives - Page 1349 of 2250 - The Des Moines Register,http://desmoinesregister.xpr-gannett.com/press-release/story/category/partners/page/1349/,https://bricked.ai/,Bricked AI,53,28,true,false,false,2026-02-20,2026-03-06
0,Partners Archives - Page 697 of 1598 - The Des Moines Register,http://desmoinesregister.xpr-gannett.com/press-release/story/category/partners/page/697/,https://bricked.ai/,real estate comping,91,28,true,false,false,2026-02-03,2026-04-06
0,Partners Archives - Page 697 of 1598 - The Des Moines Register,http://desmoinesregister.xpr-gannett.com/press-release/story/category/partners/page/697/,https://bricked.ai/,https://bricked.ai,91,28,true,false,false,2026-02-03,2026-04-06
0,Partners Archives - Page 697 of 1598 - The Des Moines Register,http://desmoinesregister.xpr-gannett.com/press-release/story/category/partners/page/697/,https://bricked.ai/,Bricked AI,91,28,true,false,false,2026-02-03,2026-04-06
0,Partners Archives - Page 697 of 1598 - The Des Moines Register,http://desmoinesregister.xpr-gannett.com/press-release/story/category/partners/page/697/,https://bricked.ai/discord,Other,91,28,false,false,false,2026-02-03,2026-04-06
0,Partners Archives - Page 703 of 1604 - The Des Moines Register,http://desmoinesregister.xpr-gannett.com/press-release/story/category/partners/page/703/,https://bricked.ai/discord,Other,93,28,false,false,false,2026-02-06,2026-03-08
0,Partners Archives - Page 703 of 1604 - The Des Moines Register,http://desmoinesregister.xpr-gannett.com/press-release/story/category/partners/page/703/,https://bricked.ai/,real estate comping,93,28,true,false,false,2026-02-06,2026-03-08
0,Partners Archives - Page 703 of 1604 - The Des Moines Register,http://desmoinesregister.xpr-gannett.com/press-release/story/category/partners/page/703/,https://bricked.ai/,https://bricked.ai,93,28,true,false,false,2026-02-06,2026-03-08
0,Partners Archives - Page 703 of 1604 - The Des Moines Register,http://desmoinesregister.xpr-gannett.com/press-release/story/category/partners/page/703/,https://bricked.ai/,Bricked AI,93,28,true,false,false,2026-02-06,2026-03-08
0,Partners Archives - Page 712 of 1613 - The Des Moines Register,http://desmoinesregister.xpr-gannett.com/press-release/story/category/partners/page/712/,https://bricked.ai/,Bricked AI,59,28,true,false,false,2026-02-08,2026-04-05
0,Partners Archives - Page 712 of 1613 - The Des Moines Register,http://desmoinesregister.xpr-gannett.com/press-release/story/category/partners/page/712/,https://bricked.ai/,https://bricked.ai,59,28,true,false,false,2026-02-08,2026-04-05
0,Partners Archives - Page 712 of 1613 - The Des Moines Register,http://desmoinesregister.xpr-gannett.com/press-release/story/category/partners/page/712/,https://bricked.ai/,real estate comping,59,28,true,false,false,2026-02-08,2026-04-05
0,Partners Archives - Page 712 of 1613 - The Des Moines Register,http://desmoinesregister.xpr-gannett.com/press-release/story/category/partners/page/712/,https://bricked.ai/discord,Other,59,28,false,false,false,2026-02-08,2026-04-05
0,Partners Archives - Page 725 of 1626 - The Des Moines Register,http://desmoinesregister.xpr-gannett.com/press-release/story/category/partners/page/725/,https://bricked.ai/discord,Other,62,28,false,false,false,2026-02-11,2026-04-01
0,Partners Archives - Page 725 of 1626 - The Des Moines Register,http://desmoinesregister.xpr-gannett.com/press-release/story/category/partners/page/725/,https://bricked.ai/,real estate comping,62,28,true,false,false,2026-02-11,2026-04-01
0,Partners Archives - Page 725 of 1626 - The Des Moines Register,http://desmoinesregister.xpr-gannett.com/press-release/story/category/partners/page/725/,https://bricked.ai/,https://bricked.ai,62,28,true,false,false,2026-02-11,2026-04-01
0,Partners Archives - Page 725 of 1626 - The Des Moines Register,http://desmoinesregister.xpr-gannett.com/press-release/story/category/partners/page/725/,https://bricked.ai/,Bricked AI,62,28,true,false,false,2026-02-11,2026-04-01
0,Press Releases Archives - Page 851 of 1609 - The Des Moines Register,http://desmoinesregister.xpr-gannett.com/press-release/story/category/press-releases/page/851/,https://bricked.ai/discord,Other,54,28,false,false,false,2026-02-14,2026-03-05
0,Press Releases Archives - Page 851 of 1609 - The Des Moines Register,http://desmoinesregister.xpr-gannett.com/press-release/story/category/press-releases/page/851/,https://bricked.ai/,real estate comping,54,28,true,false,false,2026-02-14,2026-03-05
0,Press Releases Archives - Page 851 of 1609 - The Des Moines Register,http://desmoinesregister.xpr-gannett.com/press-release/story/category/press-releases/page/851/,https://bricked.ai/,https://bricked.ai,54,28,true,false,false,2026-02-14,2026-03-05
0,Press Releases Archives - Page 851 of 1609 - The Des Moines Register,http://desmoinesregister.xpr-gannett.com/press-release/story/category/press-releases/page/851/,https://bricked.ai/,Bricked AI,54,28,true,false,false,2026-02-14,2026-03-05
0,Business Archives - Page 1501 of 2399 - The Columbus Dispatch,http://dispatch.xpr-gannett.com/press-release/story/category/business/page/1501/,https://bricked.ai/discord,Other,87,28,false,false,false,2026-02-22,2026-04-05
0,Business Archives - Page 1501 of 2399 - The Columbus Dispatch,http://dispatch.xpr-gannett.com/press-release/story/category/business/page/1501/,https://bricked.ai/,Bricked AI,87,28,true,false,false,2026-02-22,2026-04-05
0,Business Archives - Page 1501 of 2399 - The Columbus Dispatch,http://dispatch.xpr-gannett.com/press-release/story/category/business/page/1501/,https://bricked.ai/,https://bricked.ai,87,28,true,false,false,2026-02-22,2026-04-05
0,Business Archives - Page 1501 of 2399 - The Columbus Dispatch,http://dispatch.xpr-gannett.com/press-release/story/category/business/page/1501/,https://bricked.ai/,real estate comping,87,28,true,false,false,2026-02-22,2026-04-05
0,Business Archives - Page 459 of 1357 - The Columbus Dispatch,http://dispatch.xpr-gannett.com/press-release/story/category/business/page/459/,https://bricked.ai/,Bricked AI,98,28,true,false,false,2026-02-06,2026-04-05
0,Business Archives - Page 459 of 1357 - The Columbus Dispatch,http://dispatch.xpr-gannett.com/press-release/story/category/business/page/459/,https://bricked.ai/,https://bricked.ai,98,28,true,false,false,2026-02-06,2026-04-05
0,Business Archives - Page 459 of 1357 - The Columbus Dispatch,http://dispatch.xpr-gannett.com/press-release/story/category/business/page/459/,https://bricked.ai/,real estate comping,98,28,true,false,false,2026-02-06,2026-04-05
0,Business Archives - Page 459 of 1357 - The Columbus Dispatch,http://dispatch.xpr-gannett.com/press-release/story/category/business/page/459/,https://bricked.ai/discord,Other,98,28,false,false,false,2026-02-06,2026-04-05
0,Business Archives - Page 466 of 1365 - The Columbus Dispatch,http://dispatch.xpr-gannett.com/press-release/story/category/business/page/466/,https://bricked.ai/discord,Other,84,28,false,false,false,2026-02-08,2026-05-04
0,Business Archives - Page 466 of 1365 - The Columbus Dispatch,http://dispatch.xpr-gannett.com/press-release/story/category/business/page/466/,https://bricked.ai/,Bricked AI,84,28,true,false,false,2026-02-08,2026-05-04
0,Business Archives - Page 466 of 1365 - The Columbus Dispatch,http://dispatch.xpr-gannett.com/press-release/story/category/business/page/466/,https://bricked.ai/,https://bricked.ai,84,28,true,false,false,2026-02-08,2026-05-04
0,Business Archives - Page 466 of 1365 - The Columbus Dispatch,http://dispatch.xpr-gannett.com/press-release/story/category/business/page/466/,https://bricked.ai/,real estate comping,84,28,true,false,false,2026-02-08,2026-05-04
0,Business Archives - Page 507 of 1405 - The Columbus Dispatch,http://dispatch.xpr-gannett.com/press-release/story/category/business/page/507/,https://bricked.ai/,Bricked AI,98,28,true,false,false,2026-02-11,2026-03-08
0,Business Archives - Page 507 of 1405 - The Columbus Dispatch,http://dispatch.xpr-gannett.com/press-release/story/category/business/page/507/,https://bricked.ai/,https://bricked.ai,98,28,true,false,false,2026-02-11,2026-03-08
0,Business Archives - Page 507 of 1405 - The Columbus Dispatch,http://dispatch.xpr-gannett.com/press-release/story/category/business/page/507/,https://bricked.ai/,real estate comping,98,28,true,false,false,2026-02-11,2026-03-08
0,Business Archives - Page 507 of 1405 - The Columbus Dispatch,http://dispatch.xpr-gannett.com/press-release/story/category/business/page/507/,https://bricked.ai/discord,Other,98,28,false,false,false,2026-02-11,2026-03-08
0,Business Archives - Page 536 of 1434 - The Columbus Dispatch,http://dispatch.xpr-gannett.com/press-release/story/category/business/page/536/,https://bricked.ai/discord,Other,97,28,false,false,false,2026-02-16,2026-03-08
0,Business Archives - Page 536 of 1434 - The Columbus Dispatch,http://dispatch.xpr-gannett.com/press-release/story/category/business/page/536/,https://bricked.ai/,Bricked AI,97,28,true,false,false,2026-02-16,2026-03-08
0,Business Archives - Page 536 of 1434 - The Columbus Dispatch,http://dispatch.xpr-gannett.com/press-release/story/category/business/page/536/,https://bricked.ai/,real estate comping,97,28,true,false,false,2026-02-16,2026-03-08
0,Business Archives - Page 536 of 1434 - The Columbus Dispatch,http://dispatch.xpr-gannett.com/press-release/story/category/business/page/536/,https://bricked.ai/,https://bricked.ai,97,28,true,false,false,2026-02-16,2026-03-08
0,Business Archives - Page 571 of 1470 - The Columbus Dispatch,http://dispatch.xpr-gannett.com/press-release/story/category/business/page/571/,https://bricked.ai/,Bricked AI,56,28,true,false,false,2026-02-16,2026-03-08
0,Business Archives - Page 571 of 1470 - The Columbus Dispatch,http://dispatch.xpr-gannett.com/press-release/story/category/business/page/571/,https://bricked.ai/,https://bricked.ai,56,28,true,false,false,2026-02-16,2026-03-08
0,Business Archives - Page 571 of 1470 - The Columbus Dispatch,http://dispatch.xpr-gannett.com/press-release/story/category/business/page/571/,https://bricked.ai/,real estate comping,56,28,true,false,false,2026-02-16,2026-03-08
0,Business Archives - Page 571 of 1470 - The Columbus Dispatch,http://dispatch.xpr-gannett.com/press-release/story/category/business/page/571/,https://bricked.ai/discord,Other,56,28,false,false,false,2026-02-16,2026-03-08
0,Business Archives - Page 584 of 1483 - The Columbus Dispatch,http://dispatch.xpr-gannett.com/press-release/story/category/business/page/584/,https://bricked.ai/,Bricked AI,58,28,true,false,false,2026-02-17,2026-04-06
0,Business Archives - Page 584 of 1483 - The Columbus Dispatch,http://dispatch.xpr-gannett.com/press-release/story/category/business/page/584/,https://bricked.ai/,https://bricked.ai,58,28,true,false,false,2026-02-17,2026-04-06
0,Business Archives - Page 584 of 1483 - The Columbus Dispatch,http://dispatch.xpr-gannett.com/press-release/story/category/business/page/584/,https://bricked.ai/,real estate comping,58,28,true,false,false,2026-02-17,2026-04-06
0,Business Archives - Page 584 of 1483 - The Columbus Dispatch,http://dispatch.xpr-gannett.com/press-release/story/category/business/page/584/,https://bricked.ai/discord,Other,58,28,false,false,false,2026-02-17,2026-04-06
0,Channels Archives - Page 137 of 245 - The Columbus Dispatch,http://dispatch.xpr-gannett.com/press-release/story/category/channels/page/137/,https://bricked.ai/,Bricked AI,99,28,true,false,false,2026-02-05,2026-05-03
0,Channels Archives - Page 137 of 245 - The Columbus Dispatch,http://dispatch.xpr-gannett.com/press-release/story/category/channels/page/137/,https://bricked.ai/,https://bricked.ai,99,28,true,false,false,2026-02-05,2026-05-03
0,Channels Archives - Page 137 of 245 - The Columbus Dispatch,http://dispatch.xpr-gannett.com/press-release/story/category/channels/page/137/,https://bricked.ai/,real estate comping,99,28,true,false,false,2026-02-05,2026-05-03
0,Channels Archives - Page 137 of 245 - The Columbus Dispatch,http://dispatch.xpr-gannett.com/press-release/story/category/channels/page/137/,https://bricked.ai/discord,Other,99,28,false,false,false,2026-02-05,2026-05-03
0,Channels Archives - Page 139 of 246 - The Columbus Dispatch,http://dispatch.xpr-gannett.com/press-release/story/category/channels/page/139/,https://bricked.ai/,real estate comping,101,28,true,false,false,2026-02-06,2026-04-06
0,Channels Archives - Page 139 of 246 - The Columbus Dispatch,http://dispatch.xpr-gannett.com/press-release/story/category/channels/page/139/,https://bricked.ai/,https://bricked.ai,101,28,true,false,false,2026-02-06,2026-04-06
0,Channels Archives - Page 139 of 246 - The Columbus Dispatch,http://dispatch.xpr-gannett.com/press-release/story/category/channels/page/139/,https://bricked.ai/,Bricked AI,101,28,true,false,false,2026-02-06,2026-04-06
0,Channels Archives - Page 139 of 246 - The Columbus Dispatch,http://dispatch.xpr-gannett.com/press-release/story/category/channels/page/139/,https://bricked.ai/discord,Other,101,28,false,false,false,2026-02-06,2026-04-06
0,Channels Archives - Page 140 of 248 - The Columbus Dispatch,http://dispatch.xpr-gannett.com/press-release/story/category/channels/page/140/,https://bricked.ai/,https://bricked.ai,89,28,true,false,false,2026-02-08,2026-03-05
0,Channels Archives - Page 140 of 248 - The Columbus Dispatch,http://dispatch.xpr-gannett.com/press-release/story/category/channels/page/140/,https://bricked.ai/,Bricked AI,89,28,true,false,false,2026-02-08,2026-03-05
0,Channels Archives - Page 140 of 248 - The Columbus Dispatch,http://dispatch.xpr-gannett.com/press-release/story/category/channels/page/140/,https://bricked.ai/discord,Other,89,28,false,false,false,2026-02-08,2026-03-05
0,Channels Archives - Page 140 of 248 - The Columbus Dispatch,http://dispatch.xpr-gannett.com/press-release/story/category/channels/page/140/,https://bricked.ai/,real estate comping,89,28,true,false,false,2026-02-08,2026-03-05
0,Channels Archives - Page 172 of 280 - The Columbus Dispatch,http://dispatch.xpr-gannett.com/press-release/story/category/channels/page/172/,https://bricked.ai/,Bricked AI,57,28,true,false,false,2026-02-17,2026-04-06
0,Channels Archives - Page 172 of 280 - The Columbus Dispatch,http://dispatch.xpr-gannett.com/press-release/story/category/channels/page/172/,https://bricked.ai/,https://bricked.ai,57,28,true,false,false,2026-02-17,2026-04-06
0,Channels Archives - Page 172 of 280 - The Columbus Dispatch,http://dispatch.xpr-gannett.com/press-release/story/category/channels/page/172/,https://bricked.ai/,real estate comping,57,28,true,false,false,2026-02-17,2026-04-06
0,Channels Archives - Page 172 of 280 - The Columbus Dispatch,http://dispatch.xpr-gannett.com/press-release/story/category/channels/page/172/,https://bricked.ai/discord,Other,57,28,false,false,false,2026-02-17,2026-04-06
0,Partners Archives - Page 453 of 1352 - The Columbus Dispatch,http://dispatch.xpr-gannett.com/press-release/story/category/partners/page/453/,https://bricked.ai/,Bricked AI,82,28,true,false,false,2026-02-03,2026-04-08
0,Partners Archives - Page 453 of 1352 - The Columbus Dispatch,http://dispatch.xpr-gannett.com/press-release/story/category/partners/page/453/,https://bricked.ai/,https://bricked.ai,82,28,true,false,false,2026-02-03,2026-04-08
0,Partners Archives - Page 453 of 1352 - The Columbus Dispatch,http://dispatch.xpr-gannett.com/press-release/story/category/partners/page/453/,https://bricked.ai/,real estate comping,82,28,true,false,false,2026-02-03,2026-04-08
0,Partners Archives - Page 453 of 1352 - The Columbus Dispatch,http://dispatch.xpr-gannett.com/press-release/story/category/partners/page/453/,https://bricked.ai/discord,Other,82,28,false,false,false,2026-02-03,2026-04-08
0,Partners Archives - Page 460 of 1358 - The Columbus Dispatch,http://dispatch.xpr-gannett.com/press-release/story/category/partners/page/460/,https://bricked.ai/,Bricked AI,97,28,true,false,false,2026-02-06,2026-05-04
0,Partners Archives - Page 460 of 1358 - The Columbus Dispatch,http://dispatch.xpr-gannett.com/press-release/story/category/partners/page/460/,https://bricked.ai/,https://bricked.ai,97,28,true,false,false,2026-02-06,2026-05-04
0,Partners Archives - Page 460 of 1358 - The Columbus Dispatch,http://dispatch.xpr-gannett.com/press-release/story/category/partners/page/460/,https://bricked.ai/,real estate comping,97,28,true,false,false,2026-02-06,2026-05-04
0,Partners Archives - Page 460 of 1358 - The Columbus Dispatch,http://dispatch.xpr-gannett.com/press-release/story/category/partners/page/460/,https://bricked.ai/discord,Other,97,28,false,false,false,2026-02-06,2026-05-04
0,Partners Archives - Page 472 of 1370 - The Columbus Dispatch,http://dispatch.xpr-gannett.com/press-release/story/category/partners/page/472/,https://bricked.ai/,Bricked AI,97,28,true,false,false,2026-02-11,2026-04-03
0,Partners Archives - Page 472 of 1370 - The Columbus Dispatch,http://dispatch.xpr-gannett.com/press-release/story/category/partners/page/472/,https://bricked.ai/,https://bricked.ai,97,28,true,false,false,2026-02-11,2026-04-03
0,Partners Archives - Page 472 of 1370 - The Columbus Dispatch,http://dispatch.xpr-gannett.com/press-release/story/category/partners/page/472/,https://bricked.ai/,real estate comping,97,28,true,false,false,2026-02-11,2026-04-03
0,Partners Archives - Page 472 of 1370 - The Columbus Dispatch,http://dispatch.xpr-gannett.com/press-release/story/category/partners/page/472/,https://bricked.ai/discord,Other,97,28,false,false,false,2026-02-11,2026-04-03
0,Partners Archives - Page 515 of 1413 - The Columbus Dispatch,http://dispatch.xpr-gannett.com/press-release/story/category/partners/page/515/,https://bricked.ai/,Bricked AI,91,28,true,false,false,2026-02-12,2026-04-05
0,Partners Archives - Page 515 of 1413 - The Columbus Dispatch,http://dispatch.xpr-gannett.com/press-release/story/category/partners/page/515/,https://bricked.ai/,https://bricked.ai,91,28,true,false,false,2026-02-12,2026-04-05
0,Partners Archives - Page 515 of 1413 - The Columbus Dispatch,http://dispatch.xpr-gannett.com/press-release/story/category/partners/page/515/,https://bricked.ai/,real estate comping,91,28,true,false,false,2026-02-12,2026-04-05
0,Partners Archives - Page 515 of 1413 - The Columbus Dispatch,http://dispatch.xpr-gannett.com/press-release/story/category/partners/page/515/,https://bricked.ai/discord,Other,91,28,false,false,false,2026-02-12,2026-04-05
0,Partners Archives - Page 536 of 1435 - The Columbus Dispatch,http://dispatch.xpr-gannett.com/press-release/story/category/partners/page/536/,https://bricked.ai/,Bricked AI,82,28,true,false,false,2026-02-16,2026-04-08
0,Partners Archives - Page 536 of 1435 - The Columbus Dispatch,http://dispatch.xpr-gannett.com/press-release/story/category/partners/page/536/,https://bricked.ai/,https://bricked.ai,82,28,true,false,false,2026-02-16,2026-04-08
0,Partners Archives - Page 536 of 1435 - The Columbus Dispatch,http://dispatch.xpr-gannett.com/press-release/story/category/partners/page/536/,https://bricked.ai/,real estate comping,82,28,true,false,false,2026-02-16,2026-04-08
0,Partners Archives - Page 536 of 1435 - The Columbus Dispatch,http://dispatch.xpr-gannett.com/press-release/story/category/partners/page/536/,https://bricked.ai/discord,Other,82,28,false,false,false,2026-02-16,2026-04-08
0,Partners Archives - Page 572 of 1470 - The Columbus Dispatch,http://dispatch.xpr-gannett.com/press-release/story/category/partners/page/572/,https://bricked.ai/discord,Other,91,28,false,false,false,2026-02-16,2026-04-07
0,Partners Archives - Page 572 of 1470 - The Columbus Dispatch,http://dispatch.xpr-gannett.com/press-release/story/category/partners/page/572/,https://bricked.ai/,Bricked AI,91,28,true,false,false,2026-02-16,2026-04-07
0,Partners Archives - Page 572 of 1470 - The Columbus Dispatch,http://dispatch.xpr-gannett.com/press-release/story/category/partners/page/572/,https://bricked.ai/,https://bricked.ai,91,28,true,false,false,2026-02-16,2026-04-07
0,Partners Archives - Page 572 of 1470 - The Columbus Dispatch,http://dispatch.xpr-gannett.com/press-release/story/category/partners/page/572/,https://bricked.ai/,real estate comping,91,28,true,false,false,2026-02-16,2026-04-07
0,Partners Archives - Page 602 of 1501 - The Columbus Dispatch,http://dispatch.xpr-gannett.com/press-release/story/category/partners/page/602/,https://bricked.ai/,Bricked AI,55,28,true,false,false,2026-02-19,2026-03-06
0,Partners Archives - Page 602 of 1501 - The Columbus Dispatch,http://dispatch.xpr-gannett.com/press-release/story/category/partners/page/602/,https://bricked.ai/,https://bricked.ai,55,28,true,false,false,2026-02-19,2026-03-06
0,Partners Archives - Page 602 of 1501 - The Columbus Dispatch,http://dispatch.xpr-gannett.com/press-release/story/category/partners/page/602/,https://bricked.ai/,real estate comping,55,28,true,false,false,2026-02-19,2026-03-06
0,Partners Archives - Page 602 of 1501 - The Columbus Dispatch,http://dispatch.xpr-gannett.com/press-release/story/category/partners/page/602/,https://bricked.ai/discord,Other,55,28,false,false,false,2026-02-19,2026-03-06
0,Partners Archives - Page 727 of 1626 - The Columbus Dispatch,http://dispatch.xpr-gannett.com/press-release/story/category/partners/page/727/,https://bricked.ai/discord,Other,56,28,false,false,false,2026-02-20,2026-04-08
0,Partners Archives - Page 727 of 1626 - The Columbus Dispatch,http://dispatch.xpr-gannett.com/press-release/story/category/partners/page/727/,https://bricked.ai/,Bricked AI,56,28,true,false,false,2026-02-20,2026-04-08
0,Partners Archives - Page 727 of 1626 - The Columbus Dispatch,http://dispatch.xpr-gannett.com/press-release/story/category/partners/page/727/,https://bricked.ai/,https://bricked.ai,56,28,true,false,false,2026-02-20,2026-04-08
0,Partners Archives - Page 727 of 1626 - The Columbus Dispatch,http://dispatch.xpr-gannett.com/press-release/story/category/partners/page/727/,https://bricked.ai/,real estate comping,56,28,true,false,false,2026-02-20,2026-04-08
0,Press Releases Archives - Page 454 of 1209 - The Columbus Dispatch,http://dispatch.xpr-gannett.com/press-release/story/category/press-releases/page/454/,https://bricked.ai/discord,Other,56,28,false,false,false,2026-02-06,2026-04-06
0,Press Releases Archives - Page 454 of 1209 - The Columbus Dispatch,http://dispatch.xpr-gannett.com/press-release/story/category/press-releases/page/454/,https://bricked.ai/,https://bricked.ai,56,28,true,false,false,2026-02-06,2026-04-06
0,Press Releases Archives - Page 454 of 1209 - The Columbus Dispatch,http://dispatch.xpr-gannett.com/press-release/story/category/press-releases/page/454/,https://bricked.ai/,Bricked AI,56,28,true,false,false,2026-02-06,2026-04-06
0,Press Releases Archives - Page 454 of 1209 - The Columbus Dispatch,http://dispatch.xpr-gannett.com/press-release/story/category/press-releases/page/454/,https://bricked.ai/,real estate comping,56,28,true,false,false,2026-02-06,2026-04-06
0,Press Releases Archives - Page 459 of 1213 - The Columbus Dispatch,http://dispatch.xpr-gannett.com/press-release/story/category/press-releases/page/459/,https://bricked.ai/,Bricked AI,98,28,true,false,false,2026-02-06,2026-04-05
0,Press Releases Archives - Page 459 of 1213 - The Columbus Dispatch,http://dispatch.xpr-gannett.com/press-release/story/category/press-releases/page/459/,https://bricked.ai/,https://bricked.ai,98,28,true,false,false,2026-02-06,2026-04-05
0,Press Releases Archives - Page 459 of 1213 - The Columbus Dispatch,http://dispatch.xpr-gannett.com/press-release/story/category/press-releases/page/459/,https://bricked.ai/,real estate comping,98,28,true,false,false,2026-02-06,2026-04-05
0,Press Releases Archives - Page 459 of 1213 - The Columbus Dispatch,http://dispatch.xpr-gannett.com/press-release/story/category/press-releases/page/459/,https://bricked.ai/discord,Other,98,28,false,false,false,2026-02-06,2026-04-05
0,Business Archives - Page 182 of 1205 - The El Paso Times,http://elpasotimes.xpr-gannett.com/press-release/story/category/business/page/182/,https://bricked.ai/discord,Other,90,28,false,false,false,2026-02-08,2026-03-09
0,Business Archives - Page 182 of 1205 - The El Paso Times,http://elpasotimes.xpr-gannett.com/press-release/story/category/business/page/182/,https://bricked.ai/,Bricked AI,90,28,true,false,false,2026-02-08,2026-03-09
0,Business Archives - Page 182 of 1205 - The El Paso Times,http://elpasotimes.xpr-gannett.com/press-release/story/category/business/page/182/,https://bricked.ai/,https://bricked.ai,90,28,true,false,false,2026-02-08,2026-03-09
0,Business Archives - Page 182 of 1205 - The El Paso Times,http://elpasotimes.xpr-gannett.com/press-release/story/category/business/page/182/,https://bricked.ai/,real estate comping,90,28,true,false,false,2026-02-08,2026-03-09
0,Business Archives - Page 187 of 1211 - The El Paso Times,http://elpasotimes.xpr-gannett.com/press-release/story/category/business/page/187/,https://bricked.ai/,https://bricked.ai,51,28,true,false,false,2026-02-11,2026-04-06
0,Business Archives - Page 187 of 1211 - The El Paso Times,http://elpasotimes.xpr-gannett.com/press-release/story/category/business/page/187/,https://bricked.ai/,Bricked AI,51,28,true,false,false,2026-02-11,2026-04-06
0,Business Archives - Page 187 of 1211 - The El Paso Times,http://elpasotimes.xpr-gannett.com/press-release/story/category/business/page/187/,https://bricked.ai/discord,Other,51,28,false,false,false,2026-02-11,2026-04-06
0,Business Archives - Page 187 of 1211 - The El Paso Times,http://elpasotimes.xpr-gannett.com/press-release/story/category/business/page/187/,https://bricked.ai/,real estate comping,51,28,true,false,false,2026-02-11,2026-04-06
0,Business Archives - Page 222 of 1245 - The El Paso Times,http://elpasotimes.xpr-gannett.com/press-release/story/category/business/page/222/,https://bricked.ai/discord,Other,83,28,false,false,false,2026-02-14,2026-03-09
0,Business Archives - Page 222 of 1245 - The El Paso Times,http://elpasotimes.xpr-gannett.com/press-release/story/category/business/page/222/,https://bricked.ai/,Bricked AI,83,28,true,false,false,2026-02-14,2026-03-09
0,Business Archives - Page 222 of 1245 - The El Paso Times,http://elpasotimes.xpr-gannett.com/press-release/story/category/business/page/222/,https://bricked.ai/,https://bricked.ai,83,28,true,false,false,2026-02-14,2026-03-09
0,Business Archives - Page 222 of 1245 - The El Paso Times,http://elpasotimes.xpr-gannett.com/press-release/story/category/business/page/222/,https://bricked.ai/,real estate comping,83,28,true,false,false,2026-02-14,2026-03-09
0,Channels Archives - Page 51 of 156 - The El Paso Times,http://elpasotimes.xpr-gannett.com/press-release/story/category/channels/page/51/,https://bricked.ai/,Bricked AI,91,28,true,false,false,2026-02-06,2026-04-05
0,Channels Archives - Page 51 of 156 - The El Paso Times,http://elpasotimes.xpr-gannett.com/press-release/story/category/channels/page/51/,https://bricked.ai/,https://bricked.ai,91,28,true,false,false,2026-02-06,2026-04-05
0,Channels Archives - Page 51 of 156 - The El Paso Times,http://elpasotimes.xpr-gannett.com/press-release/story/category/channels/page/51/,https://bricked.ai/,real estate comping,91,28,true,false,false,2026-02-06,2026-04-05
0,Channels Archives - Page 51 of 156 - The El Paso Times,http://elpasotimes.xpr-gannett.com/press-release/story/category/channels/page/51/,https://bricked.ai/discord,Other,91,28,false,false,false,2026-02-06,2026-04-05
0,Channels Archives - Page 67 of 172 - The El Paso Times,http://elpasotimes.xpr-gannett.com/press-release/story/category/channels/page/67/,https://bricked.ai/,Bricked AI,63,28,true,false,false,2026-02-17,2026-04-05
0,Channels Archives - Page 67 of 172 - The El Paso Times,http://elpasotimes.xpr-gannett.com/press-release/story/category/channels/page/67/,https://bricked.ai/,https://bricked.ai,63,28,true,false,false,2026-02-17,2026-04-05
0,Channels Archives - Page 67 of 172 - The El Paso Times,http://elpasotimes.xpr-gannett.com/press-release/story/category/channels/page/67/,https://bricked.ai/,real estate comping,63,28,true,false,false,2026-02-17,2026-04-05
0,Channels Archives - Page 67 of 172 - The El Paso Times,http://elpasotimes.xpr-gannett.com/press-release/story/category/channels/page/67/,https://bricked.ai/discord,Other,63,28,false,false,false,2026-02-17,2026-04-05
0,Channels Archives - Page 68 of 173 - The El Paso Times,http://elpasotimes.xpr-gannett.com/press-release/story/category/channels/page/68/,https://bricked.ai/,Bricked AI,86,28,true,false,false,2026-02-19,2026-04-05
0,Channels Archives - Page 68 of 173 - The El Paso Times,http://elpasotimes.xpr-gannett.com/press-release/story/category/channels/page/68/,https://bricked.ai/,https://bricked.ai,86,28,true,false,false,2026-02-19,2026-04-05
0,Channels Archives - Page 68 of 173 - The El Paso Times,http://elpasotimes.xpr-gannett.com/press-release/story/category/channels/page/68/,https://bricked.ai/,real estate comping,86,28,true,false,false,2026-02-19,2026-04-05
0,Channels Archives - Page 68 of 173 - The El Paso Times,http://elpasotimes.xpr-gannett.com/press-release/story/category/channels/page/68/,https://bricked.ai/discord,Other,86,28,false,false,false,2026-02-19,2026-04-05
0,Technology Archives - Page 41 of 122 - The El Paso Times,http://elpasotimes.xpr-gannett.com/press-release/story/category/channels/technology/page/41/,https://bricked.ai/discord,Other,83,28,false,false,false,2026-01-31,2026-03-07
0,Technology Archives - Page 41 of 122 - The El Paso Times,http://elpasotimes.xpr-gannett.com/press-release/story/category/channels/technology/page/41/,https://bricked.ai/,Bricked AI,83,28,true,false,false,2026-01-31,2026-03-07
0,Technology Archives - Page 41 of 122 - The El Paso Times,http://elpasotimes.xpr-gannett.com/press-release/story/category/channels/technology/page/41/,https://bricked.ai/,https://bricked.ai,83,28,true,false,false,2026-01-31,2026-03-07
0,Technology Archives - Page 41 of 122 - The El Paso Times,http://elpasotimes.xpr-gannett.com/press-release/story/category/channels/technology/page/41/,https://bricked.ai/,real estate comping,83,28,true,false,false,2026-01-31,2026-03-07
0,Technology Archives - Page 45 of 126 - The El Paso Times,http://elpasotimes.xpr-gannett.com/press-release/story/category/channels/technology/page/45/,https://bricked.ai/,real estate comping,78,28,true,false,false,2026-02-08,2026-03-05
0,Technology Archives - Page 45 of 126 - The El Paso Times,http://elpasotimes.xpr-gannett.com/press-release/story/category/channels/technology/page/45/,https://bricked.ai/,https://bricked.ai,78,28,true,false,false,2026-02-08,2026-03-05
0,Technology Archives - Page 45 of 126 - The El Paso Times,http://elpasotimes.xpr-gannett.com/press-release/story/category/channels/technology/page/45/,https://bricked.ai/,Bricked AI,78,28,true,false,false,2026-02-08,2026-03-05
0,Technology Archives - Page 45 of 126 - The El Paso Times,http://elpasotimes.xpr-gannett.com/press-release/story/category/channels/technology/page/45/,https://bricked.ai/discord,Other,78,28,false,false,false,2026-02-08,2026-03-05
0,Technology Archives - Page 47 of 128 - The El Paso Times,http://elpasotimes.xpr-gannett.com/press-release/story/category/channels/technology/page/47/,https://bricked.ai/,Bricked AI,87,28,true,false,false,2026-02-11,2026-04-06
0,Technology Archives - Page 47 of 128 - The El Paso Times,http://elpasotimes.xpr-gannett.com/press-release/story/category/channels/technology/page/47/,https://bricked.ai/,https://bricked.ai,87,28,true,false,false,2026-02-11,2026-04-06
0,Technology Archives - Page 47 of 128 - The El Paso Times,http://elpasotimes.xpr-gannett.com/press-release/story/category/channels/technology/page/47/,https://bricked.ai/,real estate comping,87,28,true,false,false,2026-02-11,2026-04-06
0,Technology Archives - Page 47 of 128 - The El Paso Times,http://elpasotimes.xpr-gannett.com/press-release/story/category/channels/technology/page/47/,https://bricked.ai/discord,Other,87,28,false,false,false,2026-02-11,2026-04-06
0,Technology Archives - Page 53 of 135 - The El Paso Times,http://elpasotimes.xpr-gannett.com/press-release/story/category/channels/technology/page/53/,https://bricked.ai/,Bricked AI,49,28,true,false,false,2026-02-16,2026-03-09
0,Technology Archives - Page 53 of 135 - The El Paso Times,http://elpasotimes.xpr-gannett.com/press-release/story/category/channels/technology/page/53/,https://bricked.ai/,https://bricked.ai,49,28,true,false,false,2026-02-16,2026-03-09
0,Technology Archives - Page 53 of 135 - The El Paso Times,http://elpasotimes.xpr-gannett.com/press-release/story/category/channels/technology/page/53/,https://bricked.ai/,real estate comping,49,28,true,false,false,2026-02-16,2026-03-09
0,Technology Archives - Page 53 of 135 - The El Paso Times,http://elpasotimes.xpr-gannett.com/press-release/story/category/channels/technology/page/53/,https://bricked.ai/discord,Other,49,28,false,false,false,2026-02-16,2026-03-09
0,Technology Archives - Page 54 of 136 - The El Paso Times,http://elpasotimes.xpr-gannett.com/press-release/story/category/channels/technology/page/54/,https://bricked.ai/,Bricked AI,89,28,true,false,false,2026-02-19,2026-04-06
0,Technology Archives - Page 54 of 136 - The El Paso Times,http://elpasotimes.xpr-gannett.com/press-release/story/category/channels/technology/page/54/,https://bricked.ai/,https://bricked.ai,89,28,true,false,false,2026-02-19,2026-04-06
0,Technology Archives - Page 54 of 136 - The El Paso Times,http://elpasotimes.xpr-gannett.com/press-release/story/category/channels/technology/page/54/,https://bricked.ai/,real estate comping,89,28,true,false,false,2026-02-19,2026-04-06
0,Technology Archives - Page 54 of 136 - The El Paso Times,http://elpasotimes.xpr-gannett.com/press-release/story/category/channels/technology/page/54/,https://bricked.ai/discord,Other,89,28,false,false,false,2026-02-19,2026-04-06
0,EIN Presswire Archives - Page 143 of 425 - The El Paso Times,http://elpasotimes.xpr-gannett.com/press-release/story/category/partners/ein-presswire/page/143/,https://bricked.ai/discord,Other,87,28,false,false,false,2026-01-31,2026-04-05
0,EIN Presswire Archives - Page 143 of 425 - The El Paso Times,http://elpasotimes.xpr-gannett.com/press-release/story/category/partners/ein-presswire/page/143/,https://bricked.ai/,Bricked AI,87,28,true,false,false,2026-01-31,2026-04-05
0,EIN Presswire Archives - Page 143 of 425 - The El Paso Times,http://elpasotimes.xpr-gannett.com/press-release/story/category/partners/ein-presswire/page/143/,https://bricked.ai/,https://bricked.ai,87,28,true,false,false,2026-01-31,2026-04-05
0,EIN Presswire Archives - Page 143 of 425 - The El Paso Times,http://elpasotimes.xpr-gannett.com/press-release/story/category/partners/ein-presswire/page/143/,https://bricked.ai/,real estate comping,87,28,true,false,false,2026-01-31,2026-04-05
0,EIN Presswire Archives - Page 144 of 427 - The El Paso Times,http://elpasotimes.xpr-gannett.com/press-release/story/category/partners/ein-presswire/page/144/,https://bricked.ai/discord,Other,54,28,false,false,false,2026-02-04,2026-04-06
0,EIN Presswire Archives - Page 144 of 427 - The El Paso Times,http://elpasotimes.xpr-gannett.com/press-release/story/category/partners/ein-presswire/page/144/,https://bricked.ai/,Bricked AI,54,28,true,false,false,2026-02-04,2026-04-06
0,EIN Presswire Archives - Page 144 of 427 - The El Paso Times,http://elpasotimes.xpr-gannett.com/press-release/story/category/partners/ein-presswire/page/144/,https://bricked.ai/,https://bricked.ai,54,28,true,false,false,2026-02-04,2026-04-06
0,EIN Presswire Archives - Page 144 of 427 - The El Paso Times,http://elpasotimes.xpr-gannett.com/press-release/story/category/partners/ein-presswire/page/144/,https://bricked.ai/,real estate comping,54,28,true,false,false,2026-02-04,2026-04-06
0,Partners Archives - Page 195 of 515 - The El Paso Times,http://elpasotimes.xpr-gannett.com/press-release/story/category/partners/page/195/,https://bricked.ai/,Bricked AI,51,28,true,false,false,2026-02-17,2026-03-08
0,Partners Archives - Page 195 of 515 - The El Paso Times,http://elpasotimes.xpr-gannett.com/press-release/story/category/partners/page/195/,https://bricked.ai/,https://bricked.ai,51,28,true,false,false,2026-02-17,2026-03-08
0,Partners Archives - Page 195 of 515 - The El Paso Times,http://elpasotimes.xpr-gannett.com/press-release/story/category/partners/page/195/,https://bricked.ai/,real estate comping,51,28,true,false,false,2026-02-17,2026-03-08
0,Partners Archives - Page 195 of 515 - The El Paso Times,http://elpasotimes.xpr-gannett.com/press-release/story/category/partners/page/195/,https://bricked.ai/discord,Other,51,28,false,false,false,2026-02-17,2026-03-08
0,Press Releases Archives - Page 163 of 973 - The El Paso Times,http://elpasotimes.xpr-gannett.com/press-release/story/category/press-releases/page/163/,https://bricked.ai/discord,Other,87,28,false,false,false,2026-01-31,2026-03-08
0,Press Releases Archives - Page 163 of 973 - The El Paso Times,http://elpasotimes.xpr-gannett.com/press-release/story/category/press-releases/page/163/,https://bricked.ai/,Bricked AI,87,28,true,false,false,2026-01-31,2026-03-08
0,Press Releases Archives - Page 163 of 973 - The El Paso Times,http://elpasotimes.xpr-gannett.com/press-release/story/category/press-releases/page/163/,https://bricked.ai/,https://bricked.ai,87,28,true,false,false,2026-01-31,2026-03-08
0,Press Releases Archives - Page 163 of 973 - The El Paso Times,http://elpasotimes.xpr-gannett.com/press-release/story/category/press-releases/page/163/,https://bricked.ai/,real estate comping,87,28,true,false,false,2026-01-31,2026-03-08
0,Press Releases Archives - Page 165 of 975 - The El Paso Times,http://elpasotimes.xpr-gannett.com/press-release/story/category/press-releases/page/165/,https://bricked.ai/,Bricked AI,97,28,true,false,false,2026-02-03,2026-04-06
0,Press Releases Archives - Page 165 of 975 - The El Paso Times,http://elpasotimes.xpr-gannett.com/press-release/story/category/press-releases/page/165/,https://bricked.ai/,https://bricked.ai,97,28,true,false,false,2026-02-03,2026-04-06
0,Press Releases Archives - Page 165 of 975 - The El Paso Times,http://elpasotimes.xpr-gannett.com/press-release/story/category/press-releases/page/165/,https://bricked.ai/,real estate comping,97,28,true,false,false,2026-02-03,2026-04-06
0,Press Releases Archives - Page 165 of 975 - The El Paso Times,http://elpasotimes.xpr-gannett.com/press-release/story/category/press-releases/page/165/,https://bricked.ai/discord,Other,97,28,false,false,false,2026-02-03,2026-04-06
0,Press Releases Archives - Page 166 of 977 - The El Paso Times,http://elpasotimes.xpr-gannett.com/press-release/story/category/press-releases/page/166/,https://bricked.ai/,Bricked AI,51,28,true,false,false,2026-02-06,2026-03-08
0,Press Releases Archives - Page 166 of 977 - The El Paso Times,http://elpasotimes.xpr-gannett.com/press-release/story/category/press-releases/page/166/,https://bricked.ai/,https://bricked.ai,51,28,true,false,false,2026-02-06,2026-03-08
0,Press Releases Archives - Page 166 of 977 - The El Paso Times,http://elpasotimes.xpr-gannett.com/press-release/story/category/press-releases/page/166/,https://bricked.ai/,real estate comping,51,28,true,false,false,2026-02-06,2026-03-08
0,Press Releases Archives - Page 166 of 977 - The El Paso Times,http://elpasotimes.xpr-gannett.com/press-release/story/category/press-releases/page/166/,https://bricked.ai/discord,Other,51,28,false,false,false,2026-02-06,2026-03-08
0,Press Releases Archives - Page 222 of 1032 - The El Paso Times,http://elpasotimes.xpr-gannett.com/press-release/story/category/press-releases/page/222/,https://bricked.ai/discord,Other,54,28,false,false,false,2026-02-17,2026-04-05
0,Press Releases Archives - Page 222 of 1032 - The El Paso Times,http://elpasotimes.xpr-gannett.com/press-release/story/category/press-releases/page/222/,https://bricked.ai/,Bricked AI,54,28,true,false,false,2026-02-17,2026-04-05
0,Press Releases Archives - Page 222 of 1032 - The El Paso Times,http://elpasotimes.xpr-gannett.com/press-release/story/category/press-releases/page/222/,https://bricked.ai/,https://bricked.ai,54,28,true,false,false,2026-02-17,2026-04-05
0,Press Releases Archives - Page 222 of 1032 - The El Paso Times,http://elpasotimes.xpr-gannett.com/press-release/story/category/press-releases/page/222/,https://bricked.ai/,real estate comping,54,28,true,false,false,2026-02-17,2026-04-05
0,🏆🏆Boost your Google rankings with Premium PBN & Link Building🏆🏆,http://expresskitchendesigns.com/all/493/11.html,https://bricked.ai/,High Quality Dofollow Backlinks DA 50 PA 40 Premium PBN Network Service bricked.ai Rank First Page Google Fast SEO Link Building Buy Backlinks Online Cheap,3000,12,false,false,false,2026-08-21,2026-08-21
0,🏆🏆Boost your Google rankings with Premium PBN & Link Building🏆🏆,http://fastlifesite.com/all/493/11.html,https://bricked.ai/,High Quality Dofollow Backlinks DA 50 PA 40 Premium PBN Network Service bricked.ai Rank First Page Google Fast SEO Link Building Buy Backlinks Online Cheap,3000,12,false,false,false,2026-09-21,2026-09-21
0,Channels Archives - Page 115 of 218 - FDL Reporter | The Reporter,http://fdlreporter.xpr-gannett.com/press-release/story/category/channels/page/115/,https://bricked.ai/discord,Other,94,28,false,false,false,2026-02-17,2026-03-07
0,Channels Archives - Page 115 of 218 - FDL Reporter | The Reporter,http://fdlreporter.xpr-gannett.com/press-release/story/category/channels/page/115/,https://bricked.ai/,Bricked AI,94,28,true,false,false,2026-02-17,2026-03-07
0,Channels Archives - Page 115 of 218 - FDL Reporter | The Reporter,http://fdlreporter.xpr-gannett.com/press-release/story/category/channels/page/115/,https://bricked.ai/,https://bricked.ai,94,28,true,false,false,2026-02-17,2026-03-07
0,Channels Archives - Page 115 of 218 - FDL Reporter | The Reporter,http://fdlreporter.xpr-gannett.com/press-release/story/category/channels/page/115/,https://bricked.ai/,real estate comping,94,28,true,false,false,2026-02-17,2026-03-07
0,Channels Archives - Page 123 of 226 - FDL Reporter | The Reporter,http://fdlreporter.xpr-gannett.com/press-release/story/category/channels/page/123/,https://bricked.ai/discord,Other,85,28,false,false,false,2026-02-19,2026-03-07
0,Channels Archives - Page 123 of 226 - FDL Reporter | The Reporter,http://fdlreporter.xpr-gannett.com/press-release/story/category/channels/page/123/,https://bricked.ai/,Bricked AI,85,28,true,false,false,2026-02-19,2026-03-07
0,Channels Archives - Page 123 of 226 - FDL Reporter | The Reporter,http://fdlreporter.xpr-gannett.com/press-release/story/category/channels/page/123/,https://bricked.ai/,https://bricked.ai,85,28,true,false,false,2026-02-19,2026-03-07
0,Channels Archives - Page 123 of 226 - FDL Reporter | The Reporter,http://fdlreporter.xpr-gannett.com/press-release/story/category/channels/page/123/,https://bricked.ai/,real estate comping,85,28,true,false,false,2026-02-19,2026-03-07
0,Channels Archives - Page 65 of 168 - FDL Reporter | The Reporter,http://fdlreporter.xpr-gannett.com/press-release/story/category/channels/page/65/,https://bricked.ai/,Bricked AI,92,28,true,false,false,2026-02-03,2026-03-09
0,Channels Archives - Page 65 of 168 - FDL Reporter | The Reporter,http://fdlreporter.xpr-gannett.com/press-release/story/category/channels/page/65/,https://bricked.ai/,https://bricked.ai,92,28,true,false,false,2026-02-03,2026-03-09
0,Channels Archives - Page 65 of 168 - FDL Reporter | The Reporter,http://fdlreporter.xpr-gannett.com/press-release/story/category/channels/page/65/,https://bricked.ai/,real estate comping,92,28,true,false,false,2026-02-03,2026-03-09
0,Channels Archives - Page 65 of 168 - FDL Reporter | The Reporter,http://fdlreporter.xpr-gannett.com/press-release/story/category/channels/page/65/,https://bricked.ai/discord,Other,92,28,false,false,false,2026-02-03,2026-03-09
0,Technology Archives - Page 53 of 133 - FDL Reporter | The Reporter,http://fdlreporter.xpr-gannett.com/press-release/story/category/channels/technology/page/53/,https://bricked.ai/,https://bricked.ai,80,28,true,false,false,2026-02-03,2026-03-05
0,Technology Archives - Page 53 of 133 - FDL Reporter | The Reporter,http://fdlreporter.xpr-gannett.com/press-release/story/category/channels/technology/page/53/,https://bricked.ai/,real estate comping,80,28,true,false,false,2026-02-03,2026-03-05
0,Technology Archives - Page 53 of 133 - FDL Reporter | The Reporter,http://fdlreporter.xpr-gannett.com/press-release/story/category/channels/technology/page/53/,https://bricked.ai/discord,Other,80,28,false,false,false,2026-02-03,2026-03-05
0,Technology Archives - Page 53 of 133 - FDL Reporter | The Reporter,http://fdlreporter.xpr-gannett.com/press-release/story/category/channels/technology/page/53/,https://bricked.ai/,Bricked AI,80,28,true,false,false,2026-02-03,2026-03-05
0,Technology Archives - Page 54 of 134 - FDL Reporter | The Reporter,http://fdlreporter.xpr-gannett.com/press-release/story/category/channels/technology/page/54/,https://bricked.ai/,Bricked AI,79,28,true,false,false,2026-02-08,2026-03-09
0,Technology Archives - Page 54 of 134 - FDL Reporter | The Reporter,http://fdlreporter.xpr-gannett.com/press-release/story/category/channels/technology/page/54/,https://bricked.ai/,https://bricked.ai,79,28,true,false,false,2026-02-08,2026-03-09
0,Technology Archives - Page 54 of 134 - FDL Reporter | The Reporter,http://fdlreporter.xpr-gannett.com/press-release/story/category/channels/technology/page/54/,https://bricked.ai/,real estate comping,79,28,true,false,false,2026-02-08,2026-03-09
0,Technology Archives - Page 54 of 134 - FDL Reporter | The Reporter,http://fdlreporter.xpr-gannett.com/press-release/story/category/channels/technology/page/54/,https://bricked.ai/discord,Other,79,28,false,false,false,2026-02-08,2026-03-09
0,Partners Archives - Page 187 of 501 - FDL Reporter | The Reporter,http://fdlreporter.xpr-gannett.com/press-release/story/category/partners/page/187/,https://bricked.ai/discord,Other,90,28,false,false,false,2026-02-03,2026-03-08
0,Partners Archives - Page 187 of 501 - FDL Reporter | The Reporter,http://fdlreporter.xpr-gannett.com/press-release/story/category/partners/page/187/,https://bricked.ai/,real estate comping,90,28,true,false,false,2026-02-03,2026-03-08
0,Partners Archives - Page 187 of 501 - FDL Reporter | The Reporter,http://fdlreporter.xpr-gannett.com/press-release/story/category/partners/page/187/,https://bricked.ai/,https://bricked.ai,90,28,true,false,false,2026-02-03,2026-03-08
0,Partners Archives - Page 187 of 501 - FDL Reporter | The Reporter,http://fdlreporter.xpr-gannett.com/press-release/story/category/partners/page/187/,https://bricked.ai/,Bricked AI,90,28,true,false,false,2026-02-03,2026-03-08
0,Partners Archives - Page 314 of 629 - FDL Reporter | The Reporter,http://fdlreporter.xpr-gannett.com/press-release/story/category/partners/page/314/,https://bricked.ai/,Bricked AI,49,28,true,false,false,2026-02-14,2026-03-05
0,Partners Archives - Page 314 of 629 - FDL Reporter | The Reporter,http://fdlreporter.xpr-gannett.com/press-release/story/category/partners/page/314/,https://bricked.ai/,https://bricked.ai,49,28,true,false,false,2026-02-14,2026-03-05
0,Partners Archives - Page 314 of 629 - FDL Reporter | The Reporter,http://fdlreporter.xpr-gannett.com/press-release/story/category/partners/page/314/,https://bricked.ai/,real estate comping,49,28,true,false,false,2026-02-14,2026-03-05
0,Partners Archives - Page 314 of 629 - FDL Reporter | The Reporter,http://fdlreporter.xpr-gannett.com/press-release/story/category/partners/page/314/,https://bricked.ai/discord,Other,49,28,false,false,false,2026-02-14,2026-03-05
0,Business Archives - Page 1285 of 2314 - Florida Today,http://floridatoday.xpr-gannett.com/press-release/story/category/business/page/1285/,https://bricked.ai/discord,Other,56,28,false,false,false,2026-02-16,2026-03-06
0,Business Archives - Page 1285 of 2314 - Florida Today,http://floridatoday.xpr-gannett.com/press-release/story/category/business/page/1285/,https://bricked.ai/,Bricked AI,56,28,true,false,false,2026-02-16,2026-03-06
0,Business Archives - Page 1285 of 2314 - Florida Today,http://floridatoday.xpr-gannett.com/press-release/story/category/business/page/1285/,https://bricked.ai/,https://bricked.ai,56,28,true,false,false,2026-02-16,2026-03-06
0,Business Archives - Page 1285 of 2314 - Florida Today,http://floridatoday.xpr-gannett.com/press-release/story/category/business/page/1285/,https://bricked.ai/,real estate comping,56,28,true,false,false,2026-02-16,2026-03-06
0,Business Archives - Page 1330 of 2359 - Florida Today,http://floridatoday.xpr-gannett.com/press-release/story/category/business/page/1330/,https://bricked.ai/,Bricked AI,89,28,true,false,false,2026-02-22,2026-04-04
0,Business Archives - Page 1330 of 2359 - Florida Today,http://floridatoday.xpr-gannett.com/press-release/story/category/business/page/1330/,https://bricked.ai/,https://bricked.ai,89,28,true,false,false,2026-02-22,2026-04-04
0,Business Archives - Page 1330 of 2359 - Florida Today,http://floridatoday.xpr-gannett.com/press-release/story/category/business/page/1330/,https://bricked.ai/,real estate comping,89,28,true,false,false,2026-02-22,2026-04-04
0,Business Archives - Page 1330 of 2359 - Florida Today,http://floridatoday.xpr-gannett.com/press-release/story/category/business/page/1330/,https://bricked.ai/discord,Other,89,28,false,false,false,2026-02-22,2026-04-04
0,Business Archives - Page 617 of 1645 - Florida Today,http://floridatoday.xpr-gannett.com/press-release/story/category/business/page/617/,https://bricked.ai/,Bricked AI,94,28,true,false,false,2026-02-14,2026-03-06
0,Business Archives - Page 617 of 1645 - Florida Today,http://floridatoday.xpr-gannett.com/press-release/story/category/business/page/617/,https://bricked.ai/,https://bricked.ai,94,28,true,false,false,2026-02-14,2026-03-06
0,Business Archives - Page 617 of 1645 - Florida Today,http://floridatoday.xpr-gannett.com/press-release/story/category/business/page/617/,https://bricked.ai/,real estate comping,94,28,true,false,false,2026-02-14,2026-03-06
0,Business Archives - Page 617 of 1645 - Florida Today,http://floridatoday.xpr-gannett.com/press-release/story/category/business/page/617/,https://bricked.ai/discord,Other,94,28,false,false,false,2026-02-14,2026-03-06
0,Channels Archives - Page 41 of 147 - Florida Today,http://floridatoday.xpr-gannett.com/press-release/story/category/channels/page/41/,https://bricked.ai/,Bricked AI,89,28,true,false,false,2026-02-08,2026-03-09
0,Channels Archives - Page 41 of 147 - Florida Today,http://floridatoday.xpr-gannett.com/press-release/story/category/channels/page/41/,https://bricked.ai/,https://bricked.ai,89,28,true,false,false,2026-02-08,2026-03-09
0,Channels Archives - Page 41 of 147 - Florida Today,http://floridatoday.xpr-gannett.com/press-release/story/category/channels/page/41/,https://bricked.ai/,real estate comping,89,28,true,false,false,2026-02-08,2026-03-09
0,Channels Archives - Page 41 of 147 - Florida Today,http://floridatoday.xpr-gannett.com/press-release/story/category/channels/page/41/,https://bricked.ai/discord,Other,89,28,false,false,false,2026-02-08,2026-03-09
0,Channels Archives - Page 53 of 158 - Florida Today,http://floridatoday.xpr-gannett.com/press-release/story/category/channels/page/53/,https://bricked.ai/,Bricked AI,85,28,true,false,false,2026-02-11,2026-04-08
0,Channels Archives - Page 53 of 158 - Florida Today,http://floridatoday.xpr-gannett.com/press-release/story/category/channels/page/53/,https://bricked.ai/,https://bricked.ai,85,28,true,false,false,2026-02-11,2026-04-08
0,Channels Archives - Page 53 of 158 - Florida Today,http://floridatoday.xpr-gannett.com/press-release/story/category/channels/page/53/,https://bricked.ai/,real estate comping,85,28,true,false,false,2026-02-11,2026-04-08
0,Channels Archives - Page 53 of 158 - Florida Today,http://floridatoday.xpr-gannett.com/press-release/story/category/channels/page/53/,https://bricked.ai/discord,Other,85,28,false,false,false,2026-02-11,2026-04-08
0,Technology Archives - Page 29 of 111 - Florida Today,http://floridatoday.xpr-gannett.com/press-release/story/category/channels/technology/page/29/,https://bricked.ai/,Bricked AI,79,28,true,false,false,2026-02-04,2026-03-08
0,Technology Archives - Page 29 of 111 - Florida Today,http://floridatoday.xpr-gannett.com/press-release/story/category/channels/technology/page/29/,https://bricked.ai/,https://bricked.ai,79,28,true,false,false,2026-02-04,2026-03-08
0,Technology Archives - Page 29 of 111 - Florida Today,http://floridatoday.xpr-gannett.com/press-release/story/category/channels/technology/page/29/,https://bricked.ai/,real estate comping,79,28,true,false,false,2026-02-04,2026-03-08
0,Technology Archives - Page 29 of 111 - Florida Today,http://floridatoday.xpr-gannett.com/press-release/story/category/channels/technology/page/29/,https://bricked.ai/discord,Other,79,28,false,false,false,2026-02-04,2026-03-08
0,Technology Archives - Page 33 of 115 - Florida Today,http://floridatoday.xpr-gannett.com/press-release/story/category/channels/technology/page/33/,https://bricked.ai/,Bricked AI,80,28,true,false,false,2026-02-08,2026-03-05
0,Technology Archives - Page 33 of 115 - Florida Today,http://floridatoday.xpr-gannett.com/press-release/story/category/channels/technology/page/33/,https://bricked.ai/,https://bricked.ai,80,28,true,false,false,2026-02-08,2026-03-05
0,Technology Archives - Page 33 of 115 - Florida Today,http://floridatoday.xpr-gannett.com/press-release/story/category/channels/technology/page/33/,https://bricked.ai/,real estate comping,80,28,true,false,false,2026-02-08,2026-03-05
0,Technology Archives - Page 33 of 115 - Florida Today,http://floridatoday.xpr-gannett.com/press-release/story/category/channels/technology/page/33/,https://bricked.ai/discord,Other,80,28,false,false,false,2026-02-08,2026-03-05
0,Technology Archives - Page 36 of 118 - Florida Today,http://floridatoday.xpr-gannett.com/press-release/story/category/channels/technology/page/36/,https://bricked.ai/discord,Other,87,28,false,false,false,2026-02-11,2026-04-09
0,Technology Archives - Page 36 of 118 - Florida Today,http://floridatoday.xpr-gannett.com/press-release/story/category/channels/technology/page/36/,https://bricked.ai/,Bricked AI,87,28,true,false,false,2026-02-11,2026-04-09
0,Technology Archives - Page 36 of 118 - Florida Today,http://floridatoday.xpr-gannett.com/press-release/story/category/channels/technology/page/36/,https://bricked.ai/,https://bricked.ai,87,28,true,false,false,2026-02-11,2026-04-09
0,Technology Archives - Page 36 of 118 - Florida Today,http://floridatoday.xpr-gannett.com/press-release/story/category/channels/technology/page/36/,https://bricked.ai/,real estate comping,87,28,true,false,false,2026-02-11,2026-04-09
0,Technology Archives - Page 42 of 124 - Florida Today,http://floridatoday.xpr-gannett.com/press-release/story/category/channels/technology/page/42/,https://bricked.ai/,Bricked AI,87,28,true,false,false,2026-02-11,2026-04-08
0,Technology Archives - Page 42 of 124 - Florida Today,http://floridatoday.xpr-gannett.com/press-release/story/category/channels/technology/page/42/,https://bricked.ai/,https://bricked.ai,87,28,true,false,false,2026-02-11,2026-04-08
0,Technology Archives - Page 42 of 124 - Florida Today,http://floridatoday.xpr-gannett.com/press-release/story/category/channels/technology/page/42/,https://bricked.ai/,real estate comping,87,28,true,false,false,2026-02-11,2026-04-08
0,Technology Archives - Page 42 of 124 - Florida Today,http://floridatoday.xpr-gannett.com/press-release/story/category/channels/technology/page/42/,https://bricked.ai/discord,Other,87,28,false,false,false,2026-02-11,2026-04-08
0,EIN Presswire Archives - Page 118 of 404 - Florida Today,http://floridatoday.xpr-gannett.com/press-release/story/category/partners/ein-presswire/page/118/,https://bricked.ai/discord,Other,56,28,false,false,false,2026-02-09,2026-03-08
0,EIN Presswire Archives - Page 118 of 404 - Florida Today,http://floridatoday.xpr-gannett.com/press-release/story/category/partners/ein-presswire/page/118/,https://bricked.ai/,Bricked AI,56,28,true,false,false,2026-02-09,2026-03-08
0,EIN Presswire Archives - Page 118 of 404 - Florida Today,http://floridatoday.xpr-gannett.com/press-release/story/category/partners/ein-presswire/page/118/,https://bricked.ai/,https://bricked.ai,56,28,true,false,false,2026-02-09,2026-03-08
0,EIN Presswire Archives - Page 118 of 404 - Florida Today,http://floridatoday.xpr-gannett.com/press-release/story/category/partners/ein-presswire/page/118/,https://bricked.ai/,real estate comping,56,28,true,false,false,2026-02-09,2026-03-08
0,EIN Presswire Archives - Page 129 of 414 - Florida Today,http://floridatoday.xpr-gannett.com/press-release/story/category/partners/ein-presswire/page/129/,https://bricked.ai/discord,Other,89,28,false,false,false,2026-02-11,2026-03-08
0,EIN Presswire Archives - Page 129 of 414 - Florida Today,http://floridatoday.xpr-gannett.com/press-release/story/category/partners/ein-presswire/page/129/,https://bricked.ai/,Bricked AI,89,28,true,false,false,2026-02-11,2026-03-08
0,EIN Presswire Archives - Page 129 of 414 - Florida Today,http://floridatoday.xpr-gannett.com/press-release/story/category/partners/ein-presswire/page/129/,https://bricked.ai/,https://bricked.ai,89,28,true,false,false,2026-02-11,2026-03-08
0,EIN Presswire Archives - Page 129 of 414 - Florida Today,http://floridatoday.xpr-gannett.com/press-release/story/category/partners/ein-presswire/page/129/,https://bricked.ai/,real estate comping,89,28,true,false,false,2026-02-11,2026-03-08
0,EIN Presswire Archives - Page 99 of 385 - Florida Today,http://floridatoday.xpr-gannett.com/press-release/story/category/partners/ein-presswire/page/99/,https://bricked.ai/,Bricked AI,55,28,true,false,false,2026-02-03,2026-03-05
0,EIN Presswire Archives - Page 99 of 385 - Florida Today,http://floridatoday.xpr-gannett.com/press-release/story/category/partners/ein-presswire/page/99/,https://bricked.ai/,https://bricked.ai,55,28,true,false,false,2026-02-03,2026-03-05
0,EIN Presswire Archives - Page 99 of 385 - Florida Today,http://floridatoday.xpr-gannett.com/press-release/story/category/partners/ein-presswire/page/99/,https://bricked.ai/,real estate comping,55,28,true,false,false,2026-02-03,2026-03-05
0,EIN Presswire Archives - Page 99 of 385 - Florida Today,http://floridatoday.xpr-gannett.com/press-release/story/category/partners/ein-presswire/page/99/,https://bricked.ai/discord,Other,55,28,false,false,false,2026-02-03,2026-03-05
0,Partners Archives - Page 115 of 438 - Florida Today,http://floridatoday.xpr-gannett.com/press-release/story/category/partners/page/115/,https://bricked.ai/,Bricked AI,89,28,true,false,false,2026-02-06,2026-04-05
0,Partners Archives - Page 115 of 438 - Florida Today,http://floridatoday.xpr-gannett.com/press-release/story/category/partners/page/115/,https://bricked.ai/,https://bricked.ai,89,28,true,false,false,2026-02-06,2026-04-05
0,Partners Archives - Page 115 of 438 - Florida Today,http://floridatoday.xpr-gannett.com/press-release/story/category/partners/page/115/,https://bricked.ai/,real estate comping,89,28,true,false,false,2026-02-06,2026-04-05
0,Partners Archives - Page 115 of 438 - Florida Today,http://floridatoday.xpr-gannett.com/press-release/story/category/partners/page/115/,https://bricked.ai/discord,Other,89,28,false,false,false,2026-02-06,2026-04-05
0,Partners Archives - Page 130 of 453 - Florida Today,http://floridatoday.xpr-gannett.com/press-release/story/category/partners/page/130/,https://bricked.ai/,Bricked AI,91,28,true,false,false,2026-02-11,2026-03-08
0,Partners Archives - Page 130 of 453 - Florida Today,http://floridatoday.xpr-gannett.com/press-release/story/category/partners/page/130/,https://bricked.ai/,https://bricked.ai,91,28,true,false,false,2026-02-11,2026-03-08
0,Partners Archives - Page 130 of 453 - Florida Today,http://floridatoday.xpr-gannett.com/press-release/story/category/partners/page/130/,https://bricked.ai/,real estate comping,91,28,true,false,false,2026-02-11,2026-03-08
0,Partners Archives - Page 130 of 453 - Florida Today,http://floridatoday.xpr-gannett.com/press-release/story/category/partners/page/130/,https://bricked.ai/discord,Other,91,28,false,false,false,2026-02-11,2026-03-08
0,Press Releases Archives - Page 593 of 1408 - Florida Today,http://floridatoday.xpr-gannett.com/press-release/story/category/press-releases/page/593/,https://bricked.ai/,Bricked AI,94,28,true,false,false,2026-02-14,2026-03-05
0,Press Releases Archives - Page 593 of 1408 - Florida Today,http://floridatoday.xpr-gannett.com/press-release/story/category/press-releases/page/593/,https://bricked.ai/,https://bricked.ai,94,28,true,false,false,2026-02-14,2026-03-05
0,Press Releases Archives - Page 593 of 1408 - Florida Today,http://floridatoday.xpr-gannett.com/press-release/story/category/press-releases/page/593/,https://bricked.ai/,real estate comping,94,28,true,false,false,2026-02-14,2026-03-05
0,Press Releases Archives - Page 593 of 1408 - Florida Today,http://floridatoday.xpr-gannett.com/press-release/story/category/press-releases/page/593/,https://bricked.ai/discord,Other,94,28,false,false,false,2026-02-14,2026-03-05
0,Business Archives - Page 301 of 1201 - The Detroit Free Press,http://freep.xpr-gannett.com/press-release/story/category/business/page/301/,https://bricked.ai/,Bricked AI,87,28,true,false,false,2026-02-03,2026-03-09
0,Business Archives - Page 301 of 1201 - The Detroit Free Press,http://freep.xpr-gannett.com/press-release/story/category/business/page/301/,https://bricked.ai/,https://bricked.ai,87,28,true,false,false,2026-02-03,2026-03-09
0,Business Archives - Page 301 of 1201 - The Detroit Free Press,http://freep.xpr-gannett.com/press-release/story/category/business/page/301/,https://bricked.ai/,real estate comping,87,28,true,false,false,2026-02-03,2026-03-09
0,Business Archives - Page 301 of 1201 - The Detroit Free Press,http://freep.xpr-gannett.com/press-release/story/category/business/page/301/,https://bricked.ai/discord,Other,87,28,false,false,false,2026-02-03,2026-03-09
0,Business Archives - Page 399 of 1299 - The Detroit Free Press,http://freep.xpr-gannett.com/press-release/story/category/business/page/399/,https://bricked.ai/discord,Other,89,28,false,false,false,2026-02-12,2026-04-05
0,Business Archives - Page 399 of 1299 - The Detroit Free Press,http://freep.xpr-gannett.com/press-release/story/category/business/page/399/,https://bricked.ai/,Bricked AI,89,28,true,false,false,2026-02-12,2026-04-05
0,Business Archives - Page 399 of 1299 - The Detroit Free Press,http://freep.xpr-gannett.com/press-release/story/category/business/page/399/,https://bricked.ai/,https://bricked.ai,89,28,true,false,false,2026-02-12,2026-04-05
0,Business Archives - Page 399 of 1299 - The Detroit Free Press,http://freep.xpr-gannett.com/press-release/story/category/business/page/399/,https://bricked.ai/,real estate comping,89,28,true,false,false,2026-02-12,2026-04-05
0,Business Archives - Page 47 of 947 - The Detroit Free Press,http://freep.xpr-gannett.com/press-release/story/category/business/page/47/,https://bricked.ai/discord,Other,91,28,false,false,false,2026-01-23,2026-03-08
0,Business Archives - Page 47 of 947 - The Detroit Free Press,http://freep.xpr-gannett.com/press-release/story/category/business/page/47/,https://bricked.ai/,Bricked AI,91,28,true,false,false,2026-01-23,2026-03-08
0,Business Archives - Page 47 of 947 - The Detroit Free Press,http://freep.xpr-gannett.com/press-release/story/category/business/page/47/,https://bricked.ai/,https://bricked.ai,91,28,true,false,false,2026-01-23,2026-03-08
0,Business Archives - Page 47 of 947 - The Detroit Free Press,http://freep.xpr-gannett.com/press-release/story/category/business/page/47/,https://bricked.ai/,real estate comping,91,28,true,false,false,2026-01-23,2026-03-08
0,Channels Archives - Page 94 of 202 - The Detroit Free Press,http://freep.xpr-gannett.com/press-release/story/category/channels/page/94/,https://bricked.ai/discord,Other,57,28,false,false,false,2026-02-08,2026-05-05
0,Channels Archives - Page 94 of 202 - The Detroit Free Press,http://freep.xpr-gannett.com/press-release/story/category/channels/page/94/,https://bricked.ai/,Bricked AI,57,28,true,false,false,2026-02-08,2026-05-05
0,Channels Archives - Page 94 of 202 - The Detroit Free Press,http://freep.xpr-gannett.com/press-release/story/category/channels/page/94/,https://bricked.ai/,https://bricked.ai,57,28,true,false,false,2026-02-08,2026-05-05
0,Channels Archives - Page 94 of 202 - The Detroit Free Press,http://freep.xpr-gannett.com/press-release/story/category/channels/page/94/,https://bricked.ai/,real estate comping,57,28,true,false,false,2026-02-08,2026-05-05
0,Technology Archives - Page 102 of 183 - The Detroit Free Press,http://freep.xpr-gannett.com/press-release/story/category/channels/technology/page/102/,https://bricked.ai/,Bricked AI,84,28,true,false,false,2026-02-19,2026-03-06
0,Technology Archives - Page 102 of 183 - The Detroit Free Press,http://freep.xpr-gannett.com/press-release/story/category/channels/technology/page/102/,https://bricked.ai/,https://bricked.ai,84,28,true,false,false,2026-02-19,2026-03-06
0,Technology Archives - Page 102 of 183 - The Detroit Free Press,http://freep.xpr-gannett.com/press-release/story/category/channels/technology/page/102/,https://bricked.ai/,real estate comping,84,28,true,false,false,2026-02-19,2026-03-06
0,Technology Archives - Page 102 of 183 - The Detroit Free Press,http://freep.xpr-gannett.com/press-release/story/category/channels/technology/page/102/,https://bricked.ai/discord,Other,84,28,false,false,false,2026-02-19,2026-03-06
0,Technology Archives - Page 6 of 86 - The Detroit Free Press,http://freep.xpr-gannett.com/press-release/story/category/channels/technology/page/6/,https://bricked.ai/,Bricked AI,84,28,true,false,false,2026-01-14,2026-05-03
0,Technology Archives - Page 6 of 86 - The Detroit Free Press,http://freep.xpr-gannett.com/press-release/story/category/channels/technology/page/6/,https://bricked.ai/,https://bricked.ai,84,28,true,false,false,2026-01-14,2026-05-03
0,Technology Archives - Page 6 of 86 - The Detroit Free Press,http://freep.xpr-gannett.com/press-release/story/category/channels/technology/page/6/,https://bricked.ai/,real estate comping,84,28,true,false,false,2026-01-14,2026-05-03
0,Technology Archives - Page 6 of 86 - The Detroit Free Press,http://freep.xpr-gannett.com/press-release/story/category/channels/technology/page/6/,https://bricked.ai/discord,Other,84,28,false,false,false,2026-01-14,2026-05-03
0,EIN Presswire Archives - Page 402 of 674 - The Detroit Free Press,http://freep.xpr-gannett.com/press-release/story/category/partners/ein-presswire/page/402/,https://bricked.ai/,Bricked AI,85,28,true,false,false,2026-02-19,2026-04-04
0,EIN Presswire Archives - Page 402 of 674 - The Detroit Free Press,http://freep.xpr-gannett.com/press-release/story/category/partners/ein-presswire/page/402/,https://bricked.ai/,https://bricked.ai,85,28,true,false,false,2026-02-19,2026-04-04
0,EIN Presswire Archives - Page 402 of 674 - The Detroit Free Press,http://freep.xpr-gannett.com/press-release/story/category/partners/ein-presswire/page/402/,https://bricked.ai/,real estate comping,85,28,true,false,false,2026-02-19,2026-04-04
0,EIN Presswire Archives - Page 402 of 674 - The Detroit Free Press,http://freep.xpr-gannett.com/press-release/story/category/partners/ein-presswire/page/402/,https://bricked.ai/discord,Other,85,28,false,false,false,2026-02-19,2026-04-04
0,Partners Archives - Page 367 of 1267 - The Detroit Free Press,http://freep.xpr-gannett.com/press-release/story/category/partners/page/367/,https://bricked.ai/,Bricked AI,97,28,true,false,false,2026-02-11,2026-04-08
0,Partners Archives - Page 367 of 1267 - The Detroit Free Press,http://freep.xpr-gannett.com/press-release/story/category/partners/page/367/,https://bricked.ai/,https://bricked.ai,97,28,true,false,false,2026-02-11,2026-04-08
0,Partners Archives - Page 367 of 1267 - The Detroit Free Press,http://freep.xpr-gannett.com/press-release/story/category/partners/page/367/,https://bricked.ai/,real estate comping,97,28,true,false,false,2026-02-11,2026-04-08
0,Partners Archives - Page 367 of 1267 - The Detroit Free Press,http://freep.xpr-gannett.com/press-release/story/category/partners/page/367/,https://bricked.ai/discord,Other,97,28,false,false,false,2026-02-11,2026-04-08
0,Press Releases Archives - Page 319 of 1073 - The Detroit Free Press,http://freep.xpr-gannett.com/press-release/story/category/press-releases/page/319/,https://bricked.ai/discord,Other,100,28,false,false,false,2026-02-08,2026-05-04
0,Press Releases Archives - Page 319 of 1073 - The Detroit Free Press,http://freep.xpr-gannett.com/press-release/story/category/press-releases/page/319/,https://bricked.ai/,Bricked AI,100,28,true,false,false,2026-02-08,2026-05-04
0,Press Releases Archives - Page 319 of 1073 - The Detroit Free Press,http://freep.xpr-gannett.com/press-release/story/category/press-releases/page/319/,https://bricked.ai/,https://bricked.ai,100,28,true,false,false,2026-02-08,2026-05-04
0,Press Releases Archives - Page 319 of 1073 - The Detroit Free Press,http://freep.xpr-gannett.com/press-release/story/category/press-releases/page/319/,https://bricked.ai/,real estate comping,100,28,true,false,false,2026-02-08,2026-05-04
0,Press Releases Archives - Page 452 of 1207 - The Detroit Free Press,http://freep.xpr-gannett.com/press-release/story/category/press-releases/page/452/,https://bricked.ai/discord,Other,87,28,false,false,false,2026-02-16,2026-03-08
0,Press Releases Archives - Page 452 of 1207 - The Detroit Free Press,http://freep.xpr-gannett.com/press-release/story/category/press-releases/page/452/,https://bricked.ai/,Bricked AI,87,28,true,false,false,2026-02-16,2026-03-08
0,Press Releases Archives - Page 452 of 1207 - The Detroit Free Press,http://freep.xpr-gannett.com/press-release/story/category/press-releases/page/452/,https://bricked.ai/,https://bricked.ai,87,28,true,false,false,2026-02-16,2026-03-08
0,Press Releases Archives - Page 452 of 1207 - The Detroit Free Press,http://freep.xpr-gannett.com/press-release/story/category/press-releases/page/452/,https://bricked.ai/,real estate comping,87,28,true,false,false,2026-02-16,2026-03-08
0,Press Releases Archives - Page 453 of 1207 - The Detroit Free Press,http://freep.xpr-gannett.com/press-release/story/category/press-releases/page/453/,https://bricked.ai/,https://bricked.ai,97,28,true,false,false,2026-02-17,2026-03-04
0,Press Releases Archives - Page 453 of 1207 - The Detroit Free Press,http://freep.xpr-gannett.com/press-release/story/category/press-releases/page/453/,https://bricked.ai/,real estate comping,97,28,true,false,false,2026-02-17,2026-03-04
0,Press Releases Archives - Page 453 of 1207 - The Detroit Free Press,http://freep.xpr-gannett.com/press-release/story/category/press-releases/page/453/,https://bricked.ai/,Bricked AI,97,28,true,false,false,2026-02-17,2026-03-04
0,Press Releases Archives - Page 453 of 1207 - The Detroit Free Press,http://freep.xpr-gannett.com/press-release/story/category/press-releases/page/453/,https://bricked.ai/discord,Other,97,28,false,false,false,2026-02-17,2026-03-04
0,Press Releases Archives - Page 458 of 1213 - The Detroit Free Press,http://freep.xpr-gannett.com/press-release/story/category/press-releases/page/458/,https://bricked.ai/discord,Other,59,28,false,false,false,2026-02-19,2026-04-07
0,Press Releases Archives - Page 458 of 1213 - The Detroit Free Press,http://freep.xpr-gannett.com/press-release/story/category/press-releases/page/458/,https://bricked.ai/,Bricked AI,59,28,true,false,false,2026-02-19,2026-04-07
0,Press Releases Archives - Page 458 of 1213 - The Detroit Free Press,http://freep.xpr-gannett.com/press-release/story/category/press-releases/page/458/,https://bricked.ai/,https://bricked.ai,59,28,true,false,false,2026-02-19,2026-04-07
0,Press Releases Archives - Page 458 of 1213 - The Detroit Free Press,http://freep.xpr-gannett.com/press-release/story/category/press-releases/page/458/,https://bricked.ai/,real estate comping,59,28,true,false,false,2026-02-19,2026-04-07
0,Business Archives - Page 202 of 1175 - Erie Times News,http://goerie.xpr-gannett.com/press-release/story/category/business/page/202/,https://bricked.ai/,Bricked AI,80,28,true,false,false,2026-02-11,2026-03-08
0,Business Archives - Page 202 of 1175 - Erie Times News,http://goerie.xpr-gannett.com/press-release/story/category/business/page/202/,https://bricked.ai/,https://bricked.ai,80,28,true,false,false,2026-02-11,2026-03-08
0,Business Archives - Page 202 of 1175 - Erie Times News,http://goerie.xpr-gannett.com/press-release/story/category/business/page/202/,https://bricked.ai/,real estate comping,80,28,true,false,false,2026-02-11,2026-03-08
0,Business Archives - Page 202 of 1175 - Erie Times News,http://goerie.xpr-gannett.com/press-release/story/category/business/page/202/,https://bricked.ai/discord,Other,80,28,false,false,false,2026-02-11,2026-03-08
0,Business Archives - Page 295 of 1268 - Erie Times News,http://goerie.xpr-gannett.com/press-release/story/category/business/page/295/,https://bricked.ai/,Bricked AI,80,28,true,false,false,2026-02-14,2026-03-05
0,Business Archives - Page 295 of 1268 - Erie Times News,http://goerie.xpr-gannett.com/press-release/story/category/business/page/295/,https://bricked.ai/,https://bricked.ai,80,28,true,false,false,2026-02-14,2026-03-05
0,Business Archives - Page 295 of 1268 - Erie Times News,http://goerie.xpr-gannett.com/press-release/story/category/business/page/295/,https://bricked.ai/,real estate comping,80,28,true,false,false,2026-02-14,2026-03-05
0,Business Archives - Page 295 of 1268 - Erie Times News,http://goerie.xpr-gannett.com/press-release/story/category/business/page/295/,https://bricked.ai/discord,Other,80,28,false,false,false,2026-02-14,2026-03-05
0,Channels Archives - Page 51 of 154 - Erie Times News,http://goerie.xpr-gannett.com/press-release/story/category/channels/page/51/,https://bricked.ai/,Bricked AI,91,28,true,false,false,2026-02-06,2026-04-05
0,Channels Archives - Page 51 of 154 - Erie Times News,http://goerie.xpr-gannett.com/press-release/story/category/channels/page/51/,https://bricked.ai/,https://bricked.ai,91,28,true,false,false,2026-02-06,2026-04-05
0,Channels Archives - Page 51 of 154 - Erie Times News,http://goerie.xpr-gannett.com/press-release/story/category/channels/page/51/,https://bricked.ai/,real estate comping,91,28,true,false,false,2026-02-06,2026-04-05
0,Channels Archives - Page 51 of 154 - Erie Times News,http://goerie.xpr-gannett.com/press-release/story/category/channels/page/51/,https://bricked.ai/discord,Other,91,28,false,false,false,2026-02-06,2026-04-05
0,Channels Archives - Page 63 of 166 - Erie Times News,http://goerie.xpr-gannett.com/press-release/story/category/channels/page/63/,https://bricked.ai/,Bricked AI,94,28,true,false,false,2026-02-11,2026-03-08
0,Channels Archives - Page 63 of 166 - Erie Times News,http://goerie.xpr-gannett.com/press-release/story/category/channels/page/63/,https://bricked.ai/,https://bricked.ai,94,28,true,false,false,2026-02-11,2026-03-08
0,Channels Archives - Page 63 of 166 - Erie Times News,http://goerie.xpr-gannett.com/press-release/story/category/channels/page/63/,https://bricked.ai/,real estate comping,94,28,true,false,false,2026-02-11,2026-03-08
0,Channels Archives - Page 63 of 166 - Erie Times News,http://goerie.xpr-gannett.com/press-release/story/category/channels/page/63/,https://bricked.ai/discord,Other,94,28,false,false,false,2026-02-11,2026-03-08
0,Channels Archives - Page 68 of 171 - Erie Times News,http://goerie.xpr-gannett.com/press-release/story/category/channels/page/68/,https://bricked.ai/,Bricked AI,86,28,true,false,false,2026-02-12,2026-04-05
0,Channels Archives - Page 68 of 171 - Erie Times News,http://goerie.xpr-gannett.com/press-release/story/category/channels/page/68/,https://bricked.ai/,https://bricked.ai,86,28,true,false,false,2026-02-12,2026-04-05
0,Channels Archives - Page 68 of 171 - Erie Times News,http://goerie.xpr-gannett.com/press-release/story/category/channels/page/68/,https://bricked.ai/,real estate comping,86,28,true,false,false,2026-02-12,2026-04-05
0,Channels Archives - Page 68 of 171 - Erie Times News,http://goerie.xpr-gannett.com/press-release/story/category/channels/page/68/,https://bricked.ai/discord,Other,86,28,false,false,false,2026-02-12,2026-04-05
0,Technology Archives - Page 40 of 120 - Erie Times News,http://goerie.xpr-gannett.com/press-release/story/category/channels/technology/page/40/,https://bricked.ai/discord,Other,71,28,false,false,false,2026-02-03,2026-03-06
0,Technology Archives - Page 40 of 120 - Erie Times News,http://goerie.xpr-gannett.com/press-release/story/category/channels/technology/page/40/,https://bricked.ai/,real estate comping,71,28,true,false,false,2026-02-03,2026-03-06
0,Technology Archives - Page 40 of 120 - Erie Times News,http://goerie.xpr-gannett.com/press-release/story/category/channels/technology/page/40/,https://bricked.ai/,https://bricked.ai,71,28,true,false,false,2026-02-03,2026-03-06
0,Technology Archives - Page 40 of 120 - Erie Times News,http://goerie.xpr-gannett.com/press-release/story/category/channels/technology/page/40/,https://bricked.ai/,Bricked AI,71,28,true,false,false,2026-02-03,2026-03-06
0,Technology Archives - Page 41 of 122 - Erie Times News,http://goerie.xpr-gannett.com/press-release/story/category/channels/technology/page/41/,https://bricked.ai/,Bricked AI,61,28,true,false,false,2026-02-08,2026-03-06
0,Technology Archives - Page 41 of 122 - Erie Times News,http://goerie.xpr-gannett.com/press-release/story/category/channels/technology/page/41/,https://bricked.ai/,https://bricked.ai,61,28,true,false,false,2026-02-08,2026-03-06
0,Technology Archives - Page 41 of 122 - Erie Times News,http://goerie.xpr-gannett.com/press-release/story/category/channels/technology/page/41/,https://bricked.ai/,real estate comping,61,28,true,false,false,2026-02-08,2026-03-06
0,Technology Archives - Page 41 of 122 - Erie Times News,http://goerie.xpr-gannett.com/press-release/story/category/channels/technology/page/41/,https://bricked.ai/discord,Other,61,28,false,false,false,2026-02-08,2026-03-06
0,EIN Presswire Archives - Page 141 of 419 - Erie Times News,http://goerie.xpr-gannett.com/press-release/story/category/partners/ein-presswire/page/141/,https://bricked.ai/,Bricked AI,82,28,true,false,false,2026-02-06,2026-03-08
0,EIN Presswire Archives - Page 141 of 419 - Erie Times News,http://goerie.xpr-gannett.com/press-release/story/category/partners/ein-presswire/page/141/,https://bricked.ai/,https://bricked.ai,82,28,true,false,false,2026-02-06,2026-03-08
0,EIN Presswire Archives - Page 141 of 419 - Erie Times News,http://goerie.xpr-gannett.com/press-release/story/category/partners/ein-presswire/page/141/,https://bricked.ai/,real estate comping,82,28,true,false,false,2026-02-06,2026-03-08
0,EIN Presswire Archives - Page 141 of 419 - Erie Times News,http://goerie.xpr-gannett.com/press-release/story/category/partners/ein-presswire/page/141/,https://bricked.ai/discord,Other,82,28,false,false,false,2026-02-06,2026-03-08
0,Partners Archives - Page 142 of 456 - Erie Times News,http://goerie.xpr-gannett.com/press-release/story/category/partners/page/142/,https://bricked.ai/,Bricked AI,83,28,true,false,false,2026-02-05,2026-03-09
0,Partners Archives - Page 142 of 456 - Erie Times News,http://goerie.xpr-gannett.com/press-release/story/category/partners/page/142/,https://bricked.ai/,https://bricked.ai,83,28,true,false,false,2026-02-05,2026-03-09
0,Partners Archives - Page 142 of 456 - Erie Times News,http://goerie.xpr-gannett.com/press-release/story/category/partners/page/142/,https://bricked.ai/,real estate comping,83,28,true,false,false,2026-02-05,2026-03-09
0,Partners Archives - Page 142 of 456 - Erie Times News,http://goerie.xpr-gannett.com/press-release/story/category/partners/page/142/,https://bricked.ai/discord,Other,83,28,false,false,false,2026-02-05,2026-03-09
0,Business Archives - Page 367 of 1385 - Greenville News,http://greenvilleonline.xpr-gannett.com/press-release/story/category/business/page/367/,https://bricked.ai/,Bricked AI,51,28,true,false,false,2026-02-03,2026-03-08
0,Business Archives - Page 367 of 1385 - Greenville News,http://greenvilleonline.xpr-gannett.com/press-release/story/category/business/page/367/,https://bricked.ai/,https://bricked.ai,51,28,true,false,false,2026-02-03,2026-03-08
0,Business Archives - Page 367 of 1385 - Greenville News,http://greenvilleonline.xpr-gannett.com/press-release/story/category/business/page/367/,https://bricked.ai/,real estate comping,51,28,true,false,false,2026-02-03,2026-03-08
0,Business Archives - Page 367 of 1385 - Greenville News,http://greenvilleonline.xpr-gannett.com/press-release/story/category/business/page/367/,https://bricked.ai/discord,Other,51,28,false,false,false,2026-02-03,2026-03-08
0,Business Archives - Page 368 of 1386 - Greenville News,http://greenvilleonline.xpr-gannett.com/press-release/story/category/business/page/368/,https://bricked.ai/discord,Other,53,28,false,false,false,2026-02-05,2026-04-05
0,Business Archives - Page 368 of 1386 - Greenville News,http://greenvilleonline.xpr-gannett.com/press-release/story/category/business/page/368/,https://bricked.ai/,Bricked AI,53,28,true,false,false,2026-02-05,2026-04-05
0,Business Archives - Page 368 of 1386 - Greenville News,http://greenvilleonline.xpr-gannett.com/press-release/story/category/business/page/368/,https://bricked.ai/,https://bricked.ai,53,28,true,false,false,2026-02-05,2026-04-05
0,Business Archives - Page 368 of 1386 - Greenville News,http://greenvilleonline.xpr-gannett.com/press-release/story/category/business/page/368/,https://bricked.ai/,real estate comping,53,28,true,false,false,2026-02-05,2026-04-05
0,Business Archives - Page 369 of 1387 - Greenville News,http://greenvilleonline.xpr-gannett.com/press-release/story/category/business/page/369/,https://bricked.ai/,Bricked AI,82,28,true,false,false,2026-02-06,2026-03-08
0,Business Archives - Page 369 of 1387 - Greenville News,http://greenvilleonline.xpr-gannett.com/press-release/story/category/business/page/369/,https://bricked.ai/,https://bricked.ai,82,28,true,false,false,2026-02-06,2026-03-08
0,Business Archives - Page 369 of 1387 - Greenville News,http://greenvilleonline.xpr-gannett.com/press-release/story/category/business/page/369/,https://bricked.ai/,real estate comping,82,28,true,false,false,2026-02-06,2026-03-08
0,Business Archives - Page 369 of 1387 - Greenville News,http://greenvilleonline.xpr-gannett.com/press-release/story/category/business/page/369/,https://bricked.ai/discord,Other,82,28,false,false,false,2026-02-06,2026-03-08
0,Business Archives - Page 377 of 1394 - Greenville News,http://greenvilleonline.xpr-gannett.com/press-release/story/category/business/page/377/,https://bricked.ai/,Bricked AI,85,28,true,false,false,2026-02-08,2026-03-06
0,Business Archives - Page 377 of 1394 - Greenville News,http://greenvilleonline.xpr-gannett.com/press-release/story/category/business/page/377/,https://bricked.ai/,https://bricked.ai,85,28,true,false,false,2026-02-08,2026-03-06
0,Business Archives - Page 377 of 1394 - Greenville News,http://greenvilleonline.xpr-gannett.com/press-release/story/category/business/page/377/,https://bricked.ai/,real estate comping,85,28,true,false,false,2026-02-08,2026-03-06
0,Business Archives - Page 377 of 1394 - Greenville News,http://greenvilleonline.xpr-gannett.com/press-release/story/category/business/page/377/,https://bricked.ai/discord,Other,85,28,false,false,false,2026-02-08,2026-03-06
0,Business Archives - Page 618 of 1636 - Greenville News,http://greenvilleonline.xpr-gannett.com/press-release/story/category/business/page/618/,https://bricked.ai/,Bricked AI,53,28,true,false,false,2026-02-19,2026-03-09
0,Business Archives - Page 618 of 1636 - Greenville News,http://greenvilleonline.xpr-gannett.com/press-release/story/category/business/page/618/,https://bricked.ai/,https://bricked.ai,53,28,true,false,false,2026-02-19,2026-03-09
0,Business Archives - Page 618 of 1636 - Greenville News,http://greenvilleonline.xpr-gannett.com/press-release/story/category/business/page/618/,https://bricked.ai/,real estate comping,53,28,true,false,false,2026-02-19,2026-03-09
0,Business Archives - Page 618 of 1636 - Greenville News,http://greenvilleonline.xpr-gannett.com/press-release/story/category/business/page/618/,https://bricked.ai/discord,Other,53,28,false,false,false,2026-02-19,2026-03-09
0,Channels Archives - Page 156 of 259 - Greenville News,http://greenvilleonline.xpr-gannett.com/press-release/story/category/channels/page/156/,https://bricked.ai/discord,Other,85,28,false,false,false,2026-02-14,2026-04-07
0,Channels Archives - Page 156 of 259 - Greenville News,http://greenvilleonline.xpr-gannett.com/press-release/story/category/channels/page/156/,https://bricked.ai/,Bricked AI,85,28,true,false,false,2026-02-14,2026-04-07
0,Channels Archives - Page 156 of 259 - Greenville News,http://greenvilleonline.xpr-gannett.com/press-release/story/category/channels/page/156/,https://bricked.ai/,https://bricked.ai,85,28,true,false,false,2026-02-14,2026-04-07
0,Channels Archives - Page 156 of 259 - Greenville News,http://greenvilleonline.xpr-gannett.com/press-release/story/category/channels/page/156/,https://bricked.ai/,real estate comping,85,28,true,false,false,2026-02-14,2026-04-07
0,Channels Archives - Page 164 of 267 - Greenville News,http://greenvilleonline.xpr-gannett.com/press-release/story/category/channels/page/164/,https://bricked.ai/,Bricked AI,54,28,true,false,false,2026-02-16,2026-04-06
0,Channels Archives - Page 164 of 267 - Greenville News,http://greenvilleonline.xpr-gannett.com/press-release/story/category/channels/page/164/,https://bricked.ai/,https://bricked.ai,54,28,true,false,false,2026-02-16,2026-04-06
0,Channels Archives - Page 164 of 267 - Greenville News,http://greenvilleonline.xpr-gannett.com/press-release/story/category/channels/page/164/,https://bricked.ai/,real estate comping,54,28,true,false,false,2026-02-16,2026-04-06
0,Channels Archives - Page 164 of 267 - Greenville News,http://greenvilleonline.xpr-gannett.com/press-release/story/category/channels/page/164/,https://bricked.ai/discord,Other,54,28,false,false,false,2026-02-16,2026-04-06
0,Technology Archives - Page 86 of 166 - Greenville News,http://greenvilleonline.xpr-gannett.com/press-release/story/category/channels/technology/page/86/,https://bricked.ai/discord,Other,85,28,false,false,false,2026-02-06,2026-04-06
0,Technology Archives - Page 86 of 166 - Greenville News,http://greenvilleonline.xpr-gannett.com/press-release/story/category/channels/technology/page/86/,https://bricked.ai/,Bricked AI,85,28,true,false,false,2026-02-06,2026-04-06
0,Technology Archives - Page 86 of 166 - Greenville News,http://greenvilleonline.xpr-gannett.com/press-release/story/category/channels/technology/page/86/,https://bricked.ai/,https://bricked.ai,85,28,true,false,false,2026-02-06,2026-04-06
0,Technology Archives - Page 86 of 166 - Greenville News,http://greenvilleonline.xpr-gannett.com/press-release/story/category/channels/technology/page/86/,https://bricked.ai/,real estate comping,85,28,true,false,false,2026-02-06,2026-04-06
0,Press Releases Archives - Page 367 of 1172 - Greenville News,http://greenvilleonline.xpr-gannett.com/press-release/story/category/press-releases/page/367/,https://bricked.ai/,Bricked AI,51,28,true,false,false,2026-02-03,2026-04-06
0,Press Releases Archives - Page 367 of 1172 - Greenville News,http://greenvilleonline.xpr-gannett.com/press-release/story/category/press-releases/page/367/,https://bricked.ai/,https://bricked.ai,51,28,true,false,false,2026-02-03,2026-04-06
0,Press Releases Archives - Page 367 of 1172 - Greenville News,http://greenvilleonline.xpr-gannett.com/press-release/story/category/press-releases/page/367/,https://bricked.ai/,real estate comping,51,28,true,false,false,2026-02-03,2026-04-06
0,Press Releases Archives - Page 367 of 1172 - Greenville News,http://greenvilleonline.xpr-gannett.com/press-release/story/category/press-releases/page/367/,https://bricked.ai/discord,Other,51,28,false,false,false,2026-02-03,2026-04-06
0,Press Releases Archives - Page 370 of 1175 - Greenville News,http://greenvilleonline.xpr-gannett.com/press-release/story/category/press-releases/page/370/,https://bricked.ai/,Bricked AI,92,28,true,false,false,2026-02-06,2026-03-08
0,Press Releases Archives - Page 370 of 1175 - Greenville News,http://greenvilleonline.xpr-gannett.com/press-release/story/category/press-releases/page/370/,https://bricked.ai/,https://bricked.ai,92,28,true,false,false,2026-02-06,2026-03-08
0,Press Releases Archives - Page 370 of 1175 - Greenville News,http://greenvilleonline.xpr-gannett.com/press-release/story/category/press-releases/page/370/,https://bricked.ai/,real estate comping,92,28,true,false,false,2026-02-06,2026-03-08
0,Press Releases Archives - Page 370 of 1175 - Greenville News,http://greenvilleonline.xpr-gannett.com/press-release/story/category/press-releases/page/370/,https://bricked.ai/discord,Other,92,28,false,false,false,2026-02-06,2026-03-08
0,Business Archives - Page 363 of 1317 - The Herald-Mail,http://heraldmailmedia.xpr-gannett.com/press-release/story/category/business/page/363/,https://bricked.ai/,https://bricked.ai,55,28,true,false,false,2026-02-19,2026-03-05
0,Business Archives - Page 363 of 1317 - The Herald-Mail,http://heraldmailmedia.xpr-gannett.com/press-release/story/category/business/page/363/,https://bricked.ai/,Bricked AI,55,28,true,false,false,2026-02-19,2026-03-05
0,Business Archives - Page 363 of 1317 - The Herald-Mail,http://heraldmailmedia.xpr-gannett.com/press-release/story/category/business/page/363/,https://bricked.ai/,real estate comping,55,28,true,false,false,2026-02-19,2026-03-05
0,Business Archives - Page 363 of 1317 - The Herald-Mail,http://heraldmailmedia.xpr-gannett.com/press-release/story/category/business/page/363/,https://bricked.ai/discord,Other,55,28,false,false,false,2026-02-19,2026-03-05
0,Business Archives - Page 460 of 1413 - The Herald-Mail,http://heraldmailmedia.xpr-gannett.com/press-release/story/category/business/page/460/,https://bricked.ai/,Bricked AI,85,28,true,false,false,2026-02-19,2026-04-02
0,Business Archives - Page 460 of 1413 - The Herald-Mail,http://heraldmailmedia.xpr-gannett.com/press-release/story/category/business/page/460/,https://bricked.ai/,https://bricked.ai,85,28,true,false,false,2026-02-19,2026-04-02
0,Business Archives - Page 460 of 1413 - The Herald-Mail,http://heraldmailmedia.xpr-gannett.com/press-release/story/category/business/page/460/,https://bricked.ai/,real estate comping,85,28,true,false,false,2026-02-19,2026-04-02
0,Business Archives - Page 460 of 1413 - The Herald-Mail,http://heraldmailmedia.xpr-gannett.com/press-release/story/category/business/page/460/,https://bricked.ai/discord,Other,85,28,false,false,false,2026-02-19,2026-04-02
0,Channels Archives - Page 38 of 143 - The Herald-Mail,http://heraldmailmedia.xpr-gannett.com/press-release/story/category/channels/page/38/,https://bricked.ai/discord,Other,60,28,false,false,false,2026-02-03,2026-04-05
0,Channels Archives - Page 38 of 143 - The Herald-Mail,http://heraldmailmedia.xpr-gannett.com/press-release/story/category/channels/page/38/,https://bricked.ai/,Bricked AI,60,28,true,false,false,2026-02-03,2026-04-05
0,Channels Archives - Page 38 of 143 - The Herald-Mail,http://heraldmailmedia.xpr-gannett.com/press-release/story/category/channels/page/38/,https://bricked.ai/,https://bricked.ai,60,28,true,false,false,2026-02-03,2026-04-05
0,Channels Archives - Page 38 of 143 - The Herald-Mail,http://heraldmailmedia.xpr-gannett.com/press-release/story/category/channels/page/38/,https://bricked.ai/,real estate comping,60,28,true,false,false,2026-02-03,2026-04-05
0,Channels Archives - Page 39 of 144 - The Herald-Mail,http://heraldmailmedia.xpr-gannett.com/press-release/story/category/channels/page/39/,https://bricked.ai/,Bricked AI,93,28,true,false,false,2026-02-06,2026-04-06
0,Channels Archives - Page 39 of 144 - The Herald-Mail,http://heraldmailmedia.xpr-gannett.com/press-release/story/category/channels/page/39/,https://bricked.ai/,https://bricked.ai,93,28,true,false,false,2026-02-06,2026-04-06
0,Channels Archives - Page 39 of 144 - The Herald-Mail,http://heraldmailmedia.xpr-gannett.com/press-release/story/category/channels/page/39/,https://bricked.ai/,real estate comping,93,28,true,false,false,2026-02-06,2026-04-06
0,Channels Archives - Page 39 of 144 - The Herald-Mail,http://heraldmailmedia.xpr-gannett.com/press-release/story/category/channels/page/39/,https://bricked.ai/discord,Other,93,28,false,false,false,2026-02-06,2026-04-06
0,Channels Archives - Page 75 of 180 - The Herald-Mail,http://heraldmailmedia.xpr-gannett.com/press-release/story/category/channels/page/75/,https://bricked.ai/,Bricked AI,91,28,true,false,false,2026-02-15,2026-03-05
0,Channels Archives - Page 75 of 180 - The Herald-Mail,http://heraldmailmedia.xpr-gannett.com/press-release/story/category/channels/page/75/,https://bricked.ai/,https://bricked.ai,91,28,true,false,false,2026-02-15,2026-03-05
0,Channels Archives - Page 75 of 180 - The Herald-Mail,http://heraldmailmedia.xpr-gannett.com/press-release/story/category/channels/page/75/,https://bricked.ai/,real estate comping,91,28,true,false,false,2026-02-15,2026-03-05
0,Channels Archives - Page 75 of 180 - The Herald-Mail,http://heraldmailmedia.xpr-gannett.com/press-release/story/category/channels/page/75/,https://bricked.ai/discord,Other,91,28,false,false,false,2026-02-15,2026-03-05
0,Channels Archives - Page 76 of 181 - The Herald-Mail,http://heraldmailmedia.xpr-gannett.com/press-release/story/category/channels/page/76/,https://bricked.ai/,Bricked AI,91,28,true,false,false,2026-02-16,2026-03-08
0,Channels Archives - Page 76 of 181 - The Herald-Mail,http://heraldmailmedia.xpr-gannett.com/press-release/story/category/channels/page/76/,https://bricked.ai/,https://bricked.ai,91,28,true,false,false,2026-02-16,2026-03-08
0,Channels Archives - Page 76 of 181 - The Herald-Mail,http://heraldmailmedia.xpr-gannett.com/press-release/story/category/channels/page/76/,https://bricked.ai/,real estate comping,91,28,true,false,false,2026-02-16,2026-03-08
0,Channels Archives - Page 76 of 181 - The Herald-Mail,http://heraldmailmedia.xpr-gannett.com/press-release/story/category/channels/page/76/,https://bricked.ai/discord,Other,91,28,false,false,false,2026-02-16,2026-03-08
0,Channels Archives - Page 83 of 188 - The Herald-Mail,http://heraldmailmedia.xpr-gannett.com/press-release/story/category/channels/page/83/,https://bricked.ai/discord,Other,92,28,false,false,false,2026-02-17,2026-03-08
0,Channels Archives - Page 83 of 188 - The Herald-Mail,http://heraldmailmedia.xpr-gannett.com/press-release/story/category/channels/page/83/,https://bricked.ai/,Bricked AI,92,28,true,false,false,2026-02-17,2026-03-08
0,Channels Archives - Page 83 of 188 - The Herald-Mail,http://heraldmailmedia.xpr-gannett.com/press-release/story/category/channels/page/83/,https://bricked.ai/,https://bricked.ai,92,28,true,false,false,2026-02-17,2026-03-08
0,Channels Archives - Page 83 of 188 - The Herald-Mail,http://heraldmailmedia.xpr-gannett.com/press-release/story/category/channels/page/83/,https://bricked.ai/,real estate comping,92,28,true,false,false,2026-02-17,2026-03-08
0,Technology Archives - Page 31 of 113 - The Herald-Mail,http://heraldmailmedia.xpr-gannett.com/press-release/story/category/channels/technology/page/31/,https://bricked.ai/discord,Other,81,28,false,false,false,2026-02-03,2026-03-07
0,Technology Archives - Page 31 of 113 - The Herald-Mail,http://heraldmailmedia.xpr-gannett.com/press-release/story/category/channels/technology/page/31/,https://bricked.ai/,Bricked AI,81,28,true,false,false,2026-02-03,2026-03-07
0,Technology Archives - Page 31 of 113 - The Herald-Mail,http://heraldmailmedia.xpr-gannett.com/press-release/story/category/channels/technology/page/31/,https://bricked.ai/,https://bricked.ai,81,28,true,false,false,2026-02-03,2026-03-07
0,Technology Archives - Page 31 of 113 - The Herald-Mail,http://heraldmailmedia.xpr-gannett.com/press-release/story/category/channels/technology/page/31/,https://bricked.ai/,real estate comping,81,28,true,false,false,2026-02-03,2026-03-07
0,Technology Archives - Page 41 of 123 - The Herald-Mail,http://heraldmailmedia.xpr-gannett.com/press-release/story/category/channels/technology/page/41/,https://bricked.ai/,Bricked AI,85,28,true,false,false,2026-02-11,2026-03-08
0,Technology Archives - Page 41 of 123 - The Herald-Mail,http://heraldmailmedia.xpr-gannett.com/press-release/story/category/channels/technology/page/41/,https://bricked.ai/,https://bricked.ai,85,28,true,false,false,2026-02-11,2026-03-08
0,Technology Archives - Page 41 of 123 - The Herald-Mail,http://heraldmailmedia.xpr-gannett.com/press-release/story/category/channels/technology/page/41/,https://bricked.ai/,real estate comping,85,28,true,false,false,2026-02-11,2026-03-08
0,Technology Archives - Page 41 of 123 - The Herald-Mail,http://heraldmailmedia.xpr-gannett.com/press-release/story/category/channels/technology/page/41/,https://bricked.ai/discord,Other,85,28,false,false,false,2026-02-11,2026-03-08
0,EIN Presswire Archives - Page 278 of 563 - The Herald-Mail,http://heraldmailmedia.xpr-gannett.com/press-release/story/category/partners/ein-presswire/page/278/,https://bricked.ai/discord,Other,55,28,false,false,false,2026-02-17,2026-04-05
0,EIN Presswire Archives - Page 278 of 563 - The Herald-Mail,http://heraldmailmedia.xpr-gannett.com/press-release/story/category/partners/ein-presswire/page/278/,https://bricked.ai/,Bricked AI,55,28,true,false,false,2026-02-17,2026-04-05
0,EIN Presswire Archives - Page 278 of 563 - The Herald-Mail,http://heraldmailmedia.xpr-gannett.com/press-release/story/category/partners/ein-presswire/page/278/,https://bricked.ai/,https://bricked.ai,55,28,true,false,false,2026-02-17,2026-04-05
0,EIN Presswire Archives - Page 278 of 563 - The Herald-Mail,http://heraldmailmedia.xpr-gannett.com/press-release/story/category/partners/ein-presswire/page/278/,https://bricked.ai/,real estate comping,55,28,true,false,false,2026-02-17,2026-04-05
0,Partners Archives - Page 117 of 438 - The Herald-Mail,http://heraldmailmedia.xpr-gannett.com/press-release/story/category/partners/page/117/,https://bricked.ai/,Bricked AI,90,28,true,false,false,2026-02-08,2026-03-06
0,Partners Archives - Page 117 of 438 - The Herald-Mail,http://heraldmailmedia.xpr-gannett.com/press-release/story/category/partners/page/117/,https://bricked.ai/,https://bricked.ai,90,28,true,false,false,2026-02-08,2026-03-06
0,Partners Archives - Page 117 of 438 - The Herald-Mail,http://heraldmailmedia.xpr-gannett.com/press-release/story/category/partners/page/117/,https://bricked.ai/,real estate comping,90,28,true,false,false,2026-02-08,2026-03-06
0,Partners Archives - Page 117 of 438 - The Herald-Mail,http://heraldmailmedia.xpr-gannett.com/press-release/story/category/partners/page/117/,https://bricked.ai/discord,Other,90,28,false,false,false,2026-02-08,2026-03-06
0,Partners Archives - Page 148 of 469 - The Herald-Mail,http://heraldmailmedia.xpr-gannett.com/press-release/story/category/partners/page/148/,https://bricked.ai/,Bricked AI,82,28,true,false,false,2026-02-11,2026-03-07
0,Partners Archives - Page 148 of 469 - The Herald-Mail,http://heraldmailmedia.xpr-gannett.com/press-release/story/category/partners/page/148/,https://bricked.ai/,https://bricked.ai,82,28,true,false,false,2026-02-11,2026-03-07
0,Partners Archives - Page 148 of 469 - The Herald-Mail,http://heraldmailmedia.xpr-gannett.com/press-release/story/category/partners/page/148/,https://bricked.ai/,real estate comping,82,28,true,false,false,2026-02-11,2026-03-07
0,Partners Archives - Page 148 of 469 - The Herald-Mail,http://heraldmailmedia.xpr-gannett.com/press-release/story/category/partners/page/148/,https://bricked.ai/discord,Other,82,28,false,false,false,2026-02-11,2026-03-07
0,Partners Archives - Page 162 of 483 - The Herald-Mail,http://heraldmailmedia.xpr-gannett.com/press-release/story/category/partners/page/162/,https://bricked.ai/,Bricked AI,82,28,true,false,false,2026-02-12,2026-03-07
0,Partners Archives - Page 162 of 483 - The Herald-Mail,http://heraldmailmedia.xpr-gannett.com/press-release/story/category/partners/page/162/,https://bricked.ai/,https://bricked.ai,82,28,true,false,false,2026-02-12,2026-03-07
0,Partners Archives - Page 162 of 483 - The Herald-Mail,http://heraldmailmedia.xpr-gannett.com/press-release/story/category/partners/page/162/,https://bricked.ai/,real estate comping,82,28,true,false,false,2026-02-12,2026-03-07
0,Partners Archives - Page 162 of 483 - The Herald-Mail,http://heraldmailmedia.xpr-gannett.com/press-release/story/category/partners/page/162/,https://bricked.ai/discord,Other,82,28,false,false,false,2026-02-12,2026-03-07
0,Partners Archives - Page 256 of 577 - The Herald-Mail,http://heraldmailmedia.xpr-gannett.com/press-release/story/category/partners/page/256/,https://bricked.ai/,Bricked AI,92,28,true,false,false,2026-02-17,2026-04-06
0,Partners Archives - Page 256 of 577 - The Herald-Mail,http://heraldmailmedia.xpr-gannett.com/press-release/story/category/partners/page/256/,https://bricked.ai/,https://bricked.ai,92,28,true,false,false,2026-02-17,2026-04-06
0,Partners Archives - Page 256 of 577 - The Herald-Mail,http://heraldmailmedia.xpr-gannett.com/press-release/story/category/partners/page/256/,https://bricked.ai/,real estate comping,92,28,true,false,false,2026-02-17,2026-04-06
0,Partners Archives - Page 256 of 577 - The Herald-Mail,http://heraldmailmedia.xpr-gannett.com/press-release/story/category/partners/page/256/,https://bricked.ai/discord,Other,92,28,false,false,false,2026-02-17,2026-04-06
0,Press Releases Archives - Page 286 of 1105 - The Herald-Mail,http://heraldmailmedia.xpr-gannett.com/press-release/story/category/press-releases/page/286/,https://bricked.ai/,Bricked AI,53,28,true,false,false,2026-02-17,2026-03-08
0,Press Releases Archives - Page 286 of 1105 - The Herald-Mail,http://heraldmailmedia.xpr-gannett.com/press-release/story/category/press-releases/page/286/,https://bricked.ai/,https://bricked.ai,53,28,true,false,false,2026-02-17,2026-03-08
0,Press Releases Archives - Page 286 of 1105 - The Herald-Mail,http://heraldmailmedia.xpr-gannett.com/press-release/story/category/press-releases/page/286/,https://bricked.ai/,real estate comping,53,28,true,false,false,2026-02-17,2026-03-08
0,Press Releases Archives - Page 286 of 1105 - The Herald-Mail,http://heraldmailmedia.xpr-gannett.com/press-release/story/category/press-releases/page/286/,https://bricked.ai/discord,Other,53,28,false,false,false,2026-02-17,2026-03-08
0,Business Archives - Page 205 of 1234 - The Herald News,http://heraldnews.xpr-gannett.com/press-release/story/category/business/page/205/,https://bricked.ai/discord,Other,56,28,false,false,false,2026-02-14,2026-04-05
0,Business Archives - Page 205 of 1234 - The Herald News,http://heraldnews.xpr-gannett.com/press-release/story/category/business/page/205/,https://bricked.ai/,Bricked AI,56,28,true,false,false,2026-02-14,2026-04-05
0,Business Archives - Page 205 of 1234 - The Herald News,http://heraldnews.xpr-gannett.com/press-release/story/category/business/page/205/,https://bricked.ai/,https://bricked.ai,56,28,true,false,false,2026-02-14,2026-04-05
0,Business Archives - Page 205 of 1234 - The Herald News,http://heraldnews.xpr-gannett.com/press-release/story/category/business/page/205/,https://bricked.ai/,real estate comping,56,28,true,false,false,2026-02-14,2026-04-05
0,Channels Archives - Page 29 of 134 - The Herald News,http://heraldnews.xpr-gannett.com/press-release/story/category/channels/page/29/,https://bricked.ai/discord,Other,95,28,false,false,false,2026-02-03,2026-03-06
0,Channels Archives - Page 29 of 134 - The Herald News,http://heraldnews.xpr-gannett.com/press-release/story/category/channels/page/29/,https://bricked.ai/,Bricked AI,95,28,true,false,false,2026-02-03,2026-03-06
0,Channels Archives - Page 29 of 134 - The Herald News,http://heraldnews.xpr-gannett.com/press-release/story/category/channels/page/29/,https://bricked.ai/,https://bricked.ai,95,28,true,false,false,2026-02-03,2026-03-06
0,Channels Archives - Page 29 of 134 - The Herald News,http://heraldnews.xpr-gannett.com/press-release/story/category/channels/page/29/,https://bricked.ai/,real estate comping,95,28,true,false,false,2026-02-03,2026-03-06
0,Channels Archives - Page 31 of 136 - The Herald News,http://heraldnews.xpr-gannett.com/press-release/story/category/channels/page/31/,https://bricked.ai/discord,Other,93,28,false,false,false,2026-02-08,2026-03-09
0,Channels Archives - Page 31 of 136 - The Herald News,http://heraldnews.xpr-gannett.com/press-release/story/category/channels/page/31/,https://bricked.ai/,Bricked AI,93,28,true,false,false,2026-02-08,2026-03-09
0,Channels Archives - Page 31 of 136 - The Herald News,http://heraldnews.xpr-gannett.com/press-release/story/category/channels/page/31/,https://bricked.ai/,https://bricked.ai,93,28,true,false,false,2026-02-08,2026-03-09
0,Channels Archives - Page 31 of 136 - The Herald News,http://heraldnews.xpr-gannett.com/press-release/story/category/channels/page/31/,https://bricked.ai/,real estate comping,93,28,true,false,false,2026-02-08,2026-03-09
0,Channels Archives - Page 68 of 173 - The Herald News,http://heraldnews.xpr-gannett.com/press-release/story/category/channels/page/68/,https://bricked.ai/,Bricked AI,91,28,true,false,false,2026-02-16,2026-03-08
0,Channels Archives - Page 68 of 173 - The Herald News,http://heraldnews.xpr-gannett.com/press-release/story/category/channels/page/68/,https://bricked.ai/,https://bricked.ai,91,28,true,false,false,2026-02-16,2026-03-08
0,Channels Archives - Page 68 of 173 - The Herald News,http://heraldnews.xpr-gannett.com/press-release/story/category/channels/page/68/,https://bricked.ai/,real estate comping,91,28,true,false,false,2026-02-16,2026-03-08
0,Channels Archives - Page 68 of 173 - The Herald News,http://heraldnews.xpr-gannett.com/press-release/story/category/channels/page/68/,https://bricked.ai/discord,Other,91,28,false,false,false,2026-02-16,2026-03-08
0,Channels Archives - Page 69 of 174 - The Herald News,http://heraldnews.xpr-gannett.com/press-release/story/category/channels/page/69/,https://bricked.ai/discord,Other,93,28,false,false,false,2026-02-16,2026-03-07
0,Channels Archives - Page 69 of 174 - The Herald News,http://heraldnews.xpr-gannett.com/press-release/story/category/channels/page/69/,https://bricked.ai/,Bricked AI,93,28,true,false,false,2026-02-16,2026-03-07
0,Channels Archives - Page 69 of 174 - The Herald News,http://heraldnews.xpr-gannett.com/press-release/story/category/channels/page/69/,https://bricked.ai/,https://bricked.ai,93,28,true,false,false,2026-02-16,2026-03-07
0,Channels Archives - Page 69 of 174 - The Herald News,http://heraldnews.xpr-gannett.com/press-release/story/category/channels/page/69/,https://bricked.ai/,real estate comping,93,28,true,false,false,2026-02-16,2026-03-07
0,Technology Archives - Page 24 of 106 - The Herald News,http://heraldnews.xpr-gannett.com/press-release/story/category/channels/technology/page/24/,https://bricked.ai/,Bricked AI,49,28,true,false,false,2026-02-03,2026-04-07
0,Technology Archives - Page 24 of 106 - The Herald News,http://heraldnews.xpr-gannett.com/press-release/story/category/channels/technology/page/24/,https://bricked.ai/,https://bricked.ai,49,28,true,false,false,2026-02-03,2026-04-07
0,Technology Archives - Page 24 of 106 - The Herald News,http://heraldnews.xpr-gannett.com/press-release/story/category/channels/technology/page/24/,https://bricked.ai/,real estate comping,49,28,true,false,false,2026-02-03,2026-04-07
0,Technology Archives - Page 24 of 106 - The Herald News,http://heraldnews.xpr-gannett.com/press-release/story/category/channels/technology/page/24/,https://bricked.ai/discord,Other,49,28,false,false,false,2026-02-03,2026-04-07
0,Technology Archives - Page 58 of 139 - The Herald News,http://heraldnews.xpr-gannett.com/press-release/story/category/channels/technology/page/58/,https://bricked.ai/,Bricked AI,79,28,true,false,false,2026-02-17,2026-04-06
0,Technology Archives - Page 58 of 139 - The Herald News,http://heraldnews.xpr-gannett.com/press-release/story/category/channels/technology/page/58/,https://bricked.ai/,https://bricked.ai,79,28,true,false,false,2026-02-17,2026-04-06
0,Technology Archives - Page 58 of 139 - The Herald News,http://heraldnews.xpr-gannett.com/press-release/story/category/channels/technology/page/58/,https://bricked.ai/,real estate comping,79,28,true,false,false,2026-02-17,2026-04-06
0,Technology Archives - Page 58 of 139 - The Herald News,http://heraldnews.xpr-gannett.com/press-release/story/category/channels/technology/page/58/,https://bricked.ai/discord,Other,79,28,false,false,false,2026-02-17,2026-04-06
0,EIN Presswire Archives - Page 183 of 469 - The Herald News,http://heraldnews.xpr-gannett.com/press-release/story/category/partners/ein-presswire/page/183/,https://bricked.ai/,Bricked AI,49,28,true,false,false,2026-02-14,2026-03-09
0,EIN Presswire Archives - Page 183 of 469 - The Herald News,http://heraldnews.xpr-gannett.com/press-release/story/category/partners/ein-presswire/page/183/,https://bricked.ai/,https://bricked.ai,49,28,true,false,false,2026-02-14,2026-03-09
0,EIN Presswire Archives - Page 183 of 469 - The Herald News,http://heraldnews.xpr-gannett.com/press-release/story/category/partners/ein-presswire/page/183/,https://bricked.ai/,real estate comping,49,28,true,false,false,2026-02-14,2026-03-09
0,EIN Presswire Archives - Page 183 of 469 - The Herald News,http://heraldnews.xpr-gannett.com/press-release/story/category/partners/ein-presswire/page/183/,https://bricked.ai/discord,Other,49,28,false,false,false,2026-02-14,2026-03-09
0,EIN Presswire Archives - Page 249 of 534 - The Herald News,http://heraldnews.xpr-gannett.com/press-release/story/category/partners/ein-presswire/page/249/,https://bricked.ai/,https://bricked.ai,94,28,true,false,false,2026-02-19,2026-04-06
0,EIN Presswire Archives - Page 249 of 534 - The Herald News,http://heraldnews.xpr-gannett.com/press-release/story/category/partners/ein-presswire/page/249/,https://bricked.ai/discord,Other,94,28,false,false,false,2026-02-19,2026-04-06
0,EIN Presswire Archives - Page 249 of 534 - The Herald News,http://heraldnews.xpr-gannett.com/press-release/story/category/partners/ein-presswire/page/249/,https://bricked.ai/,Bricked AI,94,28,true,false,false,2026-02-19,2026-04-06
0,EIN Presswire Archives - Page 249 of 534 - The Herald News,http://heraldnews.xpr-gannett.com/press-release/story/category/partners/ein-presswire/page/249/,https://bricked.ai/,real estate comping,94,28,true,false,false,2026-02-19,2026-04-06
0,Partners Archives - Page 185 of 506 - The Herald News,http://heraldnews.xpr-gannett.com/press-release/story/category/partners/page/185/,https://bricked.ai/discord,Other,90,28,false,false,false,2026-02-16,2026-04-06
0,Partners Archives - Page 185 of 506 - The Herald News,http://heraldnews.xpr-gannett.com/press-release/story/category/partners/page/185/,https://bricked.ai/,Bricked AI,90,28,true,false,false,2026-02-16,2026-04-06
0,Partners Archives - Page 185 of 506 - The Herald News,http://heraldnews.xpr-gannett.com/press-release/story/category/partners/page/185/,https://bricked.ai/,https://bricked.ai,90,28,true,false,false,2026-02-16,2026-04-06
0,Partners Archives - Page 185 of 506 - The Herald News,http://heraldnews.xpr-gannett.com/press-release/story/category/partners/page/185/,https://bricked.ai/,real estate comping,90,28,true,false,false,2026-02-16,2026-04-06
0,Partners Archives - Page 81 of 402 - The Herald News,http://heraldnews.xpr-gannett.com/press-release/story/category/partners/page/81/,https://bricked.ai/discord,Other,87,28,false,false,false,2026-02-03,2026-04-05
0,Partners Archives - Page 81 of 402 - The Herald News,http://heraldnews.xpr-gannett.com/press-release/story/category/partners/page/81/,https://bricked.ai/,Bricked AI,87,28,true,false,false,2026-02-03,2026-04-05
0,Partners Archives - Page 81 of 402 - The Herald News,http://heraldnews.xpr-gannett.com/press-release/story/category/partners/page/81/,https://bricked.ai/,https://bricked.ai,87,28,true,false,false,2026-02-03,2026-04-05
0,Partners Archives - Page 81 of 402 - The Herald News,http://heraldnews.xpr-gannett.com/press-release/story/category/partners/page/81/,https://bricked.ai/,real estate comping,87,28,true,false,false,2026-02-03,2026-04-05
0,Press Releases Archives - Page 88 of 904 - The Herald News,http://heraldnews.xpr-gannett.com/press-release/story/category/press-releases/page/88/,https://bricked.ai/discord,Other,55,28,false,false,false,2026-02-03,2026-03-05
0,Press Releases Archives - Page 88 of 904 - The Herald News,http://heraldnews.xpr-gannett.com/press-release/story/category/press-releases/page/88/,https://bricked.ai/,Bricked AI,55,28,true,false,false,2026-02-03,2026-03-05
0,Press Releases Archives - Page 88 of 904 - The Herald News,http://heraldnews.xpr-gannett.com/press-release/story/category/press-releases/page/88/,https://bricked.ai/,real estate comping,55,28,true,false,false,2026-02-03,2026-03-05
0,Press Releases Archives - Page 88 of 904 - The Herald News,http://heraldnews.xpr-gannett.com/press-release/story/category/press-releases/page/88/,https://bricked.ai/,https://bricked.ai,55,28,true,false,false,2026-02-03,2026-03-05
0,Press Releases Archives - Page 97 of 913 - The Herald News,http://heraldnews.xpr-gannett.com/press-release/story/category/press-releases/page/97/,https://bricked.ai/discord,Other,82,28,false,false,false,2026-02-08,2026-03-05
0,Press Releases Archives - Page 97 of 913 - The Herald News,http://heraldnews.xpr-gannett.com/press-release/story/category/press-releases/page/97/,https://bricked.ai/,https://bricked.ai,82,28,true,false,false,2026-02-08,2026-03-05
0,Press Releases Archives - Page 97 of 913 - The Herald News,http://heraldnews.xpr-gannett.com/press-release/story/category/press-releases/page/97/,https://bricked.ai/,Bricked AI,82,28,true,false,false,2026-02-08,2026-03-05
0,Press Releases Archives - Page 97 of 913 - The Herald News,http://heraldnews.xpr-gannett.com/press-release/story/category/press-releases/page/97/,https://bricked.ai/,real estate comping,82,28,true,false,false,2026-02-08,2026-03-05
0,Business Archives - Page 708 of 1608 - Herald-Tribune,http://heraldtribune.xpr-gannett.com/press-release/story/category/business/page/708/,https://bricked.ai/discord,Other,100,28,false,false,false,2026-02-06,2026-04-07
0,Business Archives - Page 708 of 1608 - Herald-Tribune,http://heraldtribune.xpr-gannett.com/press-release/story/category/business/page/708/,https://bricked.ai/,Bricked AI,100,28,true,false,false,2026-02-06,2026-04-07
0,Business Archives - Page 708 of 1608 - Herald-Tribune,http://heraldtribune.xpr-gannett.com/press-release/story/category/business/page/708/,https://bricked.ai/,https://bricked.ai,100,28,true,false,false,2026-02-06,2026-04-07
0,Business Archives - Page 708 of 1608 - Herald-Tribune,http://heraldtribune.xpr-gannett.com/press-release/story/category/business/page/708/,https://bricked.ai/,real estate comping,100,28,true,false,false,2026-02-06,2026-04-07
0,Business Archives - Page 754 of 1654 - Herald-Tribune,http://heraldtribune.xpr-gannett.com/press-release/story/category/business/page/754/,https://bricked.ai/,Bricked AI,101,28,true,false,false,2026-02-12,2026-03-08
0,Business Archives - Page 754 of 1654 - Herald-Tribune,http://heraldtribune.xpr-gannett.com/press-release/story/category/business/page/754/,https://bricked.ai/,https://bricked.ai,101,28,true,false,false,2026-02-12,2026-03-08
0,Business Archives - Page 754 of 1654 - Herald-Tribune,http://heraldtribune.xpr-gannett.com/press-release/story/category/business/page/754/,https://bricked.ai/,real estate comping,101,28,true,false,false,2026-02-12,2026-03-08
0,Business Archives - Page 754 of 1654 - Herald-Tribune,http://heraldtribune.xpr-gannett.com/press-release/story/category/business/page/754/,https://bricked.ai/discord,Other,101,28,false,false,false,2026-02-12,2026-03-08
0,Channels Archives - Page 220 of 328 - Herald-Tribune,http://heraldtribune.xpr-gannett.com/press-release/story/category/channels/page/220/,https://bricked.ai/,Bricked AI,82,28,true,false,false,2026-02-09,2026-03-08
0,Channels Archives - Page 220 of 328 - Herald-Tribune,http://heraldtribune.xpr-gannett.com/press-release/story/category/channels/page/220/,https://bricked.ai/,https://bricked.ai,82,28,true,false,false,2026-02-09,2026-03-08
0,Channels Archives - Page 220 of 328 - Herald-Tribune,http://heraldtribune.xpr-gannett.com/press-release/story/category/channels/page/220/,https://bricked.ai/,real estate comping,82,28,true,false,false,2026-02-09,2026-03-08
0,Channels Archives - Page 220 of 328 - Herald-Tribune,http://heraldtribune.xpr-gannett.com/press-release/story/category/channels/page/220/,https://bricked.ai/discord,Other,82,28,false,false,false,2026-02-09,2026-03-08
0,Channels Archives - Page 249 of 357 - Herald-Tribune,http://heraldtribune.xpr-gannett.com/press-release/story/category/channels/page/249/,https://bricked.ai/,Bricked AI,99,28,true,false,false,2026-02-17,2026-03-08
0,Channels Archives - Page 249 of 357 - Herald-Tribune,http://heraldtribune.xpr-gannett.com/press-release/story/category/channels/page/249/,https://bricked.ai/,https://bricked.ai,99,28,true,false,false,2026-02-17,2026-03-08
0,Channels Archives - Page 249 of 357 - Herald-Tribune,http://heraldtribune.xpr-gannett.com/press-release/story/category/channels/page/249/,https://bricked.ai/,real estate comping,99,28,true,false,false,2026-02-17,2026-03-08
0,Channels Archives - Page 249 of 357 - Herald-Tribune,http://heraldtribune.xpr-gannett.com/press-release/story/category/channels/page/249/,https://bricked.ai/discord,Other,99,28,false,false,false,2026-02-17,2026-03-08
0,Channels Archives - Page 257 of 365 - Herald-Tribune,http://heraldtribune.xpr-gannett.com/press-release/story/category/channels/page/257/,https://bricked.ai/discord,Other,57,28,false,false,false,2026-02-19,2026-03-09
0,Channels Archives - Page 257 of 365 - Herald-Tribune,http://heraldtribune.xpr-gannett.com/press-release/story/category/channels/page/257/,https://bricked.ai/,https://bricked.ai,57,28,true,false,false,2026-02-19,2026-03-09
0,Channels Archives - Page 257 of 365 - Herald-Tribune,http://heraldtribune.xpr-gannett.com/press-release/story/category/channels/page/257/,https://bricked.ai/,real estate comping,57,28,true,false,false,2026-02-19,2026-03-09
0,Channels Archives - Page 257 of 365 - Herald-Tribune,http://heraldtribune.xpr-gannett.com/press-release/story/category/channels/page/257/,https://bricked.ai/,Bricked AI,57,28,true,false,false,2026-02-19,2026-03-09
0,Technology Archives - Page 171 of 251 - Herald-Tribune,http://heraldtribune.xpr-gannett.com/press-release/story/category/channels/technology/page/171/,https://bricked.ai/,Bricked AI,78,28,true,false,false,2026-02-09,2026-03-09
0,Technology Archives - Page 171 of 251 - Herald-Tribune,http://heraldtribune.xpr-gannett.com/press-release/story/category/channels/technology/page/171/,https://bricked.ai/,https://bricked.ai,78,28,true,false,false,2026-02-09,2026-03-09
0,Technology Archives - Page 171 of 251 - Herald-Tribune,http://heraldtribune.xpr-gannett.com/press-release/story/category/channels/technology/page/171/,https://bricked.ai/,real estate comping,78,28,true,false,false,2026-02-09,2026-03-09
0,Technology Archives - Page 171 of 251 - Herald-Tribune,http://heraldtribune.xpr-gannett.com/press-release/story/category/channels/technology/page/171/,https://bricked.ai/discord,Other,78,28,false,false,false,2026-02-09,2026-03-09
0,Technology Archives - Page 182 of 262 - Herald-Tribune,http://heraldtribune.xpr-gannett.com/press-release/story/category/channels/technology/page/182/,https://bricked.ai/,Bricked AI,78,28,true,false,false,2026-02-12,2026-03-08
0,Technology Archives - Page 182 of 262 - Herald-Tribune,http://heraldtribune.xpr-gannett.com/press-release/story/category/channels/technology/page/182/,https://bricked.ai/,https://bricked.ai,78,28,true,false,false,2026-02-12,2026-03-08
0,Technology Archives - Page 182 of 262 - Herald-Tribune,http://heraldtribune.xpr-gannett.com/press-release/story/category/channels/technology/page/182/,https://bricked.ai/,real estate comping,78,28,true,false,false,2026-02-12,2026-03-08
0,Technology Archives - Page 182 of 262 - Herald-Tribune,http://heraldtribune.xpr-gannett.com/press-release/story/category/channels/technology/page/182/,https://bricked.ai/discord,Other,78,28,false,false,false,2026-02-12,2026-03-08
0,Technology Archives - Page 198 of 279 - Herald-Tribune,http://heraldtribune.xpr-gannett.com/press-release/story/category/channels/technology/page/198/,https://bricked.ai/,Bricked AI,81,28,true,false,false,2026-02-19,2026-03-09
0,Technology Archives - Page 198 of 279 - Herald-Tribune,http://heraldtribune.xpr-gannett.com/press-release/story/category/channels/technology/page/198/,https://bricked.ai/,https://bricked.ai,81,28,true,false,false,2026-02-19,2026-03-09
0,Technology Archives - Page 198 of 279 - Herald-Tribune,http://heraldtribune.xpr-gannett.com/press-release/story/category/channels/technology/page/198/,https://bricked.ai/,real estate comping,81,28,true,false,false,2026-02-19,2026-03-09
0,Technology Archives - Page 198 of 279 - Herald-Tribune,http://heraldtribune.xpr-gannett.com/press-release/story/category/channels/technology/page/198/,https://bricked.ai/discord,Other,81,28,false,false,false,2026-02-19,2026-03-09
0,Partners Archives - Page 686 of 1586 - Herald-Tribune,http://heraldtribune.xpr-gannett.com/press-release/story/category/partners/page/686/,https://bricked.ai/discord,Other,92,28,false,false,false,2026-01-31,2026-03-08
0,Partners Archives - Page 686 of 1586 - Herald-Tribune,http://heraldtribune.xpr-gannett.com/press-release/story/category/partners/page/686/,https://bricked.ai/,Bricked AI,92,28,true,false,false,2026-01-31,2026-03-08
0,Partners Archives - Page 686 of 1586 - Herald-Tribune,http://heraldtribune.xpr-gannett.com/press-release/story/category/partners/page/686/,https://bricked.ai/,https://bricked.ai,92,28,true,false,false,2026-01-31,2026-03-08
0,Partners Archives - Page 686 of 1586 - Herald-Tribune,http://heraldtribune.xpr-gannett.com/press-release/story/category/partners/page/686/,https://bricked.ai/,real estate comping,92,28,true,false,false,2026-01-31,2026-03-08
0,Partners Archives - Page 692 of 1592 - Herald-Tribune,http://heraldtribune.xpr-gannett.com/press-release/story/category/partners/page/692/,https://bricked.ai/,Bricked AI,83,28,true,false,false,2026-02-03,2026-03-08
0,Partners Archives - Page 692 of 1592 - Herald-Tribune,http://heraldtribune.xpr-gannett.com/press-release/story/category/partners/page/692/,https://bricked.ai/,https://bricked.ai,83,28,true,false,false,2026-02-03,2026-03-08
0,Partners Archives - Page 692 of 1592 - Herald-Tribune,http://heraldtribune.xpr-gannett.com/press-release/story/category/partners/page/692/,https://bricked.ai/,real estate comping,83,28,true,false,false,2026-02-03,2026-03-08
0,Partners Archives - Page 692 of 1592 - Herald-Tribune,http://heraldtribune.xpr-gannett.com/press-release/story/category/partners/page/692/,https://bricked.ai/discord,Other,83,28,false,false,false,2026-02-03,2026-03-08
0,Partners Archives - Page 696 of 1596 - Herald-Tribune,http://heraldtribune.xpr-gannett.com/press-release/story/category/partners/page/696/,https://bricked.ai/,Bricked AI,97,28,true,false,false,2026-02-03,2026-03-05
0,Partners Archives - Page 696 of 1596 - Herald-Tribune,http://heraldtribune.xpr-gannett.com/press-release/story/category/partners/page/696/,https://bricked.ai/,https://bricked.ai,97,28,true,false,false,2026-02-03,2026-03-05
0,Partners Archives - Page 696 of 1596 - Herald-Tribune,http://heraldtribune.xpr-gannett.com/press-release/story/category/partners/page/696/,https://bricked.ai/,real estate comping,97,28,true,false,false,2026-02-03,2026-03-05
0,Partners Archives - Page 696 of 1596 - Herald-Tribune,http://heraldtribune.xpr-gannett.com/press-release/story/category/partners/page/696/,https://bricked.ai/discord,Other,97,28,false,false,false,2026-02-03,2026-03-05
0,Partners Archives - Page 849 of 1749 - Herald-Tribune,http://heraldtribune.xpr-gannett.com/press-release/story/category/partners/page/849/,https://bricked.ai/discord,Other,97,28,false,false,false,2026-02-19,2026-03-09
0,Partners Archives - Page 849 of 1749 - Herald-Tribune,http://heraldtribune.xpr-gannett.com/press-release/story/category/partners/page/849/,https://bricked.ai/,Bricked AI,97,28,true,false,false,2026-02-19,2026-03-09
0,Partners Archives - Page 849 of 1749 - Herald-Tribune,http://heraldtribune.xpr-gannett.com/press-release/story/category/partners/page/849/,https://bricked.ai/,https://bricked.ai,97,28,true,false,false,2026-02-19,2026-03-09
0,Partners Archives - Page 849 of 1749 - Herald-Tribune,http://heraldtribune.xpr-gannett.com/press-release/story/category/partners/page/849/,https://bricked.ai/,real estate comping,97,28,true,false,false,2026-02-19,2026-03-09
0,Press Releases Archives - Page 1516 of 2272 - Herald-Tribune,http://heraldtribune.xpr-gannett.com/press-release/story/category/press-releases/page/1516/,https://bricked.ai/,Bricked AI,86,28,true,false,false,2026-02-22,2026-03-08
0,Press Releases Archives - Page 1516 of 2272 - Herald-Tribune,http://heraldtribune.xpr-gannett.com/press-release/story/category/press-releases/page/1516/,https://bricked.ai/,https://bricked.ai,86,28,true,false,false,2026-02-22,2026-03-08
0,Press Releases Archives - Page 1516 of 2272 - Herald-Tribune,http://heraldtribune.xpr-gannett.com/press-release/story/category/press-releases/page/1516/,https://bricked.ai/,real estate comping,86,28,true,false,false,2026-02-22,2026-03-08
0,Press Releases Archives - Page 1516 of 2272 - Herald-Tribune,http://heraldtribune.xpr-gannett.com/press-release/story/category/press-releases/page/1516/,https://bricked.ai/discord,Other,86,28,false,false,false,2026-02-22,2026-03-08
0,Press Releases Archives - Page 770 of 1526 - Herald-Tribune,http://heraldtribune.xpr-gannett.com/press-release/story/category/press-releases/page/770/,https://bricked.ai/,Bricked AI,100,28,true,false,false,2026-02-13,2026-03-08
0,Press Releases Archives - Page 770 of 1526 - Herald-Tribune,http://heraldtribune.xpr-gannett.com/press-release/story/category/press-releases/page/770/,https://bricked.ai/,https://bricked.ai,100,28,true,false,false,2026-02-13,2026-03-08
0,Press Releases Archives - Page 770 of 1526 - Herald-Tribune,http://heraldtribune.xpr-gannett.com/press-release/story/category/press-releases/page/770/,https://bricked.ai/,real estate comping,100,28,true,false,false,2026-02-13,2026-03-08
0,Press Releases Archives - Page 770 of 1526 - Herald-Tribune,http://heraldtribune.xpr-gannett.com/press-release/story/category/press-releases/page/770/,https://bricked.ai/discord,Other,100,28,false,false,false,2026-02-13,2026-03-08
0,Press Releases Archives - Page 847 of 1603 - Herald-Tribune,http://heraldtribune.xpr-gannett.com/press-release/story/category/press-releases/page/847/,https://bricked.ai/discord,Other,101,28,false,false,false,2026-02-19,2026-03-04
0,Press Releases Archives - Page 847 of 1603 - Herald-Tribune,http://heraldtribune.xpr-gannett.com/press-release/story/category/press-releases/page/847/,https://bricked.ai/,https://bricked.ai,101,28,true,false,false,2026-02-19,2026-03-04
0,Press Releases Archives - Page 847 of 1603 - Herald-Tribune,http://heraldtribune.xpr-gannett.com/press-release/story/category/press-releases/page/847/,https://bricked.ai/,Bricked AI,101,28,true,false,false,2026-02-19,2026-03-04
0,Press Releases Archives - Page 847 of 1603 - Herald-Tribune,http://heraldtribune.xpr-gannett.com/press-release/story/category/press-releases/page/847/,https://bricked.ai/,real estate comping,101,28,true,false,false,2026-02-19,2026-03-04
0,Home - Page 281 of 1183 - IndyStar | The Indianapolis Star,http://indystar.xpr-gannett.com/home/page/281/,https://bricked.ai/discord,Other,91,28,false,false,false,2026-02-03,2026-04-03
0,Home - Page 281 of 1183 - IndyStar | The Indianapolis Star,http://indystar.xpr-gannett.com/home/page/281/,https://bricked.ai/,Bricked AI,91,28,true,false,false,2026-02-03,2026-04-03
0,Home - Page 281 of 1183 - IndyStar | The Indianapolis Star,http://indystar.xpr-gannett.com/home/page/281/,https://bricked.ai/,https://bricked.ai,91,28,true,false,false,2026-02-03,2026-04-03
0,Home - Page 281 of 1183 - IndyStar | The Indianapolis Star,http://indystar.xpr-gannett.com/home/page/281/,https://bricked.ai/,real estate comping,91,28,true,false,false,2026-02-03,2026-04-03
0,Business Archives - Page 433 of 1336 - IndyStar | The Indianapolis Star,http://indystar.xpr-gannett.com/press-release/story/category/business/page/433/,https://bricked.ai/discord,Other,56,28,false,false,false,2026-02-17,2026-05-05
0,Business Archives - Page 433 of 1336 - IndyStar | The Indianapolis Star,http://indystar.xpr-gannett.com/press-release/story/category/business/page/433/,https://bricked.ai/,Bricked AI,56,28,true,false,false,2026-02-17,2026-05-05
0,Business Archives - Page 433 of 1336 - IndyStar | The Indianapolis Star,http://indystar.xpr-gannett.com/press-release/story/category/business/page/433/,https://bricked.ai/,https://bricked.ai,56,28,true,false,false,2026-02-17,2026-05-05
0,Business Archives - Page 433 of 1336 - IndyStar | The Indianapolis Star,http://indystar.xpr-gannett.com/press-release/story/category/business/page/433/,https://bricked.ai/,real estate comping,56,28,true,false,false,2026-02-17,2026-05-05
0,Channels Archives - Page 131 of 239 - IndyStar | The Indianapolis Star,http://indystar.xpr-gannett.com/press-release/story/category/channels/page/131/,https://bricked.ai/discord,Other,89,28,false,false,false,2026-02-17,2026-03-07
0,Channels Archives - Page 131 of 239 - IndyStar | The Indianapolis Star,http://indystar.xpr-gannett.com/press-release/story/category/channels/page/131/,https://bricked.ai/,Bricked AI,89,28,true,false,false,2026-02-17,2026-03-07
0,Channels Archives - Page 131 of 239 - IndyStar | The Indianapolis Star,http://indystar.xpr-gannett.com/press-release/story/category/channels/page/131/,https://bricked.ai/,https://bricked.ai,89,28,true,false,false,2026-02-17,2026-03-07
0,Channels Archives - Page 131 of 239 - IndyStar | The Indianapolis Star,http://indystar.xpr-gannett.com/press-release/story/category/channels/page/131/,https://bricked.ai/,real estate comping,89,28,true,false,false,2026-02-17,2026-03-07
0,Technology Archives - Page 64 of 145 - IndyStar | The Indianapolis Star,http://indystar.xpr-gannett.com/press-release/story/category/channels/technology/page/64/,https://bricked.ai/,Bricked AI,81,28,true,false,false,2026-02-05,2026-04-08
0,Technology Archives - Page 64 of 145 - IndyStar | The Indianapolis Star,http://indystar.xpr-gannett.com/press-release/story/category/channels/technology/page/64/,https://bricked.ai/,https://bricked.ai,81,28,true,false,false,2026-02-05,2026-04-08
0,Technology Archives - Page 64 of 145 - IndyStar | The Indianapolis Star,http://indystar.xpr-gannett.com/press-release/story/category/channels/technology/page/64/,https://bricked.ai/,real estate comping,81,28,true,false,false,2026-02-05,2026-04-08
0,Technology Archives - Page 64 of 145 - IndyStar | The Indianapolis Star,http://indystar.xpr-gannett.com/press-release/story/category/channels/technology/page/64/,https://bricked.ai/discord,Other,81,28,false,false,false,2026-02-05,2026-04-08
0,Technology Archives - Page 97 of 177 - IndyStar | The Indianapolis Star,http://indystar.xpr-gannett.com/press-release/story/category/channels/technology/page/97/,https://bricked.ai/,Bricked AI,79,28,true,false,false,2026-02-17,2026-04-05
0,Technology Archives - Page 97 of 177 - IndyStar | The Indianapolis Star,http://indystar.xpr-gannett.com/press-release/story/category/channels/technology/page/97/,https://bricked.ai/,https://bricked.ai,79,28,true,false,false,2026-02-17,2026-04-05
0,Technology Archives - Page 97 of 177 - IndyStar | The Indianapolis Star,http://indystar.xpr-gannett.com/press-release/story/category/channels/technology/page/97/,https://bricked.ai/,real estate comping,79,28,true,false,false,2026-02-17,2026-04-05
0,Technology Archives - Page 97 of 177 - IndyStar | The Indianapolis Star,http://indystar.xpr-gannett.com/press-release/story/category/channels/technology/page/97/,https://bricked.ai/discord,Other,79,28,false,false,false,2026-02-17,2026-04-05
0,Partners Archives - Page 1497 of 2400 - IndyStar | The Indianapolis Star,http://indystar.xpr-gannett.com/press-release/story/category/partners/page/1497/,https://bricked.ai/discord,Other,56,28,false,false,false,2026-02-22,2026-04-01
0,Partners Archives - Page 1497 of 2400 - IndyStar | The Indianapolis Star,http://indystar.xpr-gannett.com/press-release/story/category/partners/page/1497/,https://bricked.ai/,Bricked AI,56,28,true,false,false,2026-02-22,2026-04-01
0,Partners Archives - Page 1497 of 2400 - IndyStar | The Indianapolis Star,http://indystar.xpr-gannett.com/press-release/story/category/partners/page/1497/,https://bricked.ai/,https://bricked.ai,56,28,true,false,false,2026-02-22,2026-04-01
0,Partners Archives - Page 1497 of 2400 - IndyStar | The Indianapolis Star,http://indystar.xpr-gannett.com/press-release/story/category/partners/page/1497/,https://bricked.ai/,real estate comping,56,28,true,false,false,2026-02-22,2026-04-01
0,Partners Archives - Page 279 of 1181 - IndyStar | The Indianapolis Star,http://indystar.xpr-gannett.com/press-release/story/category/partners/page/279/,https://bricked.ai/,real estate comping,80,28,true,false,false,2026-02-01,2026-03-07
0,Partners Archives - Page 279 of 1181 - IndyStar | The Indianapolis Star,http://indystar.xpr-gannett.com/press-release/story/category/partners/page/279/,https://bricked.ai/discord,Other,80,28,false,false,false,2026-02-01,2026-03-07
0,Partners Archives - Page 279 of 1181 - IndyStar | The Indianapolis Star,http://indystar.xpr-gannett.com/press-release/story/category/partners/page/279/,https://bricked.ai/,Bricked AI,80,28,true,false,false,2026-02-01,2026-03-07
0,Partners Archives - Page 279 of 1181 - IndyStar | The Indianapolis Star,http://indystar.xpr-gannett.com/press-release/story/category/partners/page/279/,https://bricked.ai/,https://bricked.ai,80,28,true,false,false,2026-02-01,2026-03-07
0,Partners Archives - Page 282 of 1184 - IndyStar | The Indianapolis Star,http://indystar.xpr-gannett.com/press-release/story/category/partners/page/282/,https://bricked.ai/discord,Other,80,28,false,false,false,2026-02-05,2026-03-06
0,Partners Archives - Page 282 of 1184 - IndyStar | The Indianapolis Star,http://indystar.xpr-gannett.com/press-release/story/category/partners/page/282/,https://bricked.ai/,Bricked AI,80,28,true,false,false,2026-02-05,2026-03-06
0,Partners Archives - Page 282 of 1184 - IndyStar | The Indianapolis Star,http://indystar.xpr-gannett.com/press-release/story/category/partners/page/282/,https://bricked.ai/,https://bricked.ai,80,28,true,false,false,2026-02-05,2026-03-06
0,Partners Archives - Page 282 of 1184 - IndyStar | The Indianapolis Star,http://indystar.xpr-gannett.com/press-release/story/category/partners/page/282/,https://bricked.ai/,real estate comping,80,28,true,false,false,2026-02-05,2026-03-06
0,Partners Archives - Page 291 of 1193 - IndyStar | The Indianapolis Star,http://indystar.xpr-gannett.com/press-release/story/category/partners/page/291/,https://bricked.ai/discord,Other,91,28,false,false,false,2026-02-08,2026-03-07
0,Partners Archives - Page 291 of 1193 - IndyStar | The Indianapolis Star,http://indystar.xpr-gannett.com/press-release/story/category/partners/page/291/,https://bricked.ai/,real estate comping,91,28,true,false,false,2026-02-08,2026-03-07
0,Partners Archives - Page 291 of 1193 - IndyStar | The Indianapolis Star,http://indystar.xpr-gannett.com/press-release/story/category/partners/page/291/,https://bricked.ai/,Bricked AI,91,28,true,false,false,2026-02-08,2026-03-07
0,Partners Archives - Page 291 of 1193 - IndyStar | The Indianapolis Star,http://indystar.xpr-gannett.com/press-release/story/category/partners/page/291/,https://bricked.ai/,https://bricked.ai,91,28,true,false,false,2026-02-08,2026-03-07
0,Partners Archives - Page 358 of 1260 - IndyStar | The Indianapolis Star,http://indystar.xpr-gannett.com/press-release/story/category/partners/page/358/,https://bricked.ai/discord,Other,97,28,false,false,false,2026-02-12,2026-04-05
0,Partners Archives - Page 358 of 1260 - IndyStar | The Indianapolis Star,http://indystar.xpr-gannett.com/press-release/story/category/partners/page/358/,https://bricked.ai/,Bricked AI,97,28,true,false,false,2026-02-12,2026-04-05
0,Partners Archives - Page 358 of 1260 - IndyStar | The Indianapolis Star,http://indystar.xpr-gannett.com/press-release/story/category/partners/page/358/,https://bricked.ai/,https://bricked.ai,97,28,true,false,false,2026-02-12,2026-04-05
0,Partners Archives - Page 358 of 1260 - IndyStar | The Indianapolis Star,http://indystar.xpr-gannett.com/press-release/story/category/partners/page/358/,https://bricked.ai/,real estate comping,97,28,true,false,false,2026-02-12,2026-04-05
0,Partners Archives - Page 378 of 1280 - IndyStar | The Indianapolis Star,http://indystar.xpr-gannett.com/press-release/story/category/partners/page/378/,https://bricked.ai/,Bricked AI,80,28,true,false,false,2026-02-12,2026-04-08
0,Partners Archives - Page 378 of 1280 - IndyStar | The Indianapolis Star,http://indystar.xpr-gannett.com/press-release/story/category/partners/page/378/,https://bricked.ai/,https://bricked.ai,80,28,true,false,false,2026-02-12,2026-04-08
0,Partners Archives - Page 378 of 1280 - IndyStar | The Indianapolis Star,http://indystar.xpr-gannett.com/press-release/story/category/partners/page/378/,https://bricked.ai/,real estate comping,80,28,true,false,false,2026-02-12,2026-04-08
0,Partners Archives - Page 378 of 1280 - IndyStar | The Indianapolis Star,http://indystar.xpr-gannett.com/press-release/story/category/partners/page/378/,https://bricked.ai/discord,Other,80,28,false,false,false,2026-02-12,2026-04-08
0,Press Releases Archives - Page 279 of 1037 - IndyStar | The Indianapolis Star,http://indystar.xpr-gannett.com/press-release/story/category/press-releases/page/279/,https://bricked.ai/,Bricked AI,80,28,true,false,false,2026-02-01,2026-04-09
0,Press Releases Archives - Page 279 of 1037 - IndyStar | The Indianapolis Star,http://indystar.xpr-gannett.com/press-release/story/category/press-releases/page/279/,https://bricked.ai/,https://bricked.ai,80,28,true,false,false,2026-02-01,2026-04-09
0,Press Releases Archives - Page 279 of 1037 - IndyStar | The Indianapolis Star,http://indystar.xpr-gannett.com/press-release/story/category/press-releases/page/279/,https://bricked.ai/,real estate comping,80,28,true,false,false,2026-02-01,2026-04-09
0,Press Releases Archives - Page 279 of 1037 - IndyStar | The Indianapolis Star,http://indystar.xpr-gannett.com/press-release/story/category/press-releases/page/279/,https://bricked.ai/discord,Other,80,28,false,false,false,2026-02-01,2026-04-09
0,Press Releases Archives - Page 380 of 1138 - IndyStar | The Indianapolis Star,http://indystar.xpr-gannett.com/press-release/story/category/press-releases/page/380/,https://bricked.ai/,Bricked AI,93,28,true,false,false,2026-02-12,2026-04-01
0,Press Releases Archives - Page 380 of 1138 - IndyStar | The Indianapolis Star,http://indystar.xpr-gannett.com/press-release/story/category/press-releases/page/380/,https://bricked.ai/,https://bricked.ai,93,28,true,false,false,2026-02-12,2026-04-01
0,Press Releases Archives - Page 380 of 1138 - IndyStar | The Indianapolis Star,http://indystar.xpr-gannett.com/press-release/story/category/press-releases/page/380/,https://bricked.ai/,real estate comping,93,28,true,false,false,2026-02-12,2026-04-01
0,Press Releases Archives - Page 380 of 1138 - IndyStar | The Indianapolis Star,http://indystar.xpr-gannett.com/press-release/story/category/press-releases/page/380/,https://bricked.ai/discord,Other,93,28,false,false,false,2026-02-12,2026-04-01
0,Press Releases Archives - Page 438 of 1197 - IndyStar | The Indianapolis Star,http://indystar.xpr-gannett.com/press-release/story/category/press-releases/page/438/,https://bricked.ai/discord,Other,56,28,false,false,false,2026-02-19,2026-05-05
0,Press Releases Archives - Page 438 of 1197 - IndyStar | The Indianapolis Star,http://indystar.xpr-gannett.com/press-release/story/category/press-releases/page/438/,https://bricked.ai/,Bricked AI,56,28,true,false,false,2026-02-19,2026-05-05
0,Press Releases Archives - Page 438 of 1197 - IndyStar | The Indianapolis Star,http://indystar.xpr-gannett.com/press-release/story/category/press-releases/page/438/,https://bricked.ai/,https://bricked.ai,56,28,true,false,false,2026-02-19,2026-05-05
0,Press Releases Archives - Page 438 of 1197 - IndyStar | The Indianapolis Star,http://indystar.xpr-gannett.com/press-release/story/category/press-releases/page/438/,https://bricked.ai/,real estate comping,56,28,true,false,false,2026-02-19,2026-05-05
0,Press Releases Archives - Page 51 of 809 - IndyStar | The Indianapolis Star,http://indystar.xpr-gannett.com/press-release/story/category/press-releases/page/51/,https://bricked.ai/discord,Other,91,28,false,false,false,2026-01-23,2026-04-08
0,Press Releases Archives - Page 51 of 809 - IndyStar | The Indianapolis Star,http://indystar.xpr-gannett.com/press-release/story/category/press-releases/page/51/,https://bricked.ai/,Bricked AI,91,28,true,false,false,2026-01-23,2026-04-08
0,Press Releases Archives - Page 51 of 809 - IndyStar | The Indianapolis Star,http://indystar.xpr-gannett.com/press-release/story/category/press-releases/page/51/,https://bricked.ai/,https://bricked.ai,91,28,true,false,false,2026-01-23,2026-04-08
0,Press Releases Archives - Page 51 of 809 - IndyStar | The Indianapolis Star,http://indystar.xpr-gannett.com/press-release/story/category/press-releases/page/51/,https://bricked.ai/,real estate comping,91,28,true,false,false,2026-01-23,2026-04-08
0,Business Archives - Page 263 of 1164 - Milwaukee Journal Sentinel,http://jsonline.xpr-gannett.com/press-release/story/category/business/page/263/,https://bricked.ai/,Bricked AI,55,28,true,false,false,2026-02-03,2026-03-05
0,Business Archives - Page 263 of 1164 - Milwaukee Journal Sentinel,http://jsonline.xpr-gannett.com/press-release/story/category/business/page/263/,https://bricked.ai/,https://bricked.ai,55,28,true,false,false,2026-02-03,2026-03-05
0,Business Archives - Page 263 of 1164 - Milwaukee Journal Sentinel,http://jsonline.xpr-gannett.com/press-release/story/category/business/page/263/,https://bricked.ai/,real estate comping,55,28,true,false,false,2026-02-03,2026-03-05
0,Business Archives - Page 263 of 1164 - Milwaukee Journal Sentinel,http://jsonline.xpr-gannett.com/press-release/story/category/business/page/263/,https://bricked.ai/discord,Other,55,28,false,false,false,2026-02-03,2026-03-05
0,Business Archives - Page 419 of 1320 - Milwaukee Journal Sentinel,http://jsonline.xpr-gannett.com/press-release/story/category/business/page/419/,https://bricked.ai/,Bricked AI,53,28,true,false,false,2026-02-13,2026-04-06
0,Business Archives - Page 419 of 1320 - Milwaukee Journal Sentinel,http://jsonline.xpr-gannett.com/press-release/story/category/business/page/419/,https://bricked.ai/,https://bricked.ai,53,28,true,false,false,2026-02-13,2026-04-06
0,Business Archives - Page 419 of 1320 - Milwaukee Journal Sentinel,http://jsonline.xpr-gannett.com/press-release/story/category/business/page/419/,https://bricked.ai/,real estate comping,53,28,true,false,false,2026-02-13,2026-04-06
0,Business Archives - Page 419 of 1320 - Milwaukee Journal Sentinel,http://jsonline.xpr-gannett.com/press-release/story/category/business/page/419/,https://bricked.ai/discord,Other,53,28,false,false,false,2026-02-13,2026-04-06
0,Channels Archives - Page 186 of 293 - Milwaukee Journal Sentinel,http://jsonline.xpr-gannett.com/press-release/story/category/channels/page/186/,https://bricked.ai/discord,Other,100,28,false,false,false,2026-02-19,2026-05-04
0,Channels Archives - Page 186 of 293 - Milwaukee Journal Sentinel,http://jsonline.xpr-gannett.com/press-release/story/category/channels/page/186/,https://bricked.ai/,Bricked AI,100,28,true,false,false,2026-02-19,2026-05-04
0,Channels Archives - Page 186 of 293 - Milwaukee Journal Sentinel,http://jsonline.xpr-gannett.com/press-release/story/category/channels/page/186/,https://bricked.ai/,https://bricked.ai,100,28,true,false,false,2026-02-19,2026-05-04
0,Channels Archives - Page 186 of 293 - Milwaukee Journal Sentinel,http://jsonline.xpr-gannett.com/press-release/story/category/channels/page/186/,https://bricked.ai/,real estate comping,100,28,true,false,false,2026-02-19,2026-05-04
0,Technology Archives - Page 94 of 175 - Milwaukee Journal Sentinel,http://jsonline.xpr-gannett.com/press-release/story/category/channels/technology/page/94/,https://bricked.ai/,Bricked AI,75,28,true,false,false,2026-02-14,2026-03-06
0,Technology Archives - Page 94 of 175 - Milwaukee Journal Sentinel,http://jsonline.xpr-gannett.com/press-release/story/category/channels/technology/page/94/,https://bricked.ai/,https://bricked.ai,75,28,true,false,false,2026-02-14,2026-03-06
0,Technology Archives - Page 94 of 175 - Milwaukee Journal Sentinel,http://jsonline.xpr-gannett.com/press-release/story/category/channels/technology/page/94/,https://bricked.ai/,real estate comping,75,28,true,false,false,2026-02-14,2026-03-06
0,Technology Archives - Page 94 of 175 - Milwaukee Journal Sentinel,http://jsonline.xpr-gannett.com/press-release/story/category/channels/technology/page/94/,https://bricked.ai/discord,Other,75,28,false,false,false,2026-02-14,2026-03-06
0,Partners Archives - Page 263 of 1164 - Milwaukee Journal Sentinel,http://jsonline.xpr-gannett.com/press-release/story/category/partners/page/263/,https://bricked.ai/,https://bricked.ai,53,28,true,false,false,2026-02-03,2026-03-05
0,Partners Archives - Page 263 of 1164 - Milwaukee Journal Sentinel,http://jsonline.xpr-gannett.com/press-release/story/category/partners/page/263/,https://bricked.ai/,real estate comping,53,28,true,false,false,2026-02-03,2026-03-05
0,Partners Archives - Page 263 of 1164 - Milwaukee Journal Sentinel,http://jsonline.xpr-gannett.com/press-release/story/category/partners/page/263/,https://bricked.ai/,Bricked AI,53,28,true,false,false,2026-02-03,2026-03-05
0,Partners Archives - Page 263 of 1164 - Milwaukee Journal Sentinel,http://jsonline.xpr-gannett.com/press-release/story/category/partners/page/263/,https://bricked.ai/discord,Other,53,28,false,false,false,2026-02-03,2026-03-05
0,Partners Archives - Page 264 of 1165 - Milwaukee Journal Sentinel,http://jsonline.xpr-gannett.com/press-release/story/category/partners/page/264/,https://bricked.ai/,Bricked AI,53,28,true,false,false,2026-02-05,2026-03-08
0,Partners Archives - Page 264 of 1165 - Milwaukee Journal Sentinel,http://jsonline.xpr-gannett.com/press-release/story/category/partners/page/264/,https://bricked.ai/,https://bricked.ai,53,28,true,false,false,2026-02-05,2026-03-08
0,Partners Archives - Page 264 of 1165 - Milwaukee Journal Sentinel,http://jsonline.xpr-gannett.com/press-release/story/category/partners/page/264/,https://bricked.ai/,real estate comping,53,28,true,false,false,2026-02-05,2026-03-08
0,Partners Archives - Page 264 of 1165 - Milwaukee Journal Sentinel,http://jsonline.xpr-gannett.com/press-release/story/category/partners/page/264/,https://bricked.ai/discord,Other,53,28,false,false,false,2026-02-05,2026-03-08
0,Partners Archives - Page 278 of 1179 - Milwaukee Journal Sentinel,http://jsonline.xpr-gannett.com/press-release/story/category/partners/page/278/,https://bricked.ai/discord,Other,53,28,false,false,false,2026-02-08,2026-03-04
0,Partners Archives - Page 278 of 1179 - Milwaukee Journal Sentinel,http://jsonline.xpr-gannett.com/press-release/story/category/partners/page/278/,https://bricked.ai/,Bricked AI,53,28,true,false,false,2026-02-08,2026-03-04
0,Partners Archives - Page 278 of 1179 - Milwaukee Journal Sentinel,http://jsonline.xpr-gannett.com/press-release/story/category/partners/page/278/,https://bricked.ai/,https://bricked.ai,53,28,true,false,false,2026-02-08,2026-03-04
0,Partners Archives - Page 278 of 1179 - Milwaukee Journal Sentinel,http://jsonline.xpr-gannett.com/press-release/story/category/partners/page/278/,https://bricked.ai/,real estate comping,53,28,true,false,false,2026-02-08,2026-03-04
0,Partners Archives - Page 292 of 1192 - Milwaukee Journal Sentinel,http://jsonline.xpr-gannett.com/press-release/story/category/partners/page/292/,https://bricked.ai/,Bricked AI,91,28,true,false,false,2026-02-11,2026-03-08
0,Partners Archives - Page 292 of 1192 - Milwaukee Journal Sentinel,http://jsonline.xpr-gannett.com/press-release/story/category/partners/page/292/,https://bricked.ai/,https://bricked.ai,91,28,true,false,false,2026-02-11,2026-03-08
0,Partners Archives - Page 292 of 1192 - Milwaukee Journal Sentinel,http://jsonline.xpr-gannett.com/press-release/story/category/partners/page/292/,https://bricked.ai/,real estate comping,91,28,true,false,false,2026-02-11,2026-03-08
0,Partners Archives - Page 292 of 1192 - Milwaukee Journal Sentinel,http://jsonline.xpr-gannett.com/press-release/story/category/partners/page/292/,https://bricked.ai/discord,Other,91,28,false,false,false,2026-02-11,2026-03-08
0,Partners Archives - Page 304 of 1204 - Milwaukee Journal Sentinel,http://jsonline.xpr-gannett.com/press-release/story/category/partners/page/304/,https://bricked.ai/discord,Other,91,28,false,false,false,2026-02-11,2026-03-08
0,Partners Archives - Page 304 of 1204 - Milwaukee Journal Sentinel,http://jsonline.xpr-gannett.com/press-release/story/category/partners/page/304/,https://bricked.ai/,Bricked AI,91,28,true,false,false,2026-02-11,2026-03-08
0,Partners Archives - Page 304 of 1204 - Milwaukee Journal Sentinel,http://jsonline.xpr-gannett.com/press-release/story/category/partners/page/304/,https://bricked.ai/,https://bricked.ai,91,28,true,false,false,2026-02-11,2026-03-08
0,Partners Archives - Page 304 of 1204 - Milwaukee Journal Sentinel,http://jsonline.xpr-gannett.com/press-release/story/category/partners/page/304/,https://bricked.ai/,real estate comping,91,28,true,false,false,2026-02-11,2026-03-08
0,Partners Archives - Page 618 of 1519 - Milwaukee Journal Sentinel,http://jsonline.xpr-gannett.com/press-release/story/category/partners/page/618/,https://bricked.ai/,real estate comping,53,28,true,false,false,2026-02-19,2026-03-06
0,Partners Archives - Page 618 of 1519 - Milwaukee Journal Sentinel,http://jsonline.xpr-gannett.com/press-release/story/category/partners/page/618/,https://bricked.ai/,Bricked AI,53,28,true,false,false,2026-02-19,2026-03-06
0,Partners Archives - Page 618 of 1519 - Milwaukee Journal Sentinel,http://jsonline.xpr-gannett.com/press-release/story/category/partners/page/618/,https://bricked.ai/,https://bricked.ai,53,28,true,false,false,2026-02-19,2026-03-06
0,Partners Archives - Page 618 of 1519 - Milwaukee Journal Sentinel,http://jsonline.xpr-gannett.com/press-release/story/category/partners/page/618/,https://bricked.ai/discord,Other,53,28,false,false,false,2026-02-19,2026-03-06
0,Press Releases Archives - Page 272 of 1027 - Milwaukee Journal Sentinel,http://jsonline.xpr-gannett.com/press-release/story/category/press-releases/page/272/,https://bricked.ai/,Bricked AI,91,28,true,false,false,2026-02-06,2026-04-08
0,Press Releases Archives - Page 272 of 1027 - Milwaukee Journal Sentinel,http://jsonline.xpr-gannett.com/press-release/story/category/press-releases/page/272/,https://bricked.ai/,https://bricked.ai,91,28,true,false,false,2026-02-06,2026-04-08
0,Press Releases Archives - Page 272 of 1027 - Milwaukee Journal Sentinel,http://jsonline.xpr-gannett.com/press-release/story/category/press-releases/page/272/,https://bricked.ai/,real estate comping,91,28,true,false,false,2026-02-06,2026-04-08
0,Press Releases Archives - Page 272 of 1027 - Milwaukee Journal Sentinel,http://jsonline.xpr-gannett.com/press-release/story/category/press-releases/page/272/,https://bricked.ai/discord,Other,91,28,false,false,false,2026-02-06,2026-04-08
0,Press Releases Archives - Page 278 of 1034 - Milwaukee Journal Sentinel,http://jsonline.xpr-gannett.com/press-release/story/category/press-releases/page/278/,https://bricked.ai/discord,Other,59,28,false,false,false,2026-02-08,2026-03-08
0,Press Releases Archives - Page 278 of 1034 - Milwaukee Journal Sentinel,http://jsonline.xpr-gannett.com/press-release/story/category/press-releases/page/278/,https://bricked.ai/,real estate comping,59,28,true,false,false,2026-02-08,2026-03-08
0,Press Releases Archives - Page 278 of 1034 - Milwaukee Journal Sentinel,http://jsonline.xpr-gannett.com/press-release/story/category/press-releases/page/278/,https://bricked.ai/,https://bricked.ai,59,28,true,false,false,2026-02-08,2026-03-08
0,Press Releases Archives - Page 278 of 1034 - Milwaukee Journal Sentinel,http://jsonline.xpr-gannett.com/press-release/story/category/press-releases/page/278/,https://bricked.ai/,Bricked AI,59,28,true,false,false,2026-02-08,2026-03-08
0,Press Releases Archives - Page 419 of 1175 - Milwaukee Journal Sentinel,http://jsonline.xpr-gannett.com/press-release/story/category/press-releases/page/419/,https://bricked.ai/,real estate comping,53,28,true,false,false,2026-02-14,2026-03-05
0,Press Releases Archives - Page 419 of 1175 - Milwaukee Journal Sentinel,http://jsonline.xpr-gannett.com/press-release/story/category/press-releases/page/419/,https://bricked.ai/,https://bricked.ai,53,28,true,false,false,2026-02-14,2026-03-05
0,Press Releases Archives - Page 419 of 1175 - Milwaukee Journal Sentinel,http://jsonline.xpr-gannett.com/press-release/story/category/press-releases/page/419/,https://bricked.ai/,Bricked AI,53,28,true,false,false,2026-02-14,2026-03-05
0,Press Releases Archives - Page 419 of 1175 - Milwaukee Journal Sentinel,http://jsonline.xpr-gannett.com/press-release/story/category/press-releases/page/419/,https://bricked.ai/discord,Other,53,28,false,false,false,2026-02-14,2026-03-05
0,Press Releases Archives - Page 544 of 1299 - Milwaukee Journal Sentinel,http://jsonline.xpr-gannett.com/press-release/story/category/press-releases/page/544/,https://bricked.ai/,Bricked AI,91,28,true,false,false,2026-02-16,2026-03-08
0,Press Releases Archives - Page 544 of 1299 - Milwaukee Journal Sentinel,http://jsonline.xpr-gannett.com/press-release/story/category/press-releases/page/544/,https://bricked.ai/,https://bricked.ai,91,28,true,false,false,2026-02-16,2026-03-08
0,Press Releases Archives - Page 544 of 1299 - Milwaukee Journal Sentinel,http://jsonline.xpr-gannett.com/press-release/story/category/press-releases/page/544/,https://bricked.ai/,real estate comping,91,28,true,false,false,2026-02-16,2026-03-08
0,Press Releases Archives - Page 544 of 1299 - Milwaukee Journal Sentinel,http://jsonline.xpr-gannett.com/press-release/story/category/press-releases/page/544/,https://bricked.ai/discord,Other,91,28,false,false,false,2026-02-16,2026-03-08
0,🏆🏆Boost your Google rankings with Premium PBN & Link Building🏆🏆,http://kernelpanicpodcast.com/all/493/11.html,https://bricked.ai/,High Quality Dofollow Backlinks DA 50 PA 40 Premium PBN Network Service bricked.ai Rank First Page Google Fast SEO Link Building Buy Backlinks Online Cheap,3000,12,false,false,false,2026-09-02,2026-09-21
0,🏆🏆Boost your Google rankings with Premium PBN & Link Building🏆🏆,http://kkinsider.com/all/493/11.html,https://bricked.ai/,High Quality Dofollow Backlinks DA 50 PA 40 Premium PBN Network Service bricked.ai Rank First Page Google Fast SEO Link Building Buy Backlinks Online Cheap,3000,12,false,false,false,2026-09-01,2026-09-01
0,Business Archives - Page 1499 of 2398 - Knox News | The Knoxville News-Sentinel,http://knoxnews.xpr-gannett.com/press-release/story/category/business/page/1499/,https://bricked.ai/,https://bricked.ai,97,28,true,false,false,2026-02-22,2026-04-04
0,Business Archives - Page 1499 of 2398 - Knox News | The Knoxville News-Sentinel,http://knoxnews.xpr-gannett.com/press-release/story/category/business/page/1499/,https://bricked.ai/,real estate comping,97,28,true,false,false,2026-02-22,2026-04-04
0,Business Archives - Page 1499 of 2398 - Knox News | The Knoxville News-Sentinel,http://knoxnews.xpr-gannett.com/press-release/story/category/business/page/1499/,https://bricked.ai/,Bricked AI,97,28,true,false,false,2026-02-22,2026-04-04
0,Business Archives - Page 1499 of 2398 - Knox News | The Knoxville News-Sentinel,http://knoxnews.xpr-gannett.com/press-release/story/category/business/page/1499/,https://bricked.ai/discord,Other,97,28,false,false,false,2026-02-22,2026-04-04
0,Business Archives - Page 1501 of 2401 - Knox News | The Knoxville News-Sentinel,http://knoxnews.xpr-gannett.com/press-release/story/category/business/page/1501/,https://bricked.ai/,Bricked AI,56,28,true,false,false,2026-02-22,2026-04-08
0,Business Archives - Page 1501 of 2401 - Knox News | The Knoxville News-Sentinel,http://knoxnews.xpr-gannett.com/press-release/story/category/business/page/1501/,https://bricked.ai/,https://bricked.ai,56,28,true,false,false,2026-02-22,2026-04-08
0,Business Archives - Page 1501 of 2401 - Knox News | The Knoxville News-Sentinel,http://knoxnews.xpr-gannett.com/press-release/story/category/business/page/1501/,https://bricked.ai/,real estate comping,56,28,true,false,false,2026-02-22,2026-04-08
0,Business Archives - Page 1501 of 2401 - Knox News | The Knoxville News-Sentinel,http://knoxnews.xpr-gannett.com/press-release/story/category/business/page/1501/,https://bricked.ai/discord,Other,56,28,false,false,false,2026-02-22,2026-04-08
0,Channels Archives - Page 139 of 247 - Knox News | The Knoxville News-Sentinel,http://knoxnews.xpr-gannett.com/press-release/story/category/channels/page/139/,https://bricked.ai/,https://bricked.ai,89,28,true,false,false,2026-02-06,2026-03-07
0,Channels Archives - Page 139 of 247 - Knox News | The Knoxville News-Sentinel,http://knoxnews.xpr-gannett.com/press-release/story/category/channels/page/139/,https://bricked.ai/,real estate comping,89,28,true,false,false,2026-02-06,2026-03-07
0,Channels Archives - Page 139 of 247 - Knox News | The Knoxville News-Sentinel,http://knoxnews.xpr-gannett.com/press-release/story/category/channels/page/139/,https://bricked.ai/,Bricked AI,89,28,true,false,false,2026-02-06,2026-03-07
0,Channels Archives - Page 139 of 247 - Knox News | The Knoxville News-Sentinel,http://knoxnews.xpr-gannett.com/press-release/story/category/channels/page/139/,https://bricked.ai/discord,Other,89,28,false,false,false,2026-02-06,2026-03-07
0,Channels Archives - Page 148 of 255 - Knox News | The Knoxville News-Sentinel,http://knoxnews.xpr-gannett.com/press-release/story/category/channels/page/148/,https://bricked.ai/,Bricked AI,106,28,true,false,false,2026-02-08,2026-03-05
0,Channels Archives - Page 148 of 255 - Knox News | The Knoxville News-Sentinel,http://knoxnews.xpr-gannett.com/press-release/story/category/channels/page/148/,https://bricked.ai/,https://bricked.ai,106,28,true,false,false,2026-02-08,2026-03-05
0,Channels Archives - Page 148 of 255 - Knox News | The Knoxville News-Sentinel,http://knoxnews.xpr-gannett.com/press-release/story/category/channels/page/148/,https://bricked.ai/,real estate comping,106,28,true,false,false,2026-02-08,2026-03-05
0,Channels Archives - Page 148 of 255 - Knox News | The Knoxville News-Sentinel,http://knoxnews.xpr-gannett.com/press-release/story/category/channels/page/148/,https://bricked.ai/discord,Other,106,28,false,false,false,2026-02-08,2026-03-05
0,Channels Archives - Page 163 of 270 - Knox News | The Knoxville News-Sentinel,http://knoxnews.xpr-gannett.com/press-release/story/category/channels/page/163/,https://bricked.ai/,Bricked AI,101,28,true,false,false,2026-02-14,2026-05-03
0,Channels Archives - Page 163 of 270 - Knox News | The Knoxville News-Sentinel,http://knoxnews.xpr-gannett.com/press-release/story/category/channels/page/163/,https://bricked.ai/,https://bricked.ai,101,28,true,false,false,2026-02-14,2026-05-03
0,Channels Archives - Page 163 of 270 - Knox News | The Knoxville News-Sentinel,http://knoxnews.xpr-gannett.com/press-release/story/category/channels/page/163/,https://bricked.ai/,real estate comping,101,28,true,false,false,2026-02-14,2026-05-03
0,Channels Archives - Page 163 of 270 - Knox News | The Knoxville News-Sentinel,http://knoxnews.xpr-gannett.com/press-release/story/category/channels/page/163/,https://bricked.ai/discord,Other,101,28,false,false,false,2026-02-14,2026-05-03
0,Technology Archives - Page 112 of 193 - Knox News | The Knoxville News-Sentinel,http://knoxnews.xpr-gannett.com/press-release/story/category/channels/technology/page/112/,https://bricked.ai/,Bricked AI,85,28,true,false,false,2026-02-08,2026-03-07
0,Technology Archives - Page 112 of 193 - Knox News | The Knoxville News-Sentinel,http://knoxnews.xpr-gannett.com/press-release/story/category/channels/technology/page/112/,https://bricked.ai/,https://bricked.ai,85,28,true,false,false,2026-02-08,2026-03-07
0,Technology Archives - Page 112 of 193 - Knox News | The Knoxville News-Sentinel,http://knoxnews.xpr-gannett.com/press-release/story/category/channels/technology/page/112/,https://bricked.ai/,real estate comping,85,28,true,false,false,2026-02-08,2026-03-07
0,Technology Archives - Page 112 of 193 - Knox News | The Knoxville News-Sentinel,http://knoxnews.xpr-gannett.com/press-release/story/category/channels/technology/page/112/,https://bricked.ai/discord,Other,85,28,false,false,false,2026-02-08,2026-03-07
0,Technology Archives - Page 150 of 230 - Knox News | The Knoxville News-Sentinel,http://knoxnews.xpr-gannett.com/press-release/story/category/channels/technology/page/150/,https://bricked.ai/,Bricked AI,80,28,true,false,false,2026-02-19,2026-04-03
0,Technology Archives - Page 150 of 230 - Knox News | The Knoxville News-Sentinel,http://knoxnews.xpr-gannett.com/press-release/story/category/channels/technology/page/150/,https://bricked.ai/,https://bricked.ai,80,28,true,false,false,2026-02-19,2026-04-03
0,Technology Archives - Page 150 of 230 - Knox News | The Knoxville News-Sentinel,http://knoxnews.xpr-gannett.com/press-release/story/category/channels/technology/page/150/,https://bricked.ai/,real estate comping,80,28,true,false,false,2026-02-19,2026-04-03
0,Technology Archives - Page 150 of 230 - Knox News | The Knoxville News-Sentinel,http://knoxnews.xpr-gannett.com/press-release/story/category/channels/technology/page/150/,https://bricked.ai/discord,Other,80,28,false,false,false,2026-02-19,2026-04-03
0,Partners Archives - Page 1500 of 2399 - Knox News | The Knoxville News-Sentinel,http://knoxnews.xpr-gannett.com/press-release/story/category/partners/page/1500/,https://bricked.ai/,Bricked AI,90,28,true,false,false,2026-02-22,2026-04-04
0,Partners Archives - Page 1500 of 2399 - Knox News | The Knoxville News-Sentinel,http://knoxnews.xpr-gannett.com/press-release/story/category/partners/page/1500/,https://bricked.ai/,https://bricked.ai,90,28,true,false,false,2026-02-22,2026-04-04
0,Partners Archives - Page 1500 of 2399 - Knox News | The Knoxville News-Sentinel,http://knoxnews.xpr-gannett.com/press-release/story/category/partners/page/1500/,https://bricked.ai/,real estate comping,90,28,true,false,false,2026-02-22,2026-04-04
0,Partners Archives - Page 1500 of 2399 - Knox News | The Knoxville News-Sentinel,http://knoxnews.xpr-gannett.com/press-release/story/category/partners/page/1500/,https://bricked.ai/discord,Other,90,28,false,false,false,2026-02-22,2026-04-04
0,Partners Archives - Page 1502 of 2401 - Knox News | The Knoxville News-Sentinel,http://knoxnews.xpr-gannett.com/press-release/story/category/partners/page/1502/,https://bricked.ai/discord,Other,84,28,false,false,false,2026-02-22,2026-04-05
0,Partners Archives - Page 1502 of 2401 - Knox News | The Knoxville News-Sentinel,http://knoxnews.xpr-gannett.com/press-release/story/category/partners/page/1502/,https://bricked.ai/,Bricked AI,84,28,true,false,false,2026-02-22,2026-04-05
0,Partners Archives - Page 1502 of 2401 - Knox News | The Knoxville News-Sentinel,http://knoxnews.xpr-gannett.com/press-release/story/category/partners/page/1502/,https://bricked.ai/,real estate comping,84,28,true,false,false,2026-02-22,2026-04-05
0,Partners Archives - Page 1502 of 2401 - Knox News | The Knoxville News-Sentinel,http://knoxnews.xpr-gannett.com/press-release/story/category/partners/page/1502/,https://bricked.ai/,https://bricked.ai,84,28,true,false,false,2026-02-22,2026-04-05
0,Partners Archives - Page 459 of 1358 - Knox News | The Knoxville News-Sentinel,http://knoxnews.xpr-gannett.com/press-release/story/category/partners/page/459/,https://bricked.ai/,Bricked AI,83,28,true,false,false,2026-02-06,2026-04-05
0,Partners Archives - Page 459 of 1358 - Knox News | The Knoxville News-Sentinel,http://knoxnews.xpr-gannett.com/press-release/story/category/partners/page/459/,https://bricked.ai/,https://bricked.ai,83,28,true,false,false,2026-02-06,2026-04-05
0,Partners Archives - Page 459 of 1358 - Knox News | The Knoxville News-Sentinel,http://knoxnews.xpr-gannett.com/press-release/story/category/partners/page/459/,https://bricked.ai/,real estate comping,83,28,true,false,false,2026-02-06,2026-04-05
0,Partners Archives - Page 459 of 1358 - Knox News | The Knoxville News-Sentinel,http://knoxnews.xpr-gannett.com/press-release/story/category/partners/page/459/,https://bricked.ai/discord,Other,83,28,false,false,false,2026-02-06,2026-04-05
0,Partners Archives - Page 540 of 1439 - Knox News | The Knoxville News-Sentinel,http://knoxnews.xpr-gannett.com/press-release/story/category/partners/page/540/,https://bricked.ai/discord,Other,87,28,false,false,false,2026-02-16,2026-03-08
0,Partners Archives - Page 540 of 1439 - Knox News | The Knoxville News-Sentinel,http://knoxnews.xpr-gannett.com/press-release/story/category/partners/page/540/,https://bricked.ai/,Bricked AI,87,28,true,false,false,2026-02-16,2026-03-08
0,Partners Archives - Page 540 of 1439 - Knox News | The Knoxville News-Sentinel,http://knoxnews.xpr-gannett.com/press-release/story/category/partners/page/540/,https://bricked.ai/,https://bricked.ai,87,28,true,false,false,2026-02-16,2026-03-08
0,Partners Archives - Page 540 of 1439 - Knox News | The Knoxville News-Sentinel,http://knoxnews.xpr-gannett.com/press-release/story/category/partners/page/540/,https://bricked.ai/,real estate comping,87,28,true,false,false,2026-02-16,2026-03-08
0,Partners Archives - Page 642 of 1542 - Knox News | The Knoxville News-Sentinel,http://knoxnews.xpr-gannett.com/press-release/story/category/partners/page/642/,https://bricked.ai/,Bricked AI,56,28,true,false,false,2026-02-19,2026-04-07
0,Partners Archives - Page 642 of 1542 - Knox News | The Knoxville News-Sentinel,http://knoxnews.xpr-gannett.com/press-release/story/category/partners/page/642/,https://bricked.ai/,https://bricked.ai,56,28,true,false,false,2026-02-19,2026-04-07
0,Partners Archives - Page 642 of 1542 - Knox News | The Knoxville News-Sentinel,http://knoxnews.xpr-gannett.com/press-release/story/category/partners/page/642/,https://bricked.ai/,real estate comping,56,28,true,false,false,2026-02-19,2026-04-07
0,Partners Archives - Page 642 of 1542 - Knox News | The Knoxville News-Sentinel,http://knoxnews.xpr-gannett.com/press-release/story/category/partners/page/642/,https://bricked.ai/discord,Other,56,28,false,false,false,2026-02-19,2026-04-07
0,Press Releases Archives - Page 451 of 1206 - Knox News | The Knoxville News-Sentinel,http://knoxnews.xpr-gannett.com/press-release/story/category/press-releases/page/451/,https://bricked.ai/discord,Other,97,28,false,false,false,2026-01-31,2026-04-05
0,Press Releases Archives - Page 451 of 1206 - Knox News | The Knoxville News-Sentinel,http://knoxnews.xpr-gannett.com/press-release/story/category/press-releases/page/451/,https://bricked.ai/,Bricked AI,97,28,true,false,false,2026-01-31,2026-04-05
0,Press Releases Archives - Page 451 of 1206 - Knox News | The Knoxville News-Sentinel,http://knoxnews.xpr-gannett.com/press-release/story/category/press-releases/page/451/,https://bricked.ai/,https://bricked.ai,97,28,true,false,false,2026-01-31,2026-04-05
0,Press Releases Archives - Page 451 of 1206 - Knox News | The Knoxville News-Sentinel,http://knoxnews.xpr-gannett.com/press-release/story/category/press-releases/page/451/,https://bricked.ai/,real estate comping,97,28,true,false,false,2026-01-31,2026-04-05
0,Press Releases Archives - Page 539 of 1295 - Knox News | The Knoxville News-Sentinel,http://knoxnews.xpr-gannett.com/press-release/story/category/press-releases/page/539/,https://bricked.ai/discord,Other,58,28,false,false,false,2026-02-14,2026-05-05
0,Press Releases Archives - Page 539 of 1295 - Knox News | The Knoxville News-Sentinel,http://knoxnews.xpr-gannett.com/press-release/story/category/press-releases/page/539/,https://bricked.ai/,Bricked AI,58,28,true,false,false,2026-02-14,2026-05-05
0,Press Releases Archives - Page 539 of 1295 - Knox News | The Knoxville News-Sentinel,http://knoxnews.xpr-gannett.com/press-release/story/category/press-releases/page/539/,https://bricked.ai/,https://bricked.ai,58,28,true,false,false,2026-02-14,2026-05-05
0,Press Releases Archives - Page 539 of 1295 - Knox News | The Knoxville News-Sentinel,http://knoxnews.xpr-gannett.com/press-release/story/category/press-releases/page/539/,https://bricked.ai/,real estate comping,58,28,true,false,false,2026-02-14,2026-05-05
0,Channels Archives - Page 163 of 266 - Lebanon Daily News,http://ldnews.xpr-gannett.com/press-release/story/category/channels/page/163/,https://bricked.ai/,Bricked AI,94,28,true,false,false,2026-02-03,2026-03-05
0,Channels Archives - Page 163 of 266 - Lebanon Daily News,http://ldnews.xpr-gannett.com/press-release/story/category/channels/page/163/,https://bricked.ai/,https://bricked.ai,94,28,true,false,false,2026-02-03,2026-03-05
0,Channels Archives - Page 163 of 266 - Lebanon Daily News,http://ldnews.xpr-gannett.com/press-release/story/category/channels/page/163/,https://bricked.ai/,real estate comping,94,28,true,false,false,2026-02-03,2026-03-05
0,Channels Archives - Page 163 of 266 - Lebanon Daily News,http://ldnews.xpr-gannett.com/press-release/story/category/channels/page/163/,https://bricked.ai/discord,Other,94,28,false,false,false,2026-02-03,2026-03-05
0,Channels Archives - Page 164 of 267 - Lebanon Daily News,http://ldnews.xpr-gannett.com/press-release/story/category/channels/page/164/,https://bricked.ai/,Bricked AI,95,28,true,false,false,2026-02-06,2026-04-06
0,Channels Archives - Page 164 of 267 - Lebanon Daily News,http://ldnews.xpr-gannett.com/press-release/story/category/channels/page/164/,https://bricked.ai/,https://bricked.ai,95,28,true,false,false,2026-02-06,2026-04-06
0,Channels Archives - Page 164 of 267 - Lebanon Daily News,http://ldnews.xpr-gannett.com/press-release/story/category/channels/page/164/,https://bricked.ai/,real estate comping,95,28,true,false,false,2026-02-06,2026-04-06
0,Channels Archives - Page 164 of 267 - Lebanon Daily News,http://ldnews.xpr-gannett.com/press-release/story/category/channels/page/164/,https://bricked.ai/discord,Other,95,28,false,false,false,2026-02-06,2026-04-06
0,Channels Archives - Page 165 of 268 - Lebanon Daily News,http://ldnews.xpr-gannett.com/press-release/story/category/channels/page/165/,https://bricked.ai/discord,Other,91,28,false,false,false,2026-02-08,2026-04-06
0,Channels Archives - Page 165 of 268 - Lebanon Daily News,http://ldnews.xpr-gannett.com/press-release/story/category/channels/page/165/,https://bricked.ai/,real estate comping,91,28,true,false,false,2026-02-08,2026-04-06
0,Channels Archives - Page 165 of 268 - Lebanon Daily News,http://ldnews.xpr-gannett.com/press-release/story/category/channels/page/165/,https://bricked.ai/,Bricked AI,91,28,true,false,false,2026-02-08,2026-04-06
0,Channels Archives - Page 165 of 268 - Lebanon Daily News,http://ldnews.xpr-gannett.com/press-release/story/category/channels/page/165/,https://bricked.ai/,https://bricked.ai,91,28,true,false,false,2026-02-08,2026-04-06
0,Channels Archives - Page 450 of 553 - Lebanon Daily News,http://ldnews.xpr-gannett.com/press-release/story/category/channels/page/450/,https://bricked.ai/,real estate comping,91,28,true,false,false,2026-02-22,2026-04-05
0,Channels Archives - Page 450 of 553 - Lebanon Daily News,http://ldnews.xpr-gannett.com/press-release/story/category/channels/page/450/,https://bricked.ai/,https://bricked.ai,91,28,true,false,false,2026-02-22,2026-04-05
0,Channels Archives - Page 450 of 553 - Lebanon Daily News,http://ldnews.xpr-gannett.com/press-release/story/category/channels/page/450/,https://bricked.ai/,Bricked AI,91,28,true,false,false,2026-02-22,2026-04-05
0,Channels Archives - Page 450 of 553 - Lebanon Daily News,http://ldnews.xpr-gannett.com/press-release/story/category/channels/page/450/,https://bricked.ai/discord,Other,91,28,false,false,false,2026-02-22,2026-04-05
0,Technology Archives - Page 126 of 206 - Lebanon Daily News,http://ldnews.xpr-gannett.com/press-release/story/category/channels/technology/page/126/,https://bricked.ai/discord,Other,85,28,false,false,false,2026-02-03,2026-04-06
0,Technology Archives - Page 126 of 206 - Lebanon Daily News,http://ldnews.xpr-gannett.com/press-release/story/category/channels/technology/page/126/,https://bricked.ai/,Bricked AI,85,28,true,false,false,2026-02-03,2026-04-06
0,Technology Archives - Page 126 of 206 - Lebanon Daily News,http://ldnews.xpr-gannett.com/press-release/story/category/channels/technology/page/126/,https://bricked.ai/,https://bricked.ai,85,28,true,false,false,2026-02-03,2026-04-06
0,Technology Archives - Page 126 of 206 - Lebanon Daily News,http://ldnews.xpr-gannett.com/press-release/story/category/channels/technology/page/126/,https://bricked.ai/,real estate comping,85,28,true,false,false,2026-02-03,2026-04-06
0,Technology Archives - Page 127 of 207 - Lebanon Daily News,http://ldnews.xpr-gannett.com/press-release/story/category/channels/technology/page/127/,https://bricked.ai/,Bricked AI,87,28,true,false,false,2026-02-08,2026-05-05
0,Technology Archives - Page 127 of 207 - Lebanon Daily News,http://ldnews.xpr-gannett.com/press-release/story/category/channels/technology/page/127/,https://bricked.ai/,https://bricked.ai,87,28,true,false,false,2026-02-08,2026-05-05
0,Technology Archives - Page 127 of 207 - Lebanon Daily News,http://ldnews.xpr-gannett.com/press-release/story/category/channels/technology/page/127/,https://bricked.ai/,real estate comping,87,28,true,false,false,2026-02-08,2026-05-05
0,Technology Archives - Page 127 of 207 - Lebanon Daily News,http://ldnews.xpr-gannett.com/press-release/story/category/channels/technology/page/127/,https://bricked.ai/discord,Other,87,28,false,false,false,2026-02-08,2026-05-05
0,Partners Archives - Page 490 of 803 - Lebanon Daily News,http://ldnews.xpr-gannett.com/press-release/story/category/partners/page/490/,https://bricked.ai/discord,Other,87,28,false,false,false,2026-02-08,2026-03-09
0,Partners Archives - Page 490 of 803 - Lebanon Daily News,http://ldnews.xpr-gannett.com/press-release/story/category/partners/page/490/,https://bricked.ai/,Bricked AI,87,28,true,false,false,2026-02-08,2026-03-09
0,Partners Archives - Page 490 of 803 - Lebanon Daily News,http://ldnews.xpr-gannett.com/press-release/story/category/partners/page/490/,https://bricked.ai/,real estate comping,87,28,true,false,false,2026-02-08,2026-03-09
0,Partners Archives - Page 490 of 803 - Lebanon Daily News,http://ldnews.xpr-gannett.com/press-release/story/category/partners/page/490/,https://bricked.ai/,https://bricked.ai,87,28,true,false,false,2026-02-08,2026-03-09
0,Partners Archives - Page 496 of 810 - Lebanon Daily News,http://ldnews.xpr-gannett.com/press-release/story/category/partners/page/496/,https://bricked.ai/discord,Other,57,28,false,false,false,2026-02-11,2026-04-04
0,Partners Archives - Page 496 of 810 - Lebanon Daily News,http://ldnews.xpr-gannett.com/press-release/story/category/partners/page/496/,https://bricked.ai/,Bricked AI,57,28,true,false,false,2026-02-11,2026-04-04
0,Partners Archives - Page 496 of 810 - Lebanon Daily News,http://ldnews.xpr-gannett.com/press-release/story/category/partners/page/496/,https://bricked.ai/,https://bricked.ai,57,28,true,false,false,2026-02-11,2026-04-04
0,Partners Archives - Page 496 of 810 - Lebanon Daily News,http://ldnews.xpr-gannett.com/press-release/story/category/partners/page/496/,https://bricked.ai/,real estate comping,57,28,true,false,false,2026-02-11,2026-04-04
0,Partners Archives - Page 497 of 810 - Lebanon Daily News,http://ldnews.xpr-gannett.com/press-release/story/category/partners/page/497/,https://bricked.ai/discord,Other,86,28,false,false,false,2026-02-11,2026-04-06
0,Partners Archives - Page 497 of 810 - Lebanon Daily News,http://ldnews.xpr-gannett.com/press-release/story/category/partners/page/497/,https://bricked.ai/,Bricked AI,86,28,true,false,false,2026-02-11,2026-04-06
0,Partners Archives - Page 497 of 810 - Lebanon Daily News,http://ldnews.xpr-gannett.com/press-release/story/category/partners/page/497/,https://bricked.ai/,https://bricked.ai,86,28,true,false,false,2026-02-11,2026-04-06
0,Partners Archives - Page 497 of 810 - Lebanon Daily News,http://ldnews.xpr-gannett.com/press-release/story/category/partners/page/497/,https://bricked.ai/,real estate comping,86,28,true,false,false,2026-02-11,2026-04-06
0,Press Releases Archives - Page 1023 of 1829 - Lebanon Daily News,http://ldnews.xpr-gannett.com/press-release/story/category/press-releases/page/1023/,https://bricked.ai/discord,Other,87,28,false,false,false,2026-02-19,2026-05-04
0,Press Releases Archives - Page 1023 of 1829 - Lebanon Daily News,http://ldnews.xpr-gannett.com/press-release/story/category/press-releases/page/1023/,https://bricked.ai/,real estate comping,87,28,true,false,false,2026-02-19,2026-05-04
0,Press Releases Archives - Page 1023 of 1829 - Lebanon Daily News,http://ldnews.xpr-gannett.com/press-release/story/category/press-releases/page/1023/,https://bricked.ai/,Bricked AI,87,28,true,false,false,2026-02-19,2026-05-04
0,Press Releases Archives - Page 1023 of 1829 - Lebanon Daily News,http://ldnews.xpr-gannett.com/press-release/story/category/press-releases/page/1023/,https://bricked.ai/,https://bricked.ai,87,28,true,false,false,2026-02-19,2026-05-04
0,Press Releases Archives - Page 548 of 1354 - Lebanon Daily News,http://ldnews.xpr-gannett.com/press-release/story/category/press-releases/page/548/,https://bricked.ai/,https://bricked.ai,83,28,true,false,false,2026-02-08,2026-03-05
0,Press Releases Archives - Page 548 of 1354 - Lebanon Daily News,http://ldnews.xpr-gannett.com/press-release/story/category/press-releases/page/548/,https://bricked.ai/,real estate comping,83,28,true,false,false,2026-02-08,2026-03-05
0,Press Releases Archives - Page 548 of 1354 - Lebanon Daily News,http://ldnews.xpr-gannett.com/press-release/story/category/press-releases/page/548/,https://bricked.ai/,Bricked AI,83,28,true,false,false,2026-02-08,2026-03-05
0,Press Releases Archives - Page 548 of 1354 - Lebanon Daily News,http://ldnews.xpr-gannett.com/press-release/story/category/press-releases/page/548/,https://bricked.ai/discord,Other,83,28,false,false,false,2026-02-08,2026-03-05
0,Technology Archives - Page 181 of 261 - Livingston Daily | Daily Press & Argus,http://livingstondaily.xpr-gannett.com/press-release/story/category/channels/technology/page/181/,https://bricked.ai/discord,Other,44,28,false,false,false,2026-02-16,2026-03-05
0,Technology Archives - Page 181 of 261 - Livingston Daily | Daily Press & Argus,http://livingstondaily.xpr-gannett.com/press-release/story/category/channels/technology/page/181/,https://bricked.ai/,Bricked AI,44,28,true,false,false,2026-02-16,2026-03-05
0,Technology Archives - Page 181 of 261 - Livingston Daily | Daily Press & Argus,http://livingstondaily.xpr-gannett.com/press-release/story/category/channels/technology/page/181/,https://bricked.ai/,https://bricked.ai,44,28,true,false,false,2026-02-16,2026-03-05
0,Technology Archives - Page 181 of 261 - Livingston Daily | Daily Press & Argus,http://livingstondaily.xpr-gannett.com/press-release/story/category/channels/technology/page/181/,https://bricked.ai/,real estate comping,44,28,true,false,false,2026-02-16,2026-03-05
0,Technology Archives - Page 79 of 159 - Livingston Daily | Daily Press & Argus,http://livingstondaily.xpr-gannett.com/press-release/story/category/channels/technology/page/79/,https://bricked.ai/,Bricked AI,44,28,true,false,false,2026-01-31,2026-03-06
0,Technology Archives - Page 79 of 159 - Livingston Daily | Daily Press & Argus,http://livingstondaily.xpr-gannett.com/press-release/story/category/channels/technology/page/79/,https://bricked.ai/,https://bricked.ai,44,28,true,false,false,2026-01-31,2026-03-06
0,Technology Archives - Page 79 of 159 - Livingston Daily | Daily Press & Argus,http://livingstondaily.xpr-gannett.com/press-release/story/category/channels/technology/page/79/,https://bricked.ai/,real estate comping,44,28,true,false,false,2026-01-31,2026-03-06
0,Technology Archives - Page 79 of 159 - Livingston Daily | Daily Press & Argus,http://livingstondaily.xpr-gannett.com/press-release/story/category/channels/technology/page/79/,https://bricked.ai/discord,Other,44,28,false,false,false,2026-01-31,2026-03-06
0,EIN Presswire Archives - Page 395 of 671 - Livingston Daily | Daily Press & Argus,http://livingstondaily.xpr-gannett.com/press-release/story/category/partners/ein-presswire/page/395/,https://bricked.ai/discord,Other,50,28,false,false,false,2026-02-15,2026-03-09
0,EIN Presswire Archives - Page 395 of 671 - Livingston Daily | Daily Press & Argus,http://livingstondaily.xpr-gannett.com/press-release/story/category/partners/ein-presswire/page/395/,https://bricked.ai/,Bricked AI,50,28,true,false,false,2026-02-15,2026-03-09
0,EIN Presswire Archives - Page 395 of 671 - Livingston Daily | Daily Press & Argus,http://livingstondaily.xpr-gannett.com/press-release/story/category/partners/ein-presswire/page/395/,https://bricked.ai/,https://bricked.ai,50,28,true,false,false,2026-02-15,2026-03-09
0,EIN Presswire Archives - Page 395 of 671 - Livingston Daily | Daily Press & Argus,http://livingstondaily.xpr-gannett.com/press-release/story/category/partners/ein-presswire/page/395/,https://bricked.ai/,real estate comping,50,28,true,false,false,2026-02-15,2026-03-09
0,Press Releases Archives - Page 340 of 1144 - Livingston Daily | Daily Press & Argus,http://livingstondaily.xpr-gannett.com/press-release/story/category/press-releases/page/340/,https://bricked.ai/discord,Other,51,28,false,false,false,2026-02-03,2026-03-05
0,Press Releases Archives - Page 340 of 1144 - Livingston Daily | Daily Press & Argus,http://livingstondaily.xpr-gannett.com/press-release/story/category/press-releases/page/340/,https://bricked.ai/,Bricked AI,51,28,true,false,false,2026-02-03,2026-03-05
0,Press Releases Archives - Page 340 of 1144 - Livingston Daily | Daily Press & Argus,http://livingstondaily.xpr-gannett.com/press-release/story/category/press-releases/page/340/,https://bricked.ai/,real estate comping,51,28,true,false,false,2026-02-03,2026-03-05
0,Press Releases Archives - Page 340 of 1144 - Livingston Daily | Daily Press & Argus,http://livingstondaily.xpr-gannett.com/press-release/story/category/press-releases/page/340/,https://bricked.ai/,https://bricked.ai,51,28,true,false,false,2026-02-03,2026-03-05
0,Press Releases Archives - Page 349 of 1153 - Livingston Daily | Daily Press & Argus,http://livingstondaily.xpr-gannett.com/press-release/story/category/press-releases/page/349/,https://bricked.ai/,Bricked AI,50,28,true,false,false,2026-02-08,2026-03-05
0,Press Releases Archives - Page 349 of 1153 - Livingston Daily | Daily Press & Argus,http://livingstondaily.xpr-gannett.com/press-release/story/category/press-releases/page/349/,https://bricked.ai/,https://bricked.ai,50,28,true,false,false,2026-02-08,2026-03-05
0,Press Releases Archives - Page 349 of 1153 - Livingston Daily | Daily Press & Argus,http://livingstondaily.xpr-gannett.com/press-release/story/category/press-releases/page/349/,https://bricked.ai/,real estate comping,50,28,true,false,false,2026-02-08,2026-03-05
0,Press Releases Archives - Page 349 of 1153 - Livingston Daily | Daily Press & Argus,http://livingstondaily.xpr-gannett.com/press-release/story/category/press-releases/page/349/,https://bricked.ai/discord,Other,50,28,false,false,false,2026-02-08,2026-03-05
0,Press Releases Archives - Page 357 of 1161 - Livingston Daily | Daily Press & Argus,http://livingstondaily.xpr-gannett.com/press-release/story/category/press-releases/page/357/,https://bricked.ai/,Bricked AI,50,28,true,false,false,2026-02-11,2026-04-05
0,Press Releases Archives - Page 357 of 1161 - Livingston Daily | Daily Press & Argus,http://livingstondaily.xpr-gannett.com/press-release/story/category/press-releases/page/357/,https://bricked.ai/,https://bricked.ai,50,28,true,false,false,2026-02-11,2026-04-05
0,Press Releases Archives - Page 357 of 1161 - Livingston Daily | Daily Press & Argus,http://livingstondaily.xpr-gannett.com/press-release/story/category/press-releases/page/357/,https://bricked.ai/,real estate comping,50,28,true,false,false,2026-02-11,2026-04-05
0,Press Releases Archives - Page 357 of 1161 - Livingston Daily | Daily Press & Argus,http://livingstondaily.xpr-gannett.com/press-release/story/category/press-releases/page/357/,https://bricked.ai/discord,Other,50,28,false,false,false,2026-02-11,2026-04-05
0,Press Releases Archives - Page 361 of 1165 - Livingston Daily | Daily Press & Argus,http://livingstondaily.xpr-gannett.com/press-release/story/category/press-releases/page/361/,https://bricked.ai/,https://bricked.ai,49,28,true,false,false,2026-02-11,2026-03-06
0,Press Releases Archives - Page 361 of 1165 - Livingston Daily | Daily Press & Argus,http://livingstondaily.xpr-gannett.com/press-release/story/category/press-releases/page/361/,https://bricked.ai/,real estate comping,49,28,true,false,false,2026-02-11,2026-03-06
0,Press Releases Archives - Page 361 of 1165 - Livingston Daily | Daily Press & Argus,http://livingstondaily.xpr-gannett.com/press-release/story/category/press-releases/page/361/,https://bricked.ai/,Bricked AI,49,28,true,false,false,2026-02-11,2026-03-06
0,Press Releases Archives - Page 361 of 1165 - Livingston Daily | Daily Press & Argus,http://livingstondaily.xpr-gannett.com/press-release/story/category/press-releases/page/361/,https://bricked.ai/discord,Other,49,28,false,false,false,2026-02-11,2026-03-06
0,Press Releases Archives - Page 442 of 1245 - Livingston Daily | Daily Press & Argus,http://livingstondaily.xpr-gannett.com/press-release/story/category/press-releases/page/442/,https://bricked.ai/,Bricked AI,48,28,true,false,false,2026-02-14,2026-03-08
0,Press Releases Archives - Page 442 of 1245 - Livingston Daily | Daily Press & Argus,http://livingstondaily.xpr-gannett.com/press-release/story/category/press-releases/page/442/,https://bricked.ai/,https://bricked.ai,48,28,true,false,false,2026-02-14,2026-03-08
0,Press Releases Archives - Page 442 of 1245 - Livingston Daily | Daily Press & Argus,http://livingstondaily.xpr-gannett.com/press-release/story/category/press-releases/page/442/,https://bricked.ai/,real estate comping,48,28,true,false,false,2026-02-14,2026-03-08
0,Press Releases Archives - Page 442 of 1245 - Livingston Daily | Daily Press & Argus,http://livingstondaily.xpr-gannett.com/press-release/story/category/press-releases/page/442/,https://bricked.ai/discord,Other,48,28,false,false,false,2026-02-14,2026-03-08
0,Press Releases Archives - Page 803 of 1606 - Livingston Daily | Daily Press & Argus,http://livingstondaily.xpr-gannett.com/press-release/story/category/press-releases/page/803/,https://bricked.ai/,Bricked AI,48,28,true,false,false,2026-02-19,2026-03-05
0,Press Releases Archives - Page 803 of 1606 - Livingston Daily | Daily Press & Argus,http://livingstondaily.xpr-gannett.com/press-release/story/category/press-releases/page/803/,https://bricked.ai/,https://bricked.ai,48,28,true,false,false,2026-02-19,2026-03-05
0,Press Releases Archives - Page 803 of 1606 - Livingston Daily | Daily Press & Argus,http://livingstondaily.xpr-gannett.com/press-release/story/category/press-releases/page/803/,https://bricked.ai/,real estate comping,48,28,true,false,false,2026-02-19,2026-03-05
0,Press Releases Archives - Page 803 of 1606 - Livingston Daily | Daily Press & Argus,http://livingstondaily.xpr-gannett.com/press-release/story/category/press-releases/page/803/,https://bricked.ai/discord,Other,48,28,false,false,false,2026-02-19,2026-03-05
0,Business Archives - Page 362 of 1263 - Lohud | The Journal News,http://lohud.xpr-gannett.com/press-release/story/category/business/page/362/,https://bricked.ai/,Bricked AI,55,28,true,false,false,2026-02-08,2026-03-08
0,Business Archives - Page 362 of 1263 - Lohud | The Journal News,http://lohud.xpr-gannett.com/press-release/story/category/business/page/362/,https://bricked.ai/,https://bricked.ai,55,28,true,false,false,2026-02-08,2026-03-08
0,Business Archives - Page 362 of 1263 - Lohud | The Journal News,http://lohud.xpr-gannett.com/press-release/story/category/business/page/362/,https://bricked.ai/,real estate comping,55,28,true,false,false,2026-02-08,2026-03-08
0,Business Archives - Page 362 of 1263 - Lohud | The Journal News,http://lohud.xpr-gannett.com/press-release/story/category/business/page/362/,https://bricked.ai/discord,Other,55,28,false,false,false,2026-02-08,2026-03-08
0,Business Archives - Page 368 of 1269 - Lohud | The Journal News,http://lohud.xpr-gannett.com/press-release/story/category/business/page/368/,https://bricked.ai/discord,Other,82,28,false,false,false,2026-02-11,2026-03-08
0,Business Archives - Page 368 of 1269 - Lohud | The Journal News,http://lohud.xpr-gannett.com/press-release/story/category/business/page/368/,https://bricked.ai/,https://bricked.ai,82,28,true,false,false,2026-02-11,2026-03-08
0,Business Archives - Page 368 of 1269 - Lohud | The Journal News,http://lohud.xpr-gannett.com/press-release/story/category/business/page/368/,https://bricked.ai/,Bricked AI,82,28,true,false,false,2026-02-11,2026-03-08
0,Business Archives - Page 368 of 1269 - Lohud | The Journal News,http://lohud.xpr-gannett.com/press-release/story/category/business/page/368/,https://bricked.ai/,real estate comping,82,28,true,false,false,2026-02-11,2026-03-08
0,Business Archives - Page 407 of 1308 - Lohud | The Journal News,http://lohud.xpr-gannett.com/press-release/story/category/business/page/407/,https://bricked.ai/,Bricked AI,55,28,true,false,false,2026-02-14,2026-03-05
0,Business Archives - Page 407 of 1308 - Lohud | The Journal News,http://lohud.xpr-gannett.com/press-release/story/category/business/page/407/,https://bricked.ai/,https://bricked.ai,55,28,true,false,false,2026-02-14,2026-03-05
0,Business Archives - Page 407 of 1308 - Lohud | The Journal News,http://lohud.xpr-gannett.com/press-release/story/category/business/page/407/,https://bricked.ai/,real estate comping,55,28,true,false,false,2026-02-14,2026-03-05
0,Business Archives - Page 407 of 1308 - Lohud | The Journal News,http://lohud.xpr-gannett.com/press-release/story/category/business/page/407/,https://bricked.ai/discord,Other,55,28,false,false,false,2026-02-14,2026-03-05
0,Channels Archives - Page 108 of 216 - Lohud | The Journal News,http://lohud.xpr-gannett.com/press-release/story/category/channels/page/108/,https://bricked.ai/discord,Other,99,28,false,false,false,2026-02-06,2026-03-08
0,Channels Archives - Page 108 of 216 - Lohud | The Journal News,http://lohud.xpr-gannett.com/press-release/story/category/channels/page/108/,https://bricked.ai/,real estate comping,99,28,true,false,false,2026-02-06,2026-03-08
0,Channels Archives - Page 108 of 216 - Lohud | The Journal News,http://lohud.xpr-gannett.com/press-release/story/category/channels/page/108/,https://bricked.ai/,Bricked AI,99,28,true,false,false,2026-02-06,2026-03-08
0,Channels Archives - Page 108 of 216 - Lohud | The Journal News,http://lohud.xpr-gannett.com/press-release/story/category/channels/page/108/,https://bricked.ai/,https://bricked.ai,99,28,true,false,false,2026-02-06,2026-03-08
0,Channels Archives - Page 457 of 565 - Lohud | The Journal News,http://lohud.xpr-gannett.com/press-release/story/category/channels/page/457/,https://bricked.ai/,Bricked AI,86,28,true,false,false,2026-02-22,2026-04-08
0,Channels Archives - Page 457 of 565 - Lohud | The Journal News,http://lohud.xpr-gannett.com/press-release/story/category/channels/page/457/,https://bricked.ai/,https://bricked.ai,86,28,true,false,false,2026-02-22,2026-04-08
0,Channels Archives - Page 457 of 565 - Lohud | The Journal News,http://lohud.xpr-gannett.com/press-release/story/category/channels/page/457/,https://bricked.ai/,real estate comping,86,28,true,false,false,2026-02-22,2026-04-08
0,Channels Archives - Page 457 of 565 - Lohud | The Journal News,http://lohud.xpr-gannett.com/press-release/story/category/channels/page/457/,https://bricked.ai/discord,Other,86,28,false,false,false,2026-02-22,2026-04-08
0,Technology Archives - Page 353 of 434 - Lohud | The Journal News,http://lohud.xpr-gannett.com/press-release/story/category/channels/technology/page/353/,https://bricked.ai/discord,Other,84,28,false,false,false,2026-02-22,2026-04-04
0,Technology Archives - Page 353 of 434 - Lohud | The Journal News,http://lohud.xpr-gannett.com/press-release/story/category/channels/technology/page/353/,https://bricked.ai/,Bricked AI,84,28,true,false,false,2026-02-22,2026-04-04
0,Technology Archives - Page 353 of 434 - Lohud | The Journal News,http://lohud.xpr-gannett.com/press-release/story/category/channels/technology/page/353/,https://bricked.ai/,https://bricked.ai,84,28,true,false,false,2026-02-22,2026-04-04
0,Technology Archives - Page 353 of 434 - Lohud | The Journal News,http://lohud.xpr-gannett.com/press-release/story/category/channels/technology/page/353/,https://bricked.ai/,real estate comping,84,28,true,false,false,2026-02-22,2026-04-04
0,Technology Archives - Page 81 of 162 - Lohud | The Journal News,http://lohud.xpr-gannett.com/press-release/story/category/channels/technology/page/81/,https://bricked.ai/,Bricked AI,48,28,true,false,false,2026-02-03,2026-03-05
0,Technology Archives - Page 81 of 162 - Lohud | The Journal News,http://lohud.xpr-gannett.com/press-release/story/category/channels/technology/page/81/,https://bricked.ai/,https://bricked.ai,48,28,true,false,false,2026-02-03,2026-03-05
0,Technology Archives - Page 81 of 162 - Lohud | The Journal News,http://lohud.xpr-gannett.com/press-release/story/category/channels/technology/page/81/,https://bricked.ai/,real estate comping,48,28,true,false,false,2026-02-03,2026-03-05
0,Technology Archives - Page 81 of 162 - Lohud | The Journal News,http://lohud.xpr-gannett.com/press-release/story/category/channels/technology/page/81/,https://bricked.ai/discord,Other,48,28,false,false,false,2026-02-03,2026-03-05
0,Technology Archives - Page 85 of 166 - Lohud | The Journal News,http://lohud.xpr-gannett.com/press-release/story/category/channels/technology/page/85/,https://bricked.ai/,real estate comping,48,28,true,false,false,2026-02-12,2026-03-07
0,Technology Archives - Page 85 of 166 - Lohud | The Journal News,http://lohud.xpr-gannett.com/press-release/story/category/channels/technology/page/85/,https://bricked.ai/,https://bricked.ai,48,28,true,false,false,2026-02-12,2026-03-07
0,Technology Archives - Page 85 of 166 - Lohud | The Journal News,http://lohud.xpr-gannett.com/press-release/story/category/channels/technology/page/85/,https://bricked.ai/,Bricked AI,48,28,true,false,false,2026-02-12,2026-03-07
0,Technology Archives - Page 85 of 166 - Lohud | The Journal News,http://lohud.xpr-gannett.com/press-release/story/category/channels/technology/page/85/,https://bricked.ai/discord,Other,48,28,false,false,false,2026-02-12,2026-03-07
0,Partners Archives - Page 351 of 1252 - Lohud | The Journal News,http://lohud.xpr-gannett.com/press-release/story/category/partners/page/351/,https://bricked.ai/discord,Other,82,28,false,false,false,2026-01-31,2026-03-08
0,Partners Archives - Page 351 of 1252 - Lohud | The Journal News,http://lohud.xpr-gannett.com/press-release/story/category/partners/page/351/,https://bricked.ai/,Bricked AI,82,28,true,false,false,2026-01-31,2026-03-08
0,Partners Archives - Page 351 of 1252 - Lohud | The Journal News,http://lohud.xpr-gannett.com/press-release/story/category/partners/page/351/,https://bricked.ai/,https://bricked.ai,82,28,true,false,false,2026-01-31,2026-03-08
0,Partners Archives - Page 351 of 1252 - Lohud | The Journal News,http://lohud.xpr-gannett.com/press-release/story/category/partners/page/351/,https://bricked.ai/,real estate comping,82,28,true,false,false,2026-01-31,2026-03-08
0,Partners Archives - Page 353 of 1254 - Lohud | The Journal News,http://lohud.xpr-gannett.com/press-release/story/category/partners/page/353/,https://bricked.ai/,Bricked AI,97,28,true,false,false,2026-02-03,2026-03-08
0,Partners Archives - Page 353 of 1254 - Lohud | The Journal News,http://lohud.xpr-gannett.com/press-release/story/category/partners/page/353/,https://bricked.ai/,https://bricked.ai,97,28,true,false,false,2026-02-03,2026-03-08
0,Partners Archives - Page 353 of 1254 - Lohud | The Journal News,http://lohud.xpr-gannett.com/press-release/story/category/partners/page/353/,https://bricked.ai/,real estate comping,97,28,true,false,false,2026-02-03,2026-03-08
0,Partners Archives - Page 353 of 1254 - Lohud | The Journal News,http://lohud.xpr-gannett.com/press-release/story/category/partners/page/353/,https://bricked.ai/discord,Other,97,28,false,false,false,2026-02-03,2026-03-08
0,Partners Archives - Page 363 of 1264 - Lohud | The Journal News,http://lohud.xpr-gannett.com/press-release/story/category/partners/page/363/,https://bricked.ai/discord,Other,98,28,false,false,false,2026-02-08,2026-03-05
0,Partners Archives - Page 363 of 1264 - Lohud | The Journal News,http://lohud.xpr-gannett.com/press-release/story/category/partners/page/363/,https://bricked.ai/,https://bricked.ai,98,28,true,false,false,2026-02-08,2026-03-05
0,Partners Archives - Page 363 of 1264 - Lohud | The Journal News,http://lohud.xpr-gannett.com/press-release/story/category/partners/page/363/,https://bricked.ai/,Bricked AI,98,28,true,false,false,2026-02-08,2026-03-05
0,Partners Archives - Page 363 of 1264 - Lohud | The Journal News,http://lohud.xpr-gannett.com/press-release/story/category/partners/page/363/,https://bricked.ai/,real estate comping,98,28,true,false,false,2026-02-08,2026-03-05
0,Press Releases Archives - Page 353 of 1110 - Lohud | The Journal News,http://lohud.xpr-gannett.com/press-release/story/category/press-releases/page/353/,https://bricked.ai/,Bricked AI,82,28,true,false,false,2026-02-04,2026-03-09
0,Press Releases Archives - Page 353 of 1110 - Lohud | The Journal News,http://lohud.xpr-gannett.com/press-release/story/category/press-releases/page/353/,https://bricked.ai/,https://bricked.ai,82,28,true,false,false,2026-02-04,2026-03-09
0,Press Releases Archives - Page 353 of 1110 - Lohud | The Journal News,http://lohud.xpr-gannett.com/press-release/story/category/press-releases/page/353/,https://bricked.ai/,real estate comping,82,28,true,false,false,2026-02-04,2026-03-09
0,Press Releases Archives - Page 353 of 1110 - Lohud | The Journal News,http://lohud.xpr-gannett.com/press-release/story/category/press-releases/page/353/,https://bricked.ai/discord,Other,82,28,false,false,false,2026-02-04,2026-03-09
0,Press Releases Archives - Page 362 of 1120 - Lohud | The Journal News,http://lohud.xpr-gannett.com/press-release/story/category/press-releases/page/362/,https://bricked.ai/,Bricked AI,55,28,true,false,false,2026-02-08,2026-03-05
0,Press Releases Archives - Page 362 of 1120 - Lohud | The Journal News,http://lohud.xpr-gannett.com/press-release/story/category/press-releases/page/362/,https://bricked.ai/,https://bricked.ai,55,28,true,false,false,2026-02-08,2026-03-05
0,Press Releases Archives - Page 362 of 1120 - Lohud | The Journal News,http://lohud.xpr-gannett.com/press-release/story/category/press-releases/page/362/,https://bricked.ai/,real estate comping,55,28,true,false,false,2026-02-08,2026-03-05
0,Press Releases Archives - Page 362 of 1120 - Lohud | The Journal News,http://lohud.xpr-gannett.com/press-release/story/category/press-releases/page/362/,https://bricked.ai/discord,Other,55,28,false,false,false,2026-02-08,2026-03-05
0,Channels Archives - Page 450 of 558 - Lubbock Avalanche-Journal,http://lubbockonline.xpr-gannett.com/press-release/story/category/channels/page/450/,https://bricked.ai/,Bricked AI,99,28,true,false,false,2026-02-20,2026-04-06
0,Channels Archives - Page 450 of 558 - Lubbock Avalanche-Journal,http://lubbockonline.xpr-gannett.com/press-release/story/category/channels/page/450/,https://bricked.ai/,https://bricked.ai,99,28,true,false,false,2026-02-20,2026-04-06
0,Channels Archives - Page 450 of 558 - Lubbock Avalanche-Journal,http://lubbockonline.xpr-gannett.com/press-release/story/category/channels/page/450/,https://bricked.ai/,real estate comping,99,28,true,false,false,2026-02-20,2026-04-06
0,Channels Archives - Page 450 of 558 - Lubbock Avalanche-Journal,http://lubbockonline.xpr-gannett.com/press-release/story/category/channels/page/450/,https://bricked.ai/discord,Other,99,28,false,false,false,2026-02-20,2026-04-06
0,Channels Archives - Page 63 of 171 - Lubbock Avalanche-Journal,http://lubbockonline.xpr-gannett.com/press-release/story/category/channels/page/63/,https://bricked.ai/,Bricked AI,95,28,true,false,false,2026-02-03,2026-03-09
0,Channels Archives - Page 63 of 171 - Lubbock Avalanche-Journal,http://lubbockonline.xpr-gannett.com/press-release/story/category/channels/page/63/,https://bricked.ai/,https://bricked.ai,95,28,true,false,false,2026-02-03,2026-03-09
0,Channels Archives - Page 63 of 171 - Lubbock Avalanche-Journal,http://lubbockonline.xpr-gannett.com/press-release/story/category/channels/page/63/,https://bricked.ai/,real estate comping,95,28,true,false,false,2026-02-03,2026-03-09
0,Channels Archives - Page 63 of 171 - Lubbock Avalanche-Journal,http://lubbockonline.xpr-gannett.com/press-release/story/category/channels/page/63/,https://bricked.ai/discord,Other,95,28,false,false,false,2026-02-03,2026-03-09
0,Channels Archives - Page 77 of 185 - Lubbock Avalanche-Journal,http://lubbockonline.xpr-gannett.com/press-release/story/category/channels/page/77/,https://bricked.ai/discord,Other,95,28,false,false,false,2026-02-14,2026-04-06
0,Channels Archives - Page 77 of 185 - Lubbock Avalanche-Journal,http://lubbockonline.xpr-gannett.com/press-release/story/category/channels/page/77/,https://bricked.ai/,Bricked AI,95,28,true,false,false,2026-02-14,2026-04-06
0,Channels Archives - Page 77 of 185 - Lubbock Avalanche-Journal,http://lubbockonline.xpr-gannett.com/press-release/story/category/channels/page/77/,https://bricked.ai/,https://bricked.ai,95,28,true,false,false,2026-02-14,2026-04-06
0,Channels Archives - Page 77 of 185 - Lubbock Avalanche-Journal,http://lubbockonline.xpr-gannett.com/press-release/story/category/channels/page/77/,https://bricked.ai/,real estate comping,95,28,true,false,false,2026-02-14,2026-04-06
0,Technology Archives - Page 351 of 432 - Lubbock Avalanche-Journal,http://lubbockonline.xpr-gannett.com/press-release/story/category/channels/technology/page/351/,https://bricked.ai/discord,Other,75,28,false,false,false,2026-02-20,2026-03-09
0,Technology Archives - Page 351 of 432 - Lubbock Avalanche-Journal,http://lubbockonline.xpr-gannett.com/press-release/story/category/channels/technology/page/351/,https://bricked.ai/,real estate comping,75,28,true,false,false,2026-02-20,2026-03-09
0,Technology Archives - Page 351 of 432 - Lubbock Avalanche-Journal,http://lubbockonline.xpr-gannett.com/press-release/story/category/channels/technology/page/351/,https://bricked.ai/,https://bricked.ai,75,28,true,false,false,2026-02-20,2026-03-09
0,Technology Archives - Page 351 of 432 - Lubbock Avalanche-Journal,http://lubbockonline.xpr-gannett.com/press-release/story/category/channels/technology/page/351/,https://bricked.ai/,Bricked AI,75,28,true,false,false,2026-02-20,2026-03-09
0,Technology Archives - Page 358 of 438 - Lubbock Avalanche-Journal,http://lubbockonline.xpr-gannett.com/press-release/story/category/channels/technology/page/358/,https://bricked.ai/,Bricked AI,78,28,true,false,false,2026-02-22,2026-05-06
0,Technology Archives - Page 358 of 438 - Lubbock Avalanche-Journal,http://lubbockonline.xpr-gannett.com/press-release/story/category/channels/technology/page/358/,https://bricked.ai/,https://bricked.ai,78,28,true,false,false,2026-02-22,2026-05-06
0,Technology Archives - Page 358 of 438 - Lubbock Avalanche-Journal,http://lubbockonline.xpr-gannett.com/press-release/story/category/channels/technology/page/358/,https://bricked.ai/,real estate comping,78,28,true,false,false,2026-02-22,2026-05-06
0,Technology Archives - Page 358 of 438 - Lubbock Avalanche-Journal,http://lubbockonline.xpr-gannett.com/press-release/story/category/channels/technology/page/358/,https://bricked.ai/discord,Other,78,28,false,false,false,2026-02-22,2026-05-06
0,Technology Archives - Page 52 of 133 - Lubbock Avalanche-Journal,http://lubbockonline.xpr-gannett.com/press-release/story/category/channels/technology/page/52/,https://bricked.ai/discord,Other,84,28,false,false,false,2026-02-08,2026-05-03
0,Technology Archives - Page 52 of 133 - Lubbock Avalanche-Journal,http://lubbockonline.xpr-gannett.com/press-release/story/category/channels/technology/page/52/,https://bricked.ai/,https://bricked.ai,84,28,true,false,false,2026-02-08,2026-05-03
0,Technology Archives - Page 52 of 133 - Lubbock Avalanche-Journal,http://lubbockonline.xpr-gannett.com/press-release/story/category/channels/technology/page/52/,https://bricked.ai/,real estate comping,84,28,true,false,false,2026-02-08,2026-05-03
0,Technology Archives - Page 52 of 133 - Lubbock Avalanche-Journal,http://lubbockonline.xpr-gannett.com/press-release/story/category/channels/technology/page/52/,https://bricked.ai/,Bricked AI,84,28,true,false,false,2026-02-08,2026-05-03
0,Technology Archives - Page 54 of 135 - Lubbock Avalanche-Journal,http://lubbockonline.xpr-gannett.com/press-release/story/category/channels/technology/page/54/,https://bricked.ai/discord,Other,75,28,false,false,false,2026-02-11,2026-04-03
0,Technology Archives - Page 54 of 135 - Lubbock Avalanche-Journal,http://lubbockonline.xpr-gannett.com/press-release/story/category/channels/technology/page/54/,https://bricked.ai/,Bricked AI,75,28,true,false,false,2026-02-11,2026-04-03
0,Technology Archives - Page 54 of 135 - Lubbock Avalanche-Journal,http://lubbockonline.xpr-gannett.com/press-release/story/category/channels/technology/page/54/,https://bricked.ai/,https://bricked.ai,75,28,true,false,false,2026-02-11,2026-04-03
0,Technology Archives - Page 54 of 135 - Lubbock Avalanche-Journal,http://lubbockonline.xpr-gannett.com/press-release/story/category/channels/technology/page/54/,https://bricked.ai/,real estate comping,75,28,true,false,false,2026-02-11,2026-04-03
0,Partners Archives - Page 199 of 1100 - Lubbock Avalanche-Journal,http://lubbockonline.xpr-gannett.com/press-release/story/category/partners/page/199/,https://bricked.ai/,Bricked AI,56,28,true,false,false,2026-01-31,2026-03-07
0,Partners Archives - Page 199 of 1100 - Lubbock Avalanche-Journal,http://lubbockonline.xpr-gannett.com/press-release/story/category/partners/page/199/,https://bricked.ai/,https://bricked.ai,56,28,true,false,false,2026-01-31,2026-03-07
0,Partners Archives - Page 199 of 1100 - Lubbock Avalanche-Journal,http://lubbockonline.xpr-gannett.com/press-release/story/category/partners/page/199/,https://bricked.ai/,real estate comping,56,28,true,false,false,2026-01-31,2026-03-07
0,Partners Archives - Page 199 of 1100 - Lubbock Avalanche-Journal,http://lubbockonline.xpr-gannett.com/press-release/story/category/partners/page/199/,https://bricked.ai/discord,Other,56,28,false,false,false,2026-01-31,2026-03-07
0,Partners Archives - Page 224 of 1125 - Lubbock Avalanche-Journal,http://lubbockonline.xpr-gannett.com/press-release/story/category/partners/page/224/,https://bricked.ai/discord,Other,56,28,false,false,false,2026-02-11,2026-05-03
0,Partners Archives - Page 224 of 1125 - Lubbock Avalanche-Journal,http://lubbockonline.xpr-gannett.com/press-release/story/category/partners/page/224/,https://bricked.ai/,Bricked AI,56,28,true,false,false,2026-02-11,2026-05-03
0,Partners Archives - Page 224 of 1125 - Lubbock Avalanche-Journal,http://lubbockonline.xpr-gannett.com/press-release/story/category/partners/page/224/,https://bricked.ai/,https://bricked.ai,56,28,true,false,false,2026-02-11,2026-05-03
0,Partners Archives - Page 224 of 1125 - Lubbock Avalanche-Journal,http://lubbockonline.xpr-gannett.com/press-release/story/category/partners/page/224/,https://bricked.ai/,real estate comping,56,28,true,false,false,2026-02-11,2026-05-03
0,Partners Archives - Page 256 of 1157 - Lubbock Avalanche-Journal,http://lubbockonline.xpr-gannett.com/press-release/story/category/partners/page/256/,https://bricked.ai/,Bricked AI,55,28,true,false,false,2026-02-14,2026-04-06
0,Partners Archives - Page 256 of 1157 - Lubbock Avalanche-Journal,http://lubbockonline.xpr-gannett.com/press-release/story/category/partners/page/256/,https://bricked.ai/,https://bricked.ai,55,28,true,false,false,2026-02-14,2026-04-06
0,Partners Archives - Page 256 of 1157 - Lubbock Avalanche-Journal,http://lubbockonline.xpr-gannett.com/press-release/story/category/partners/page/256/,https://bricked.ai/,real estate comping,55,28,true,false,false,2026-02-14,2026-04-06
0,Partners Archives - Page 256 of 1157 - Lubbock Avalanche-Journal,http://lubbockonline.xpr-gannett.com/press-release/story/category/partners/page/256/,https://bricked.ai/discord,Other,55,28,false,false,false,2026-02-14,2026-04-06
0,Press Releases Archives - Page 201 of 958 - Lubbock Avalanche-Journal,http://lubbockonline.xpr-gannett.com/press-release/story/category/press-releases/page/201/,https://bricked.ai/,Bricked AI,56,28,true,false,false,2026-02-03,2026-03-05
0,Press Releases Archives - Page 201 of 958 - Lubbock Avalanche-Journal,http://lubbockonline.xpr-gannett.com/press-release/story/category/press-releases/page/201/,https://bricked.ai/,https://bricked.ai,56,28,true,false,false,2026-02-03,2026-03-05
0,Press Releases Archives - Page 201 of 958 - Lubbock Avalanche-Journal,http://lubbockonline.xpr-gannett.com/press-release/story/category/press-releases/page/201/,https://bricked.ai/,real estate comping,56,28,true,false,false,2026-02-03,2026-03-05
0,Press Releases Archives - Page 201 of 958 - Lubbock Avalanche-Journal,http://lubbockonline.xpr-gannett.com/press-release/story/category/press-releases/page/201/,https://bricked.ai/discord,Other,56,28,false,false,false,2026-02-03,2026-03-05
0,Press Releases Archives - Page 211 of 967 - Lubbock Avalanche-Journal,http://lubbockonline.xpr-gannett.com/press-release/story/category/press-releases/page/211/,https://bricked.ai/discord,Other,97,28,false,false,false,2026-02-08,2026-03-05
0,Press Releases Archives - Page 211 of 967 - Lubbock Avalanche-Journal,http://lubbockonline.xpr-gannett.com/press-release/story/category/press-releases/page/211/,https://bricked.ai/,Bricked AI,97,28,true,false,false,2026-02-08,2026-03-05
0,Press Releases Archives - Page 211 of 967 - Lubbock Avalanche-Journal,http://lubbockonline.xpr-gannett.com/press-release/story/category/press-releases/page/211/,https://bricked.ai/,https://bricked.ai,97,28,true,false,false,2026-02-08,2026-03-05
0,Press Releases Archives - Page 211 of 967 - Lubbock Avalanche-Journal,http://lubbockonline.xpr-gannett.com/press-release/story/category/press-releases/page/211/,https://bricked.ai/,real estate comping,97,28,true,false,false,2026-02-08,2026-03-05
0,Press Releases Archives - Page 256 of 1012 - Lubbock Avalanche-Journal,http://lubbockonline.xpr-gannett.com/press-release/story/category/press-releases/page/256/,https://bricked.ai/discord,Other,91,28,false,false,false,2026-02-14,2026-04-07
0,Press Releases Archives - Page 256 of 1012 - Lubbock Avalanche-Journal,http://lubbockonline.xpr-gannett.com/press-release/story/category/press-releases/page/256/,https://bricked.ai/,Bricked AI,91,28,true,false,false,2026-02-14,2026-04-07
0,Press Releases Archives - Page 256 of 1012 - Lubbock Avalanche-Journal,http://lubbockonline.xpr-gannett.com/press-release/story/category/press-releases/page/256/,https://bricked.ai/,https://bricked.ai,91,28,true,false,false,2026-02-14,2026-04-07
0,Press Releases Archives - Page 256 of 1012 - Lubbock Avalanche-Journal,http://lubbockonline.xpr-gannett.com/press-release/story/category/press-releases/page/256/,https://bricked.ai/,real estate comping,91,28,true,false,false,2026-02-14,2026-04-07
0,🏆🏆Boost your Google rankings with Premium PBN & Link Building🏆🏆,http://masihnyata.com/all/493/11.html,https://bricked.ai/,High Quality Dofollow Backlinks DA 50 PA 40 Premium PBN Network Service bricked.ai Rank First Page Google Fast SEO Link Building Buy Backlinks Online Cheap,3000,12,false,false,false,2026-09-19,2026-09-19
0,Technology Archives - Page 320 of 401 - Naples Daily News,http://naplesnews.xpr-gannett.com/press-release/story/category/channels/technology/page/320/,https://bricked.ai/discord,Other,84,28,false,false,false,2026-02-19,2026-03-09
0,Technology Archives - Page 320 of 401 - Naples Daily News,http://naplesnews.xpr-gannett.com/press-release/story/category/channels/technology/page/320/,https://bricked.ai/,Bricked AI,84,28,true,false,false,2026-02-19,2026-03-09
0,Technology Archives - Page 320 of 401 - Naples Daily News,http://naplesnews.xpr-gannett.com/press-release/story/category/channels/technology/page/320/,https://bricked.ai/,https://bricked.ai,84,28,true,false,false,2026-02-19,2026-03-09
0,Technology Archives - Page 320 of 401 - Naples Daily News,http://naplesnews.xpr-gannett.com/press-release/story/category/channels/technology/page/320/,https://bricked.ai/,real estate comping,84,28,true,false,false,2026-02-19,2026-03-09
0,Technology Archives - Page 350 of 431 - Naples Daily News,http://naplesnews.xpr-gannett.com/press-release/story/category/channels/technology/page/350/,https://bricked.ai/,Bricked AI,75,28,true,false,false,2026-02-20,2026-03-08
0,Technology Archives - Page 350 of 431 - Naples Daily News,http://naplesnews.xpr-gannett.com/press-release/story/category/channels/technology/page/350/,https://bricked.ai/,https://bricked.ai,75,28,true,false,false,2026-02-20,2026-03-08
0,Technology Archives - Page 350 of 431 - Naples Daily News,http://naplesnews.xpr-gannett.com/press-release/story/category/channels/technology/page/350/,https://bricked.ai/,real estate comping,75,28,true,false,false,2026-02-20,2026-03-08
0,Technology Archives - Page 350 of 431 - Naples Daily News,http://naplesnews.xpr-gannett.com/press-release/story/category/channels/technology/page/350/,https://bricked.ai/discord,Other,75,28,false,false,false,2026-02-20,2026-03-08
0,Technology Archives - Page 66 of 147 - Naples Daily News,http://naplesnews.xpr-gannett.com/press-release/story/category/channels/technology/page/66/,https://bricked.ai/,Bricked AI,47,28,true,false,false,2026-02-05,2026-03-09
0,Technology Archives - Page 66 of 147 - Naples Daily News,http://naplesnews.xpr-gannett.com/press-release/story/category/channels/technology/page/66/,https://bricked.ai/,https://bricked.ai,47,28,true,false,false,2026-02-05,2026-03-09
0,Technology Archives - Page 66 of 147 - Naples Daily News,http://naplesnews.xpr-gannett.com/press-release/story/category/channels/technology/page/66/,https://bricked.ai/,real estate comping,47,28,true,false,false,2026-02-05,2026-03-09
0,Technology Archives - Page 66 of 147 - Naples Daily News,http://naplesnews.xpr-gannett.com/press-release/story/category/channels/technology/page/66/,https://bricked.ai/discord,Other,47,28,false,false,false,2026-02-05,2026-03-09
0,Technology Archives - Page 73 of 153 - Naples Daily News,http://naplesnews.xpr-gannett.com/press-release/story/category/channels/technology/page/73/,https://bricked.ai/,Bricked AI,79,28,true,false,false,2026-02-12,2026-04-07
0,Technology Archives - Page 73 of 153 - Naples Daily News,http://naplesnews.xpr-gannett.com/press-release/story/category/channels/technology/page/73/,https://bricked.ai/,https://bricked.ai,79,28,true,false,false,2026-02-12,2026-04-07
0,Technology Archives - Page 73 of 153 - Naples Daily News,http://naplesnews.xpr-gannett.com/press-release/story/category/channels/technology/page/73/,https://bricked.ai/,real estate comping,79,28,true,false,false,2026-02-12,2026-04-07
0,Technology Archives - Page 73 of 153 - Naples Daily News,http://naplesnews.xpr-gannett.com/press-release/story/category/channels/technology/page/73/,https://bricked.ai/discord,Other,79,28,false,false,false,2026-02-12,2026-04-07
0,Technology Archives - Page 78 of 159 - Naples Daily News,http://naplesnews.xpr-gannett.com/press-release/story/category/channels/technology/page/78/,https://bricked.ai/,Bricked AI,73,28,true,false,false,2026-02-14,2026-03-09
0,Technology Archives - Page 78 of 159 - Naples Daily News,http://naplesnews.xpr-gannett.com/press-release/story/category/channels/technology/page/78/,https://bricked.ai/,https://bricked.ai,73,28,true,false,false,2026-02-14,2026-03-09
0,Technology Archives - Page 78 of 159 - Naples Daily News,http://naplesnews.xpr-gannett.com/press-release/story/category/channels/technology/page/78/,https://bricked.ai/,real estate comping,73,28,true,false,false,2026-02-14,2026-03-09
0,Technology Archives - Page 78 of 159 - Naples Daily News,http://naplesnews.xpr-gannett.com/press-release/story/category/channels/technology/page/78/,https://bricked.ai/discord,Other,73,28,false,false,false,2026-02-14,2026-03-09
0,Press Releases Archives - Page 293 of 1051 - Naples Daily News,http://naplesnews.xpr-gannett.com/press-release/story/category/press-releases/page/293/,https://bricked.ai/,Bricked AI,85,28,true,false,false,2026-02-04,2026-03-05
0,Press Releases Archives - Page 293 of 1051 - Naples Daily News,http://naplesnews.xpr-gannett.com/press-release/story/category/press-releases/page/293/,https://bricked.ai/,https://bricked.ai,85,28,true,false,false,2026-02-04,2026-03-05
0,Press Releases Archives - Page 293 of 1051 - Naples Daily News,http://naplesnews.xpr-gannett.com/press-release/story/category/press-releases/page/293/,https://bricked.ai/,real estate comping,85,28,true,false,false,2026-02-04,2026-03-05
0,Press Releases Archives - Page 293 of 1051 - Naples Daily News,http://naplesnews.xpr-gannett.com/press-release/story/category/press-releases/page/293/,https://bricked.ai/discord,Other,85,28,false,false,false,2026-02-04,2026-03-05
0,Press Releases Archives - Page 315 of 1074 - Naples Daily News,http://naplesnews.xpr-gannett.com/press-release/story/category/press-releases/page/315/,https://bricked.ai/,https://bricked.ai,55,28,true,false,false,2026-02-11,2026-04-06
0,Press Releases Archives - Page 315 of 1074 - Naples Daily News,http://naplesnews.xpr-gannett.com/press-release/story/category/press-releases/page/315/,https://bricked.ai/,real estate comping,55,28,true,false,false,2026-02-11,2026-04-06
0,Press Releases Archives - Page 315 of 1074 - Naples Daily News,http://naplesnews.xpr-gannett.com/press-release/story/category/press-releases/page/315/,https://bricked.ai/discord,Other,55,28,false,false,false,2026-02-11,2026-04-06
0,Press Releases Archives - Page 315 of 1074 - Naples Daily News,http://naplesnews.xpr-gannett.com/press-release/story/category/press-releases/page/315/,https://bricked.ai/,Bricked AI,55,28,true,false,false,2026-02-11,2026-04-06
0,Press Releases Archives - Page 327 of 1085 - Naples Daily News,http://naplesnews.xpr-gannett.com/press-release/story/category/press-releases/page/327/,https://bricked.ai/,Bricked AI,85,28,true,false,false,2026-02-11,2026-03-07
0,Press Releases Archives - Page 327 of 1085 - Naples Daily News,http://naplesnews.xpr-gannett.com/press-release/story/category/press-releases/page/327/,https://bricked.ai/,https://bricked.ai,85,28,true,false,false,2026-02-11,2026-03-07
0,Press Releases Archives - Page 327 of 1085 - Naples Daily News,http://naplesnews.xpr-gannett.com/press-release/story/category/press-releases/page/327/,https://bricked.ai/,real estate comping,85,28,true,false,false,2026-02-11,2026-03-07
0,Press Releases Archives - Page 327 of 1085 - Naples Daily News,http://naplesnews.xpr-gannett.com/press-release/story/category/press-releases/page/327/,https://bricked.ai/discord,Other,85,28,false,false,false,2026-02-11,2026-03-07
0,Press Releases Archives - Page 355 of 1114 - Naples Daily News,http://naplesnews.xpr-gannett.com/press-release/story/category/press-releases/page/355/,https://bricked.ai/,Bricked AI,55,28,true,false,false,2026-02-14,2026-03-05
0,Press Releases Archives - Page 355 of 1114 - Naples Daily News,http://naplesnews.xpr-gannett.com/press-release/story/category/press-releases/page/355/,https://bricked.ai/,https://bricked.ai,55,28,true,false,false,2026-02-14,2026-03-05
0,Press Releases Archives - Page 355 of 1114 - Naples Daily News,http://naplesnews.xpr-gannett.com/press-release/story/category/press-releases/page/355/,https://bricked.ai/,real estate comping,55,28,true,false,false,2026-02-14,2026-03-05
0,Press Releases Archives - Page 355 of 1114 - Naples Daily News,http://naplesnews.xpr-gannett.com/press-release/story/category/press-releases/page/355/,https://bricked.ai/discord,Other,55,28,false,false,false,2026-02-14,2026-03-05
0,Business Archives - Page 575 of 1596 - The Newport Daily News,http://newportri.xpr-gannett.com/press-release/story/category/business/page/575/,https://bricked.ai/,Bricked AI,51,28,true,false,false,2026-02-15,2026-03-08
0,Business Archives - Page 575 of 1596 - The Newport Daily News,http://newportri.xpr-gannett.com/press-release/story/category/business/page/575/,https://bricked.ai/,https://bricked.ai,51,28,true,false,false,2026-02-15,2026-03-08
0,Business Archives - Page 575 of 1596 - The Newport Daily News,http://newportri.xpr-gannett.com/press-release/story/category/business/page/575/,https://bricked.ai/,real estate comping,51,28,true,false,false,2026-02-15,2026-03-08
0,Business Archives - Page 575 of 1596 - The Newport Daily News,http://newportri.xpr-gannett.com/press-release/story/category/business/page/575/,https://bricked.ai/discord,Other,51,28,false,false,false,2026-02-15,2026-03-08
0,Business Archives - Page 924 of 1945 - The Newport Daily News,http://newportri.xpr-gannett.com/press-release/story/category/business/page/924/,https://bricked.ai/discord,Other,56,28,false,false,false,2026-02-19,2026-03-09
0,Business Archives - Page 924 of 1945 - The Newport Daily News,http://newportri.xpr-gannett.com/press-release/story/category/business/page/924/,https://bricked.ai/,real estate comping,56,28,true,false,false,2026-02-19,2026-03-09
0,Business Archives - Page 924 of 1945 - The Newport Daily News,http://newportri.xpr-gannett.com/press-release/story/category/business/page/924/,https://bricked.ai/,https://bricked.ai,56,28,true,false,false,2026-02-19,2026-03-09
0,Business Archives - Page 924 of 1945 - The Newport Daily News,http://newportri.xpr-gannett.com/press-release/story/category/business/page/924/,https://bricked.ai/,Bricked AI,56,28,true,false,false,2026-02-19,2026-03-09
0,Channels Archives - Page 139 of 241 - The Newport Daily News,http://newportri.xpr-gannett.com/press-release/story/category/channels/page/139/,https://bricked.ai/discord,Other,55,28,false,false,false,2026-02-04,2026-03-06
0,Channels Archives - Page 139 of 241 - The Newport Daily News,http://newportri.xpr-gannett.com/press-release/story/category/channels/page/139/,https://bricked.ai/,Bricked AI,55,28,true,false,false,2026-02-04,2026-03-06
0,Channels Archives - Page 139 of 241 - The Newport Daily News,http://newportri.xpr-gannett.com/press-release/story/category/channels/page/139/,https://bricked.ai/,https://bricked.ai,55,28,true,false,false,2026-02-04,2026-03-06
0,Channels Archives - Page 139 of 241 - The Newport Daily News,http://newportri.xpr-gannett.com/press-release/story/category/channels/page/139/,https://bricked.ai/,real estate comping,55,28,true,false,false,2026-02-04,2026-03-06
0,Channels Archives - Page 152 of 254 - The Newport Daily News,http://newportri.xpr-gannett.com/press-release/story/category/channels/page/152/,https://bricked.ai/discord,Other,91,28,false,false,false,2026-02-12,2026-04-06
0,Channels Archives - Page 152 of 254 - The Newport Daily News,http://newportri.xpr-gannett.com/press-release/story/category/channels/page/152/,https://bricked.ai/,real estate comping,91,28,true,false,false,2026-02-12,2026-04-06
0,Channels Archives - Page 152 of 254 - The Newport Daily News,http://newportri.xpr-gannett.com/press-release/story/category/channels/page/152/,https://bricked.ai/,https://bricked.ai,91,28,true,false,false,2026-02-12,2026-04-06
0,Channels Archives - Page 152 of 254 - The Newport Daily News,http://newportri.xpr-gannett.com/press-release/story/category/channels/page/152/,https://bricked.ai/,Bricked AI,91,28,true,false,false,2026-02-12,2026-04-06
0,Channels Archives - Page 264 of 366 - The Newport Daily News,http://newportri.xpr-gannett.com/press-release/story/category/channels/page/264/,https://bricked.ai/,Bricked AI,91,28,true,false,false,2026-02-16,2026-03-05
0,Channels Archives - Page 264 of 366 - The Newport Daily News,http://newportri.xpr-gannett.com/press-release/story/category/channels/page/264/,https://bricked.ai/,https://bricked.ai,91,28,true,false,false,2026-02-16,2026-03-05
0,Channels Archives - Page 264 of 366 - The Newport Daily News,http://newportri.xpr-gannett.com/press-release/story/category/channels/page/264/,https://bricked.ai/,real estate comping,91,28,true,false,false,2026-02-16,2026-03-05
0,Channels Archives - Page 264 of 366 - The Newport Daily News,http://newportri.xpr-gannett.com/press-release/story/category/channels/page/264/,https://bricked.ai/discord,Other,91,28,false,false,false,2026-02-16,2026-03-05
0,EIN Presswire Archives - Page 1326 of 1601 - The Newport Daily News,http://newportri.xpr-gannett.com/press-release/story/category/partners/ein-presswire/page/1326/,https://bricked.ai/,Bricked AI,56,28,true,false,false,2026-02-22,2026-04-05
0,EIN Presswire Archives - Page 1326 of 1601 - The Newport Daily News,http://newportri.xpr-gannett.com/press-release/story/category/partners/ein-presswire/page/1326/,https://bricked.ai/,https://bricked.ai,56,28,true,false,false,2026-02-22,2026-04-05
0,EIN Presswire Archives - Page 1326 of 1601 - The Newport Daily News,http://newportri.xpr-gannett.com/press-release/story/category/partners/ein-presswire/page/1326/,https://bricked.ai/,real estate comping,56,28,true,false,false,2026-02-22,2026-04-05
0,EIN Presswire Archives - Page 1326 of 1601 - The Newport Daily News,http://newportri.xpr-gannett.com/press-release/story/category/partners/ein-presswire/page/1326/,https://bricked.ai/discord,Other,56,28,false,false,false,2026-02-22,2026-04-05
0,EIN Presswire Archives - Page 409 of 684 - The Newport Daily News,http://newportri.xpr-gannett.com/press-release/story/category/partners/ein-presswire/page/409/,https://bricked.ai/discord,Other,55,28,false,false,false,2026-02-03,2026-03-09
0,EIN Presswire Archives - Page 409 of 684 - The Newport Daily News,http://newportri.xpr-gannett.com/press-release/story/category/partners/ein-presswire/page/409/,https://bricked.ai/,Bricked AI,55,28,true,false,false,2026-02-03,2026-03-09
0,EIN Presswire Archives - Page 409 of 684 - The Newport Daily News,http://newportri.xpr-gannett.com/press-release/story/category/partners/ein-presswire/page/409/,https://bricked.ai/,https://bricked.ai,55,28,true,false,false,2026-02-03,2026-03-09
0,EIN Presswire Archives - Page 409 of 684 - The Newport Daily News,http://newportri.xpr-gannett.com/press-release/story/category/partners/ein-presswire/page/409/,https://bricked.ai/,real estate comping,55,28,true,false,false,2026-02-03,2026-03-09
0,EIN Presswire Archives - Page 410 of 685 - The Newport Daily News,http://newportri.xpr-gannett.com/press-release/story/category/partners/ein-presswire/page/410/,https://bricked.ai/,Bricked AI,63,28,true,false,false,2026-02-05,2026-03-06
0,EIN Presswire Archives - Page 410 of 685 - The Newport Daily News,http://newportri.xpr-gannett.com/press-release/story/category/partners/ein-presswire/page/410/,https://bricked.ai/,https://bricked.ai,63,28,true,false,false,2026-02-05,2026-03-06
0,EIN Presswire Archives - Page 410 of 685 - The Newport Daily News,http://newportri.xpr-gannett.com/press-release/story/category/partners/ein-presswire/page/410/,https://bricked.ai/,real estate comping,63,28,true,false,false,2026-02-05,2026-03-06
0,EIN Presswire Archives - Page 410 of 685 - The Newport Daily News,http://newportri.xpr-gannett.com/press-release/story/category/partners/ein-presswire/page/410/,https://bricked.ai/discord,Other,63,28,false,false,false,2026-02-05,2026-03-06
0,EIN Presswire Archives - Page 426 of 701 - The Newport Daily News,http://newportri.xpr-gannett.com/press-release/story/category/partners/ein-presswire/page/426/,https://bricked.ai/,Bricked AI,87,28,true,false,false,2026-02-11,2026-04-06
0,EIN Presswire Archives - Page 426 of 701 - The Newport Daily News,http://newportri.xpr-gannett.com/press-release/story/category/partners/ein-presswire/page/426/,https://bricked.ai/,https://bricked.ai,87,28,true,false,false,2026-02-11,2026-04-06
0,EIN Presswire Archives - Page 426 of 701 - The Newport Daily News,http://newportri.xpr-gannett.com/press-release/story/category/partners/ein-presswire/page/426/,https://bricked.ai/,real estate comping,87,28,true,false,false,2026-02-11,2026-04-06
0,EIN Presswire Archives - Page 426 of 701 - The Newport Daily News,http://newportri.xpr-gannett.com/press-release/story/category/partners/ein-presswire/page/426/,https://bricked.ai/discord,Other,87,28,false,false,false,2026-02-11,2026-04-06
0,EIN Presswire Archives - Page 512 of 788 - The Newport Daily News,http://newportri.xpr-gannett.com/press-release/story/category/partners/ein-presswire/page/512/,https://bricked.ai/,Bricked AI,50,28,true,false,false,2026-02-14,2026-03-06
0,EIN Presswire Archives - Page 512 of 788 - The Newport Daily News,http://newportri.xpr-gannett.com/press-release/story/category/partners/ein-presswire/page/512/,https://bricked.ai/,https://bricked.ai,50,28,true,false,false,2026-02-14,2026-03-06
0,EIN Presswire Archives - Page 512 of 788 - The Newport Daily News,http://newportri.xpr-gannett.com/press-release/story/category/partners/ein-presswire/page/512/,https://bricked.ai/,real estate comping,50,28,true,false,false,2026-02-14,2026-03-06
0,EIN Presswire Archives - Page 512 of 788 - The Newport Daily News,http://newportri.xpr-gannett.com/press-release/story/category/partners/ein-presswire/page/512/,https://bricked.ai/discord,Other,50,28,false,false,false,2026-02-14,2026-03-06
0,Partners Archives - Page 413 of 724 - The Newport Daily News,http://newportri.xpr-gannett.com/press-release/story/category/partners/page/413/,https://bricked.ai/discord,Other,87,28,false,false,false,2026-02-06,2026-03-08
0,Partners Archives - Page 413 of 724 - The Newport Daily News,http://newportri.xpr-gannett.com/press-release/story/category/partners/page/413/,https://bricked.ai/,Bricked AI,87,28,true,false,false,2026-02-06,2026-03-08
0,Partners Archives - Page 413 of 724 - The Newport Daily News,http://newportri.xpr-gannett.com/press-release/story/category/partners/page/413/,https://bricked.ai/,https://bricked.ai,87,28,true,false,false,2026-02-06,2026-03-08
0,Partners Archives - Page 413 of 724 - The Newport Daily News,http://newportri.xpr-gannett.com/press-release/story/category/partners/page/413/,https://bricked.ai/,real estate comping,87,28,true,false,false,2026-02-06,2026-03-08
0,Partners Archives - Page 419 of 731 - The Newport Daily News,http://newportri.xpr-gannett.com/press-release/story/category/partners/page/419/,https://bricked.ai/,Bricked AI,55,28,true,false,false,2026-02-08,2026-03-05
0,Partners Archives - Page 419 of 731 - The Newport Daily News,http://newportri.xpr-gannett.com/press-release/story/category/partners/page/419/,https://bricked.ai/,https://bricked.ai,55,28,true,false,false,2026-02-08,2026-03-05
0,Partners Archives - Page 419 of 731 - The Newport Daily News,http://newportri.xpr-gannett.com/press-release/story/category/partners/page/419/,https://bricked.ai/,real estate comping,55,28,true,false,false,2026-02-08,2026-03-05
0,Partners Archives - Page 419 of 731 - The Newport Daily News,http://newportri.xpr-gannett.com/press-release/story/category/partners/page/419/,https://bricked.ai/discord,Other,55,28,false,false,false,2026-02-08,2026-03-05
0,Partners Archives - Page 455 of 766 - The Newport Daily News,http://newportri.xpr-gannett.com/press-release/story/category/partners/page/455/,https://bricked.ai/discord,Other,87,28,false,false,false,2026-02-12,2026-04-05
0,Partners Archives - Page 455 of 766 - The Newport Daily News,http://newportri.xpr-gannett.com/press-release/story/category/partners/page/455/,https://bricked.ai/,Bricked AI,87,28,true,false,false,2026-02-12,2026-04-05
0,Partners Archives - Page 455 of 766 - The Newport Daily News,http://newportri.xpr-gannett.com/press-release/story/category/partners/page/455/,https://bricked.ai/,https://bricked.ai,87,28,true,false,false,2026-02-12,2026-04-05
0,Partners Archives - Page 455 of 766 - The Newport Daily News,http://newportri.xpr-gannett.com/press-release/story/category/partners/page/455/,https://bricked.ai/,real estate comping,87,28,true,false,false,2026-02-12,2026-04-05
0,Partners Archives - Page 515 of 827 - The Newport Daily News,http://newportri.xpr-gannett.com/press-release/story/category/partners/page/515/,https://bricked.ai/,real estate comping,56,28,true,false,false,2026-02-14,2026-03-07
0,Partners Archives - Page 515 of 827 - The Newport Daily News,http://newportri.xpr-gannett.com/press-release/story/category/partners/page/515/,https://bricked.ai/,https://bricked.ai,56,28,true,false,false,2026-02-14,2026-03-07
0,Partners Archives - Page 515 of 827 - The Newport Daily News,http://newportri.xpr-gannett.com/press-release/story/category/partners/page/515/,https://bricked.ai/,Bricked AI,56,28,true,false,false,2026-02-14,2026-03-07
0,Partners Archives - Page 515 of 827 - The Newport Daily News,http://newportri.xpr-gannett.com/press-release/story/category/partners/page/515/,https://bricked.ai/discord,Other,56,28,false,false,false,2026-02-14,2026-03-07
0,Press Releases Archives - Page 459 of 1266 - The Newport Daily News,http://newportri.xpr-gannett.com/press-release/story/category/press-releases/page/459/,https://bricked.ai/discord,Other,56,28,false,false,false,2026-02-06,2026-04-05
0,Press Releases Archives - Page 459 of 1266 - The Newport Daily News,http://newportri.xpr-gannett.com/press-release/story/category/press-releases/page/459/,https://bricked.ai/,Bricked AI,56,28,true,false,false,2026-02-06,2026-04-05
0,Press Releases Archives - Page 459 of 1266 - The Newport Daily News,http://newportri.xpr-gannett.com/press-release/story/category/press-releases/page/459/,https://bricked.ai/,https://bricked.ai,56,28,true,false,false,2026-02-06,2026-04-05
0,Press Releases Archives - Page 459 of 1266 - The Newport Daily News,http://newportri.xpr-gannett.com/press-release/story/category/press-releases/page/459/,https://bricked.ai/,real estate comping,56,28,true,false,false,2026-02-06,2026-04-05
0,Press Releases Archives - Page 460 of 1266 - The Newport Daily News,http://newportri.xpr-gannett.com/press-release/story/category/press-releases/page/460/,https://bricked.ai/,Bricked AI,58,28,true,false,false,2026-02-06,2026-03-08
0,Press Releases Archives - Page 460 of 1266 - The Newport Daily News,http://newportri.xpr-gannett.com/press-release/story/category/press-releases/page/460/,https://bricked.ai/,https://bricked.ai,58,28,true,false,false,2026-02-06,2026-03-08
0,Press Releases Archives - Page 460 of 1266 - The Newport Daily News,http://newportri.xpr-gannett.com/press-release/story/category/press-releases/page/460/,https://bricked.ai/,real estate comping,58,28,true,false,false,2026-02-06,2026-03-08
0,Press Releases Archives - Page 460 of 1266 - The Newport Daily News,http://newportri.xpr-gannett.com/press-release/story/category/press-releases/page/460/,https://bricked.ai/discord,Other,58,28,false,false,false,2026-02-06,2026-03-08
0,Press Releases Archives - Page 499 of 1305 - The Newport Daily News,http://newportri.xpr-gannett.com/press-release/story/category/press-releases/page/499/,https://bricked.ai/,Bricked AI,87,28,true,false,false,2026-02-12,2026-04-05
0,Press Releases Archives - Page 499 of 1305 - The Newport Daily News,http://newportri.xpr-gannett.com/press-release/story/category/press-releases/page/499/,https://bricked.ai/,https://bricked.ai,87,28,true,false,false,2026-02-12,2026-04-05
0,Press Releases Archives - Page 499 of 1305 - The Newport Daily News,http://newportri.xpr-gannett.com/press-release/story/category/press-releases/page/499/,https://bricked.ai/,real estate comping,87,28,true,false,false,2026-02-12,2026-04-05
0,Press Releases Archives - Page 499 of 1305 - The Newport Daily News,http://newportri.xpr-gannett.com/press-release/story/category/press-releases/page/499/,https://bricked.ai/discord,Other,87,28,false,false,false,2026-02-12,2026-04-05
0,Business Archives - Page 576 of 1600 - Daytona Beach News-Journal,http://news-journalonline.xpr-gannett.com/press-release/story/category/business/page/576/,https://bricked.ai/discord,Other,86,28,false,false,false,2026-02-16,2026-04-01
0,Business Archives - Page 576 of 1600 - Daytona Beach News-Journal,http://news-journalonline.xpr-gannett.com/press-release/story/category/business/page/576/,https://bricked.ai/,real estate comping,86,28,true,false,false,2026-02-16,2026-04-01
0,Business Archives - Page 576 of 1600 - Daytona Beach News-Journal,http://news-journalonline.xpr-gannett.com/press-release/story/category/business/page/576/,https://bricked.ai/,Bricked AI,86,28,true,false,false,2026-02-16,2026-04-01
0,Business Archives - Page 576 of 1600 - Daytona Beach News-Journal,http://news-journalonline.xpr-gannett.com/press-release/story/category/business/page/576/,https://bricked.ai/,https://bricked.ai,86,28,true,false,false,2026-02-16,2026-04-01
0,Channels Archives - Page 47 of 152 - Daytona Beach News-Journal,http://news-journalonline.xpr-gannett.com/press-release/story/category/channels/page/47/,https://bricked.ai/,Bricked AI,93,28,true,false,false,2026-02-03,2026-04-06
0,Channels Archives - Page 47 of 152 - Daytona Beach News-Journal,http://news-journalonline.xpr-gannett.com/press-release/story/category/channels/page/47/,https://bricked.ai/,https://bricked.ai,93,28,true,false,false,2026-02-03,2026-04-06
0,Channels Archives - Page 47 of 152 - Daytona Beach News-Journal,http://news-journalonline.xpr-gannett.com/press-release/story/category/channels/page/47/,https://bricked.ai/,real estate comping,93,28,true,false,false,2026-02-03,2026-04-06
0,Channels Archives - Page 47 of 152 - Daytona Beach News-Journal,http://news-journalonline.xpr-gannett.com/press-release/story/category/channels/page/47/,https://bricked.ai/discord,Other,93,28,false,false,false,2026-02-03,2026-04-06
0,Channels Archives - Page 49 of 155 - Daytona Beach News-Journal,http://news-journalonline.xpr-gannett.com/press-release/story/category/channels/page/49/,https://bricked.ai/,Bricked AI,97,28,true,false,false,2026-02-08,2026-03-06
0,Channels Archives - Page 49 of 155 - Daytona Beach News-Journal,http://news-journalonline.xpr-gannett.com/press-release/story/category/channels/page/49/,https://bricked.ai/,https://bricked.ai,97,28,true,false,false,2026-02-08,2026-03-06
0,Channels Archives - Page 49 of 155 - Daytona Beach News-Journal,http://news-journalonline.xpr-gannett.com/press-release/story/category/channels/page/49/,https://bricked.ai/,real estate comping,97,28,true,false,false,2026-02-08,2026-03-06
0,Channels Archives - Page 49 of 155 - Daytona Beach News-Journal,http://news-journalonline.xpr-gannett.com/press-release/story/category/channels/page/49/,https://bricked.ai/discord,Other,97,28,false,false,false,2026-02-08,2026-03-06
0,Channels Archives - Page 51 of 157 - Daytona Beach News-Journal,http://news-journalonline.xpr-gannett.com/press-release/story/category/channels/page/51/,https://bricked.ai/,real estate comping,97,28,true,false,false,2026-02-11,2026-04-05
0,Channels Archives - Page 51 of 157 - Daytona Beach News-Journal,http://news-journalonline.xpr-gannett.com/press-release/story/category/channels/page/51/,https://bricked.ai/,https://bricked.ai,97,28,true,false,false,2026-02-11,2026-04-05
0,Channels Archives - Page 51 of 157 - Daytona Beach News-Journal,http://news-journalonline.xpr-gannett.com/press-release/story/category/channels/page/51/,https://bricked.ai/,Bricked AI,97,28,true,false,false,2026-02-11,2026-04-05
0,Channels Archives - Page 51 of 157 - Daytona Beach News-Journal,http://news-journalonline.xpr-gannett.com/press-release/story/category/channels/page/51/,https://bricked.ai/discord,Other,97,28,false,false,false,2026-02-11,2026-04-05
0,Technology Archives - Page 128 of 209 - Daytona Beach News-Journal,http://news-journalonline.xpr-gannett.com/press-release/story/category/channels/technology/page/128/,https://bricked.ai/discord,Other,79,28,false,false,false,2026-02-16,2026-05-04
0,Technology Archives - Page 128 of 209 - Daytona Beach News-Journal,http://news-journalonline.xpr-gannett.com/press-release/story/category/channels/technology/page/128/,https://bricked.ai/,real estate comping,79,28,true,false,false,2026-02-16,2026-05-04
0,Technology Archives - Page 128 of 209 - Daytona Beach News-Journal,http://news-journalonline.xpr-gannett.com/press-release/story/category/channels/technology/page/128/,https://bricked.ai/,https://bricked.ai,79,28,true,false,false,2026-02-16,2026-05-04
0,Technology Archives - Page 128 of 209 - Daytona Beach News-Journal,http://news-journalonline.xpr-gannett.com/press-release/story/category/channels/technology/page/128/,https://bricked.ai/,Bricked AI,79,28,true,false,false,2026-02-16,2026-05-04
0,Technology Archives - Page 39 of 120 - Daytona Beach News-Journal,http://news-journalonline.xpr-gannett.com/press-release/story/category/channels/technology/page/39/,https://bricked.ai/,Bricked AI,79,28,true,false,false,2026-02-06,2026-03-09
0,Technology Archives - Page 39 of 120 - Daytona Beach News-Journal,http://news-journalonline.xpr-gannett.com/press-release/story/category/channels/technology/page/39/,https://bricked.ai/,https://bricked.ai,79,28,true,false,false,2026-02-06,2026-03-09
0,Technology Archives - Page 39 of 120 - Daytona Beach News-Journal,http://news-journalonline.xpr-gannett.com/press-release/story/category/channels/technology/page/39/,https://bricked.ai/,real estate comping,79,28,true,false,false,2026-02-06,2026-03-09
0,Technology Archives - Page 39 of 120 - Daytona Beach News-Journal,http://news-journalonline.xpr-gannett.com/press-release/story/category/channels/technology/page/39/,https://bricked.ai/discord,Other,79,28,false,false,false,2026-02-06,2026-03-09
0,Partners Archives - Page 492 of 814 - Daytona Beach News-Journal,http://news-journalonline.xpr-gannett.com/press-release/story/category/partners/page/492/,https://bricked.ai/,Bricked AI,59,28,true,false,false,2026-02-16,2026-03-09
0,Partners Archives - Page 492 of 814 - Daytona Beach News-Journal,http://news-journalonline.xpr-gannett.com/press-release/story/category/partners/page/492/,https://bricked.ai/,https://bricked.ai,59,28,true,false,false,2026-02-16,2026-03-09
0,Partners Archives - Page 492 of 814 - Daytona Beach News-Journal,http://news-journalonline.xpr-gannett.com/press-release/story/category/partners/page/492/,https://bricked.ai/,real estate comping,59,28,true,false,false,2026-02-16,2026-03-09
0,Partners Archives - Page 492 of 814 - Daytona Beach News-Journal,http://news-journalonline.xpr-gannett.com/press-release/story/category/partners/page/492/,https://bricked.ai/discord,Other,59,28,false,false,false,2026-02-16,2026-03-09
0,Channels Archives - Page 217 of 321 - Springfield News-Leader,http://news-leader.xpr-gannett.com/press-release/story/category/channels/page/217/,https://bricked.ai/discord,Other,60,28,false,false,false,2026-02-14,2026-03-06
0,Channels Archives - Page 217 of 321 - Springfield News-Leader,http://news-leader.xpr-gannett.com/press-release/story/category/channels/page/217/,https://bricked.ai/,Bricked AI,60,28,true,false,false,2026-02-14,2026-03-06
0,Channels Archives - Page 217 of 321 - Springfield News-Leader,http://news-leader.xpr-gannett.com/press-release/story/category/channels/page/217/,https://bricked.ai/,https://bricked.ai,60,28,true,false,false,2026-02-14,2026-03-06
0,Channels Archives - Page 217 of 321 - Springfield News-Leader,http://news-leader.xpr-gannett.com/press-release/story/category/channels/page/217/,https://bricked.ai/,real estate comping,60,28,true,false,false,2026-02-14,2026-03-06
0,Technology Archives - Page 227 of 308 - Springfield News-Leader,http://news-leader.xpr-gannett.com/press-release/story/category/channels/technology/page/227/,https://bricked.ai/,Bricked AI,49,28,true,false,false,2026-02-16,2026-03-09
0,Technology Archives - Page 227 of 308 - Springfield News-Leader,http://news-leader.xpr-gannett.com/press-release/story/category/channels/technology/page/227/,https://bricked.ai/,https://bricked.ai,49,28,true,false,false,2026-02-16,2026-03-09
0,Technology Archives - Page 227 of 308 - Springfield News-Leader,http://news-leader.xpr-gannett.com/press-release/story/category/channels/technology/page/227/,https://bricked.ai/,real estate comping,49,28,true,false,false,2026-02-16,2026-03-09
0,Technology Archives - Page 227 of 308 - Springfield News-Leader,http://news-leader.xpr-gannett.com/press-release/story/category/channels/technology/page/227/,https://bricked.ai/discord,Other,49,28,false,false,false,2026-02-16,2026-03-09
0,Technology Archives - Page 89 of 170 - Springfield News-Leader,http://news-leader.xpr-gannett.com/press-release/story/category/channels/technology/page/89/,https://bricked.ai/,Bricked AI,83,28,true,false,false,2026-01-28,2026-03-09
0,Technology Archives - Page 89 of 170 - Springfield News-Leader,http://news-leader.xpr-gannett.com/press-release/story/category/channels/technology/page/89/,https://bricked.ai/,https://bricked.ai,83,28,true,false,false,2026-01-28,2026-03-09
0,Technology Archives - Page 89 of 170 - Springfield News-Leader,http://news-leader.xpr-gannett.com/press-release/story/category/channels/technology/page/89/,https://bricked.ai/,real estate comping,83,28,true,false,false,2026-01-28,2026-03-09
0,Technology Archives - Page 89 of 170 - Springfield News-Leader,http://news-leader.xpr-gannett.com/press-release/story/category/channels/technology/page/89/,https://bricked.ai/discord,Other,83,28,false,false,false,2026-01-28,2026-03-09
0,Press Releases Archives - Page 583 of 1397 - Springfield News-Leader,http://news-leader.xpr-gannett.com/press-release/story/category/press-releases/page/583/,https://bricked.ai/discord,Other,53,28,false,false,false,2026-02-06,2026-03-07
0,Press Releases Archives - Page 583 of 1397 - Springfield News-Leader,http://news-leader.xpr-gannett.com/press-release/story/category/press-releases/page/583/,https://bricked.ai/,Bricked AI,53,28,true,false,false,2026-02-06,2026-03-07
0,Press Releases Archives - Page 583 of 1397 - Springfield News-Leader,http://news-leader.xpr-gannett.com/press-release/story/category/press-releases/page/583/,https://bricked.ai/,https://bricked.ai,53,28,true,false,false,2026-02-06,2026-03-07
0,Press Releases Archives - Page 583 of 1397 - Springfield News-Leader,http://news-leader.xpr-gannett.com/press-release/story/category/press-releases/page/583/,https://bricked.ai/,real estate comping,53,28,true,false,false,2026-02-06,2026-03-07
0,Press Releases Archives - Page 708 of 1521 - Springfield News-Leader,http://news-leader.xpr-gannett.com/press-release/story/category/press-releases/page/708/,https://bricked.ai/,Bricked AI,53,28,true,false,false,2026-02-13,2026-03-08
0,Press Releases Archives - Page 708 of 1521 - Springfield News-Leader,http://news-leader.xpr-gannett.com/press-release/story/category/press-releases/page/708/,https://bricked.ai/,https://bricked.ai,53,28,true,false,false,2026-02-13,2026-03-08
0,Press Releases Archives - Page 708 of 1521 - Springfield News-Leader,http://news-leader.xpr-gannett.com/press-release/story/category/press-releases/page/708/,https://bricked.ai/,real estate comping,53,28,true,false,false,2026-02-13,2026-03-08
0,Press Releases Archives - Page 708 of 1521 - Springfield News-Leader,http://news-leader.xpr-gannett.com/press-release/story/category/press-releases/page/708/,https://bricked.ai/discord,Other,53,28,false,false,false,2026-02-13,2026-03-08
0,Business Archives - Page 300 of 1199 - The Bergen Record,http://northjersey.xpr-gannett.com/press-release/story/category/business/page/300/,https://bricked.ai/,Bricked AI,97,28,true,false,false,2026-02-11,2026-03-08
0,Business Archives - Page 300 of 1199 - The Bergen Record,http://northjersey.xpr-gannett.com/press-release/story/category/business/page/300/,https://bricked.ai/,https://bricked.ai,97,28,true,false,false,2026-02-11,2026-03-08
0,Business Archives - Page 300 of 1199 - The Bergen Record,http://northjersey.xpr-gannett.com/press-release/story/category/business/page/300/,https://bricked.ai/,real estate comping,97,28,true,false,false,2026-02-11,2026-03-08
0,Business Archives - Page 300 of 1199 - The Bergen Record,http://northjersey.xpr-gannett.com/press-release/story/category/business/page/300/,https://bricked.ai/discord,Other,97,28,false,false,false,2026-02-11,2026-03-08
0,Channels Archives - Page 447 of 555 - The Bergen Record,http://northjersey.xpr-gannett.com/press-release/story/category/channels/page/447/,https://bricked.ai/,real estate comping,89,28,true,false,false,2026-02-20,2026-03-08
0,Channels Archives - Page 447 of 555 - The Bergen Record,http://northjersey.xpr-gannett.com/press-release/story/category/channels/page/447/,https://bricked.ai/,https://bricked.ai,89,28,true,false,false,2026-02-20,2026-03-08
0,Channels Archives - Page 447 of 555 - The Bergen Record,http://northjersey.xpr-gannett.com/press-release/story/category/channels/page/447/,https://bricked.ai/,Bricked AI,89,28,true,false,false,2026-02-20,2026-03-08
0,Channels Archives - Page 447 of 555 - The Bergen Record,http://northjersey.xpr-gannett.com/press-release/story/category/channels/page/447/,https://bricked.ai/discord,Other,89,28,false,false,false,2026-02-20,2026-03-08
0,Channels Archives - Page 457 of 564 - The Bergen Record,http://northjersey.xpr-gannett.com/press-release/story/category/channels/page/457/,https://bricked.ai/,Bricked AI,98,28,true,false,false,2026-02-22,2026-04-03
0,Channels Archives - Page 457 of 564 - The Bergen Record,http://northjersey.xpr-gannett.com/press-release/story/category/channels/page/457/,https://bricked.ai/,https://bricked.ai,98,28,true,false,false,2026-02-22,2026-04-03
0,Channels Archives - Page 457 of 564 - The Bergen Record,http://northjersey.xpr-gannett.com/press-release/story/category/channels/page/457/,https://bricked.ai/,real estate comping,98,28,true,false,false,2026-02-22,2026-04-03
0,Channels Archives - Page 457 of 564 - The Bergen Record,http://northjersey.xpr-gannett.com/press-release/story/category/channels/page/457/,https://bricked.ai/discord,Other,98,28,false,false,false,2026-02-22,2026-04-03
0,Channels Archives - Page 460 of 568 - The Bergen Record,http://northjersey.xpr-gannett.com/press-release/story/category/channels/page/460/,https://bricked.ai/discord,Other,89,28,false,false,false,2026-02-23,2026-04-05
0,Channels Archives - Page 460 of 568 - The Bergen Record,http://northjersey.xpr-gannett.com/press-release/story/category/channels/page/460/,https://bricked.ai/,https://bricked.ai,89,28,true,false,false,2026-02-23,2026-04-05
0,Channels Archives - Page 460 of 568 - The Bergen Record,http://northjersey.xpr-gannett.com/press-release/story/category/channels/page/460/,https://bricked.ai/,real estate comping,89,28,true,false,false,2026-02-23,2026-04-05
0,Channels Archives - Page 460 of 568 - The Bergen Record,http://northjersey.xpr-gannett.com/press-release/story/category/channels/page/460/,https://bricked.ai/,Bricked AI,89,28,true,false,false,2026-02-23,2026-04-05
0,Technology Archives - Page 353 of 434 - The Bergen Record,http://northjersey.xpr-gannett.com/press-release/story/category/channels/technology/page/353/,https://bricked.ai/discord,Other,73,28,false,false,false,2026-02-23,2026-04-08
0,Technology Archives - Page 353 of 434 - The Bergen Record,http://northjersey.xpr-gannett.com/press-release/story/category/channels/technology/page/353/,https://bricked.ai/,Bricked AI,73,28,true,false,false,2026-02-23,2026-04-08
0,Technology Archives - Page 353 of 434 - The Bergen Record,http://northjersey.xpr-gannett.com/press-release/story/category/channels/technology/page/353/,https://bricked.ai/,https://bricked.ai,73,28,true,false,false,2026-02-23,2026-04-08
0,Technology Archives - Page 353 of 434 - The Bergen Record,http://northjersey.xpr-gannett.com/press-release/story/category/channels/technology/page/353/,https://bricked.ai/,real estate comping,73,28,true,false,false,2026-02-23,2026-04-08
0,Technology Archives - Page 69 of 150 - The Bergen Record,http://northjersey.xpr-gannett.com/press-release/story/category/channels/technology/page/69/,https://bricked.ai/,real estate comping,82,28,true,false,false,2026-02-12,2026-03-08
0,Technology Archives - Page 69 of 150 - The Bergen Record,http://northjersey.xpr-gannett.com/press-release/story/category/channels/technology/page/69/,https://bricked.ai/discord,Other,82,28,false,false,false,2026-02-12,2026-03-08
0,Technology Archives - Page 69 of 150 - The Bergen Record,http://northjersey.xpr-gannett.com/press-release/story/category/channels/technology/page/69/,https://bricked.ai/,https://bricked.ai,82,28,true,false,false,2026-02-12,2026-03-08
0,Technology Archives - Page 69 of 150 - The Bergen Record,http://northjersey.xpr-gannett.com/press-release/story/category/channels/technology/page/69/,https://bricked.ai/,Bricked AI,82,28,true,false,false,2026-02-12,2026-03-08
0,Partners Archives - Page 251 of 1150 - The Bergen Record,http://northjersey.xpr-gannett.com/press-release/story/category/partners/page/251/,https://bricked.ai/,Bricked AI,53,28,true,false,false,2026-02-06,2026-04-04
0,Partners Archives - Page 251 of 1150 - The Bergen Record,http://northjersey.xpr-gannett.com/press-release/story/category/partners/page/251/,https://bricked.ai/,https://bricked.ai,53,28,true,false,false,2026-02-06,2026-04-04
0,Partners Archives - Page 251 of 1150 - The Bergen Record,http://northjersey.xpr-gannett.com/press-release/story/category/partners/page/251/,https://bricked.ai/,real estate comping,53,28,true,false,false,2026-02-06,2026-04-04
0,Partners Archives - Page 251 of 1150 - The Bergen Record,http://northjersey.xpr-gannett.com/press-release/story/category/partners/page/251/,https://bricked.ai/discord,Other,53,28,false,false,false,2026-02-06,2026-04-04
0,Partners Archives - Page 259 of 1158 - The Bergen Record,http://northjersey.xpr-gannett.com/press-release/story/category/partners/page/259/,https://bricked.ai/,Bricked AI,87,28,true,false,false,2026-02-09,2026-03-06
0,Partners Archives - Page 259 of 1158 - The Bergen Record,http://northjersey.xpr-gannett.com/press-release/story/category/partners/page/259/,https://bricked.ai/,real estate comping,87,28,true,false,false,2026-02-09,2026-03-06
0,Partners Archives - Page 259 of 1158 - The Bergen Record,http://northjersey.xpr-gannett.com/press-release/story/category/partners/page/259/,https://bricked.ai/,https://bricked.ai,87,28,true,false,false,2026-02-09,2026-03-06
0,Partners Archives - Page 259 of 1158 - The Bergen Record,http://northjersey.xpr-gannett.com/press-release/story/category/partners/page/259/,https://bricked.ai/discord,Other,87,28,false,false,false,2026-02-09,2026-03-06
0,Partners Archives - Page 278 of 1177 - The Bergen Record,http://northjersey.xpr-gannett.com/press-release/story/category/partners/page/278/,https://bricked.ai/discord,Other,53,28,false,false,false,2026-02-11,2026-03-08
0,Partners Archives - Page 278 of 1177 - The Bergen Record,http://northjersey.xpr-gannett.com/press-release/story/category/partners/page/278/,https://bricked.ai/,Bricked AI,53,28,true,false,false,2026-02-11,2026-03-08
0,Partners Archives - Page 278 of 1177 - The Bergen Record,http://northjersey.xpr-gannett.com/press-release/story/category/partners/page/278/,https://bricked.ai/,https://bricked.ai,53,28,true,false,false,2026-02-11,2026-03-08
0,Partners Archives - Page 278 of 1177 - The Bergen Record,http://northjersey.xpr-gannett.com/press-release/story/category/partners/page/278/,https://bricked.ai/,real estate comping,53,28,true,false,false,2026-02-11,2026-03-08
0,Partners Archives - Page 300 of 1199 - The Bergen Record,http://northjersey.xpr-gannett.com/press-release/story/category/partners/page/300/,https://bricked.ai/,Bricked AI,91,28,true,false,false,2026-02-11,2026-03-07
0,Partners Archives - Page 300 of 1199 - The Bergen Record,http://northjersey.xpr-gannett.com/press-release/story/category/partners/page/300/,https://bricked.ai/,https://bricked.ai,91,28,true,false,false,2026-02-11,2026-03-07
0,Partners Archives - Page 300 of 1199 - The Bergen Record,http://northjersey.xpr-gannett.com/press-release/story/category/partners/page/300/,https://bricked.ai/,real estate comping,91,28,true,false,false,2026-02-11,2026-03-07
0,Partners Archives - Page 300 of 1199 - The Bergen Record,http://northjersey.xpr-gannett.com/press-release/story/category/partners/page/300/,https://bricked.ai/discord,Other,91,28,false,false,false,2026-02-11,2026-03-07
0,Press Releases Archives - Page 251 of 1006 - The Bergen Record,http://northjersey.xpr-gannett.com/press-release/story/category/press-releases/page/251/,https://bricked.ai/discord,Other,87,28,false,false,false,2026-02-06,2026-03-08
0,Press Releases Archives - Page 251 of 1006 - The Bergen Record,http://northjersey.xpr-gannett.com/press-release/story/category/press-releases/page/251/,https://bricked.ai/,Bricked AI,87,28,true,false,false,2026-02-06,2026-03-08
0,Press Releases Archives - Page 251 of 1006 - The Bergen Record,http://northjersey.xpr-gannett.com/press-release/story/category/press-releases/page/251/,https://bricked.ai/,https://bricked.ai,87,28,true,false,false,2026-02-06,2026-03-08
0,Press Releases Archives - Page 251 of 1006 - The Bergen Record,http://northjersey.xpr-gannett.com/press-release/story/category/press-releases/page/251/,https://bricked.ai/,real estate comping,87,28,true,false,false,2026-02-06,2026-03-08
0,Press Releases Archives - Page 348 of 1103 - The Bergen Record,http://northjersey.xpr-gannett.com/press-release/story/category/press-releases/page/348/,https://bricked.ai/discord,Other,98,28,false,false,false,2026-02-14,2026-03-05
0,Press Releases Archives - Page 348 of 1103 - The Bergen Record,http://northjersey.xpr-gannett.com/press-release/story/category/press-releases/page/348/,https://bricked.ai/,Bricked AI,98,28,true,false,false,2026-02-14,2026-03-05
0,Press Releases Archives - Page 348 of 1103 - The Bergen Record,http://northjersey.xpr-gannett.com/press-release/story/category/press-releases/page/348/,https://bricked.ai/,https://bricked.ai,98,28,true,false,false,2026-02-14,2026-03-05
0,Press Releases Archives - Page 348 of 1103 - The Bergen Record,http://northjersey.xpr-gannett.com/press-release/story/category/press-releases/page/348/,https://bricked.ai/,real estate comping,98,28,true,false,false,2026-02-14,2026-03-05
0,Business Archives - Page 283 of 1183 - The Oklahoman,http://oklahoman.xpr-gannett.com/press-release/story/category/business/page/283/,https://bricked.ai/discord,Other,97,28,false,false,false,2026-02-08,2026-03-05
0,Business Archives - Page 283 of 1183 - The Oklahoman,http://oklahoman.xpr-gannett.com/press-release/story/category/business/page/283/,https://bricked.ai/,Bricked AI,97,28,true,false,false,2026-02-08,2026-03-05
0,Business Archives - Page 283 of 1183 - The Oklahoman,http://oklahoman.xpr-gannett.com/press-release/story/category/business/page/283/,https://bricked.ai/,https://bricked.ai,97,28,true,false,false,2026-02-08,2026-03-05
0,Business Archives - Page 283 of 1183 - The Oklahoman,http://oklahoman.xpr-gannett.com/press-release/story/category/business/page/283/,https://bricked.ai/,real estate comping,97,28,true,false,false,2026-02-08,2026-03-05
0,Business Archives - Page 368 of 1268 - The Oklahoman,http://oklahoman.xpr-gannett.com/press-release/story/category/business/page/368/,https://bricked.ai/discord,Other,101,28,false,false,false,2026-02-14,2026-03-08
0,Business Archives - Page 368 of 1268 - The Oklahoman,http://oklahoman.xpr-gannett.com/press-release/story/category/business/page/368/,https://bricked.ai/,Bricked AI,101,28,true,false,false,2026-02-14,2026-03-08
0,Business Archives - Page 368 of 1268 - The Oklahoman,http://oklahoman.xpr-gannett.com/press-release/story/category/business/page/368/,https://bricked.ai/,https://bricked.ai,101,28,true,false,false,2026-02-14,2026-03-08
0,Business Archives - Page 368 of 1268 - The Oklahoman,http://oklahoman.xpr-gannett.com/press-release/story/category/business/page/368/,https://bricked.ai/,real estate comping,101,28,true,false,false,2026-02-14,2026-03-08
0,Channels Archives - Page 459 of 567 - The Oklahoman,http://oklahoman.xpr-gannett.com/press-release/story/category/channels/page/459/,https://bricked.ai/,Bricked AI,95,28,true,false,false,2026-02-23,2026-04-08
0,Channels Archives - Page 459 of 567 - The Oklahoman,http://oklahoman.xpr-gannett.com/press-release/story/category/channels/page/459/,https://bricked.ai/,https://bricked.ai,95,28,true,false,false,2026-02-23,2026-04-08
0,Channels Archives - Page 459 of 567 - The Oklahoman,http://oklahoman.xpr-gannett.com/press-release/story/category/channels/page/459/,https://bricked.ai/,real estate comping,95,28,true,false,false,2026-02-23,2026-04-08
0,Channels Archives - Page 459 of 567 - The Oklahoman,http://oklahoman.xpr-gannett.com/press-release/story/category/channels/page/459/,https://bricked.ai/discord,Other,95,28,false,false,false,2026-02-23,2026-04-08
0,Technology Archives - Page 11 of 91 - The Oklahoman,http://oklahoman.xpr-gannett.com/press-release/story/category/channels/technology/page/11/,https://bricked.ai/,Bricked AI,78,28,true,false,false,2026-01-23,2026-03-08
0,Technology Archives - Page 11 of 91 - The Oklahoman,http://oklahoman.xpr-gannett.com/press-release/story/category/channels/technology/page/11/,https://bricked.ai/,https://bricked.ai,78,28,true,false,false,2026-01-23,2026-03-08
0,Technology Archives - Page 11 of 91 - The Oklahoman,http://oklahoman.xpr-gannett.com/press-release/story/category/channels/technology/page/11/,https://bricked.ai/,real estate comping,78,28,true,false,false,2026-01-23,2026-03-08
0,Technology Archives - Page 11 of 91 - The Oklahoman,http://oklahoman.xpr-gannett.com/press-release/story/category/channels/technology/page/11/,https://bricked.ai/discord,Other,78,28,false,false,false,2026-01-23,2026-03-08
0,Technology Archives - Page 64 of 145 - The Oklahoman,http://oklahoman.xpr-gannett.com/press-release/story/category/channels/technology/page/64/,https://bricked.ai/,Bricked AI,75,28,true,false,false,2026-02-08,2026-04-04
0,Technology Archives - Page 64 of 145 - The Oklahoman,http://oklahoman.xpr-gannett.com/press-release/story/category/channels/technology/page/64/,https://bricked.ai/,https://bricked.ai,75,28,true,false,false,2026-02-08,2026-04-04
0,Technology Archives - Page 64 of 145 - The Oklahoman,http://oklahoman.xpr-gannett.com/press-release/story/category/channels/technology/page/64/,https://bricked.ai/,real estate comping,75,28,true,false,false,2026-02-08,2026-04-04
0,Technology Archives - Page 64 of 145 - The Oklahoman,http://oklahoman.xpr-gannett.com/press-release/story/category/channels/technology/page/64/,https://bricked.ai/discord,Other,75,28,false,false,false,2026-02-08,2026-04-04
0,Technology Archives - Page 71 of 152 - The Oklahoman,http://oklahoman.xpr-gannett.com/press-release/story/category/channels/technology/page/71/,https://bricked.ai/discord,Other,48,28,false,false,false,2026-02-11,2026-04-04
0,Technology Archives - Page 71 of 152 - The Oklahoman,http://oklahoman.xpr-gannett.com/press-release/story/category/channels/technology/page/71/,https://bricked.ai/,Bricked AI,48,28,true,false,false,2026-02-11,2026-04-04
0,Technology Archives - Page 71 of 152 - The Oklahoman,http://oklahoman.xpr-gannett.com/press-release/story/category/channels/technology/page/71/,https://bricked.ai/,https://bricked.ai,48,28,true,false,false,2026-02-11,2026-04-04
0,Technology Archives - Page 71 of 152 - The Oklahoman,http://oklahoman.xpr-gannett.com/press-release/story/category/channels/technology/page/71/,https://bricked.ai/,real estate comping,48,28,true,false,false,2026-02-11,2026-04-04
0,Partners Archives - Page 278 of 1178 - The Oklahoman,http://oklahoman.xpr-gannett.com/press-release/story/category/partners/page/278/,https://bricked.ai/,Bricked AI,97,28,true,false,false,2026-02-07,2026-04-05
0,Partners Archives - Page 278 of 1178 - The Oklahoman,http://oklahoman.xpr-gannett.com/press-release/story/category/partners/page/278/,https://bricked.ai/,https://bricked.ai,97,28,true,false,false,2026-02-07,2026-04-05
0,Partners Archives - Page 278 of 1178 - The Oklahoman,http://oklahoman.xpr-gannett.com/press-release/story/category/partners/page/278/,https://bricked.ai/,real estate comping,97,28,true,false,false,2026-02-07,2026-04-05
0,Partners Archives - Page 278 of 1178 - The Oklahoman,http://oklahoman.xpr-gannett.com/press-release/story/category/partners/page/278/,https://bricked.ai/discord,Other,97,28,false,false,false,2026-02-07,2026-04-05
0,Press Releases Archives - Page 304 of 1061 - The Oklahoman,http://oklahoman.xpr-gannett.com/press-release/story/category/press-releases/page/304/,https://bricked.ai/discord,Other,55,28,false,false,false,2026-02-11,2026-04-05
0,Press Releases Archives - Page 304 of 1061 - The Oklahoman,http://oklahoman.xpr-gannett.com/press-release/story/category/press-releases/page/304/,https://bricked.ai/,real estate comping,55,28,true,false,false,2026-02-11,2026-04-05
0,Press Releases Archives - Page 304 of 1061 - The Oklahoman,http://oklahoman.xpr-gannett.com/press-release/story/category/press-releases/page/304/,https://bricked.ai/,https://bricked.ai,55,28,true,false,false,2026-02-11,2026-04-05
0,Press Releases Archives - Page 304 of 1061 - The Oklahoman,http://oklahoman.xpr-gannett.com/press-release/story/category/press-releases/page/304/,https://bricked.ai/,Bricked AI,55,28,true,false,false,2026-02-11,2026-04-05
0,Press Releases Archives - Page 368 of 1124 - The Oklahoman,http://oklahoman.xpr-gannett.com/press-release/story/category/press-releases/page/368/,https://bricked.ai/,Bricked AI,101,28,true,false,false,2026-02-14,2026-04-06
0,Press Releases Archives - Page 368 of 1124 - The Oklahoman,http://oklahoman.xpr-gannett.com/press-release/story/category/press-releases/page/368/,https://bricked.ai/,https://bricked.ai,101,28,true,false,false,2026-02-14,2026-04-06
0,Press Releases Archives - Page 368 of 1124 - The Oklahoman,http://oklahoman.xpr-gannett.com/press-release/story/category/press-releases/page/368/,https://bricked.ai/,real estate comping,101,28,true,false,false,2026-02-14,2026-04-06
0,Press Releases Archives - Page 368 of 1124 - The Oklahoman,http://oklahoman.xpr-gannett.com/press-release/story/category/press-releases/page/368/,https://bricked.ai/discord,Other,101,28,false,false,false,2026-02-14,2026-04-06
0,Business Archives - Page 215 of 1142 - Athens Banner-Herald,http://onlineathens.xpr-gannett.com/press-release/story/category/business/page/215/,https://bricked.ai/,https://bricked.ai,61,28,true,false,false,2026-02-03,2026-04-07
0,Business Archives - Page 215 of 1142 - Athens Banner-Herald,http://onlineathens.xpr-gannett.com/press-release/story/category/business/page/215/,https://bricked.ai/,real estate comping,61,28,true,false,false,2026-02-03,2026-04-07
0,Business Archives - Page 215 of 1142 - Athens Banner-Herald,http://onlineathens.xpr-gannett.com/press-release/story/category/business/page/215/,https://bricked.ai/,Bricked AI,61,28,true,false,false,2026-02-03,2026-04-07
0,Business Archives - Page 215 of 1142 - Athens Banner-Herald,http://onlineathens.xpr-gannett.com/press-release/story/category/business/page/215/,https://bricked.ai/discord,Other,61,28,false,false,false,2026-02-03,2026-04-07
0,Business Archives - Page 224 of 1151 - Athens Banner-Herald,http://onlineathens.xpr-gannett.com/press-release/story/category/business/page/224/,https://bricked.ai/,https://bricked.ai,61,28,true,false,false,2026-02-08,2026-03-05
0,Business Archives - Page 224 of 1151 - Athens Banner-Herald,http://onlineathens.xpr-gannett.com/press-release/story/category/business/page/224/,https://bricked.ai/,Bricked AI,61,28,true,false,false,2026-02-08,2026-03-05
0,Business Archives - Page 224 of 1151 - Athens Banner-Herald,http://onlineathens.xpr-gannett.com/press-release/story/category/business/page/224/,https://bricked.ai/,real estate comping,61,28,true,false,false,2026-02-08,2026-03-05
0,Business Archives - Page 224 of 1151 - Athens Banner-Herald,http://onlineathens.xpr-gannett.com/press-release/story/category/business/page/224/,https://bricked.ai/discord,Other,61,28,false,false,false,2026-02-08,2026-03-05
0,Business Archives - Page 291 of 1219 - Athens Banner-Herald,http://onlineathens.xpr-gannett.com/press-release/story/category/business/page/291/,https://bricked.ai/,Bricked AI,54,28,true,false,false,2026-02-12,2026-03-08
0,Business Archives - Page 291 of 1219 - Athens Banner-Herald,http://onlineathens.xpr-gannett.com/press-release/story/category/business/page/291/,https://bricked.ai/,https://bricked.ai,54,28,true,false,false,2026-02-12,2026-03-08
0,Business Archives - Page 291 of 1219 - Athens Banner-Herald,http://onlineathens.xpr-gannett.com/press-release/story/category/business/page/291/,https://bricked.ai/,real estate comping,54,28,true,false,false,2026-02-12,2026-03-08
0,Business Archives - Page 291 of 1219 - Athens Banner-Herald,http://onlineathens.xpr-gannett.com/press-release/story/category/business/page/291/,https://bricked.ai/discord,Other,54,28,false,false,false,2026-02-12,2026-03-08
0,Business Archives - Page 685 of 1612 - Athens Banner-Herald,http://onlineathens.xpr-gannett.com/press-release/story/category/business/page/685/,https://bricked.ai/,Bricked AI,94,28,true,false,false,2026-02-17,2026-03-08
0,Business Archives - Page 685 of 1612 - Athens Banner-Herald,http://onlineathens.xpr-gannett.com/press-release/story/category/business/page/685/,https://bricked.ai/,https://bricked.ai,94,28,true,false,false,2026-02-17,2026-03-08
0,Business Archives - Page 685 of 1612 - Athens Banner-Herald,http://onlineathens.xpr-gannett.com/press-release/story/category/business/page/685/,https://bricked.ai/,real estate comping,94,28,true,false,false,2026-02-17,2026-03-08
0,Business Archives - Page 685 of 1612 - Athens Banner-Herald,http://onlineathens.xpr-gannett.com/press-release/story/category/business/page/685/,https://bricked.ai/discord,Other,94,28,false,false,false,2026-02-17,2026-03-08
0,Business Archives - Page 698 of 1625 - Athens Banner-Herald,http://onlineathens.xpr-gannett.com/press-release/story/category/business/page/698/,https://bricked.ai/,Bricked AI,94,28,true,false,false,2026-02-17,2026-03-07
0,Business Archives - Page 698 of 1625 - Athens Banner-Herald,http://onlineathens.xpr-gannett.com/press-release/story/category/business/page/698/,https://bricked.ai/,https://bricked.ai,94,28,true,false,false,2026-02-17,2026-03-07
0,Business Archives - Page 698 of 1625 - Athens Banner-Herald,http://onlineathens.xpr-gannett.com/press-release/story/category/business/page/698/,https://bricked.ai/,real estate comping,94,28,true,false,false,2026-02-17,2026-03-07
0,Business Archives - Page 698 of 1625 - Athens Banner-Herald,http://onlineathens.xpr-gannett.com/press-release/story/category/business/page/698/,https://bricked.ai/discord,Other,94,28,false,false,false,2026-02-17,2026-03-07
0,Business Archives - Page 703 of 1630 - Athens Banner-Herald,http://onlineathens.xpr-gannett.com/press-release/story/category/business/page/703/,https://bricked.ai/discord,Other,92,28,false,false,false,2026-02-17,2026-03-08
0,Business Archives - Page 703 of 1630 - Athens Banner-Herald,http://onlineathens.xpr-gannett.com/press-release/story/category/business/page/703/,https://bricked.ai/,real estate comping,92,28,true,false,false,2026-02-17,2026-03-08
0,Business Archives - Page 703 of 1630 - Athens Banner-Herald,http://onlineathens.xpr-gannett.com/press-release/story/category/business/page/703/,https://bricked.ai/,https://bricked.ai,92,28,true,false,false,2026-02-17,2026-03-08
0,Business Archives - Page 703 of 1630 - Athens Banner-Herald,http://onlineathens.xpr-gannett.com/press-release/story/category/business/page/703/,https://bricked.ai/,Bricked AI,92,28,true,false,false,2026-02-17,2026-03-08
0,Channels Archives - Page 63 of 166 - Athens Banner-Herald,http://onlineathens.xpr-gannett.com/press-release/story/category/channels/page/63/,https://bricked.ai/,Bricked AI,89,28,true,false,false,2026-02-01,2026-03-06
0,Channels Archives - Page 63 of 166 - Athens Banner-Herald,http://onlineathens.xpr-gannett.com/press-release/story/category/channels/page/63/,https://bricked.ai/,https://bricked.ai,89,28,true,false,false,2026-02-01,2026-03-06
0,Channels Archives - Page 63 of 166 - Athens Banner-Herald,http://onlineathens.xpr-gannett.com/press-release/story/category/channels/page/63/,https://bricked.ai/,real estate comping,89,28,true,false,false,2026-02-01,2026-03-06
0,Channels Archives - Page 63 of 166 - Athens Banner-Herald,http://onlineathens.xpr-gannett.com/press-release/story/category/channels/page/63/,https://bricked.ai/discord,Other,89,28,false,false,false,2026-02-01,2026-03-06
0,Channels Archives - Page 67 of 170 - Athens Banner-Herald,http://onlineathens.xpr-gannett.com/press-release/story/category/channels/page/67/,https://bricked.ai/,Bricked AI,92,28,true,false,false,2026-02-05,2026-03-07
0,Channels Archives - Page 67 of 170 - Athens Banner-Herald,http://onlineathens.xpr-gannett.com/press-release/story/category/channels/page/67/,https://bricked.ai/,https://bricked.ai,92,28,true,false,false,2026-02-05,2026-03-07
0,Channels Archives - Page 67 of 170 - Athens Banner-Herald,http://onlineathens.xpr-gannett.com/press-release/story/category/channels/page/67/,https://bricked.ai/,real estate comping,92,28,true,false,false,2026-02-05,2026-03-07
0,Channels Archives - Page 67 of 170 - Athens Banner-Herald,http://onlineathens.xpr-gannett.com/press-release/story/category/channels/page/67/,https://bricked.ai/discord,Other,92,28,false,false,false,2026-02-05,2026-03-07
0,Channels Archives - Page 68 of 171 - Athens Banner-Herald,http://onlineathens.xpr-gannett.com/press-release/story/category/channels/page/68/,https://bricked.ai/,real estate comping,92,28,true,false,false,2026-02-08,2026-03-05
0,Channels Archives - Page 68 of 171 - Athens Banner-Herald,http://onlineathens.xpr-gannett.com/press-release/story/category/channels/page/68/,https://bricked.ai/,https://bricked.ai,92,28,true,false,false,2026-02-08,2026-03-05
0,Channels Archives - Page 68 of 171 - Athens Banner-Herald,http://onlineathens.xpr-gannett.com/press-release/story/category/channels/page/68/,https://bricked.ai/,Bricked AI,92,28,true,false,false,2026-02-08,2026-03-05
0,Channels Archives - Page 68 of 171 - Athens Banner-Herald,http://onlineathens.xpr-gannett.com/press-release/story/category/channels/page/68/,https://bricked.ai/discord,Other,92,28,false,false,false,2026-02-08,2026-03-05
0,Channels Archives - Page 82 of 185 - Athens Banner-Herald,http://onlineathens.xpr-gannett.com/press-release/story/category/channels/page/82/,https://bricked.ai/,Bricked AI,92,28,true,false,false,2026-02-11,2026-03-07
0,Channels Archives - Page 82 of 185 - Athens Banner-Herald,http://onlineathens.xpr-gannett.com/press-release/story/category/channels/page/82/,https://bricked.ai/,https://bricked.ai,92,28,true,false,false,2026-02-11,2026-03-07
0,Channels Archives - Page 82 of 185 - Athens Banner-Herald,http://onlineathens.xpr-gannett.com/press-release/story/category/channels/page/82/,https://bricked.ai/,real estate comping,92,28,true,false,false,2026-02-11,2026-03-07
0,Channels Archives - Page 82 of 185 - Athens Banner-Herald,http://onlineathens.xpr-gannett.com/press-release/story/category/channels/page/82/,https://bricked.ai/discord,Other,92,28,false,false,false,2026-02-11,2026-03-07
0,Technology Archives - Page 52 of 132 - Athens Banner-Herald,http://onlineathens.xpr-gannett.com/press-release/story/category/channels/technology/page/52/,https://bricked.ai/,Bricked AI,80,28,true,false,false,2026-01-31,2026-03-08
0,Technology Archives - Page 52 of 132 - Athens Banner-Herald,http://onlineathens.xpr-gannett.com/press-release/story/category/channels/technology/page/52/,https://bricked.ai/,https://bricked.ai,80,28,true,false,false,2026-01-31,2026-03-08
0,Technology Archives - Page 52 of 132 - Athens Banner-Herald,http://onlineathens.xpr-gannett.com/press-release/story/category/channels/technology/page/52/,https://bricked.ai/,real estate comping,80,28,true,false,false,2026-01-31,2026-03-08
0,Technology Archives - Page 52 of 132 - Athens Banner-Herald,http://onlineathens.xpr-gannett.com/press-release/story/category/channels/technology/page/52/,https://bricked.ai/discord,Other,80,28,false,false,false,2026-01-31,2026-03-08
0,Technology Archives - Page 54 of 135 - Athens Banner-Herald,http://onlineathens.xpr-gannett.com/press-release/story/category/channels/technology/page/54/,https://bricked.ai/,Bricked AI,48,28,true,false,false,2026-02-06,2026-03-08
0,Technology Archives - Page 54 of 135 - Athens Banner-Herald,http://onlineathens.xpr-gannett.com/press-release/story/category/channels/technology/page/54/,https://bricked.ai/,https://bricked.ai,48,28,true,false,false,2026-02-06,2026-03-08
0,Technology Archives - Page 54 of 135 - Athens Banner-Herald,http://onlineathens.xpr-gannett.com/press-release/story/category/channels/technology/page/54/,https://bricked.ai/,real estate comping,48,28,true,false,false,2026-02-06,2026-03-08
0,Technology Archives - Page 54 of 135 - Athens Banner-Herald,http://onlineathens.xpr-gannett.com/press-release/story/category/channels/technology/page/54/,https://bricked.ai/discord,Other,48,28,false,false,false,2026-02-06,2026-03-08
0,EIN Presswire Archives - Page 179 of 456 - Athens Banner-Herald,http://onlineathens.xpr-gannett.com/press-release/story/category/partners/ein-presswire/page/179/,https://bricked.ai/,Bricked AI,87,28,true,false,false,2026-01-31,2026-03-08
0,EIN Presswire Archives - Page 179 of 456 - Athens Banner-Herald,http://onlineathens.xpr-gannett.com/press-release/story/category/partners/ein-presswire/page/179/,https://bricked.ai/,https://bricked.ai,87,28,true,false,false,2026-01-31,2026-03-08
0,EIN Presswire Archives - Page 179 of 456 - Athens Banner-Herald,http://onlineathens.xpr-gannett.com/press-release/story/category/partners/ein-presswire/page/179/,https://bricked.ai/,real estate comping,87,28,true,false,false,2026-01-31,2026-03-08
0,EIN Presswire Archives - Page 179 of 456 - Athens Banner-Herald,http://onlineathens.xpr-gannett.com/press-release/story/category/partners/ein-presswire/page/179/,https://bricked.ai/discord,Other,87,28,false,false,false,2026-01-31,2026-03-08
0,EIN Presswire Archives - Page 198 of 475 - Athens Banner-Herald,http://onlineathens.xpr-gannett.com/press-release/story/category/partners/ein-presswire/page/198/,https://bricked.ai/discord,Other,87,28,false,false,false,2026-02-08,2026-03-03
0,EIN Presswire Archives - Page 198 of 475 - Athens Banner-Herald,http://onlineathens.xpr-gannett.com/press-release/story/category/partners/ein-presswire/page/198/,https://bricked.ai/,Bricked AI,87,28,true,false,false,2026-02-08,2026-03-03
0,EIN Presswire Archives - Page 198 of 475 - Athens Banner-Herald,http://onlineathens.xpr-gannett.com/press-release/story/category/partners/ein-presswire/page/198/,https://bricked.ai/,https://bricked.ai,87,28,true,false,false,2026-02-08,2026-03-03
0,EIN Presswire Archives - Page 198 of 475 - Athens Banner-Herald,http://onlineathens.xpr-gannett.com/press-release/story/category/partners/ein-presswire/page/198/,https://bricked.ai/,real estate comping,87,28,true,false,false,2026-02-08,2026-03-03
0,EIN Presswire Archives - Page 830 of 1108 - Athens Banner-Herald,http://onlineathens.xpr-gannett.com/press-release/story/category/partners/ein-presswire/page/830/,https://bricked.ai/discord,Other,59,28,false,false,false,2026-02-20,2026-03-08
0,EIN Presswire Archives - Page 830 of 1108 - Athens Banner-Herald,http://onlineathens.xpr-gannett.com/press-release/story/category/partners/ein-presswire/page/830/,https://bricked.ai/,Bricked AI,59,28,true,false,false,2026-02-20,2026-03-08
0,EIN Presswire Archives - Page 830 of 1108 - Athens Banner-Herald,http://onlineathens.xpr-gannett.com/press-release/story/category/partners/ein-presswire/page/830/,https://bricked.ai/,https://bricked.ai,59,28,true,false,false,2026-02-20,2026-03-08
0,EIN Presswire Archives - Page 830 of 1108 - Athens Banner-Herald,http://onlineathens.xpr-gannett.com/press-release/story/category/partners/ein-presswire/page/830/,https://bricked.ai/,real estate comping,59,28,true,false,false,2026-02-20,2026-03-08
0,Press Releases Archives - Page 224 of 1032 - Athens Banner-Herald,http://onlineathens.xpr-gannett.com/press-release/story/category/press-releases/page/224/,https://bricked.ai/,Bricked AI,61,28,true,false,false,2026-02-08,2026-03-08
0,Press Releases Archives - Page 224 of 1032 - Athens Banner-Herald,http://onlineathens.xpr-gannett.com/press-release/story/category/press-releases/page/224/,https://bricked.ai/,https://bricked.ai,61,28,true,false,false,2026-02-08,2026-03-08
0,Press Releases Archives - Page 224 of 1032 - Athens Banner-Herald,http://onlineathens.xpr-gannett.com/press-release/story/category/press-releases/page/224/,https://bricked.ai/,real estate comping,61,28,true,false,false,2026-02-08,2026-03-08
0,Press Releases Archives - Page 224 of 1032 - Athens Banner-Herald,http://onlineathens.xpr-gannett.com/press-release/story/category/press-releases/page/224/,https://bricked.ai/discord,Other,61,28,false,false,false,2026-02-08,2026-03-08
0,Press Releases Archives - Page 272 of 1080 - Athens Banner-Herald,http://onlineathens.xpr-gannett.com/press-release/story/category/press-releases/page/272/,https://bricked.ai/,Bricked AI,54,28,true,false,false,2026-02-11,2026-03-08
0,Press Releases Archives - Page 272 of 1080 - Athens Banner-Herald,http://onlineathens.xpr-gannett.com/press-release/story/category/press-releases/page/272/,https://bricked.ai/,https://bricked.ai,54,28,true,false,false,2026-02-11,2026-03-08
0,Press Releases Archives - Page 272 of 1080 - Athens Banner-Herald,http://onlineathens.xpr-gannett.com/press-release/story/category/press-releases/page/272/,https://bricked.ai/,real estate comping,54,28,true,false,false,2026-02-11,2026-03-08
0,Press Releases Archives - Page 272 of 1080 - Athens Banner-Herald,http://onlineathens.xpr-gannett.com/press-release/story/category/press-releases/page/272/,https://bricked.ai/discord,Other,54,28,false,false,false,2026-02-11,2026-03-08
0,Press Releases Archives - Page 372 of 1180 - Athens Banner-Herald,http://onlineathens.xpr-gannett.com/press-release/story/category/press-releases/page/372/,https://bricked.ai/,Bricked AI,59,28,true,false,false,2026-02-14,2026-03-09
0,Press Releases Archives - Page 372 of 1180 - Athens Banner-Herald,http://onlineathens.xpr-gannett.com/press-release/story/category/press-releases/page/372/,https://bricked.ai/,https://bricked.ai,59,28,true,false,false,2026-02-14,2026-03-09
0,Press Releases Archives - Page 372 of 1180 - Athens Banner-Herald,http://onlineathens.xpr-gannett.com/press-release/story/category/press-releases/page/372/,https://bricked.ai/,real estate comping,59,28,true,false,false,2026-02-14,2026-03-09
0,Press Releases Archives - Page 372 of 1180 - Athens Banner-Herald,http://onlineathens.xpr-gannett.com/press-release/story/category/press-releases/page/372/,https://bricked.ai/discord,Other,59,28,false,false,false,2026-02-14,2026-03-09
0,Press Releases Archives - Page 726 of 1534 - Athens Banner-Herald,http://onlineathens.xpr-gannett.com/press-release/story/category/press-releases/page/726/,https://bricked.ai/,Bricked AI,92,28,true,false,false,2026-02-19,2026-03-05
0,Press Releases Archives - Page 726 of 1534 - Athens Banner-Herald,http://onlineathens.xpr-gannett.com/press-release/story/category/press-releases/page/726/,https://bricked.ai/,https://bricked.ai,92,28,true,false,false,2026-02-19,2026-03-05
0,Press Releases Archives - Page 726 of 1534 - Athens Banner-Herald,http://onlineathens.xpr-gannett.com/press-release/story/category/press-releases/page/726/,https://bricked.ai/,real estate comping,92,28,true,false,false,2026-02-19,2026-03-05
0,Press Releases Archives - Page 726 of 1534 - Athens Banner-Herald,http://onlineathens.xpr-gannett.com/press-release/story/category/press-releases/page/726/,https://bricked.ai/discord,Other,92,28,false,false,false,2026-02-19,2026-03-05
0,🏆🏆Boost your Google rankings with Premium PBN & Link Building🏆🏆,http://onlyhealthydeals.com/all/492/28.html,https://bricked.ai/,High Quality Dofollow Backlinks DA 50 PA 40 Premium PBN Network Service bricked.ai Rank First Page Google Fast SEO Link Building Buy Backlinks Online Cheap,3000,12,false,false,false,2026-08-04,2026-09-22
0,Channels Archives - Page 73 of 178 - Palm Beach Daily News,http://palmbeachdailynews.xpr-gannett.com/press-release/story/category/channels/page/73/,https://bricked.ai/,Bricked AI,92,28,true,false,false,2026-02-12,2026-03-08
0,Channels Archives - Page 73 of 178 - Palm Beach Daily News,http://palmbeachdailynews.xpr-gannett.com/press-release/story/category/channels/page/73/,https://bricked.ai/,https://bricked.ai,92,28,true,false,false,2026-02-12,2026-03-08
0,Channels Archives - Page 73 of 178 - Palm Beach Daily News,http://palmbeachdailynews.xpr-gannett.com/press-release/story/category/channels/page/73/,https://bricked.ai/,real estate comping,92,28,true,false,false,2026-02-12,2026-03-08
0,Channels Archives - Page 73 of 178 - Palm Beach Daily News,http://palmbeachdailynews.xpr-gannett.com/press-release/story/category/channels/page/73/,https://bricked.ai/discord,Other,92,28,false,false,false,2026-02-12,2026-03-08
0,Channels Archives - Page 83 of 189 - Palm Beach Daily News,http://palmbeachdailynews.xpr-gannett.com/press-release/story/category/channels/page/83/,https://bricked.ai/,Bricked AI,54,28,true,false,false,2026-02-14,2026-03-08
0,Channels Archives - Page 83 of 189 - Palm Beach Daily News,http://palmbeachdailynews.xpr-gannett.com/press-release/story/category/channels/page/83/,https://bricked.ai/,https://bricked.ai,54,28,true,false,false,2026-02-14,2026-03-08
0,Channels Archives - Page 83 of 189 - Palm Beach Daily News,http://palmbeachdailynews.xpr-gannett.com/press-release/story/category/channels/page/83/,https://bricked.ai/,real estate comping,54,28,true,false,false,2026-02-14,2026-03-08
0,Channels Archives - Page 83 of 189 - Palm Beach Daily News,http://palmbeachdailynews.xpr-gannett.com/press-release/story/category/channels/page/83/,https://bricked.ai/discord,Other,54,28,false,false,false,2026-02-14,2026-03-08
0,Technology Archives - Page 39 of 121 - Palm Beach Daily News,http://palmbeachdailynews.xpr-gannett.com/press-release/story/category/channels/technology/page/39/,https://bricked.ai/,Bricked AI,83,28,true,false,false,2026-02-11,2026-03-09
0,Technology Archives - Page 39 of 121 - Palm Beach Daily News,http://palmbeachdailynews.xpr-gannett.com/press-release/story/category/channels/technology/page/39/,https://bricked.ai/,https://bricked.ai,83,28,true,false,false,2026-02-11,2026-03-09
0,Technology Archives - Page 39 of 121 - Palm Beach Daily News,http://palmbeachdailynews.xpr-gannett.com/press-release/story/category/channels/technology/page/39/,https://bricked.ai/,real estate comping,83,28,true,false,false,2026-02-11,2026-03-09
0,Technology Archives - Page 39 of 121 - Palm Beach Daily News,http://palmbeachdailynews.xpr-gannett.com/press-release/story/category/channels/technology/page/39/,https://bricked.ai/discord,Other,83,28,false,false,false,2026-02-11,2026-03-09
0,Technology Archives - Page 56 of 138 - Palm Beach Daily News,http://palmbeachdailynews.xpr-gannett.com/press-release/story/category/channels/technology/page/56/,https://bricked.ai/,Bricked AI,83,28,true,false,false,2026-02-12,2026-03-07
0,Technology Archives - Page 56 of 138 - Palm Beach Daily News,http://palmbeachdailynews.xpr-gannett.com/press-release/story/category/channels/technology/page/56/,https://bricked.ai/,https://bricked.ai,83,28,true,false,false,2026-02-12,2026-03-07
0,Technology Archives - Page 56 of 138 - Palm Beach Daily News,http://palmbeachdailynews.xpr-gannett.com/press-release/story/category/channels/technology/page/56/,https://bricked.ai/,real estate comping,83,28,true,false,false,2026-02-12,2026-03-07
0,Technology Archives - Page 56 of 138 - Palm Beach Daily News,http://palmbeachdailynews.xpr-gannett.com/press-release/story/category/channels/technology/page/56/,https://bricked.ai/discord,Other,83,28,false,false,false,2026-02-12,2026-03-07
0,Partners Archives - Page 530 of 852 - Palm Beach Daily News,http://palmbeachdailynews.xpr-gannett.com/press-release/story/category/partners/page/530/,https://bricked.ai/discord,Other,58,28,false,false,false,2026-02-16,2026-05-07
0,Partners Archives - Page 530 of 852 - Palm Beach Daily News,http://palmbeachdailynews.xpr-gannett.com/press-release/story/category/partners/page/530/,https://bricked.ai/,https://bricked.ai,58,28,true,false,false,2026-02-16,2026-05-07
0,Partners Archives - Page 530 of 852 - Palm Beach Daily News,http://palmbeachdailynews.xpr-gannett.com/press-release/story/category/partners/page/530/,https://bricked.ai/,real estate comping,58,28,true,false,false,2026-02-16,2026-05-07
0,Partners Archives - Page 530 of 852 - Palm Beach Daily News,http://palmbeachdailynews.xpr-gannett.com/press-release/story/category/partners/page/530/,https://bricked.ai/,Bricked AI,58,28,true,false,false,2026-02-16,2026-05-07
0,Press Releases Archives - Page 685 of 1500 - Palm Beach Daily News,http://palmbeachdailynews.xpr-gannett.com/press-release/story/category/press-releases/page/685/,https://bricked.ai/discord,Other,58,28,false,false,false,2026-02-19,2026-03-05
0,Press Releases Archives - Page 685 of 1500 - Palm Beach Daily News,http://palmbeachdailynews.xpr-gannett.com/press-release/story/category/press-releases/page/685/,https://bricked.ai/,Bricked AI,58,28,true,false,false,2026-02-19,2026-03-05
0,Press Releases Archives - Page 685 of 1500 - Palm Beach Daily News,http://palmbeachdailynews.xpr-gannett.com/press-release/story/category/press-releases/page/685/,https://bricked.ai/,https://bricked.ai,58,28,true,false,false,2026-02-19,2026-03-05
0,Press Releases Archives - Page 685 of 1500 - Palm Beach Daily News,http://palmbeachdailynews.xpr-gannett.com/press-release/story/category/press-releases/page/685/,https://bricked.ai/,real estate comping,58,28,true,false,false,2026-02-19,2026-03-05
0,Business Archives - Page 1522 of 2421 - The Palm Beach Post,http://palmbeachpost.xpr-gannett.com/press-release/story/category/business/page/1522/,https://bricked.ai/,Bricked AI,82,28,true,false,false,2026-02-22,2026-03-09
0,Business Archives - Page 1522 of 2421 - The Palm Beach Post,http://palmbeachpost.xpr-gannett.com/press-release/story/category/business/page/1522/,https://bricked.ai/,https://bricked.ai,82,28,true,false,false,2026-02-22,2026-03-09
0,Business Archives - Page 1522 of 2421 - The Palm Beach Post,http://palmbeachpost.xpr-gannett.com/press-release/story/category/business/page/1522/,https://bricked.ai/,real estate comping,82,28,true,false,false,2026-02-22,2026-03-09
0,Business Archives - Page 1522 of 2421 - The Palm Beach Post,http://palmbeachpost.xpr-gannett.com/press-release/story/category/business/page/1522/,https://bricked.ai/discord,Other,82,28,false,false,false,2026-02-22,2026-03-09
0,Business Archives - Page 547 of 1447 - The Palm Beach Post,http://palmbeachpost.xpr-gannett.com/press-release/story/category/business/page/547/,https://bricked.ai/,Bricked AI,55,28,true,false,false,2026-02-06,2026-05-05
0,Business Archives - Page 547 of 1447 - The Palm Beach Post,http://palmbeachpost.xpr-gannett.com/press-release/story/category/business/page/547/,https://bricked.ai/,https://bricked.ai,55,28,true,false,false,2026-02-06,2026-05-05
0,Business Archives - Page 547 of 1447 - The Palm Beach Post,http://palmbeachpost.xpr-gannett.com/press-release/story/category/business/page/547/,https://bricked.ai/,real estate comping,55,28,true,false,false,2026-02-06,2026-05-05
0,Business Archives - Page 547 of 1447 - The Palm Beach Post,http://palmbeachpost.xpr-gannett.com/press-release/story/category/business/page/547/,https://bricked.ai/discord,Other,55,28,false,false,false,2026-02-06,2026-05-05
0,Channels Archives - Page 163 of 271 - The Palm Beach Post,http://palmbeachpost.xpr-gannett.com/press-release/story/category/channels/page/163/,https://bricked.ai/,Bricked AI,60,28,true,false,false,2026-01-31,2026-03-05
0,Channels Archives - Page 163 of 271 - The Palm Beach Post,http://palmbeachpost.xpr-gannett.com/press-release/story/category/channels/page/163/,https://bricked.ai/,https://bricked.ai,60,28,true,false,false,2026-01-31,2026-03-05
0,Channels Archives - Page 163 of 271 - The Palm Beach Post,http://palmbeachpost.xpr-gannett.com/press-release/story/category/channels/page/163/,https://bricked.ai/,real estate comping,60,28,true,false,false,2026-01-31,2026-03-05
0,Channels Archives - Page 163 of 271 - The Palm Beach Post,http://palmbeachpost.xpr-gannett.com/press-release/story/category/channels/page/163/,https://bricked.ai/discord,Other,60,28,false,false,false,2026-01-31,2026-03-05
0,Channels Archives - Page 165 of 272 - The Palm Beach Post,http://palmbeachpost.xpr-gannett.com/press-release/story/category/channels/page/165/,https://bricked.ai/,Bricked AI,100,28,true,false,false,2026-02-04,2026-03-05
0,Channels Archives - Page 165 of 272 - The Palm Beach Post,http://palmbeachpost.xpr-gannett.com/press-release/story/category/channels/page/165/,https://bricked.ai/,https://bricked.ai,100,28,true,false,false,2026-02-04,2026-03-05
0,Channels Archives - Page 165 of 272 - The Palm Beach Post,http://palmbeachpost.xpr-gannett.com/press-release/story/category/channels/page/165/,https://bricked.ai/,real estate comping,100,28,true,false,false,2026-02-04,2026-03-05
0,Channels Archives - Page 165 of 272 - The Palm Beach Post,http://palmbeachpost.xpr-gannett.com/press-release/story/category/channels/page/165/,https://bricked.ai/discord,Other,100,28,false,false,false,2026-02-04,2026-03-05
0,Channels Archives - Page 182 of 289 - The Palm Beach Post,http://palmbeachpost.xpr-gannett.com/press-release/story/category/channels/page/182/,https://bricked.ai/,Bricked AI,100,28,true,false,false,2026-02-11,2026-03-08
0,Channels Archives - Page 182 of 289 - The Palm Beach Post,http://palmbeachpost.xpr-gannett.com/press-release/story/category/channels/page/182/,https://bricked.ai/,https://bricked.ai,100,28,true,false,false,2026-02-11,2026-03-08
0,Channels Archives - Page 182 of 289 - The Palm Beach Post,http://palmbeachpost.xpr-gannett.com/press-release/story/category/channels/page/182/,https://bricked.ai/,real estate comping,100,28,true,false,false,2026-02-11,2026-03-08
0,Channels Archives - Page 182 of 289 - The Palm Beach Post,http://palmbeachpost.xpr-gannett.com/press-release/story/category/channels/page/182/,https://bricked.ai/discord,Other,100,28,false,false,false,2026-02-11,2026-03-08
0,Channels Archives - Page 185 of 292 - The Palm Beach Post,http://palmbeachpost.xpr-gannett.com/press-release/story/category/channels/page/185/,https://bricked.ai/discord,Other,100,28,false,false,false,2026-02-12,2026-04-04
0,Channels Archives - Page 185 of 292 - The Palm Beach Post,http://palmbeachpost.xpr-gannett.com/press-release/story/category/channels/page/185/,https://bricked.ai/,Bricked AI,100,28,true,false,false,2026-02-12,2026-04-04
0,Channels Archives - Page 185 of 292 - The Palm Beach Post,http://palmbeachpost.xpr-gannett.com/press-release/story/category/channels/page/185/,https://bricked.ai/,https://bricked.ai,100,28,true,false,false,2026-02-12,2026-04-04
0,Channels Archives - Page 185 of 292 - The Palm Beach Post,http://palmbeachpost.xpr-gannett.com/press-release/story/category/channels/page/185/,https://bricked.ai/,real estate comping,100,28,true,false,false,2026-02-12,2026-04-04
0,Channels Archives - Page 194 of 302 - The Palm Beach Post,http://palmbeachpost.xpr-gannett.com/press-release/story/category/channels/page/194/,https://bricked.ai/discord,Other,60,28,false,false,false,2026-02-14,2026-03-06
0,Channels Archives - Page 194 of 302 - The Palm Beach Post,http://palmbeachpost.xpr-gannett.com/press-release/story/category/channels/page/194/,https://bricked.ai/,Bricked AI,60,28,true,false,false,2026-02-14,2026-03-06
0,Channels Archives - Page 194 of 302 - The Palm Beach Post,http://palmbeachpost.xpr-gannett.com/press-release/story/category/channels/page/194/,https://bricked.ai/,https://bricked.ai,60,28,true,false,false,2026-02-14,2026-03-06
0,Channels Archives - Page 194 of 302 - The Palm Beach Post,http://palmbeachpost.xpr-gannett.com/press-release/story/category/channels/page/194/,https://bricked.ai/,real estate comping,60,28,true,false,false,2026-02-14,2026-03-06
0,Technology Archives - Page 126 of 206 - The Palm Beach Post,http://palmbeachpost.xpr-gannett.com/press-release/story/category/channels/technology/page/126/,https://bricked.ai/,Bricked AI,80,28,true,false,false,2026-01-31,2026-03-08
0,Technology Archives - Page 126 of 206 - The Palm Beach Post,http://palmbeachpost.xpr-gannett.com/press-release/story/category/channels/technology/page/126/,https://bricked.ai/,https://bricked.ai,80,28,true,false,false,2026-01-31,2026-03-08
0,Technology Archives - Page 126 of 206 - The Palm Beach Post,http://palmbeachpost.xpr-gannett.com/press-release/story/category/channels/technology/page/126/,https://bricked.ai/,real estate comping,80,28,true,false,false,2026-01-31,2026-03-08
0,Technology Archives - Page 126 of 206 - The Palm Beach Post,http://palmbeachpost.xpr-gannett.com/press-release/story/category/channels/technology/page/126/,https://bricked.ai/discord,Other,80,28,false,false,false,2026-01-31,2026-03-08
0,Partners Archives - Page 1523 of 2422 - The Palm Beach Post,http://palmbeachpost.xpr-gannett.com/press-release/story/category/partners/page/1523/,https://bricked.ai/,Bricked AI,90,28,true,false,false,2026-02-22,2026-03-08
0,Partners Archives - Page 1523 of 2422 - The Palm Beach Post,http://palmbeachpost.xpr-gannett.com/press-release/story/category/partners/page/1523/,https://bricked.ai/,https://bricked.ai,90,28,true,false,false,2026-02-22,2026-03-08
0,Partners Archives - Page 1523 of 2422 - The Palm Beach Post,http://palmbeachpost.xpr-gannett.com/press-release/story/category/partners/page/1523/,https://bricked.ai/,real estate comping,90,28,true,false,false,2026-02-22,2026-03-08
0,Partners Archives - Page 1523 of 2422 - The Palm Beach Post,http://palmbeachpost.xpr-gannett.com/press-release/story/category/partners/page/1523/,https://bricked.ai/discord,Other,90,28,false,false,false,2026-02-22,2026-03-08
0,Partners Archives - Page 545 of 1444 - The Palm Beach Post,http://palmbeachpost.xpr-gannett.com/press-release/story/category/partners/page/545/,https://bricked.ai/,Bricked AI,55,28,true,false,false,2026-02-03,2026-03-09
0,Partners Archives - Page 545 of 1444 - The Palm Beach Post,http://palmbeachpost.xpr-gannett.com/press-release/story/category/partners/page/545/,https://bricked.ai/,https://bricked.ai,55,28,true,false,false,2026-02-03,2026-03-09
0,Partners Archives - Page 545 of 1444 - The Palm Beach Post,http://palmbeachpost.xpr-gannett.com/press-release/story/category/partners/page/545/,https://bricked.ai/,real estate comping,55,28,true,false,false,2026-02-03,2026-03-09
0,Partners Archives - Page 545 of 1444 - The Palm Beach Post,http://palmbeachpost.xpr-gannett.com/press-release/story/category/partners/page/545/,https://bricked.ai/discord,Other,55,28,false,false,false,2026-02-03,2026-03-09
0,Partners Archives - Page 636 of 1536 - The Palm Beach Post,http://palmbeachpost.xpr-gannett.com/press-release/story/category/partners/page/636/,https://bricked.ai/discord,Other,55,28,false,false,false,2026-02-14,2026-03-06
0,Partners Archives - Page 636 of 1536 - The Palm Beach Post,http://palmbeachpost.xpr-gannett.com/press-release/story/category/partners/page/636/,https://bricked.ai/,Bricked AI,55,28,true,false,false,2026-02-14,2026-03-06
0,Partners Archives - Page 636 of 1536 - The Palm Beach Post,http://palmbeachpost.xpr-gannett.com/press-release/story/category/partners/page/636/,https://bricked.ai/,https://bricked.ai,55,28,true,false,false,2026-02-14,2026-03-06
0,Partners Archives - Page 636 of 1536 - The Palm Beach Post,http://palmbeachpost.xpr-gannett.com/press-release/story/category/partners/page/636/,https://bricked.ai/,real estate comping,55,28,true,false,false,2026-02-14,2026-03-06
0,Press Releases Archives - Page 545 of 1300 - The Palm Beach Post,http://palmbeachpost.xpr-gannett.com/press-release/story/category/press-releases/page/545/,https://bricked.ai/,Bricked AI,84,28,true,false,false,2026-02-03,2026-03-05
0,Press Releases Archives - Page 545 of 1300 - The Palm Beach Post,http://palmbeachpost.xpr-gannett.com/press-release/story/category/press-releases/page/545/,https://bricked.ai/,https://bricked.ai,84,28,true,false,false,2026-02-03,2026-03-05
0,Press Releases Archives - Page 545 of 1300 - The Palm Beach Post,http://palmbeachpost.xpr-gannett.com/press-release/story/category/press-releases/page/545/,https://bricked.ai/,real estate comping,84,28,true,false,false,2026-02-03,2026-03-05
0,Press Releases Archives - Page 545 of 1300 - The Palm Beach Post,http://palmbeachpost.xpr-gannett.com/press-release/story/category/press-releases/page/545/,https://bricked.ai/discord,Other,84,28,false,false,false,2026-02-03,2026-03-05
0,Press Releases Archives - Page 549 of 1304 - The Palm Beach Post,http://palmbeachpost.xpr-gannett.com/press-release/story/category/press-releases/page/549/,https://bricked.ai/discord,Other,97,28,false,false,false,2026-02-06,2026-03-09
0,Press Releases Archives - Page 549 of 1304 - The Palm Beach Post,http://palmbeachpost.xpr-gannett.com/press-release/story/category/press-releases/page/549/,https://bricked.ai/,real estate comping,97,28,true,false,false,2026-02-06,2026-03-09
0,Press Releases Archives - Page 549 of 1304 - The Palm Beach Post,http://palmbeachpost.xpr-gannett.com/press-release/story/category/press-releases/page/549/,https://bricked.ai/,https://bricked.ai,97,28,true,false,false,2026-02-06,2026-03-09
0,Press Releases Archives - Page 549 of 1304 - The Palm Beach Post,http://palmbeachpost.xpr-gannett.com/press-release/story/category/press-releases/page/549/,https://bricked.ai/,Bricked AI,97,28,true,false,false,2026-02-06,2026-03-09
0,Technology Archives - Page 72 of 159 - Patriot Ledger,http://patriotledger.xpr-gannett.com/press-release/story/category/channels/technology/page/72/,https://bricked.ai/,Bricked AI,75,28,true,false,false,2026-02-16,2026-03-05
0,Technology Archives - Page 72 of 159 - Patriot Ledger,http://patriotledger.xpr-gannett.com/press-release/story/category/channels/technology/page/72/,https://bricked.ai/,https://bricked.ai,75,28,true,false,false,2026-02-16,2026-03-05
0,Technology Archives - Page 72 of 159 - Patriot Ledger,http://patriotledger.xpr-gannett.com/press-release/story/category/channels/technology/page/72/,https://bricked.ai/,real estate comping,75,28,true,false,false,2026-02-16,2026-03-05
0,Technology Archives - Page 72 of 159 - Patriot Ledger,http://patriotledger.xpr-gannett.com/press-release/story/category/channels/technology/page/72/,https://bricked.ai/discord,Other,75,28,false,false,false,2026-02-16,2026-03-05
0,🏆🏆Boost your Google rankings with Premium PBN & Link Building🏆🏆,http://phanerosart.com/all/493/11.html,https://bricked.ai/,High Quality Dofollow Backlinks DA 50 PA 40 Premium PBN Network Service bricked.ai Rank First Page Google Fast SEO Link Building Buy Backlinks Online Cheap,3000,12,false,false,false,2026-09-21,2026-09-21
0,Channels Archives - Page 141 of 245 - Journal Star,http://pjstar.xpr-gannett.com/press-release/story/category/channels/page/141/,https://bricked.ai/,Bricked AI,92,28,true,false,false,2026-02-14,2026-03-05
0,Channels Archives - Page 141 of 245 - Journal Star,http://pjstar.xpr-gannett.com/press-release/story/category/channels/page/141/,https://bricked.ai/,https://bricked.ai,92,28,true,false,false,2026-02-14,2026-03-05
0,Channels Archives - Page 141 of 245 - Journal Star,http://pjstar.xpr-gannett.com/press-release/story/category/channels/page/141/,https://bricked.ai/,real estate comping,92,28,true,false,false,2026-02-14,2026-03-05
0,Channels Archives - Page 141 of 245 - Journal Star,http://pjstar.xpr-gannett.com/press-release/story/category/channels/page/141/,https://bricked.ai/discord,Other,92,28,false,false,false,2026-02-14,2026-03-05
0,Channels Archives - Page 35 of 140 - Journal Star,http://pjstar.xpr-gannett.com/press-release/story/category/channels/page/35/,https://bricked.ai/,Bricked AI,91,28,true,false,false,2026-01-31,2026-03-07
0,Channels Archives - Page 35 of 140 - Journal Star,http://pjstar.xpr-gannett.com/press-release/story/category/channels/page/35/,https://bricked.ai/,https://bricked.ai,91,28,true,false,false,2026-01-31,2026-03-07
0,Channels Archives - Page 35 of 140 - Journal Star,http://pjstar.xpr-gannett.com/press-release/story/category/channels/page/35/,https://bricked.ai/,real estate comping,91,28,true,false,false,2026-01-31,2026-03-07
0,Channels Archives - Page 35 of 140 - Journal Star,http://pjstar.xpr-gannett.com/press-release/story/category/channels/page/35/,https://bricked.ai/discord,Other,91,28,false,false,false,2026-01-31,2026-03-07
0,Channels Archives - Page 37 of 142 - Journal Star,http://pjstar.xpr-gannett.com/press-release/story/category/channels/page/37/,https://bricked.ai/,Bricked AI,90,28,true,false,false,2026-02-03,2026-03-05
0,Channels Archives - Page 37 of 142 - Journal Star,http://pjstar.xpr-gannett.com/press-release/story/category/channels/page/37/,https://bricked.ai/,https://bricked.ai,90,28,true,false,false,2026-02-03,2026-03-05
0,Channels Archives - Page 37 of 142 - Journal Star,http://pjstar.xpr-gannett.com/press-release/story/category/channels/page/37/,https://bricked.ai/,real estate comping,90,28,true,false,false,2026-02-03,2026-03-05
0,Channels Archives - Page 37 of 142 - Journal Star,http://pjstar.xpr-gannett.com/press-release/story/category/channels/page/37/,https://bricked.ai/discord,Other,90,28,false,false,false,2026-02-03,2026-03-05
0,Channels Archives - Page 387 of 492 - Journal Star,http://pjstar.xpr-gannett.com/press-release/story/category/channels/page/387/,https://bricked.ai/,Bricked AI,90,28,true,false,false,2026-02-17,2026-03-06
0,Channels Archives - Page 387 of 492 - Journal Star,http://pjstar.xpr-gannett.com/press-release/story/category/channels/page/387/,https://bricked.ai/,https://bricked.ai,90,28,true,false,false,2026-02-17,2026-03-06
0,Channels Archives - Page 387 of 492 - Journal Star,http://pjstar.xpr-gannett.com/press-release/story/category/channels/page/387/,https://bricked.ai/,real estate comping,90,28,true,false,false,2026-02-17,2026-03-06
0,Channels Archives - Page 387 of 492 - Journal Star,http://pjstar.xpr-gannett.com/press-release/story/category/channels/page/387/,https://bricked.ai/discord,Other,90,28,false,false,false,2026-02-17,2026-03-06
0,Technology Archives - Page 29 of 110 - Journal Star,http://pjstar.xpr-gannett.com/press-release/story/category/channels/technology/page/29/,https://bricked.ai/,Bricked AI,78,28,true,false,false,2026-01-31,2026-03-07
0,Technology Archives - Page 29 of 110 - Journal Star,http://pjstar.xpr-gannett.com/press-release/story/category/channels/technology/page/29/,https://bricked.ai/,https://bricked.ai,78,28,true,false,false,2026-01-31,2026-03-07
0,Technology Archives - Page 29 of 110 - Journal Star,http://pjstar.xpr-gannett.com/press-release/story/category/channels/technology/page/29/,https://bricked.ai/,real estate comping,78,28,true,false,false,2026-01-31,2026-03-07
0,Technology Archives - Page 29 of 110 - Journal Star,http://pjstar.xpr-gannett.com/press-release/story/category/channels/technology/page/29/,https://bricked.ai/discord,Other,78,28,false,false,false,2026-01-31,2026-03-07
0,Technology Archives - Page 31 of 112 - Journal Star,http://pjstar.xpr-gannett.com/press-release/story/category/channels/technology/page/31/,https://bricked.ai/discord,Other,83,28,false,false,false,2026-02-08,2026-03-05
0,Technology Archives - Page 31 of 112 - Journal Star,http://pjstar.xpr-gannett.com/press-release/story/category/channels/technology/page/31/,https://bricked.ai/,real estate comping,83,28,true,false,false,2026-02-08,2026-03-05
0,Technology Archives - Page 31 of 112 - Journal Star,http://pjstar.xpr-gannett.com/press-release/story/category/channels/technology/page/31/,https://bricked.ai/,Bricked AI,83,28,true,false,false,2026-02-08,2026-03-05
0,Technology Archives - Page 31 of 112 - Journal Star,http://pjstar.xpr-gannett.com/press-release/story/category/channels/technology/page/31/,https://bricked.ai/,https://bricked.ai,83,28,true,false,false,2026-02-08,2026-03-05
0,EIN Presswire Archives - Page 415 of 699 - Journal Star,http://pjstar.xpr-gannett.com/press-release/story/category/partners/ein-presswire/page/415/,https://bricked.ai/,Bricked AI,87,28,true,false,false,2026-02-14,2026-04-06
0,EIN Presswire Archives - Page 415 of 699 - Journal Star,http://pjstar.xpr-gannett.com/press-release/story/category/partners/ein-presswire/page/415/,https://bricked.ai/,https://bricked.ai,87,28,true,false,false,2026-02-14,2026-04-06
0,EIN Presswire Archives - Page 415 of 699 - Journal Star,http://pjstar.xpr-gannett.com/press-release/story/category/partners/ein-presswire/page/415/,https://bricked.ai/,real estate comping,87,28,true,false,false,2026-02-14,2026-04-06
0,EIN Presswire Archives - Page 415 of 699 - Journal Star,http://pjstar.xpr-gannett.com/press-release/story/category/partners/ein-presswire/page/415/,https://bricked.ai/discord,Other,87,28,false,false,false,2026-02-14,2026-04-06
0,Partners Archives - Page 105 of 426 - Journal Star,http://pjstar.xpr-gannett.com/press-release/story/category/partners/page/105/,https://bricked.ai/,Bricked AI,56,28,true,false,false,2026-02-05,2026-03-07
0,Partners Archives - Page 105 of 426 - Journal Star,http://pjstar.xpr-gannett.com/press-release/story/category/partners/page/105/,https://bricked.ai/,https://bricked.ai,56,28,true,false,false,2026-02-05,2026-03-07
0,Partners Archives - Page 105 of 426 - Journal Star,http://pjstar.xpr-gannett.com/press-release/story/category/partners/page/105/,https://bricked.ai/,real estate comping,56,28,true,false,false,2026-02-05,2026-03-07
0,Partners Archives - Page 105 of 426 - Journal Star,http://pjstar.xpr-gannett.com/press-release/story/category/partners/page/105/,https://bricked.ai/discord,Other,56,28,false,false,false,2026-02-05,2026-03-07
0,Partners Archives - Page 98 of 419 - Journal Star,http://pjstar.xpr-gannett.com/press-release/story/category/partners/page/98/,https://bricked.ai/,Bricked AI,83,28,true,false,false,2026-01-31,2026-03-08
0,Partners Archives - Page 98 of 419 - Journal Star,http://pjstar.xpr-gannett.com/press-release/story/category/partners/page/98/,https://bricked.ai/,https://bricked.ai,83,28,true,false,false,2026-01-31,2026-03-08
0,Partners Archives - Page 98 of 419 - Journal Star,http://pjstar.xpr-gannett.com/press-release/story/category/partners/page/98/,https://bricked.ai/,real estate comping,83,28,true,false,false,2026-01-31,2026-03-08
0,Partners Archives - Page 98 of 419 - Journal Star,http://pjstar.xpr-gannett.com/press-release/story/category/partners/page/98/,https://bricked.ai/discord,Other,83,28,false,false,false,2026-01-31,2026-03-08
0,Press Releases Archives - Page 1304 of 2120 - Journal Star,http://pjstar.xpr-gannett.com/press-release/story/category/press-releases/page/1304/,https://bricked.ai/,Bricked AI,55,28,true,false,false,2026-02-20,2026-03-08
0,Press Releases Archives - Page 1304 of 2120 - Journal Star,http://pjstar.xpr-gannett.com/press-release/story/category/press-releases/page/1304/,https://bricked.ai/,https://bricked.ai,55,28,true,false,false,2026-02-20,2026-03-08
0,Press Releases Archives - Page 1304 of 2120 - Journal Star,http://pjstar.xpr-gannett.com/press-release/story/category/press-releases/page/1304/,https://bricked.ai/,real estate comping,55,28,true,false,false,2026-02-20,2026-03-08
0,Press Releases Archives - Page 1304 of 2120 - Journal Star,http://pjstar.xpr-gannett.com/press-release/story/category/press-releases/page/1304/,https://bricked.ai/discord,Other,55,28,false,false,false,2026-02-20,2026-03-08
0,Business Archives - Page 843 of 1852 - Pensacola News Journal,http://pnj.xpr-gannett.com/press-release/story/category/business/page/843/,https://bricked.ai/,Bricked AI,55,28,true,false,false,2026-02-20,2026-03-05
0,Business Archives - Page 843 of 1852 - Pensacola News Journal,http://pnj.xpr-gannett.com/press-release/story/category/business/page/843/,https://bricked.ai/,https://bricked.ai,55,28,true,false,false,2026-02-20,2026-03-05
0,Business Archives - Page 843 of 1852 - Pensacola News Journal,http://pnj.xpr-gannett.com/press-release/story/category/business/page/843/,https://bricked.ai/,real estate comping,55,28,true,false,false,2026-02-20,2026-03-05
0,Business Archives - Page 843 of 1852 - Pensacola News Journal,http://pnj.xpr-gannett.com/press-release/story/category/business/page/843/,https://bricked.ai/discord,Other,55,28,false,false,false,2026-02-20,2026-03-05
0,Channels Archives - Page 57 of 157 - Pensacola News Journal,http://pnj.xpr-gannett.com/press-release/story/category/channels/page/57/,https://bricked.ai/,Bricked AI,85,28,true,false,false,2026-02-03,2026-04-05
0,Channels Archives - Page 57 of 157 - Pensacola News Journal,http://pnj.xpr-gannett.com/press-release/story/category/channels/page/57/,https://bricked.ai/,https://bricked.ai,85,28,true,false,false,2026-02-03,2026-04-05
0,Channels Archives - Page 57 of 157 - Pensacola News Journal,http://pnj.xpr-gannett.com/press-release/story/category/channels/page/57/,https://bricked.ai/,real estate comping,85,28,true,false,false,2026-02-03,2026-04-05
0,Channels Archives - Page 57 of 157 - Pensacola News Journal,http://pnj.xpr-gannett.com/press-release/story/category/channels/page/57/,https://bricked.ai/discord,Other,85,28,false,false,false,2026-02-03,2026-04-05
0,Channels Archives - Page 97 of 197 - Pensacola News Journal,http://pnj.xpr-gannett.com/press-release/story/category/channels/page/97/,https://bricked.ai/,Bricked AI,91,28,true,false,false,2026-02-14,2026-03-06
0,Channels Archives - Page 97 of 197 - Pensacola News Journal,http://pnj.xpr-gannett.com/press-release/story/category/channels/page/97/,https://bricked.ai/,https://bricked.ai,91,28,true,false,false,2026-02-14,2026-03-06
0,Channels Archives - Page 97 of 197 - Pensacola News Journal,http://pnj.xpr-gannett.com/press-release/story/category/channels/page/97/,https://bricked.ai/,real estate comping,91,28,true,false,false,2026-02-14,2026-03-06
0,Channels Archives - Page 97 of 197 - Pensacola News Journal,http://pnj.xpr-gannett.com/press-release/story/category/channels/page/97/,https://bricked.ai/discord,Other,91,28,false,false,false,2026-02-14,2026-03-06
0,Technology Archives - Page 147 of 225 - Pensacola News Journal,http://pnj.xpr-gannett.com/press-release/story/category/channels/technology/page/147/,https://bricked.ai/,Bricked AI,87,28,true,false,false,2026-02-16,2026-03-08
0,Technology Archives - Page 147 of 225 - Pensacola News Journal,http://pnj.xpr-gannett.com/press-release/story/category/channels/technology/page/147/,https://bricked.ai/,https://bricked.ai,87,28,true,false,false,2026-02-16,2026-03-08
0,Technology Archives - Page 147 of 225 - Pensacola News Journal,http://pnj.xpr-gannett.com/press-release/story/category/channels/technology/page/147/,https://bricked.ai/,real estate comping,87,28,true,false,false,2026-02-16,2026-03-08
0,Technology Archives - Page 147 of 225 - Pensacola News Journal,http://pnj.xpr-gannett.com/press-release/story/category/channels/technology/page/147/,https://bricked.ai/discord,Other,87,28,false,false,false,2026-02-16,2026-03-08
0,Technology Archives - Page 48 of 126 - Pensacola News Journal,http://pnj.xpr-gannett.com/press-release/story/category/channels/technology/page/48/,https://bricked.ai/,https://bricked.ai,80,28,true,false,false,2026-02-06,2026-03-07
0,Technology Archives - Page 48 of 126 - Pensacola News Journal,http://pnj.xpr-gannett.com/press-release/story/category/channels/technology/page/48/,https://bricked.ai/,Bricked AI,80,28,true,false,false,2026-02-06,2026-03-07
0,Technology Archives - Page 48 of 126 - Pensacola News Journal,http://pnj.xpr-gannett.com/press-release/story/category/channels/technology/page/48/,https://bricked.ai/,real estate comping,80,28,true,false,false,2026-02-06,2026-03-07
0,Technology Archives - Page 48 of 126 - Pensacola News Journal,http://pnj.xpr-gannett.com/press-release/story/category/channels/technology/page/48/,https://bricked.ai/discord,Other,80,28,false,false,false,2026-02-06,2026-03-07
0,EIN Presswire Archives - Page 290 of 561 - Pensacola News Journal,http://pnj.xpr-gannett.com/press-release/story/category/partners/ein-presswire/page/290/,https://bricked.ai/,real estate comping,90,28,true,false,false,2026-02-14,2026-03-06
0,EIN Presswire Archives - Page 290 of 561 - Pensacola News Journal,http://pnj.xpr-gannett.com/press-release/story/category/partners/ein-presswire/page/290/,https://bricked.ai/discord,Other,90,28,false,false,false,2026-02-14,2026-03-06
0,EIN Presswire Archives - Page 290 of 561 - Pensacola News Journal,http://pnj.xpr-gannett.com/press-release/story/category/partners/ein-presswire/page/290/,https://bricked.ai/,https://bricked.ai,90,28,true,false,false,2026-02-14,2026-03-06
0,EIN Presswire Archives - Page 290 of 561 - Pensacola News Journal,http://pnj.xpr-gannett.com/press-release/story/category/partners/ein-presswire/page/290/,https://bricked.ai/,Bricked AI,90,28,true,false,false,2026-02-14,2026-03-06
0,Partners Archives - Page 179 of 487 - Pensacola News Journal,http://pnj.xpr-gannett.com/press-release/story/category/partners/page/179/,https://bricked.ai/,Bricked AI,51,28,true,false,false,2026-02-08,2026-04-06
0,Partners Archives - Page 179 of 487 - Pensacola News Journal,http://pnj.xpr-gannett.com/press-release/story/category/partners/page/179/,https://bricked.ai/,https://bricked.ai,51,28,true,false,false,2026-02-08,2026-04-06
0,Partners Archives - Page 179 of 487 - Pensacola News Journal,http://pnj.xpr-gannett.com/press-release/story/category/partners/page/179/,https://bricked.ai/,real estate comping,51,28,true,false,false,2026-02-08,2026-04-06
0,Partners Archives - Page 179 of 487 - Pensacola News Journal,http://pnj.xpr-gannett.com/press-release/story/category/partners/page/179/,https://bricked.ai/discord,Other,51,28,false,false,false,2026-02-08,2026-04-06
0,Channels Archives - Page 10 of 115 - The Post-Crescent,http://postcrescent.xpr-gannett.com/press-release/story/category/channels/page/10/,https://bricked.ai/discord,Other,92,28,false,false,false,2026-02-08,2026-03-09
0,Channels Archives - Page 10 of 115 - The Post-Crescent,http://postcrescent.xpr-gannett.com/press-release/story/category/channels/page/10/,https://bricked.ai/,Bricked AI,92,28,true,false,false,2026-02-08,2026-03-09
0,Channels Archives - Page 10 of 115 - The Post-Crescent,http://postcrescent.xpr-gannett.com/press-release/story/category/channels/page/10/,https://bricked.ai/,https://bricked.ai,92,28,true,false,false,2026-02-08,2026-03-09
0,Channels Archives - Page 10 of 115 - The Post-Crescent,http://postcrescent.xpr-gannett.com/press-release/story/category/channels/page/10/,https://bricked.ai/,real estate comping,92,28,true,false,false,2026-02-08,2026-03-09
0,Channels Archives - Page 13 of 118 - The Post-Crescent,http://postcrescent.xpr-gannett.com/press-release/story/category/channels/page/13/,https://bricked.ai/discord,Other,92,28,false,false,false,2026-02-11,2026-03-05
0,Channels Archives - Page 13 of 118 - The Post-Crescent,http://postcrescent.xpr-gannett.com/press-release/story/category/channels/page/13/,https://bricked.ai/,Bricked AI,92,28,true,false,false,2026-02-11,2026-03-05
0,Channels Archives - Page 13 of 118 - The Post-Crescent,http://postcrescent.xpr-gannett.com/press-release/story/category/channels/page/13/,https://bricked.ai/,https://bricked.ai,92,28,true,false,false,2026-02-11,2026-03-05
0,Channels Archives - Page 13 of 118 - The Post-Crescent,http://postcrescent.xpr-gannett.com/press-release/story/category/channels/page/13/,https://bricked.ai/,real estate comping,92,28,true,false,false,2026-02-11,2026-03-05
0,Technology Archives - Page 5 of 87 - The Post-Crescent,http://postcrescent.xpr-gannett.com/press-release/story/category/channels/technology/page/5/,https://bricked.ai/,Bricked AI,49,28,true,false,false,2026-01-31,2026-03-05
0,Technology Archives - Page 5 of 87 - The Post-Crescent,http://postcrescent.xpr-gannett.com/press-release/story/category/channels/technology/page/5/,https://bricked.ai/,https://bricked.ai,49,28,true,false,false,2026-01-31,2026-03-05
0,Technology Archives - Page 5 of 87 - The Post-Crescent,http://postcrescent.xpr-gannett.com/press-release/story/category/channels/technology/page/5/,https://bricked.ai/,real estate comping,49,28,true,false,false,2026-01-31,2026-03-05
0,Technology Archives - Page 5 of 87 - The Post-Crescent,http://postcrescent.xpr-gannett.com/press-release/story/category/channels/technology/page/5/,https://bricked.ai/discord,Other,49,28,false,false,false,2026-01-31,2026-03-05
0,Technology Archives - Page 7 of 88 - The Post-Crescent,http://postcrescent.xpr-gannett.com/press-release/story/category/channels/technology/page/7/,https://bricked.ai/,Bricked AI,78,28,true,false,false,2026-02-03,2026-03-09
0,Technology Archives - Page 7 of 88 - The Post-Crescent,http://postcrescent.xpr-gannett.com/press-release/story/category/channels/technology/page/7/,https://bricked.ai/,https://bricked.ai,78,28,true,false,false,2026-02-03,2026-03-09
0,Technology Archives - Page 7 of 88 - The Post-Crescent,http://postcrescent.xpr-gannett.com/press-release/story/category/channels/technology/page/7/,https://bricked.ai/,real estate comping,78,28,true,false,false,2026-02-03,2026-03-09
0,Technology Archives - Page 7 of 88 - The Post-Crescent,http://postcrescent.xpr-gannett.com/press-release/story/category/channels/technology/page/7/,https://bricked.ai/discord,Other,78,28,false,false,false,2026-02-03,2026-03-09
0,Partners Archives - Page 421 of 742 - The Post-Crescent,http://postcrescent.xpr-gannett.com/press-release/story/category/partners/page/421/,https://bricked.ai/,Bricked AI,56,28,true,false,false,2026-02-17,2026-04-03
0,Partners Archives - Page 421 of 742 - The Post-Crescent,http://postcrescent.xpr-gannett.com/press-release/story/category/partners/page/421/,https://bricked.ai/,https://bricked.ai,56,28,true,false,false,2026-02-17,2026-04-03
0,Partners Archives - Page 421 of 742 - The Post-Crescent,http://postcrescent.xpr-gannett.com/press-release/story/category/partners/page/421/,https://bricked.ai/,real estate comping,56,28,true,false,false,2026-02-17,2026-04-03
0,Partners Archives - Page 421 of 742 - The Post-Crescent,http://postcrescent.xpr-gannett.com/press-release/story/category/partners/page/421/,https://bricked.ai/discord,Other,56,28,false,false,false,2026-02-17,2026-04-03
0,Business Archives - Page 34 of 1013 - The Providence Journal,http://providencejournal.xpr-gannett.com/press-release/story/category/business/page/34/,https://bricked.ai/discord,Other,55,28,false,false,false,2026-01-20,2026-05-04
0,Business Archives - Page 34 of 1013 - The Providence Journal,http://providencejournal.xpr-gannett.com/press-release/story/category/business/page/34/,https://bricked.ai/,Bricked AI,55,28,true,false,false,2026-01-20,2026-05-04
0,Business Archives - Page 34 of 1013 - The Providence Journal,http://providencejournal.xpr-gannett.com/press-release/story/category/business/page/34/,https://bricked.ai/,https://bricked.ai,55,28,true,false,false,2026-01-20,2026-05-04
0,Business Archives - Page 34 of 1013 - The Providence Journal,http://providencejournal.xpr-gannett.com/press-release/story/category/business/page/34/,https://bricked.ai/,real estate comping,55,28,true,false,false,2026-01-20,2026-05-04
0,Channels Archives - Page 55 of 156 - The Providence Journal,http://providencejournal.xpr-gannett.com/press-release/story/category/channels/page/55/,https://bricked.ai/,real estate comping,95,28,true,false,false,2026-02-08,2026-04-06
0,Channels Archives - Page 55 of 156 - The Providence Journal,http://providencejournal.xpr-gannett.com/press-release/story/category/channels/page/55/,https://bricked.ai/,https://bricked.ai,95,28,true,false,false,2026-02-08,2026-04-06
0,Channels Archives - Page 55 of 156 - The Providence Journal,http://providencejournal.xpr-gannett.com/press-release/story/category/channels/page/55/,https://bricked.ai/,Bricked AI,95,28,true,false,false,2026-02-08,2026-04-06
0,Channels Archives - Page 55 of 156 - The Providence Journal,http://providencejournal.xpr-gannett.com/press-release/story/category/channels/page/55/,https://bricked.ai/discord,Other,95,28,false,false,false,2026-02-08,2026-04-06
0,Channels Archives - Page 58 of 159 - The Providence Journal,http://providencejournal.xpr-gannett.com/press-release/story/category/channels/page/58/,https://bricked.ai/discord,Other,89,28,false,false,false,2026-02-11,2026-03-08
0,Channels Archives - Page 58 of 159 - The Providence Journal,http://providencejournal.xpr-gannett.com/press-release/story/category/channels/page/58/,https://bricked.ai/,real estate comping,89,28,true,false,false,2026-02-11,2026-03-08
0,Channels Archives - Page 58 of 159 - The Providence Journal,http://providencejournal.xpr-gannett.com/press-release/story/category/channels/page/58/,https://bricked.ai/,https://bricked.ai,89,28,true,false,false,2026-02-11,2026-03-08
0,Channels Archives - Page 58 of 159 - The Providence Journal,http://providencejournal.xpr-gannett.com/press-release/story/category/channels/page/58/,https://bricked.ai/,Bricked AI,89,28,true,false,false,2026-02-11,2026-03-08
0,Technology Archives - Page 43 of 122 - The Providence Journal,http://providencejournal.xpr-gannett.com/press-release/story/category/channels/technology/page/43/,https://bricked.ai/discord,Other,81,28,false,false,false,2026-02-03,2026-03-05
0,Technology Archives - Page 43 of 122 - The Providence Journal,http://providencejournal.xpr-gannett.com/press-release/story/category/channels/technology/page/43/,https://bricked.ai/,Bricked AI,81,28,true,false,false,2026-02-03,2026-03-05
0,Technology Archives - Page 43 of 122 - The Providence Journal,http://providencejournal.xpr-gannett.com/press-release/story/category/channels/technology/page/43/,https://bricked.ai/,https://bricked.ai,81,28,true,false,false,2026-02-03,2026-03-05
0,Technology Archives - Page 43 of 122 - The Providence Journal,http://providencejournal.xpr-gannett.com/press-release/story/category/channels/technology/page/43/,https://bricked.ai/,real estate comping,81,28,true,false,false,2026-02-03,2026-03-05
0,Technology Archives - Page 44 of 122 - The Providence Journal,http://providencejournal.xpr-gannett.com/press-release/story/category/channels/technology/page/44/,https://bricked.ai/discord,Other,89,28,false,false,false,2026-02-08,2026-03-05
0,Technology Archives - Page 44 of 122 - The Providence Journal,http://providencejournal.xpr-gannett.com/press-release/story/category/channels/technology/page/44/,https://bricked.ai/,Bricked AI,89,28,true,false,false,2026-02-08,2026-03-05
0,Technology Archives - Page 44 of 122 - The Providence Journal,http://providencejournal.xpr-gannett.com/press-release/story/category/channels/technology/page/44/,https://bricked.ai/,https://bricked.ai,89,28,true,false,false,2026-02-08,2026-03-05
0,Technology Archives - Page 44 of 122 - The Providence Journal,http://providencejournal.xpr-gannett.com/press-release/story/category/channels/technology/page/44/,https://bricked.ai/,real estate comping,89,28,true,false,false,2026-02-08,2026-03-05
0,Partners Archives - Page 159 of 467 - The Providence Journal,http://providencejournal.xpr-gannett.com/press-release/story/category/partners/page/159/,https://bricked.ai/,Bricked AI,59,28,true,false,false,2026-02-08,2026-03-09
0,Partners Archives - Page 159 of 467 - The Providence Journal,http://providencejournal.xpr-gannett.com/press-release/story/category/partners/page/159/,https://bricked.ai/,https://bricked.ai,59,28,true,false,false,2026-02-08,2026-03-09
0,Partners Archives - Page 159 of 467 - The Providence Journal,http://providencejournal.xpr-gannett.com/press-release/story/category/partners/page/159/,https://bricked.ai/,real estate comping,59,28,true,false,false,2026-02-08,2026-03-09
0,Partners Archives - Page 159 of 467 - The Providence Journal,http://providencejournal.xpr-gannett.com/press-release/story/category/partners/page/159/,https://bricked.ai/discord,Other,59,28,false,false,false,2026-02-08,2026-03-09
0,Partners Archives - Page 198 of 506 - The Providence Journal,http://providencejournal.xpr-gannett.com/press-release/story/category/partners/page/198/,https://bricked.ai/,Bricked AI,87,28,true,false,false,2026-02-12,2026-03-07
0,Partners Archives - Page 198 of 506 - The Providence Journal,http://providencejournal.xpr-gannett.com/press-release/story/category/partners/page/198/,https://bricked.ai/,https://bricked.ai,87,28,true,false,false,2026-02-12,2026-03-07
0,Partners Archives - Page 198 of 506 - The Providence Journal,http://providencejournal.xpr-gannett.com/press-release/story/category/partners/page/198/,https://bricked.ai/,real estate comping,87,28,true,false,false,2026-02-12,2026-03-07
0,Partners Archives - Page 198 of 506 - The Providence Journal,http://providencejournal.xpr-gannett.com/press-release/story/category/partners/page/198/,https://bricked.ai/discord,Other,87,28,false,false,false,2026-02-12,2026-03-07
0,Press Releases Archives - Page 670 of 1470 - The Providence Journal,http://providencejournal.xpr-gannett.com/press-release/story/category/press-releases/page/670/,https://bricked.ai/,Bricked AI,90,28,true,false,false,2026-02-19,2026-04-06
0,Press Releases Archives - Page 670 of 1470 - The Providence Journal,http://providencejournal.xpr-gannett.com/press-release/story/category/press-releases/page/670/,https://bricked.ai/,https://bricked.ai,90,28,true,false,false,2026-02-19,2026-04-06
0,Press Releases Archives - Page 670 of 1470 - The Providence Journal,http://providencejournal.xpr-gannett.com/press-release/story/category/press-releases/page/670/,https://bricked.ai/,real estate comping,90,28,true,false,false,2026-02-19,2026-04-06
0,Press Releases Archives - Page 670 of 1470 - The Providence Journal,http://providencejournal.xpr-gannett.com/press-release/story/category/press-releases/page/670/,https://bricked.ai/discord,Other,90,28,false,false,false,2026-02-19,2026-04-06
0,Channels Archives - Page 302 of 404 - Reno-Tahoe,http://reno.xpr-gannett.com/press-release/story/category/channels/page/302/,https://bricked.ai/discord,Other,94,40,false,false,false,2026-02-20,2026-03-08
0,Channels Archives - Page 302 of 404 - Reno-Tahoe,http://reno.xpr-gannett.com/press-release/story/category/channels/page/302/,https://bricked.ai/,Bricked AI,94,40,true,false,false,2026-02-20,2026-03-08
0,Channels Archives - Page 302 of 404 - Reno-Tahoe,http://reno.xpr-gannett.com/press-release/story/category/channels/page/302/,https://bricked.ai/,real estate comping,94,40,true,false,false,2026-02-20,2026-03-08
0,Channels Archives - Page 302 of 404 - Reno-Tahoe,http://reno.xpr-gannett.com/press-release/story/category/channels/page/302/,https://bricked.ai/,https://bricked.ai,94,40,true,false,false,2026-02-20,2026-03-08
0,Technology Archives - Page 97 of 177 - Reno-Tahoe,http://reno.xpr-gannett.com/press-release/story/category/channels/technology/page/97/,https://bricked.ai/,Bricked AI,86,40,true,false,false,2026-02-14,2026-03-05
0,Technology Archives - Page 97 of 177 - Reno-Tahoe,http://reno.xpr-gannett.com/press-release/story/category/channels/technology/page/97/,https://bricked.ai/,https://bricked.ai,86,40,true,false,false,2026-02-14,2026-03-05
0,Technology Archives - Page 97 of 177 - Reno-Tahoe,http://reno.xpr-gannett.com/press-release/story/category/channels/technology/page/97/,https://bricked.ai/,real estate comping,86,40,true,false,false,2026-02-14,2026-03-05
0,Technology Archives - Page 97 of 177 - Reno-Tahoe,http://reno.xpr-gannett.com/press-release/story/category/channels/technology/page/97/,https://bricked.ai/discord,Other,86,40,false,false,false,2026-02-14,2026-03-05
0,Press Releases Archives - Page 658 of 1464 - Reno-Tahoe,http://reno.xpr-gannett.com/press-release/story/category/press-releases/page/658/,https://bricked.ai/,Bricked AI,55,40,true,false,false,2026-02-16,2026-03-08
0,Press Releases Archives - Page 658 of 1464 - Reno-Tahoe,http://reno.xpr-gannett.com/press-release/story/category/press-releases/page/658/,https://bricked.ai/,https://bricked.ai,55,40,true,false,false,2026-02-16,2026-03-08
0,Press Releases Archives - Page 658 of 1464 - Reno-Tahoe,http://reno.xpr-gannett.com/press-release/story/category/press-releases/page/658/,https://bricked.ai/,real estate comping,55,40,true,false,false,2026-02-16,2026-03-08
0,Press Releases Archives - Page 658 of 1464 - Reno-Tahoe,http://reno.xpr-gannett.com/press-release/story/category/press-releases/page/658/,https://bricked.ai/discord,Other,55,40,false,false,false,2026-02-16,2026-03-08
0,Business Archives - Page 358 of 1257 - Reno-Gazette Journal,http://rgj.xpr-gannett.com/press-release/story/category/business/page/358/,https://bricked.ai/,Bricked AI,58,28,true,false,false,2026-02-08,2026-03-06
0,Business Archives - Page 358 of 1257 - Reno-Gazette Journal,http://rgj.xpr-gannett.com/press-release/story/category/business/page/358/,https://bricked.ai/,https://bricked.ai,58,28,true,false,false,2026-02-08,2026-03-06
0,Business Archives - Page 358 of 1257 - Reno-Gazette Journal,http://rgj.xpr-gannett.com/press-release/story/category/business/page/358/,https://bricked.ai/,real estate comping,58,28,true,false,false,2026-02-08,2026-03-06
0,Business Archives - Page 358 of 1257 - Reno-Gazette Journal,http://rgj.xpr-gannett.com/press-release/story/category/business/page/358/,https://bricked.ai/discord,Other,58,28,false,false,false,2026-02-08,2026-03-06
0,Business Archives - Page 383 of 1282 - Reno-Gazette Journal,http://rgj.xpr-gannett.com/press-release/story/category/business/page/383/,https://bricked.ai/discord,Other,58,28,false,false,false,2026-02-11,2026-03-08
0,Business Archives - Page 383 of 1282 - Reno-Gazette Journal,http://rgj.xpr-gannett.com/press-release/story/category/business/page/383/,https://bricked.ai/,Bricked AI,58,28,true,false,false,2026-02-11,2026-03-08
0,Business Archives - Page 383 of 1282 - Reno-Gazette Journal,http://rgj.xpr-gannett.com/press-release/story/category/business/page/383/,https://bricked.ai/,https://bricked.ai,58,28,true,false,false,2026-02-11,2026-03-08
0,Business Archives - Page 383 of 1282 - Reno-Gazette Journal,http://rgj.xpr-gannett.com/press-release/story/category/business/page/383/,https://bricked.ai/,real estate comping,58,28,true,false,false,2026-02-11,2026-03-08
0,Channels Archives - Page 106 of 214 - Reno-Gazette Journal,http://rgj.xpr-gannett.com/press-release/story/category/channels/page/106/,https://bricked.ai/,Bricked AI,95,28,true,false,false,2026-02-06,2026-03-08
0,Channels Archives - Page 106 of 214 - Reno-Gazette Journal,http://rgj.xpr-gannett.com/press-release/story/category/channels/page/106/,https://bricked.ai/,https://bricked.ai,95,28,true,false,false,2026-02-06,2026-03-08
0,Channels Archives - Page 106 of 214 - Reno-Gazette Journal,http://rgj.xpr-gannett.com/press-release/story/category/channels/page/106/,https://bricked.ai/,real estate comping,95,28,true,false,false,2026-02-06,2026-03-08
0,Channels Archives - Page 106 of 214 - Reno-Gazette Journal,http://rgj.xpr-gannett.com/press-release/story/category/channels/page/106/,https://bricked.ai/discord,Other,95,28,false,false,false,2026-02-06,2026-03-08
0,Channels Archives - Page 108 of 215 - Reno-Gazette Journal,http://rgj.xpr-gannett.com/press-release/story/category/channels/page/108/,https://bricked.ai/,Bricked AI,101,28,true,false,false,2026-02-08,2026-03-05
0,Channels Archives - Page 108 of 215 - Reno-Gazette Journal,http://rgj.xpr-gannett.com/press-release/story/category/channels/page/108/,https://bricked.ai/,https://bricked.ai,101,28,true,false,false,2026-02-08,2026-03-05
0,Channels Archives - Page 108 of 215 - Reno-Gazette Journal,http://rgj.xpr-gannett.com/press-release/story/category/channels/page/108/,https://bricked.ai/,real estate comping,101,28,true,false,false,2026-02-08,2026-03-05
0,Channels Archives - Page 108 of 215 - Reno-Gazette Journal,http://rgj.xpr-gannett.com/press-release/story/category/channels/page/108/,https://bricked.ai/discord,Other,101,28,false,false,false,2026-02-08,2026-03-05
0,Channels Archives - Page 116 of 223 - Reno-Gazette Journal,http://rgj.xpr-gannett.com/press-release/story/category/channels/page/116/,https://bricked.ai/,Bricked AI,101,28,true,false,false,2026-02-11,2026-03-08
0,Channels Archives - Page 116 of 223 - Reno-Gazette Journal,http://rgj.xpr-gannett.com/press-release/story/category/channels/page/116/,https://bricked.ai/,https://bricked.ai,101,28,true,false,false,2026-02-11,2026-03-08
0,Channels Archives - Page 116 of 223 - Reno-Gazette Journal,http://rgj.xpr-gannett.com/press-release/story/category/channels/page/116/,https://bricked.ai/,real estate comping,101,28,true,false,false,2026-02-11,2026-03-08
0,Channels Archives - Page 116 of 223 - Reno-Gazette Journal,http://rgj.xpr-gannett.com/press-release/story/category/channels/page/116/,https://bricked.ai/discord,Other,101,28,false,false,false,2026-02-11,2026-03-08
0,Channels Archives - Page 122 of 229 - Reno-Gazette Journal,http://rgj.xpr-gannett.com/press-release/story/category/channels/page/122/,https://bricked.ai/discord,Other,100,28,false,false,false,2026-02-11,2026-03-08
0,Channels Archives - Page 122 of 229 - Reno-Gazette Journal,http://rgj.xpr-gannett.com/press-release/story/category/channels/page/122/,https://bricked.ai/,Bricked AI,100,28,true,false,false,2026-02-11,2026-03-08
0,Channels Archives - Page 122 of 229 - Reno-Gazette Journal,http://rgj.xpr-gannett.com/press-release/story/category/channels/page/122/,https://bricked.ai/,https://bricked.ai,100,28,true,false,false,2026-02-11,2026-03-08
0,Channels Archives - Page 122 of 229 - Reno-Gazette Journal,http://rgj.xpr-gannett.com/press-release/story/category/channels/page/122/,https://bricked.ai/,real estate comping,100,28,true,false,false,2026-02-11,2026-03-08
0,Channels Archives - Page 147 of 255 - Reno-Gazette Journal,http://rgj.xpr-gannett.com/press-release/story/category/channels/page/147/,https://bricked.ai/discord,Other,83,28,false,false,false,2026-02-15,2026-03-05
0,Channels Archives - Page 147 of 255 - Reno-Gazette Journal,http://rgj.xpr-gannett.com/press-release/story/category/channels/page/147/,https://bricked.ai/,Bricked AI,83,28,true,false,false,2026-02-15,2026-03-05
0,Channels Archives - Page 147 of 255 - Reno-Gazette Journal,http://rgj.xpr-gannett.com/press-release/story/category/channels/page/147/,https://bricked.ai/,https://bricked.ai,83,28,true,false,false,2026-02-15,2026-03-05
0,Channels Archives - Page 147 of 255 - Reno-Gazette Journal,http://rgj.xpr-gannett.com/press-release/story/category/channels/page/147/,https://bricked.ai/,real estate comping,83,28,true,false,false,2026-02-15,2026-03-05
0,Channels Archives - Page 450 of 558 - Reno-Gazette Journal,http://rgj.xpr-gannett.com/press-release/story/category/channels/page/450/,https://bricked.ai/,Bricked AI,83,28,true,false,false,2026-02-20,2026-03-09
0,Channels Archives - Page 450 of 558 - Reno-Gazette Journal,http://rgj.xpr-gannett.com/press-release/story/category/channels/page/450/,https://bricked.ai/,https://bricked.ai,83,28,true,false,false,2026-02-20,2026-03-09
0,Channels Archives - Page 450 of 558 - Reno-Gazette Journal,http://rgj.xpr-gannett.com/press-release/story/category/channels/page/450/,https://bricked.ai/,real estate comping,83,28,true,false,false,2026-02-20,2026-03-09
0,Channels Archives - Page 450 of 558 - Reno-Gazette Journal,http://rgj.xpr-gannett.com/press-release/story/category/channels/page/450/,https://bricked.ai/discord,Other,83,28,false,false,false,2026-02-20,2026-03-09
0,Technology Archives - Page 347 of 428 - Reno-Gazette Journal,http://rgj.xpr-gannett.com/press-release/story/category/channels/technology/page/347/,https://bricked.ai/,Bricked AI,75,28,true,false,false,2026-02-20,2026-03-09
0,Technology Archives - Page 347 of 428 - Reno-Gazette Journal,http://rgj.xpr-gannett.com/press-release/story/category/channels/technology/page/347/,https://bricked.ai/,https://bricked.ai,75,28,true,false,false,2026-02-20,2026-03-09
0,Technology Archives - Page 347 of 428 - Reno-Gazette Journal,http://rgj.xpr-gannett.com/press-release/story/category/channels/technology/page/347/,https://bricked.ai/,real estate comping,75,28,true,false,false,2026-02-20,2026-03-09
0,Technology Archives - Page 347 of 428 - Reno-Gazette Journal,http://rgj.xpr-gannett.com/press-release/story/category/channels/technology/page/347/,https://bricked.ai/discord,Other,75,28,false,false,false,2026-02-20,2026-03-09
0,Technology Archives - Page 79 of 160 - Reno-Gazette Journal,http://rgj.xpr-gannett.com/press-release/story/category/channels/technology/page/79/,https://bricked.ai/,https://bricked.ai,81,28,true,false,false,2026-02-06,2026-03-08
0,Technology Archives - Page 79 of 160 - Reno-Gazette Journal,http://rgj.xpr-gannett.com/press-release/story/category/channels/technology/page/79/,https://bricked.ai/,Bricked AI,81,28,true,false,false,2026-02-06,2026-03-08
0,Technology Archives - Page 79 of 160 - Reno-Gazette Journal,http://rgj.xpr-gannett.com/press-release/story/category/channels/technology/page/79/,https://bricked.ai/,real estate comping,81,28,true,false,false,2026-02-06,2026-03-08
0,Technology Archives - Page 79 of 160 - Reno-Gazette Journal,http://rgj.xpr-gannett.com/press-release/story/category/channels/technology/page/79/,https://bricked.ai/discord,Other,81,28,false,false,false,2026-02-06,2026-03-08
0,EIN Presswire Archives - Page 346 of 618 - Reno-Gazette Journal,http://rgj.xpr-gannett.com/press-release/story/category/partners/ein-presswire/page/346/,https://bricked.ai/discord,Other,58,28,false,false,false,2026-02-11,2026-03-08
0,EIN Presswire Archives - Page 346 of 618 - Reno-Gazette Journal,http://rgj.xpr-gannett.com/press-release/story/category/partners/ein-presswire/page/346/,https://bricked.ai/,Bricked AI,58,28,true,false,false,2026-02-11,2026-03-08
0,EIN Presswire Archives - Page 346 of 618 - Reno-Gazette Journal,http://rgj.xpr-gannett.com/press-release/story/category/partners/ein-presswire/page/346/,https://bricked.ai/,https://bricked.ai,58,28,true,false,false,2026-02-11,2026-03-08
0,EIN Presswire Archives - Page 346 of 618 - Reno-Gazette Journal,http://rgj.xpr-gannett.com/press-release/story/category/partners/ein-presswire/page/346/,https://bricked.ai/,real estate comping,58,28,true,false,false,2026-02-11,2026-03-08
0,EIN Presswire Archives - Page 353 of 625 - Reno-Gazette Journal,http://rgj.xpr-gannett.com/press-release/story/category/partners/ein-presswire/page/353/,https://bricked.ai/,Bricked AI,53,28,true,false,false,2026-02-12,2026-03-07
0,EIN Presswire Archives - Page 353 of 625 - Reno-Gazette Journal,http://rgj.xpr-gannett.com/press-release/story/category/partners/ein-presswire/page/353/,https://bricked.ai/,https://bricked.ai,53,28,true,false,false,2026-02-12,2026-03-07
0,EIN Presswire Archives - Page 353 of 625 - Reno-Gazette Journal,http://rgj.xpr-gannett.com/press-release/story/category/partners/ein-presswire/page/353/,https://bricked.ai/,real estate comping,53,28,true,false,false,2026-02-12,2026-03-07
0,EIN Presswire Archives - Page 353 of 625 - Reno-Gazette Journal,http://rgj.xpr-gannett.com/press-release/story/category/partners/ein-presswire/page/353/,https://bricked.ai/discord,Other,53,28,false,false,false,2026-02-12,2026-03-07
0,EIN Presswire Archives - Page 354 of 626 - Reno-Gazette Journal,http://rgj.xpr-gannett.com/press-release/story/category/partners/ein-presswire/page/354/,https://bricked.ai/,Bricked AI,86,28,true,false,false,2026-02-12,2026-03-08
0,EIN Presswire Archives - Page 354 of 626 - Reno-Gazette Journal,http://rgj.xpr-gannett.com/press-release/story/category/partners/ein-presswire/page/354/,https://bricked.ai/,https://bricked.ai,86,28,true,false,false,2026-02-12,2026-03-08
0,EIN Presswire Archives - Page 354 of 626 - Reno-Gazette Journal,http://rgj.xpr-gannett.com/press-release/story/category/partners/ein-presswire/page/354/,https://bricked.ai/,real estate comping,86,28,true,false,false,2026-02-12,2026-03-08
0,EIN Presswire Archives - Page 354 of 626 - Reno-Gazette Journal,http://rgj.xpr-gannett.com/press-release/story/category/partners/ein-presswire/page/354/,https://bricked.ai/discord,Other,86,28,false,false,false,2026-02-12,2026-03-08
0,Partners Archives - Page 345 of 1244 - Reno-Gazette Journal,http://rgj.xpr-gannett.com/press-release/story/category/partners/page/345/,https://bricked.ai/,Bricked AI,53,28,true,false,false,2026-02-03,2026-03-05
0,Partners Archives - Page 345 of 1244 - Reno-Gazette Journal,http://rgj.xpr-gannett.com/press-release/story/category/partners/page/345/,https://bricked.ai/,https://bricked.ai,53,28,true,false,false,2026-02-03,2026-03-05
0,Partners Archives - Page 345 of 1244 - Reno-Gazette Journal,http://rgj.xpr-gannett.com/press-release/story/category/partners/page/345/,https://bricked.ai/,real estate comping,53,28,true,false,false,2026-02-03,2026-03-05
0,Partners Archives - Page 345 of 1244 - Reno-Gazette Journal,http://rgj.xpr-gannett.com/press-release/story/category/partners/page/345/,https://bricked.ai/discord,Other,53,28,false,false,false,2026-02-03,2026-03-05
0,Partners Archives - Page 491 of 1390 - Reno-Gazette Journal,http://rgj.xpr-gannett.com/press-release/story/category/partners/page/491/,https://bricked.ai/discord,Other,58,28,false,false,false,2026-02-14,2026-03-05
0,Partners Archives - Page 491 of 1390 - Reno-Gazette Journal,http://rgj.xpr-gannett.com/press-release/story/category/partners/page/491/,https://bricked.ai/,real estate comping,58,28,true,false,false,2026-02-14,2026-03-05
0,Partners Archives - Page 491 of 1390 - Reno-Gazette Journal,http://rgj.xpr-gannett.com/press-release/story/category/partners/page/491/,https://bricked.ai/,Bricked AI,58,28,true,false,false,2026-02-14,2026-03-05
0,Partners Archives - Page 491 of 1390 - Reno-Gazette Journal,http://rgj.xpr-gannett.com/press-release/story/category/partners/page/491/,https://bricked.ai/,https://bricked.ai,58,28,true,false,false,2026-02-14,2026-03-05
0,Press Releases Archives - Page 345 of 1100 - Reno-Gazette Journal,http://rgj.xpr-gannett.com/press-release/story/category/press-releases/page/345/,https://bricked.ai/,Bricked AI,87,28,true,false,false,2026-02-03,2026-03-05
0,Press Releases Archives - Page 345 of 1100 - Reno-Gazette Journal,http://rgj.xpr-gannett.com/press-release/story/category/press-releases/page/345/,https://bricked.ai/,https://bricked.ai,87,28,true,false,false,2026-02-03,2026-03-05
0,Press Releases Archives - Page 345 of 1100 - Reno-Gazette Journal,http://rgj.xpr-gannett.com/press-release/story/category/press-releases/page/345/,https://bricked.ai/,real estate comping,87,28,true,false,false,2026-02-03,2026-03-05
0,Press Releases Archives - Page 345 of 1100 - Reno-Gazette Journal,http://rgj.xpr-gannett.com/press-release/story/category/press-releases/page/345/,https://bricked.ai/discord,Other,87,28,false,false,false,2026-02-03,2026-03-05
0,Press Releases Archives - Page 350 of 1104 - Reno-Gazette Journal,http://rgj.xpr-gannett.com/press-release/story/category/press-releases/page/350/,https://bricked.ai/,real estate comping,97,28,true,false,false,2026-02-06,2026-03-07
0,Press Releases Archives - Page 350 of 1104 - Reno-Gazette Journal,http://rgj.xpr-gannett.com/press-release/story/category/press-releases/page/350/,https://bricked.ai/,https://bricked.ai,97,28,true,false,false,2026-02-06,2026-03-07
0,Press Releases Archives - Page 350 of 1104 - Reno-Gazette Journal,http://rgj.xpr-gannett.com/press-release/story/category/press-releases/page/350/,https://bricked.ai/,Bricked AI,97,28,true,false,false,2026-02-06,2026-03-07
0,Press Releases Archives - Page 350 of 1104 - Reno-Gazette Journal,http://rgj.xpr-gannett.com/press-release/story/category/press-releases/page/350/,https://bricked.ai/discord,Other,97,28,false,false,false,2026-02-06,2026-03-07
0,Press Releases Archives - Page 491 of 1246 - Reno-Gazette Journal,http://rgj.xpr-gannett.com/press-release/story/category/press-releases/page/491/,https://bricked.ai/discord,Other,85,28,false,false,false,2026-02-14,2026-03-05
0,Press Releases Archives - Page 491 of 1246 - Reno-Gazette Journal,http://rgj.xpr-gannett.com/press-release/story/category/press-releases/page/491/,https://bricked.ai/,Bricked AI,85,28,true,false,false,2026-02-14,2026-03-05
0,Press Releases Archives - Page 491 of 1246 - Reno-Gazette Journal,http://rgj.xpr-gannett.com/press-release/story/category/press-releases/page/491/,https://bricked.ai/,https://bricked.ai,85,28,true,false,false,2026-02-14,2026-03-05
0,Press Releases Archives - Page 491 of 1246 - Reno-Gazette Journal,http://rgj.xpr-gannett.com/press-release/story/category/press-releases/page/491/,https://bricked.ai/,real estate comping,85,28,true,false,false,2026-02-14,2026-03-05
0,Channels Archives - Page 42 of 142 - The Star,http://shelbystar.xpr-gannett.com/press-release/story/category/channels/page/42/,https://bricked.ai/,https://bricked.ai,92,28,true,false,false,2026-01-23,2026-03-08
0,Channels Archives - Page 42 of 142 - The Star,http://shelbystar.xpr-gannett.com/press-release/story/category/channels/page/42/,https://bricked.ai/discord,Other,92,28,false,false,false,2026-01-23,2026-03-08
0,Channels Archives - Page 42 of 142 - The Star,http://shelbystar.xpr-gannett.com/press-release/story/category/channels/page/42/,https://bricked.ai/,real estate comping,92,28,true,false,false,2026-01-23,2026-03-08
0,Channels Archives - Page 42 of 142 - The Star,http://shelbystar.xpr-gannett.com/press-release/story/category/channels/page/42/,https://bricked.ai/,Bricked AI,92,28,true,false,false,2026-01-23,2026-03-08
0,Channels Archives - Page 99 of 199 - The Star,http://shelbystar.xpr-gannett.com/press-release/story/category/channels/page/99/,https://bricked.ai/,Bricked AI,92,28,true,false,false,2026-02-16,2026-03-08
0,Channels Archives - Page 99 of 199 - The Star,http://shelbystar.xpr-gannett.com/press-release/story/category/channels/page/99/,https://bricked.ai/,https://bricked.ai,92,28,true,false,false,2026-02-16,2026-03-08
0,Channels Archives - Page 99 of 199 - The Star,http://shelbystar.xpr-gannett.com/press-release/story/category/channels/page/99/,https://bricked.ai/,real estate comping,92,28,true,false,false,2026-02-16,2026-03-08
0,Channels Archives - Page 99 of 199 - The Star,http://shelbystar.xpr-gannett.com/press-release/story/category/channels/page/99/,https://bricked.ai/discord,Other,92,28,false,false,false,2026-02-16,2026-03-08
0,Technology Archives - Page 60 of 138 - The Star,http://shelbystar.xpr-gannett.com/press-release/story/category/channels/technology/page/60/,https://bricked.ai/discord,Other,85,28,false,false,false,2026-02-05,2026-03-09
0,Technology Archives - Page 60 of 138 - The Star,http://shelbystar.xpr-gannett.com/press-release/story/category/channels/technology/page/60/,https://bricked.ai/,Bricked AI,85,28,true,false,false,2026-02-05,2026-03-09
0,Technology Archives - Page 60 of 138 - The Star,http://shelbystar.xpr-gannett.com/press-release/story/category/channels/technology/page/60/,https://bricked.ai/,https://bricked.ai,85,28,true,false,false,2026-02-05,2026-03-09
0,Technology Archives - Page 60 of 138 - The Star,http://shelbystar.xpr-gannett.com/press-release/story/category/channels/technology/page/60/,https://bricked.ai/,real estate comping,85,28,true,false,false,2026-02-05,2026-03-09
0,Technology Archives - Page 61 of 139 - The Star,http://shelbystar.xpr-gannett.com/press-release/story/category/channels/technology/page/61/,https://bricked.ai/discord,Other,80,28,false,false,false,2026-02-08,2026-03-08
0,Technology Archives - Page 61 of 139 - The Star,http://shelbystar.xpr-gannett.com/press-release/story/category/channels/technology/page/61/,https://bricked.ai/,Bricked AI,80,28,true,false,false,2026-02-08,2026-03-08
0,Technology Archives - Page 61 of 139 - The Star,http://shelbystar.xpr-gannett.com/press-release/story/category/channels/technology/page/61/,https://bricked.ai/,https://bricked.ai,80,28,true,false,false,2026-02-08,2026-03-08
0,Technology Archives - Page 61 of 139 - The Star,http://shelbystar.xpr-gannett.com/press-release/story/category/channels/technology/page/61/,https://bricked.ai/,real estate comping,80,28,true,false,false,2026-02-08,2026-03-08
0,EIN Presswire Archives - Page 294 of 565 - The Star,http://shelbystar.xpr-gannett.com/press-release/story/category/partners/ein-presswire/page/294/,https://bricked.ai/,Bricked AI,84,28,true,false,false,2026-02-13,2026-03-05
0,EIN Presswire Archives - Page 294 of 565 - The Star,http://shelbystar.xpr-gannett.com/press-release/story/category/partners/ein-presswire/page/294/,https://bricked.ai/,https://bricked.ai,84,28,true,false,false,2026-02-13,2026-03-05
0,EIN Presswire Archives - Page 294 of 565 - The Star,http://shelbystar.xpr-gannett.com/press-release/story/category/partners/ein-presswire/page/294/,https://bricked.ai/,real estate comping,84,28,true,false,false,2026-02-13,2026-03-05
0,EIN Presswire Archives - Page 294 of 565 - The Star,http://shelbystar.xpr-gannett.com/press-release/story/category/partners/ein-presswire/page/294/,https://bricked.ai/discord,Other,84,28,false,false,false,2026-02-13,2026-03-05
0,EIN Presswire Archives - Page 300 of 571 - The Star,http://shelbystar.xpr-gannett.com/press-release/story/category/partners/ein-presswire/page/300/,https://bricked.ai/,Bricked AI,94,28,true,false,false,2026-02-17,2026-03-08
0,EIN Presswire Archives - Page 300 of 571 - The Star,http://shelbystar.xpr-gannett.com/press-release/story/category/partners/ein-presswire/page/300/,https://bricked.ai/,https://bricked.ai,94,28,true,false,false,2026-02-17,2026-03-08
0,EIN Presswire Archives - Page 300 of 571 - The Star,http://shelbystar.xpr-gannett.com/press-release/story/category/partners/ein-presswire/page/300/,https://bricked.ai/,real estate comping,94,28,true,false,false,2026-02-17,2026-03-08
0,EIN Presswire Archives - Page 300 of 571 - The Star,http://shelbystar.xpr-gannett.com/press-release/story/category/partners/ein-presswire/page/300/,https://bricked.ai/discord,Other,94,28,false,false,false,2026-02-17,2026-03-08
0,Partners Archives - Page 296 of 603 - The Star,http://shelbystar.xpr-gannett.com/press-release/story/category/partners/page/296/,https://bricked.ai/,real estate comping,88,28,true,false,false,2026-02-13,2026-03-08
0,Partners Archives - Page 296 of 603 - The Star,http://shelbystar.xpr-gannett.com/press-release/story/category/partners/page/296/,https://bricked.ai/,https://bricked.ai,88,28,true,false,false,2026-02-13,2026-03-08
0,Partners Archives - Page 296 of 603 - The Star,http://shelbystar.xpr-gannett.com/press-release/story/category/partners/page/296/,https://bricked.ai/,Bricked AI,88,28,true,false,false,2026-02-13,2026-03-08
0,Partners Archives - Page 296 of 603 - The Star,http://shelbystar.xpr-gannett.com/press-release/story/category/partners/page/296/,https://bricked.ai/discord,Other,88,28,false,false,false,2026-02-13,2026-03-08
0,Press Releases Archives - Page 330 of 1133 - The Star,http://shelbystar.xpr-gannett.com/press-release/story/category/press-releases/page/330/,https://bricked.ai/discord,Other,51,28,false,false,false,2026-02-13,2026-03-05
0,Press Releases Archives - Page 330 of 1133 - The Star,http://shelbystar.xpr-gannett.com/press-release/story/category/press-releases/page/330/,https://bricked.ai/,Bricked AI,51,28,true,false,false,2026-02-13,2026-03-05
0,Press Releases Archives - Page 330 of 1133 - The Star,http://shelbystar.xpr-gannett.com/press-release/story/category/press-releases/page/330/,https://bricked.ai/,https://bricked.ai,51,28,true,false,false,2026-02-13,2026-03-05
0,Press Releases Archives - Page 330 of 1133 - The Star,http://shelbystar.xpr-gannett.com/press-release/story/category/press-releases/page/330/,https://bricked.ai/,real estate comping,51,28,true,false,false,2026-02-13,2026-03-05
0,Business Archives - Page 1029 of 1996 - Shreveport Times | The Times,http://shreveporttimes.xpr-gannett.com/press-release/story/category/business/page/1029/,https://bricked.ai/discord,Other,47,28,false,false,false,2026-02-19,2026-03-07
0,Business Archives - Page 1029 of 1996 - Shreveport Times | The Times,http://shreveporttimes.xpr-gannett.com/press-release/story/category/business/page/1029/,https://bricked.ai/,Bricked AI,47,28,true,false,false,2026-02-19,2026-03-07
0,Business Archives - Page 1029 of 1996 - Shreveport Times | The Times,http://shreveporttimes.xpr-gannett.com/press-release/story/category/business/page/1029/,https://bricked.ai/,https://bricked.ai,47,28,true,false,false,2026-02-19,2026-03-07
0,Business Archives - Page 1029 of 1996 - Shreveport Times | The Times,http://shreveporttimes.xpr-gannett.com/press-release/story/category/business/page/1029/,https://bricked.ai/,real estate comping,47,28,true,false,false,2026-02-19,2026-03-07
0,Business Archives - Page 498 of 1464 - Shreveport Times | The Times,http://shreveporttimes.xpr-gannett.com/press-release/story/category/business/page/498/,https://bricked.ai/discord,Other,56,28,false,false,false,2026-02-06,2026-04-06
0,Business Archives - Page 498 of 1464 - Shreveport Times | The Times,http://shreveporttimes.xpr-gannett.com/press-release/story/category/business/page/498/,https://bricked.ai/,Bricked AI,56,28,true,false,false,2026-02-06,2026-04-06
0,Business Archives - Page 498 of 1464 - Shreveport Times | The Times,http://shreveporttimes.xpr-gannett.com/press-release/story/category/business/page/498/,https://bricked.ai/,https://bricked.ai,56,28,true,false,false,2026-02-06,2026-04-06
0,Business Archives - Page 498 of 1464 - Shreveport Times | The Times,http://shreveporttimes.xpr-gannett.com/press-release/story/category/business/page/498/,https://bricked.ai/,real estate comping,56,28,true,false,false,2026-02-06,2026-04-06
0,Channels Archives - Page 186 of 287 - Shreveport Times | The Times,http://shreveporttimes.xpr-gannett.com/press-release/story/category/channels/page/186/,https://bricked.ai/,Bricked AI,86,28,true,false,false,2026-02-14,2026-03-07
0,Channels Archives - Page 186 of 287 - Shreveport Times | The Times,http://shreveporttimes.xpr-gannett.com/press-release/story/category/channels/page/186/,https://bricked.ai/,https://bricked.ai,86,28,true,false,false,2026-02-14,2026-03-07
0,Channels Archives - Page 186 of 287 - Shreveport Times | The Times,http://shreveporttimes.xpr-gannett.com/press-release/story/category/channels/page/186/,https://bricked.ai/,real estate comping,86,28,true,false,false,2026-02-14,2026-03-07
0,Channels Archives - Page 186 of 287 - Shreveport Times | The Times,http://shreveporttimes.xpr-gannett.com/press-release/story/category/channels/page/186/,https://bricked.ai/discord,Other,86,28,false,false,false,2026-02-14,2026-03-07
0,EIN Presswire Archives - Page 547 of 819 - Shreveport Times | The Times,http://shreveporttimes.xpr-gannett.com/press-release/story/category/partners/ein-presswire/page/547/,https://bricked.ai/,Bricked AI,54,28,true,false,false,2026-02-13,2026-03-08
0,EIN Presswire Archives - Page 547 of 819 - Shreveport Times | The Times,http://shreveporttimes.xpr-gannett.com/press-release/story/category/partners/ein-presswire/page/547/,https://bricked.ai/,https://bricked.ai,54,28,true,false,false,2026-02-13,2026-03-08
0,EIN Presswire Archives - Page 547 of 819 - Shreveport Times | The Times,http://shreveporttimes.xpr-gannett.com/press-release/story/category/partners/ein-presswire/page/547/,https://bricked.ai/,real estate comping,54,28,true,false,false,2026-02-13,2026-03-08
0,EIN Presswire Archives - Page 547 of 819 - Shreveport Times | The Times,http://shreveporttimes.xpr-gannett.com/press-release/story/category/partners/ein-presswire/page/547/,https://bricked.ai/discord,Other,54,28,false,false,false,2026-02-13,2026-03-08
0,Partners Archives - Page 1362 of 1670 - Shreveport Times | The Times,http://shreveporttimes.xpr-gannett.com/press-release/story/category/partners/page/1362/,https://bricked.ai/,real estate comping,56,28,true,false,false,2026-02-23,2026-04-08
0,Partners Archives - Page 1362 of 1670 - Shreveport Times | The Times,http://shreveporttimes.xpr-gannett.com/press-release/story/category/partners/page/1362/,https://bricked.ai/,https://bricked.ai,56,28,true,false,false,2026-02-23,2026-04-08
0,Partners Archives - Page 1362 of 1670 - Shreveport Times | The Times,http://shreveporttimes.xpr-gannett.com/press-release/story/category/partners/page/1362/,https://bricked.ai/,Bricked AI,56,28,true,false,false,2026-02-23,2026-04-08
0,Partners Archives - Page 1362 of 1670 - Shreveport Times | The Times,http://shreveporttimes.xpr-gannett.com/press-release/story/category/partners/page/1362/,https://bricked.ai/discord,Other,56,28,false,false,false,2026-02-23,2026-04-08
0,Partners Archives - Page 750 of 1058 - Shreveport Times | The Times,http://shreveporttimes.xpr-gannett.com/press-release/story/category/partners/page/750/,https://bricked.ai/discord,Other,54,28,false,false,false,2026-02-16,2026-03-08
0,Partners Archives - Page 750 of 1058 - Shreveport Times | The Times,http://shreveporttimes.xpr-gannett.com/press-release/story/category/partners/page/750/,https://bricked.ai/,Bricked AI,54,28,true,false,false,2026-02-16,2026-03-08
0,Partners Archives - Page 750 of 1058 - Shreveport Times | The Times,http://shreveporttimes.xpr-gannett.com/press-release/story/category/partners/page/750/,https://bricked.ai/,https://bricked.ai,54,28,true,false,false,2026-02-16,2026-03-08
0,Partners Archives - Page 750 of 1058 - Shreveport Times | The Times,http://shreveporttimes.xpr-gannett.com/press-release/story/category/partners/page/750/,https://bricked.ai/,real estate comping,54,28,true,false,false,2026-02-16,2026-03-08
0,Partners Archives - Page 767 of 1075 - Shreveport Times | The Times,http://shreveporttimes.xpr-gannett.com/press-release/story/category/partners/page/767/,https://bricked.ai/,Bricked AI,82,28,true,false,false,2026-02-17,2026-03-08
0,Partners Archives - Page 767 of 1075 - Shreveport Times | The Times,http://shreveporttimes.xpr-gannett.com/press-release/story/category/partners/page/767/,https://bricked.ai/,https://bricked.ai,82,28,true,false,false,2026-02-17,2026-03-08
0,Partners Archives - Page 767 of 1075 - Shreveport Times | The Times,http://shreveporttimes.xpr-gannett.com/press-release/story/category/partners/page/767/,https://bricked.ai/,real estate comping,82,28,true,false,false,2026-02-17,2026-03-08
0,Partners Archives - Page 767 of 1075 - Shreveport Times | The Times,http://shreveporttimes.xpr-gannett.com/press-release/story/category/partners/page/767/,https://bricked.ai/discord,Other,82,28,false,false,false,2026-02-17,2026-03-08
0,Press Releases Archives - Page 498 of 1297 - Shreveport Times | The Times,http://shreveporttimes.xpr-gannett.com/press-release/story/category/press-releases/page/498/,https://bricked.ai/,Bricked AI,56,28,true,false,false,2026-02-06,2026-04-06
0,Press Releases Archives - Page 498 of 1297 - Shreveport Times | The Times,http://shreveporttimes.xpr-gannett.com/press-release/story/category/press-releases/page/498/,https://bricked.ai/,https://bricked.ai,56,28,true,false,false,2026-02-06,2026-04-06
0,Press Releases Archives - Page 498 of 1297 - Shreveport Times | The Times,http://shreveporttimes.xpr-gannett.com/press-release/story/category/press-releases/page/498/,https://bricked.ai/,real estate comping,56,28,true,false,false,2026-02-06,2026-04-06
0,Press Releases Archives - Page 498 of 1297 - Shreveport Times | The Times,http://shreveporttimes.xpr-gannett.com/press-release/story/category/press-releases/page/498/,https://bricked.ai/discord,Other,56,28,false,false,false,2026-02-06,2026-04-06
0,Press Releases Archives - Page 616 of 1414 - Shreveport Times | The Times,http://shreveporttimes.xpr-gannett.com/press-release/story/category/press-releases/page/616/,https://bricked.ai/,Bricked AI,88,28,true,false,false,2026-02-14,2026-03-05
0,Press Releases Archives - Page 616 of 1414 - Shreveport Times | The Times,http://shreveporttimes.xpr-gannett.com/press-release/story/category/press-releases/page/616/,https://bricked.ai/,https://bricked.ai,88,28,true,false,false,2026-02-14,2026-03-05
0,Press Releases Archives - Page 616 of 1414 - Shreveport Times | The Times,http://shreveporttimes.xpr-gannett.com/press-release/story/category/press-releases/page/616/,https://bricked.ai/,real estate comping,88,28,true,false,false,2026-02-14,2026-03-05
0,Press Releases Archives - Page 616 of 1414 - Shreveport Times | The Times,http://shreveporttimes.xpr-gannett.com/press-release/story/category/press-releases/page/616/,https://bricked.ai/discord,Other,88,28,false,false,false,2026-02-14,2026-03-05
0,Press Releases Archives - Page 872 of 1671 - Shreveport Times | The Times,http://shreveporttimes.xpr-gannett.com/press-release/story/category/press-releases/page/872/,https://bricked.ai/,Bricked AI,48,28,true,false,false,2026-02-17,2026-03-08
0,Press Releases Archives - Page 872 of 1671 - Shreveport Times | The Times,http://shreveporttimes.xpr-gannett.com/press-release/story/category/press-releases/page/872/,https://bricked.ai/,https://bricked.ai,48,28,true,false,false,2026-02-17,2026-03-08
0,Press Releases Archives - Page 872 of 1671 - Shreveport Times | The Times,http://shreveporttimes.xpr-gannett.com/press-release/story/category/press-releases/page/872/,https://bricked.ai/,real estate comping,48,28,true,false,false,2026-02-17,2026-03-08
0,Press Releases Archives - Page 872 of 1671 - Shreveport Times | The Times,http://shreveporttimes.xpr-gannett.com/press-release/story/category/press-releases/page/872/,https://bricked.ai/discord,Other,48,28,false,false,false,2026-02-17,2026-03-08
0,🏆🏆Boost your Google rankings with Premium PBN & Link Building🏆🏆,http://sushimean.com/all/493/11.html,https://bricked.ai/,High Quality Dofollow Backlinks DA 50 PA 40 Premium PBN Network Service bricked.ai Rank First Page Google Fast SEO Link Building Buy Backlinks Online Cheap,3000,12,false,false,false,2026-09-07,2026-09-17
0,Business Archives - Page 444 of 1429 - Tallahassee Democrat,http://tallahassee.xpr-gannett.com/press-release/story/category/business/page/444/,https://bricked.ai/,https://bricked.ai,89,28,true,false,false,2026-02-03,2026-03-05
0,Business Archives - Page 444 of 1429 - Tallahassee Democrat,http://tallahassee.xpr-gannett.com/press-release/story/category/business/page/444/,https://bricked.ai/,Bricked AI,89,28,true,false,false,2026-02-03,2026-03-05
0,Business Archives - Page 444 of 1429 - Tallahassee Democrat,http://tallahassee.xpr-gannett.com/press-release/story/category/business/page/444/,https://bricked.ai/,real estate comping,89,28,true,false,false,2026-02-03,2026-03-05
0,Business Archives - Page 444 of 1429 - Tallahassee Democrat,http://tallahassee.xpr-gannett.com/press-release/story/category/business/page/444/,https://bricked.ai/discord,Other,89,28,false,false,false,2026-02-03,2026-03-05
0,Business Archives - Page 492 of 1477 - Tallahassee Democrat,http://tallahassee.xpr-gannett.com/press-release/story/category/business/page/492/,https://bricked.ai/discord,Other,90,28,false,false,false,2026-02-12,2026-03-07
0,Business Archives - Page 492 of 1477 - Tallahassee Democrat,http://tallahassee.xpr-gannett.com/press-release/story/category/business/page/492/,https://bricked.ai/,Bricked AI,90,28,true,false,false,2026-02-12,2026-03-07
0,Business Archives - Page 492 of 1477 - Tallahassee Democrat,http://tallahassee.xpr-gannett.com/press-release/story/category/business/page/492/,https://bricked.ai/,https://bricked.ai,90,28,true,false,false,2026-02-12,2026-03-07
0,Business Archives - Page 492 of 1477 - Tallahassee Democrat,http://tallahassee.xpr-gannett.com/press-release/story/category/business/page/492/,https://bricked.ai/,real estate comping,90,28,true,false,false,2026-02-12,2026-03-07
0,Business Archives - Page 512 of 1497 - Tallahassee Democrat,http://tallahassee.xpr-gannett.com/press-release/story/category/business/page/512/,https://bricked.ai/discord,Other,90,28,false,false,false,2026-02-12,2026-03-07
0,Business Archives - Page 512 of 1497 - Tallahassee Democrat,http://tallahassee.xpr-gannett.com/press-release/story/category/business/page/512/,https://bricked.ai/,Bricked AI,90,28,true,false,false,2026-02-12,2026-03-07
0,Business Archives - Page 512 of 1497 - Tallahassee Democrat,http://tallahassee.xpr-gannett.com/press-release/story/category/business/page/512/,https://bricked.ai/,https://bricked.ai,90,28,true,false,false,2026-02-12,2026-03-07
0,Business Archives - Page 512 of 1497 - Tallahassee Democrat,http://tallahassee.xpr-gannett.com/press-release/story/category/business/page/512/,https://bricked.ai/,real estate comping,90,28,true,false,false,2026-02-12,2026-03-07
0,Channels Archives - Page 130 of 233 - Tallahassee Democrat,http://tallahassee.xpr-gannett.com/press-release/story/category/channels/page/130/,https://bricked.ai/,Bricked AI,93,28,true,false,false,2026-01-31,2026-03-09
0,Channels Archives - Page 130 of 233 - Tallahassee Democrat,http://tallahassee.xpr-gannett.com/press-release/story/category/channels/page/130/,https://bricked.ai/,https://bricked.ai,93,28,true,false,false,2026-01-31,2026-03-09
0,Channels Archives - Page 130 of 233 - Tallahassee Democrat,http://tallahassee.xpr-gannett.com/press-release/story/category/channels/page/130/,https://bricked.ai/,real estate comping,93,28,true,false,false,2026-01-31,2026-03-09
0,Channels Archives - Page 130 of 233 - Tallahassee Democrat,http://tallahassee.xpr-gannett.com/press-release/story/category/channels/page/130/,https://bricked.ai/discord,Other,93,28,false,false,false,2026-01-31,2026-03-09
0,Channels Archives - Page 136 of 240 - Tallahassee Democrat,http://tallahassee.xpr-gannett.com/press-release/story/category/channels/page/136/,https://bricked.ai/,Bricked AI,57,28,true,false,false,2026-02-08,2026-03-05
0,Channels Archives - Page 136 of 240 - Tallahassee Democrat,http://tallahassee.xpr-gannett.com/press-release/story/category/channels/page/136/,https://bricked.ai/,https://bricked.ai,57,28,true,false,false,2026-02-08,2026-03-05
0,Channels Archives - Page 136 of 240 - Tallahassee Democrat,http://tallahassee.xpr-gannett.com/press-release/story/category/channels/page/136/,https://bricked.ai/,real estate comping,57,28,true,false,false,2026-02-08,2026-03-05
0,Channels Archives - Page 136 of 240 - Tallahassee Democrat,http://tallahassee.xpr-gannett.com/press-release/story/category/channels/page/136/,https://bricked.ai/discord,Other,57,28,false,false,false,2026-02-08,2026-03-05
0,Technology Archives - Page 103 of 183 - Tallahassee Democrat,http://tallahassee.xpr-gannett.com/press-release/story/category/channels/technology/page/103/,https://bricked.ai/,real estate comping,83,28,true,false,false,2026-02-05,2026-03-09
0,Technology Archives - Page 103 of 183 - Tallahassee Democrat,http://tallahassee.xpr-gannett.com/press-release/story/category/channels/technology/page/103/,https://bricked.ai/,https://bricked.ai,83,28,true,false,false,2026-02-05,2026-03-09
0,Technology Archives - Page 103 of 183 - Tallahassee Democrat,http://tallahassee.xpr-gannett.com/press-release/story/category/channels/technology/page/103/,https://bricked.ai/,Bricked AI,83,28,true,false,false,2026-02-05,2026-03-09
0,Technology Archives - Page 103 of 183 - Tallahassee Democrat,http://tallahassee.xpr-gannett.com/press-release/story/category/channels/technology/page/103/,https://bricked.ai/discord,Other,83,28,false,false,false,2026-02-05,2026-03-09
0,EIN Presswire Archives - Page 1111 of 1392 - Tallahassee Democrat,http://tallahassee.xpr-gannett.com/press-release/story/category/partners/ein-presswire/page/1111/,https://bricked.ai/,https://bricked.ai,89,28,true,false,false,2026-02-19,2026-03-08
0,EIN Presswire Archives - Page 1111 of 1392 - Tallahassee Democrat,http://tallahassee.xpr-gannett.com/press-release/story/category/partners/ein-presswire/page/1111/,https://bricked.ai/,Bricked AI,89,28,true,false,false,2026-02-19,2026-03-08
0,EIN Presswire Archives - Page 1111 of 1392 - Tallahassee Democrat,http://tallahassee.xpr-gannett.com/press-release/story/category/partners/ein-presswire/page/1111/,https://bricked.ai/,real estate comping,89,28,true,false,false,2026-02-19,2026-03-08
0,EIN Presswire Archives - Page 1111 of 1392 - Tallahassee Democrat,http://tallahassee.xpr-gannett.com/press-release/story/category/partners/ein-presswire/page/1111/,https://bricked.ai/discord,Other,89,28,false,false,false,2026-02-19,2026-03-08
0,EIN Presswire Archives - Page 383 of 664 - Tallahassee Democrat,http://tallahassee.xpr-gannett.com/press-release/story/category/partners/ein-presswire/page/383/,https://bricked.ai/,Bricked AI,89,28,true,false,false,2026-01-31,2026-03-05
0,EIN Presswire Archives - Page 383 of 664 - Tallahassee Democrat,http://tallahassee.xpr-gannett.com/press-release/story/category/partners/ein-presswire/page/383/,https://bricked.ai/,https://bricked.ai,89,28,true,false,false,2026-01-31,2026-03-05
0,EIN Presswire Archives - Page 383 of 664 - Tallahassee Democrat,http://tallahassee.xpr-gannett.com/press-release/story/category/partners/ein-presswire/page/383/,https://bricked.ai/,real estate comping,89,28,true,false,false,2026-01-31,2026-03-05
0,EIN Presswire Archives - Page 383 of 664 - Tallahassee Democrat,http://tallahassee.xpr-gannett.com/press-release/story/category/partners/ein-presswire/page/383/,https://bricked.ai/discord,Other,89,28,false,false,false,2026-01-31,2026-03-05
0,Partners Archives - Page 384 of 701 - Tallahassee Democrat,http://tallahassee.xpr-gannett.com/press-release/story/category/partners/page/384/,https://bricked.ai/,Bricked AI,89,28,true,false,false,2026-01-31,2026-03-09
0,Partners Archives - Page 384 of 701 - Tallahassee Democrat,http://tallahassee.xpr-gannett.com/press-release/story/category/partners/page/384/,https://bricked.ai/,https://bricked.ai,89,28,true,false,false,2026-01-31,2026-03-09
0,Partners Archives - Page 384 of 701 - Tallahassee Democrat,http://tallahassee.xpr-gannett.com/press-release/story/category/partners/page/384/,https://bricked.ai/,real estate comping,89,28,true,false,false,2026-01-31,2026-03-09
0,Partners Archives - Page 384 of 701 - Tallahassee Democrat,http://tallahassee.xpr-gannett.com/press-release/story/category/partners/page/384/,https://bricked.ai/discord,Other,89,28,false,false,false,2026-01-31,2026-03-09
0,Partners Archives - Page 407 of 724 - Tallahassee Democrat,http://tallahassee.xpr-gannett.com/press-release/story/category/partners/page/407/,https://bricked.ai/,Bricked AI,89,28,true,false,false,2026-02-09,2026-03-08
0,Partners Archives - Page 407 of 724 - Tallahassee Democrat,http://tallahassee.xpr-gannett.com/press-release/story/category/partners/page/407/,https://bricked.ai/,https://bricked.ai,89,28,true,false,false,2026-02-09,2026-03-08
0,Partners Archives - Page 407 of 724 - Tallahassee Democrat,http://tallahassee.xpr-gannett.com/press-release/story/category/partners/page/407/,https://bricked.ai/,real estate comping,89,28,true,false,false,2026-02-09,2026-03-08
0,Partners Archives - Page 407 of 724 - Tallahassee Democrat,http://tallahassee.xpr-gannett.com/press-release/story/category/partners/page/407/,https://bricked.ai/discord,Other,89,28,false,false,false,2026-02-09,2026-03-08
0,Partners Archives - Page 507 of 824 - Tallahassee Democrat,http://tallahassee.xpr-gannett.com/press-release/story/category/partners/page/507/,https://bricked.ai/,Bricked AI,55,28,true,false,false,2026-02-14,2026-03-06
0,Partners Archives - Page 507 of 824 - Tallahassee Democrat,http://tallahassee.xpr-gannett.com/press-release/story/category/partners/page/507/,https://bricked.ai/,https://bricked.ai,55,28,true,false,false,2026-02-14,2026-03-06
0,Partners Archives - Page 507 of 824 - Tallahassee Democrat,http://tallahassee.xpr-gannett.com/press-release/story/category/partners/page/507/,https://bricked.ai/,real estate comping,55,28,true,false,false,2026-02-14,2026-03-06
0,Partners Archives - Page 507 of 824 - Tallahassee Democrat,http://tallahassee.xpr-gannett.com/press-release/story/category/partners/page/507/,https://bricked.ai/discord,Other,55,28,false,false,false,2026-02-14,2026-03-06
0,Partners Archives - Page 764 of 1082 - Tallahassee Democrat,http://tallahassee.xpr-gannett.com/press-release/story/category/partners/page/764/,https://bricked.ai/,Bricked AI,56,28,true,false,false,2026-02-16,2026-03-06
0,Partners Archives - Page 764 of 1082 - Tallahassee Democrat,http://tallahassee.xpr-gannett.com/press-release/story/category/partners/page/764/,https://bricked.ai/,https://bricked.ai,56,28,true,false,false,2026-02-16,2026-03-06
0,Partners Archives - Page 764 of 1082 - Tallahassee Democrat,http://tallahassee.xpr-gannett.com/press-release/story/category/partners/page/764/,https://bricked.ai/,real estate comping,56,28,true,false,false,2026-02-16,2026-03-06
0,Partners Archives - Page 764 of 1082 - Tallahassee Democrat,http://tallahassee.xpr-gannett.com/press-release/story/category/partners/page/764/,https://bricked.ai/discord,Other,56,28,false,false,false,2026-02-16,2026-03-06
0,Press Releases Archives - Page 443 of 1252 - Tallahassee Democrat,http://tallahassee.xpr-gannett.com/press-release/story/category/press-releases/page/443/,https://bricked.ai/,Bricked AI,53,28,true,false,false,2026-02-03,2026-03-06
0,Press Releases Archives - Page 443 of 1252 - Tallahassee Democrat,http://tallahassee.xpr-gannett.com/press-release/story/category/press-releases/page/443/,https://bricked.ai/,https://bricked.ai,53,28,true,false,false,2026-02-03,2026-03-06
0,Press Releases Archives - Page 443 of 1252 - Tallahassee Democrat,http://tallahassee.xpr-gannett.com/press-release/story/category/press-releases/page/443/,https://bricked.ai/,real estate comping,53,28,true,false,false,2026-02-03,2026-03-06
0,Press Releases Archives - Page 443 of 1252 - Tallahassee Democrat,http://tallahassee.xpr-gannett.com/press-release/story/category/press-releases/page/443/,https://bricked.ai/discord,Other,53,28,false,false,false,2026-02-03,2026-03-06
0,Press Releases Archives - Page 444 of 1252 - Tallahassee Democrat,http://tallahassee.xpr-gannett.com/press-release/story/category/press-releases/page/444/,https://bricked.ai/discord,Other,89,28,false,false,false,2026-02-04,2026-03-06
0,Press Releases Archives - Page 444 of 1252 - Tallahassee Democrat,http://tallahassee.xpr-gannett.com/press-release/story/category/press-releases/page/444/,https://bricked.ai/,Bricked AI,89,28,true,false,false,2026-02-04,2026-03-06
0,Press Releases Archives - Page 444 of 1252 - Tallahassee Democrat,http://tallahassee.xpr-gannett.com/press-release/story/category/press-releases/page/444/,https://bricked.ai/,https://bricked.ai,89,28,true,false,false,2026-02-04,2026-03-06
0,Press Releases Archives - Page 444 of 1252 - Tallahassee Democrat,http://tallahassee.xpr-gannett.com/press-release/story/category/press-releases/page/444/,https://bricked.ai/,real estate comping,89,28,true,false,false,2026-02-04,2026-03-06
0,Press Releases Archives - Page 569 of 1378 - Tallahassee Democrat,http://tallahassee.xpr-gannett.com/press-release/story/category/press-releases/page/569/,https://bricked.ai/,Bricked AI,89,28,true,false,false,2026-02-14,2026-03-08
0,Press Releases Archives - Page 569 of 1378 - Tallahassee Democrat,http://tallahassee.xpr-gannett.com/press-release/story/category/press-releases/page/569/,https://bricked.ai/,https://bricked.ai,89,28,true,false,false,2026-02-14,2026-03-08
0,Press Releases Archives - Page 569 of 1378 - Tallahassee Democrat,http://tallahassee.xpr-gannett.com/press-release/story/category/press-releases/page/569/,https://bricked.ai/,real estate comping,89,28,true,false,false,2026-02-14,2026-03-08
0,Press Releases Archives - Page 569 of 1378 - Tallahassee Democrat,http://tallahassee.xpr-gannett.com/press-release/story/category/press-releases/page/569/,https://bricked.ai/discord,Other,89,28,false,false,false,2026-02-14,2026-03-08
0,Business Archives - Page 511 of 1493 - Taunton Daily Gazette,http://tauntongazette.xpr-gannett.com/press-release/story/category/business/page/511/,https://bricked.ai/,real estate comping,54,28,true,false,false,2026-02-08,2026-03-06
0,Business Archives - Page 511 of 1493 - Taunton Daily Gazette,http://tauntongazette.xpr-gannett.com/press-release/story/category/business/page/511/,https://bricked.ai/,https://bricked.ai,54,28,true,false,false,2026-02-08,2026-03-06
0,Business Archives - Page 511 of 1493 - Taunton Daily Gazette,http://tauntongazette.xpr-gannett.com/press-release/story/category/business/page/511/,https://bricked.ai/,Bricked AI,54,28,true,false,false,2026-02-08,2026-03-06
0,Business Archives - Page 511 of 1493 - Taunton Daily Gazette,http://tauntongazette.xpr-gannett.com/press-release/story/category/business/page/511/,https://bricked.ai/discord,Other,54,28,false,false,false,2026-02-08,2026-03-06
0,Business Archives - Page 624 of 1605 - Taunton Daily Gazette,http://tauntongazette.xpr-gannett.com/press-release/story/category/business/page/624/,https://bricked.ai/discord,Other,91,28,false,false,false,2026-02-14,2026-04-05
0,Business Archives - Page 624 of 1605 - Taunton Daily Gazette,http://tauntongazette.xpr-gannett.com/press-release/story/category/business/page/624/,https://bricked.ai/,real estate comping,91,28,true,false,false,2026-02-14,2026-04-05
0,Business Archives - Page 624 of 1605 - Taunton Daily Gazette,http://tauntongazette.xpr-gannett.com/press-release/story/category/business/page/624/,https://bricked.ai/,https://bricked.ai,91,28,true,false,false,2026-02-14,2026-04-05
0,Business Archives - Page 624 of 1605 - Taunton Daily Gazette,http://tauntongazette.xpr-gannett.com/press-release/story/category/business/page/624/,https://bricked.ai/,Bricked AI,91,28,true,false,false,2026-02-14,2026-04-05
0,Business Archives - Page 912 of 1893 - Taunton Daily Gazette,http://tauntongazette.xpr-gannett.com/press-release/story/category/business/page/912/,https://bricked.ai/discord,Other,82,28,false,false,false,2026-02-16,2026-03-09
0,Business Archives - Page 912 of 1893 - Taunton Daily Gazette,http://tauntongazette.xpr-gannett.com/press-release/story/category/business/page/912/,https://bricked.ai/,Bricked AI,82,28,true,false,false,2026-02-16,2026-03-09
0,Business Archives - Page 912 of 1893 - Taunton Daily Gazette,http://tauntongazette.xpr-gannett.com/press-release/story/category/business/page/912/,https://bricked.ai/,https://bricked.ai,82,28,true,false,false,2026-02-16,2026-03-09
0,Business Archives - Page 912 of 1893 - Taunton Daily Gazette,http://tauntongazette.xpr-gannett.com/press-release/story/category/business/page/912/,https://bricked.ai/,real estate comping,82,28,true,false,false,2026-02-16,2026-03-09
0,Channels Archives - Page 155 of 258 - Taunton Daily Gazette,http://tauntongazette.xpr-gannett.com/press-release/story/category/channels/page/155/,https://bricked.ai/,Bricked AI,89,28,true,false,false,2026-02-08,2026-03-05
0,Channels Archives - Page 155 of 258 - Taunton Daily Gazette,http://tauntongazette.xpr-gannett.com/press-release/story/category/channels/page/155/,https://bricked.ai/,https://bricked.ai,89,28,true,false,false,2026-02-08,2026-03-05
0,Channels Archives - Page 155 of 258 - Taunton Daily Gazette,http://tauntongazette.xpr-gannett.com/press-release/story/category/channels/page/155/,https://bricked.ai/,real estate comping,89,28,true,false,false,2026-02-08,2026-03-05
0,Channels Archives - Page 155 of 258 - Taunton Daily Gazette,http://tauntongazette.xpr-gannett.com/press-release/story/category/channels/page/155/,https://bricked.ai/discord,Other,89,28,false,false,false,2026-02-08,2026-03-05
0,Channels Archives - Page 192 of 294 - Taunton Daily Gazette,http://tauntongazette.xpr-gannett.com/press-release/story/category/channels/page/192/,https://bricked.ai/discord,Other,85,28,false,false,false,2026-02-14,2026-04-01
0,Channels Archives - Page 192 of 294 - Taunton Daily Gazette,http://tauntongazette.xpr-gannett.com/press-release/story/category/channels/page/192/,https://bricked.ai/,Bricked AI,85,28,true,false,false,2026-02-14,2026-04-01
0,Channels Archives - Page 192 of 294 - Taunton Daily Gazette,http://tauntongazette.xpr-gannett.com/press-release/story/category/channels/page/192/,https://bricked.ai/,https://bricked.ai,85,28,true,false,false,2026-02-14,2026-04-01
0,Channels Archives - Page 192 of 294 - Taunton Daily Gazette,http://tauntongazette.xpr-gannett.com/press-release/story/category/channels/page/192/,https://bricked.ai/,real estate comping,85,28,true,false,false,2026-02-14,2026-04-01
0,Channels Archives - Page 193 of 296 - Taunton Daily Gazette,http://tauntongazette.xpr-gannett.com/press-release/story/category/channels/page/193/,https://bricked.ai/,Bricked AI,89,28,true,false,false,2026-02-14,2026-03-05
0,Channels Archives - Page 193 of 296 - Taunton Daily Gazette,http://tauntongazette.xpr-gannett.com/press-release/story/category/channels/page/193/,https://bricked.ai/,https://bricked.ai,89,28,true,false,false,2026-02-14,2026-03-05
0,Channels Archives - Page 193 of 296 - Taunton Daily Gazette,http://tauntongazette.xpr-gannett.com/press-release/story/category/channels/page/193/,https://bricked.ai/,real estate comping,89,28,true,false,false,2026-02-14,2026-03-05
0,Channels Archives - Page 193 of 296 - Taunton Daily Gazette,http://tauntongazette.xpr-gannett.com/press-release/story/category/channels/page/193/,https://bricked.ai/discord,Other,89,28,false,false,false,2026-02-14,2026-03-05
0,Channels Archives - Page 441 of 544 - Taunton Daily Gazette,http://tauntongazette.xpr-gannett.com/press-release/story/category/channels/page/441/,https://bricked.ai/,Bricked AI,89,28,true,false,false,2026-02-22,2026-04-04
0,Channels Archives - Page 441 of 544 - Taunton Daily Gazette,http://tauntongazette.xpr-gannett.com/press-release/story/category/channels/page/441/,https://bricked.ai/,https://bricked.ai,89,28,true,false,false,2026-02-22,2026-04-04
0,Channels Archives - Page 441 of 544 - Taunton Daily Gazette,http://tauntongazette.xpr-gannett.com/press-release/story/category/channels/page/441/,https://bricked.ai/,real estate comping,89,28,true,false,false,2026-02-22,2026-04-04
0,Channels Archives - Page 441 of 544 - Taunton Daily Gazette,http://tauntongazette.xpr-gannett.com/press-release/story/category/channels/page/441/,https://bricked.ai/discord,Other,89,28,false,false,false,2026-02-22,2026-04-04
0,Technology Archives - Page 119 of 199 - Taunton Daily Gazette,http://tauntongazette.xpr-gannett.com/press-release/story/category/channels/technology/page/119/,https://bricked.ai/,Bricked AI,83,28,true,false,false,2026-02-03,2026-04-01
0,Technology Archives - Page 119 of 199 - Taunton Daily Gazette,http://tauntongazette.xpr-gannett.com/press-release/story/category/channels/technology/page/119/,https://bricked.ai/,https://bricked.ai,83,28,true,false,false,2026-02-03,2026-04-01
0,Technology Archives - Page 119 of 199 - Taunton Daily Gazette,http://tauntongazette.xpr-gannett.com/press-release/story/category/channels/technology/page/119/,https://bricked.ai/,real estate comping,83,28,true,false,false,2026-02-03,2026-04-01
0,Technology Archives - Page 119 of 199 - Taunton Daily Gazette,http://tauntongazette.xpr-gannett.com/press-release/story/category/channels/technology/page/119/,https://bricked.ai/discord,Other,83,28,false,false,false,2026-02-03,2026-04-01
0,Technology Archives - Page 209 of 289 - Taunton Daily Gazette,http://tauntongazette.xpr-gannett.com/press-release/story/category/channels/technology/page/209/,https://bricked.ai/,Bricked AI,81,28,true,false,false,2026-02-16,2026-04-01
0,Technology Archives - Page 209 of 289 - Taunton Daily Gazette,http://tauntongazette.xpr-gannett.com/press-release/story/category/channels/technology/page/209/,https://bricked.ai/,https://bricked.ai,81,28,true,false,false,2026-02-16,2026-04-01
0,Technology Archives - Page 209 of 289 - Taunton Daily Gazette,http://tauntongazette.xpr-gannett.com/press-release/story/category/channels/technology/page/209/,https://bricked.ai/,real estate comping,81,28,true,false,false,2026-02-16,2026-04-01
0,Technology Archives - Page 209 of 289 - Taunton Daily Gazette,http://tauntongazette.xpr-gannett.com/press-release/story/category/channels/technology/page/209/,https://bricked.ai/discord,Other,81,28,false,false,false,2026-02-16,2026-04-01
0,Partners Archives - Page 451 of 765 - Taunton Daily Gazette,http://tauntongazette.xpr-gannett.com/press-release/story/category/partners/page/451/,https://bricked.ai/,Bricked AI,54,28,true,false,false,2026-02-06,2026-04-08
0,Partners Archives - Page 451 of 765 - Taunton Daily Gazette,http://tauntongazette.xpr-gannett.com/press-release/story/category/partners/page/451/,https://bricked.ai/,https://bricked.ai,54,28,true,false,false,2026-02-06,2026-04-08
0,Partners Archives - Page 451 of 765 - Taunton Daily Gazette,http://tauntongazette.xpr-gannett.com/press-release/story/category/partners/page/451/,https://bricked.ai/,real estate comping,54,28,true,false,false,2026-02-06,2026-04-08
0,Partners Archives - Page 451 of 765 - Taunton Daily Gazette,http://tauntongazette.xpr-gannett.com/press-release/story/category/partners/page/451/,https://bricked.ai/discord,Other,54,28,false,false,false,2026-02-06,2026-04-08
0,Press Releases Archives - Page 503 of 1310 - Taunton Daily Gazette,http://tauntongazette.xpr-gannett.com/press-release/story/category/press-releases/page/503/,https://bricked.ai/discord,Other,87,28,false,false,false,2026-02-06,2026-03-06
0,Press Releases Archives - Page 503 of 1310 - Taunton Daily Gazette,http://tauntongazette.xpr-gannett.com/press-release/story/category/press-releases/page/503/,https://bricked.ai/,real estate comping,87,28,true,false,false,2026-02-06,2026-03-06
0,Press Releases Archives - Page 503 of 1310 - Taunton Daily Gazette,http://tauntongazette.xpr-gannett.com/press-release/story/category/press-releases/page/503/,https://bricked.ai/,https://bricked.ai,87,28,true,false,false,2026-02-06,2026-03-06
0,Press Releases Archives - Page 503 of 1310 - Taunton Daily Gazette,http://tauntongazette.xpr-gannett.com/press-release/story/category/press-releases/page/503/,https://bricked.ai/,Bricked AI,87,28,true,false,false,2026-02-06,2026-03-06
0,Press Releases Archives - Page 540 of 1347 - Taunton Daily Gazette,http://tauntongazette.xpr-gannett.com/press-release/story/category/press-releases/page/540/,https://bricked.ai/,Bricked AI,88,28,true,false,false,2026-02-12,2026-04-05
0,Press Releases Archives - Page 540 of 1347 - Taunton Daily Gazette,http://tauntongazette.xpr-gannett.com/press-release/story/category/press-releases/page/540/,https://bricked.ai/,https://bricked.ai,88,28,true,false,false,2026-02-12,2026-04-05
0,Press Releases Archives - Page 540 of 1347 - Taunton Daily Gazette,http://tauntongazette.xpr-gannett.com/press-release/story/category/press-releases/page/540/,https://bricked.ai/,real estate comping,88,28,true,false,false,2026-02-12,2026-04-05
0,Press Releases Archives - Page 540 of 1347 - Taunton Daily Gazette,http://tauntongazette.xpr-gannett.com/press-release/story/category/press-releases/page/540/,https://bricked.ai/discord,Other,88,28,false,false,false,2026-02-12,2026-04-05
0,Business Archives - Page 1315 of 2215 - Worcester Telegram & Gazette,http://telegram.xpr-gannett.com/press-release/story/category/business/page/1315/,https://bricked.ai/discord,Other,101,28,false,false,false,2026-02-16,2026-03-08
0,Business Archives - Page 1315 of 2215 - Worcester Telegram & Gazette,http://telegram.xpr-gannett.com/press-release/story/category/business/page/1315/,https://bricked.ai/,Bricked AI,101,28,true,false,false,2026-02-16,2026-03-08
0,Business Archives - Page 1315 of 2215 - Worcester Telegram & Gazette,http://telegram.xpr-gannett.com/press-release/story/category/business/page/1315/,https://bricked.ai/,https://bricked.ai,101,28,true,false,false,2026-02-16,2026-03-08
0,Business Archives - Page 1315 of 2215 - Worcester Telegram & Gazette,http://telegram.xpr-gannett.com/press-release/story/category/business/page/1315/,https://bricked.ai/,real estate comping,101,28,true,false,false,2026-02-16,2026-03-08
0,Business Archives - Page 1319 of 2219 - Worcester Telegram & Gazette,http://telegram.xpr-gannett.com/press-release/story/category/business/page/1319/,https://bricked.ai/,Bricked AI,53,28,true,false,false,2026-02-17,2026-03-09
0,Business Archives - Page 1319 of 2219 - Worcester Telegram & Gazette,http://telegram.xpr-gannett.com/press-release/story/category/business/page/1319/,https://bricked.ai/,https://bricked.ai,53,28,true,false,false,2026-02-17,2026-03-09
0,Business Archives - Page 1319 of 2219 - Worcester Telegram & Gazette,http://telegram.xpr-gannett.com/press-release/story/category/business/page/1319/,https://bricked.ai/,real estate comping,53,28,true,false,false,2026-02-17,2026-03-09
0,Business Archives - Page 1319 of 2219 - Worcester Telegram & Gazette,http://telegram.xpr-gannett.com/press-release/story/category/business/page/1319/,https://bricked.ai/discord,Other,53,28,false,false,false,2026-02-17,2026-03-09
0,Business Archives - Page 427 of 1327 - Worcester Telegram & Gazette,http://telegram.xpr-gannett.com/press-release/story/category/business/page/427/,https://bricked.ai/,Bricked AI,82,28,true,false,false,2026-02-03,2026-03-05
0,Business Archives - Page 427 of 1327 - Worcester Telegram & Gazette,http://telegram.xpr-gannett.com/press-release/story/category/business/page/427/,https://bricked.ai/,https://bricked.ai,82,28,true,false,false,2026-02-03,2026-03-05
0,Business Archives - Page 427 of 1327 - Worcester Telegram & Gazette,http://telegram.xpr-gannett.com/press-release/story/category/business/page/427/,https://bricked.ai/,real estate comping,82,28,true,false,false,2026-02-03,2026-03-05
0,Business Archives - Page 427 of 1327 - Worcester Telegram & Gazette,http://telegram.xpr-gannett.com/press-release/story/category/business/page/427/,https://bricked.ai/discord,Other,82,28,false,false,false,2026-02-03,2026-03-05
0,Business Archives - Page 430 of 1330 - Worcester Telegram & Gazette,http://telegram.xpr-gannett.com/press-release/story/category/business/page/430/,https://bricked.ai/,real estate comping,53,28,true,false,false,2026-02-05,2026-03-07
0,Business Archives - Page 430 of 1330 - Worcester Telegram & Gazette,http://telegram.xpr-gannett.com/press-release/story/category/business/page/430/,https://bricked.ai/,https://bricked.ai,53,28,true,false,false,2026-02-05,2026-03-07
0,Business Archives - Page 430 of 1330 - Worcester Telegram & Gazette,http://telegram.xpr-gannett.com/press-release/story/category/business/page/430/,https://bricked.ai/,Bricked AI,53,28,true,false,false,2026-02-05,2026-03-07
0,Business Archives - Page 430 of 1330 - Worcester Telegram & Gazette,http://telegram.xpr-gannett.com/press-release/story/category/business/page/430/,https://bricked.ai/discord,Other,53,28,false,false,false,2026-02-05,2026-03-07
0,Business Archives - Page 441 of 1341 - Worcester Telegram & Gazette,http://telegram.xpr-gannett.com/press-release/story/category/business/page/441/,https://bricked.ai/discord,Other,101,28,false,false,false,2026-02-08,2026-03-09
0,Business Archives - Page 441 of 1341 - Worcester Telegram & Gazette,http://telegram.xpr-gannett.com/press-release/story/category/business/page/441/,https://bricked.ai/,Bricked AI,101,28,true,false,false,2026-02-08,2026-03-09
0,Business Archives - Page 441 of 1341 - Worcester Telegram & Gazette,http://telegram.xpr-gannett.com/press-release/story/category/business/page/441/,https://bricked.ai/,https://bricked.ai,101,28,true,false,false,2026-02-08,2026-03-09
0,Business Archives - Page 441 of 1341 - Worcester Telegram & Gazette,http://telegram.xpr-gannett.com/press-release/story/category/business/page/441/,https://bricked.ai/,real estate comping,101,28,true,false,false,2026-02-08,2026-03-09
0,Channels Archives - Page 129 of 237 - Worcester Telegram & Gazette,http://telegram.xpr-gannett.com/press-release/story/category/channels/page/129/,https://bricked.ai/,Bricked AI,57,28,true,false,false,2026-02-03,2026-03-08
0,Channels Archives - Page 129 of 237 - Worcester Telegram & Gazette,http://telegram.xpr-gannett.com/press-release/story/category/channels/page/129/,https://bricked.ai/,https://bricked.ai,57,28,true,false,false,2026-02-03,2026-03-08
0,Channels Archives - Page 129 of 237 - Worcester Telegram & Gazette,http://telegram.xpr-gannett.com/press-release/story/category/channels/page/129/,https://bricked.ai/,real estate comping,57,28,true,false,false,2026-02-03,2026-03-08
0,Channels Archives - Page 129 of 237 - Worcester Telegram & Gazette,http://telegram.xpr-gannett.com/press-release/story/category/channels/page/129/,https://bricked.ai/discord,Other,57,28,false,false,false,2026-02-03,2026-03-08
0,Channels Archives - Page 130 of 238 - Worcester Telegram & Gazette,http://telegram.xpr-gannett.com/press-release/story/category/channels/page/130/,https://bricked.ai/,Bricked AI,57,28,true,false,false,2026-02-06,2026-03-07
0,Channels Archives - Page 130 of 238 - Worcester Telegram & Gazette,http://telegram.xpr-gannett.com/press-release/story/category/channels/page/130/,https://bricked.ai/,https://bricked.ai,57,28,true,false,false,2026-02-06,2026-03-07
0,Channels Archives - Page 130 of 238 - Worcester Telegram & Gazette,http://telegram.xpr-gannett.com/press-release/story/category/channels/page/130/,https://bricked.ai/,real estate comping,57,28,true,false,false,2026-02-06,2026-03-07
0,Channels Archives - Page 130 of 238 - Worcester Telegram & Gazette,http://telegram.xpr-gannett.com/press-release/story/category/channels/page/130/,https://bricked.ai/discord,Other,57,28,false,false,false,2026-02-06,2026-03-07
0,Channels Archives - Page 138 of 245 - Worcester Telegram & Gazette,http://telegram.xpr-gannett.com/press-release/story/category/channels/page/138/,https://bricked.ai/discord,Other,95,28,false,false,false,2026-02-11,2026-04-05
0,Channels Archives - Page 138 of 245 - Worcester Telegram & Gazette,http://telegram.xpr-gannett.com/press-release/story/category/channels/page/138/,https://bricked.ai/,Bricked AI,95,28,true,false,false,2026-02-11,2026-04-05
0,Channels Archives - Page 138 of 245 - Worcester Telegram & Gazette,http://telegram.xpr-gannett.com/press-release/story/category/channels/page/138/,https://bricked.ai/,https://bricked.ai,95,28,true,false,false,2026-02-11,2026-04-05
0,Channels Archives - Page 138 of 245 - Worcester Telegram & Gazette,http://telegram.xpr-gannett.com/press-release/story/category/channels/page/138/,https://bricked.ai/,real estate comping,95,28,true,false,false,2026-02-11,2026-04-05
0,Channels Archives - Page 167 of 275 - Worcester Telegram & Gazette,http://telegram.xpr-gannett.com/press-release/story/category/channels/page/167/,https://bricked.ai/discord,Other,99,28,false,false,false,2026-02-14,2026-03-04
0,Channels Archives - Page 167 of 275 - Worcester Telegram & Gazette,http://telegram.xpr-gannett.com/press-release/story/category/channels/page/167/,https://bricked.ai/,Bricked AI,99,28,true,false,false,2026-02-14,2026-03-04
0,Channels Archives - Page 167 of 275 - Worcester Telegram & Gazette,http://telegram.xpr-gannett.com/press-release/story/category/channels/page/167/,https://bricked.ai/,https://bricked.ai,99,28,true,false,false,2026-02-14,2026-03-04
0,Channels Archives - Page 167 of 275 - Worcester Telegram & Gazette,http://telegram.xpr-gannett.com/press-release/story/category/channels/page/167/,https://bricked.ai/,real estate comping,99,28,true,false,false,2026-02-14,2026-03-04
0,Technology Archives - Page 104 of 185 - Worcester Telegram & Gazette,http://telegram.xpr-gannett.com/press-release/story/category/channels/technology/page/104/,https://bricked.ai/,Bricked AI,84,28,true,false,false,2026-02-11,2026-04-06
0,Technology Archives - Page 104 of 185 - Worcester Telegram & Gazette,http://telegram.xpr-gannett.com/press-release/story/category/channels/technology/page/104/,https://bricked.ai/,https://bricked.ai,84,28,true,false,false,2026-02-11,2026-04-06
0,Technology Archives - Page 104 of 185 - Worcester Telegram & Gazette,http://telegram.xpr-gannett.com/press-release/story/category/channels/technology/page/104/,https://bricked.ai/,real estate comping,84,28,true,false,false,2026-02-11,2026-04-06
0,Technology Archives - Page 104 of 185 - Worcester Telegram & Gazette,http://telegram.xpr-gannett.com/press-release/story/category/channels/technology/page/104/,https://bricked.ai/discord,Other,84,28,false,false,false,2026-02-11,2026-04-06
0,Technology Archives - Page 97 of 177 - Worcester Telegram & Gazette,http://telegram.xpr-gannett.com/press-release/story/category/channels/technology/page/97/,https://bricked.ai/,Bricked AI,80,28,true,false,false,2026-02-01,2026-03-08
0,Technology Archives - Page 97 of 177 - Worcester Telegram & Gazette,http://telegram.xpr-gannett.com/press-release/story/category/channels/technology/page/97/,https://bricked.ai/,https://bricked.ai,80,28,true,false,false,2026-02-01,2026-03-08
0,Technology Archives - Page 97 of 177 - Worcester Telegram & Gazette,http://telegram.xpr-gannett.com/press-release/story/category/channels/technology/page/97/,https://bricked.ai/,real estate comping,80,28,true,false,false,2026-02-01,2026-03-08
0,Technology Archives - Page 97 of 177 - Worcester Telegram & Gazette,http://telegram.xpr-gannett.com/press-release/story/category/channels/technology/page/97/,https://bricked.ai/discord,Other,80,28,false,false,false,2026-02-01,2026-03-08
0,Technology Archives - Page 98 of 179 - Worcester Telegram & Gazette,http://telegram.xpr-gannett.com/press-release/story/category/channels/technology/page/98/,https://bricked.ai/,Bricked AI,75,28,true,false,false,2026-02-06,2026-03-05
0,Technology Archives - Page 98 of 179 - Worcester Telegram & Gazette,http://telegram.xpr-gannett.com/press-release/story/category/channels/technology/page/98/,https://bricked.ai/,https://bricked.ai,75,28,true,false,false,2026-02-06,2026-03-05
0,Technology Archives - Page 98 of 179 - Worcester Telegram & Gazette,http://telegram.xpr-gannett.com/press-release/story/category/channels/technology/page/98/,https://bricked.ai/,real estate comping,75,28,true,false,false,2026-02-06,2026-03-05
0,Technology Archives - Page 98 of 179 - Worcester Telegram & Gazette,http://telegram.xpr-gannett.com/press-release/story/category/channels/technology/page/98/,https://bricked.ai/discord,Other,75,28,false,false,false,2026-02-06,2026-03-05
0,EIN Presswire Archives - Page 404 of 676 - Worcester Telegram & Gazette,http://telegram.xpr-gannett.com/press-release/story/category/partners/ein-presswire/page/404/,https://bricked.ai/discord,Other,89,28,false,false,false,2026-02-11,2026-03-08
0,EIN Presswire Archives - Page 404 of 676 - Worcester Telegram & Gazette,http://telegram.xpr-gannett.com/press-release/story/category/partners/ein-presswire/page/404/,https://bricked.ai/,Bricked AI,89,28,true,false,false,2026-02-11,2026-03-08
0,EIN Presswire Archives - Page 404 of 676 - Worcester Telegram & Gazette,http://telegram.xpr-gannett.com/press-release/story/category/partners/ein-presswire/page/404/,https://bricked.ai/,https://bricked.ai,89,28,true,false,false,2026-02-11,2026-03-08
0,EIN Presswire Archives - Page 404 of 676 - Worcester Telegram & Gazette,http://telegram.xpr-gannett.com/press-release/story/category/partners/ein-presswire/page/404/,https://bricked.ai/,real estate comping,89,28,true,false,false,2026-02-11,2026-03-08
0,Press Releases Archives - Page 431 of 1188 - Worcester Telegram & Gazette,http://telegram.xpr-gannett.com/press-release/story/category/press-releases/page/431/,https://bricked.ai/discord,Other,55,28,false,false,false,2026-02-06,2026-03-08
0,Press Releases Archives - Page 431 of 1188 - Worcester Telegram & Gazette,http://telegram.xpr-gannett.com/press-release/story/category/press-releases/page/431/,https://bricked.ai/,Bricked AI,55,28,true,false,false,2026-02-06,2026-03-08
0,Press Releases Archives - Page 431 of 1188 - Worcester Telegram & Gazette,http://telegram.xpr-gannett.com/press-release/story/category/press-releases/page/431/,https://bricked.ai/,https://bricked.ai,55,28,true,false,false,2026-02-06,2026-03-08
0,Press Releases Archives - Page 431 of 1188 - Worcester Telegram & Gazette,http://telegram.xpr-gannett.com/press-release/story/category/press-releases/page/431/,https://bricked.ai/,real estate comping,55,28,true,false,false,2026-02-06,2026-03-08
0,Business Archives - Page 285 of 1185 - The Tennessean,http://tennessean.xpr-gannett.com/press-release/story/category/business/page/285/,https://bricked.ai/,Bricked AI,91,28,true,false,false,2026-02-03,2026-03-05
0,Business Archives - Page 285 of 1185 - The Tennessean,http://tennessean.xpr-gannett.com/press-release/story/category/business/page/285/,https://bricked.ai/,https://bricked.ai,91,28,true,false,false,2026-02-03,2026-03-05
0,Business Archives - Page 285 of 1185 - The Tennessean,http://tennessean.xpr-gannett.com/press-release/story/category/business/page/285/,https://bricked.ai/,real estate comping,91,28,true,false,false,2026-02-03,2026-03-05
0,Business Archives - Page 285 of 1185 - The Tennessean,http://tennessean.xpr-gannett.com/press-release/story/category/business/page/285/,https://bricked.ai/discord,Other,91,28,false,false,false,2026-02-03,2026-03-05
0,Business Archives - Page 291 of 1191 - The Tennessean,http://tennessean.xpr-gannett.com/press-release/story/category/business/page/291/,https://bricked.ai/discord,Other,97,28,false,false,false,2026-02-06,2026-04-05
0,Business Archives - Page 291 of 1191 - The Tennessean,http://tennessean.xpr-gannett.com/press-release/story/category/business/page/291/,https://bricked.ai/,Bricked AI,97,28,true,false,false,2026-02-06,2026-04-05
0,Business Archives - Page 291 of 1191 - The Tennessean,http://tennessean.xpr-gannett.com/press-release/story/category/business/page/291/,https://bricked.ai/,https://bricked.ai,97,28,true,false,false,2026-02-06,2026-04-05
0,Business Archives - Page 291 of 1191 - The Tennessean,http://tennessean.xpr-gannett.com/press-release/story/category/business/page/291/,https://bricked.ai/,real estate comping,97,28,true,false,false,2026-02-06,2026-04-05
0,Business Archives - Page 299 of 1199 - The Tennessean,http://tennessean.xpr-gannett.com/press-release/story/category/business/page/299/,https://bricked.ai/discord,Other,97,28,false,false,false,2026-02-08,2026-03-07
0,Business Archives - Page 299 of 1199 - The Tennessean,http://tennessean.xpr-gannett.com/press-release/story/category/business/page/299/,https://bricked.ai/,Bricked AI,97,28,true,false,false,2026-02-08,2026-03-07
0,Business Archives - Page 299 of 1199 - The Tennessean,http://tennessean.xpr-gannett.com/press-release/story/category/business/page/299/,https://bricked.ai/,https://bricked.ai,97,28,true,false,false,2026-02-08,2026-03-07
0,Business Archives - Page 299 of 1199 - The Tennessean,http://tennessean.xpr-gannett.com/press-release/story/category/business/page/299/,https://bricked.ai/,real estate comping,97,28,true,false,false,2026-02-08,2026-03-07
0,Business Archives - Page 312 of 1212 - The Tennessean,http://tennessean.xpr-gannett.com/press-release/story/category/business/page/312/,https://bricked.ai/,Bricked AI,51,28,true,false,false,2026-02-11,2026-03-07
0,Business Archives - Page 312 of 1212 - The Tennessean,http://tennessean.xpr-gannett.com/press-release/story/category/business/page/312/,https://bricked.ai/,https://bricked.ai,51,28,true,false,false,2026-02-11,2026-03-07
0,Business Archives - Page 312 of 1212 - The Tennessean,http://tennessean.xpr-gannett.com/press-release/story/category/business/page/312/,https://bricked.ai/,real estate comping,51,28,true,false,false,2026-02-11,2026-03-07
0,Business Archives - Page 312 of 1212 - The Tennessean,http://tennessean.xpr-gannett.com/press-release/story/category/business/page/312/,https://bricked.ai/discord,Other,51,28,false,false,false,2026-02-11,2026-03-07
0,Channels Archives - Page 128 of 236 - The Tennessean,http://tennessean.xpr-gannett.com/press-release/story/category/channels/page/128/,https://bricked.ai/discord,Other,83,28,false,false,false,2026-02-14,2026-03-05
0,Channels Archives - Page 128 of 236 - The Tennessean,http://tennessean.xpr-gannett.com/press-release/story/category/channels/page/128/,https://bricked.ai/,Bricked AI,83,28,true,false,false,2026-02-14,2026-03-05
0,Channels Archives - Page 128 of 236 - The Tennessean,http://tennessean.xpr-gannett.com/press-release/story/category/channels/page/128/,https://bricked.ai/,real estate comping,83,28,true,false,false,2026-02-14,2026-03-05
0,Channels Archives - Page 128 of 236 - The Tennessean,http://tennessean.xpr-gannett.com/press-release/story/category/channels/page/128/,https://bricked.ai/,https://bricked.ai,83,28,true,false,false,2026-02-14,2026-03-05
0,Channels Archives - Page 86 of 194 - The Tennessean,http://tennessean.xpr-gannett.com/press-release/story/category/channels/page/86/,https://bricked.ai/,Bricked AI,83,28,true,false,false,2026-02-06,2026-03-04
0,Channels Archives - Page 86 of 194 - The Tennessean,http://tennessean.xpr-gannett.com/press-release/story/category/channels/page/86/,https://bricked.ai/,https://bricked.ai,83,28,true,false,false,2026-02-06,2026-03-04
0,Channels Archives - Page 86 of 194 - The Tennessean,http://tennessean.xpr-gannett.com/press-release/story/category/channels/page/86/,https://bricked.ai/,real estate comping,83,28,true,false,false,2026-02-06,2026-03-04
0,Channels Archives - Page 86 of 194 - The Tennessean,http://tennessean.xpr-gannett.com/press-release/story/category/channels/page/86/,https://bricked.ai/discord,Other,83,28,false,false,false,2026-02-06,2026-03-04
0,Technology Archives - Page 353 of 434 - The Tennessean,http://tennessean.xpr-gannett.com/press-release/story/category/channels/technology/page/353/,https://bricked.ai/discord,Other,85,28,false,false,false,2026-02-22,2026-04-08
0,Technology Archives - Page 353 of 434 - The Tennessean,http://tennessean.xpr-gannett.com/press-release/story/category/channels/technology/page/353/,https://bricked.ai/,real estate comping,85,28,true,false,false,2026-02-22,2026-04-08
0,Technology Archives - Page 353 of 434 - The Tennessean,http://tennessean.xpr-gannett.com/press-release/story/category/channels/technology/page/353/,https://bricked.ai/,https://bricked.ai,85,28,true,false,false,2026-02-22,2026-04-08
0,Technology Archives - Page 353 of 434 - The Tennessean,http://tennessean.xpr-gannett.com/press-release/story/category/channels/technology/page/353/,https://bricked.ai/,Bricked AI,85,28,true,false,false,2026-02-22,2026-04-08
0,Technology Archives - Page 64 of 145 - The Tennessean,http://tennessean.xpr-gannett.com/press-release/story/category/channels/technology/page/64/,https://bricked.ai/,Bricked AI,82,28,true,false,false,2026-01-31,2026-03-05
0,Technology Archives - Page 64 of 145 - The Tennessean,http://tennessean.xpr-gannett.com/press-release/story/category/channels/technology/page/64/,https://bricked.ai/,https://bricked.ai,82,28,true,false,false,2026-01-31,2026-03-05
0,Technology Archives - Page 64 of 145 - The Tennessean,http://tennessean.xpr-gannett.com/press-release/story/category/channels/technology/page/64/,https://bricked.ai/,real estate comping,82,28,true,false,false,2026-01-31,2026-03-05
0,Technology Archives - Page 64 of 145 - The Tennessean,http://tennessean.xpr-gannett.com/press-release/story/category/channels/technology/page/64/,https://bricked.ai/discord,Other,82,28,false,false,false,2026-01-31,2026-03-05
0,Technology Archives - Page 85 of 165 - The Tennessean,http://tennessean.xpr-gannett.com/press-release/story/category/channels/technology/page/85/,https://bricked.ai/discord,Other,78,28,false,false,false,2026-02-12,2026-03-07
0,Technology Archives - Page 85 of 165 - The Tennessean,http://tennessean.xpr-gannett.com/press-release/story/category/channels/technology/page/85/,https://bricked.ai/,Bricked AI,78,28,true,false,false,2026-02-12,2026-03-07
0,Technology Archives - Page 85 of 165 - The Tennessean,http://tennessean.xpr-gannett.com/press-release/story/category/channels/technology/page/85/,https://bricked.ai/,real estate comping,78,28,true,false,false,2026-02-12,2026-03-07
0,Technology Archives - Page 85 of 165 - The Tennessean,http://tennessean.xpr-gannett.com/press-release/story/category/channels/technology/page/85/,https://bricked.ai/,https://bricked.ai,78,28,true,false,false,2026-02-12,2026-03-07
0,Technology Archives - Page 95 of 176 - The Tennessean,http://tennessean.xpr-gannett.com/press-release/story/category/channels/technology/page/95/,https://bricked.ai/,real estate comping,48,28,true,false,false,2026-02-14,2026-03-06
0,Technology Archives - Page 95 of 176 - The Tennessean,http://tennessean.xpr-gannett.com/press-release/story/category/channels/technology/page/95/,https://bricked.ai/,Bricked AI,48,28,true,false,false,2026-02-14,2026-03-06
0,Technology Archives - Page 95 of 176 - The Tennessean,http://tennessean.xpr-gannett.com/press-release/story/category/channels/technology/page/95/,https://bricked.ai/,https://bricked.ai,48,28,true,false,false,2026-02-14,2026-03-06
0,Technology Archives - Page 95 of 176 - The Tennessean,http://tennessean.xpr-gannett.com/press-release/story/category/channels/technology/page/95/,https://bricked.ai/discord,Other,48,28,false,false,false,2026-02-14,2026-03-06
0,EIN Presswire Archives - Page 1322 of 1595 - The Tennessean,http://tennessean.xpr-gannett.com/press-release/story/category/partners/ein-presswire/page/1322/,https://bricked.ai/,Bricked AI,87,28,true,false,false,2026-02-22,2026-05-06
0,EIN Presswire Archives - Page 1322 of 1595 - The Tennessean,http://tennessean.xpr-gannett.com/press-release/story/category/partners/ein-presswire/page/1322/,https://bricked.ai/,https://bricked.ai,87,28,true,false,false,2026-02-22,2026-05-06
0,EIN Presswire Archives - Page 1322 of 1595 - The Tennessean,http://tennessean.xpr-gannett.com/press-release/story/category/partners/ein-presswire/page/1322/,https://bricked.ai/,real estate comping,87,28,true,false,false,2026-02-22,2026-05-06
0,EIN Presswire Archives - Page 1322 of 1595 - The Tennessean,http://tennessean.xpr-gannett.com/press-release/story/category/partners/ein-presswire/page/1322/,https://bricked.ai/discord,Other,87,28,false,false,false,2026-02-22,2026-05-06
0,EIN Presswire Archives - Page 1326 of 1599 - The Tennessean,http://tennessean.xpr-gannett.com/press-release/story/category/partners/ein-presswire/page/1326/,https://bricked.ai/,real estate comping,87,28,true,false,false,2026-02-22,2026-04-04
0,EIN Presswire Archives - Page 1326 of 1599 - The Tennessean,http://tennessean.xpr-gannett.com/press-release/story/category/partners/ein-presswire/page/1326/,https://bricked.ai/,https://bricked.ai,87,28,true,false,false,2026-02-22,2026-04-04
0,EIN Presswire Archives - Page 1326 of 1599 - The Tennessean,http://tennessean.xpr-gannett.com/press-release/story/category/partners/ein-presswire/page/1326/,https://bricked.ai/,Bricked AI,87,28,true,false,false,2026-02-22,2026-04-04
0,EIN Presswire Archives - Page 1326 of 1599 - The Tennessean,http://tennessean.xpr-gannett.com/press-release/story/category/partners/ein-presswire/page/1326/,https://bricked.ai/discord,Other,87,28,false,false,false,2026-02-22,2026-04-04
0,EIN Presswire Archives - Page 260 of 533 - The Tennessean,http://tennessean.xpr-gannett.com/press-release/story/category/partners/ein-presswire/page/260/,https://bricked.ai/,Bricked AI,87,28,true,false,false,2026-02-08,2026-03-07
0,EIN Presswire Archives - Page 260 of 533 - The Tennessean,http://tennessean.xpr-gannett.com/press-release/story/category/partners/ein-presswire/page/260/,https://bricked.ai/,https://bricked.ai,87,28,true,false,false,2026-02-08,2026-03-07
0,EIN Presswire Archives - Page 260 of 533 - The Tennessean,http://tennessean.xpr-gannett.com/press-release/story/category/partners/ein-presswire/page/260/,https://bricked.ai/,real estate comping,87,28,true,false,false,2026-02-08,2026-03-07
0,EIN Presswire Archives - Page 260 of 533 - The Tennessean,http://tennessean.xpr-gannett.com/press-release/story/category/partners/ein-presswire/page/260/,https://bricked.ai/discord,Other,87,28,false,false,false,2026-02-08,2026-03-07
0,Partners Archives - Page 290 of 1190 - The Tennessean,http://tennessean.xpr-gannett.com/press-release/story/category/partners/page/290/,https://bricked.ai/,real estate comping,51,28,true,false,false,2026-02-05,2026-03-07
0,Partners Archives - Page 290 of 1190 - The Tennessean,http://tennessean.xpr-gannett.com/press-release/story/category/partners/page/290/,https://bricked.ai/,https://bricked.ai,51,28,true,false,false,2026-02-05,2026-03-07
0,Partners Archives - Page 290 of 1190 - The Tennessean,http://tennessean.xpr-gannett.com/press-release/story/category/partners/page/290/,https://bricked.ai/,Bricked AI,51,28,true,false,false,2026-02-05,2026-03-07
0,Partners Archives - Page 290 of 1190 - The Tennessean,http://tennessean.xpr-gannett.com/press-release/story/category/partners/page/290/,https://bricked.ai/discord,Other,51,28,false,false,false,2026-02-05,2026-03-07
0,Partners Archives - Page 299 of 1199 - The Tennessean,http://tennessean.xpr-gannett.com/press-release/story/category/partners/page/299/,https://bricked.ai/,Bricked AI,91,28,true,false,false,2026-02-08,2026-03-05
0,Partners Archives - Page 299 of 1199 - The Tennessean,http://tennessean.xpr-gannett.com/press-release/story/category/partners/page/299/,https://bricked.ai/,https://bricked.ai,91,28,true,false,false,2026-02-08,2026-03-05
0,Partners Archives - Page 299 of 1199 - The Tennessean,http://tennessean.xpr-gannett.com/press-release/story/category/partners/page/299/,https://bricked.ai/,real estate comping,91,28,true,false,false,2026-02-08,2026-03-05
0,Partners Archives - Page 299 of 1199 - The Tennessean,http://tennessean.xpr-gannett.com/press-release/story/category/partners/page/299/,https://bricked.ai/discord,Other,91,28,false,false,false,2026-02-08,2026-03-05
0,Partners Archives - Page 351 of 1251 - The Tennessean,http://tennessean.xpr-gannett.com/press-release/story/category/partners/page/351/,https://bricked.ai/discord,Other,57,28,false,false,false,2026-02-12,2026-03-08
0,Partners Archives - Page 351 of 1251 - The Tennessean,http://tennessean.xpr-gannett.com/press-release/story/category/partners/page/351/,https://bricked.ai/,Bricked AI,57,28,true,false,false,2026-02-12,2026-03-08
0,Partners Archives - Page 351 of 1251 - The Tennessean,http://tennessean.xpr-gannett.com/press-release/story/category/partners/page/351/,https://bricked.ai/,https://bricked.ai,57,28,true,false,false,2026-02-12,2026-03-08
0,Partners Archives - Page 351 of 1251 - The Tennessean,http://tennessean.xpr-gannett.com/press-release/story/category/partners/page/351/,https://bricked.ai/,real estate comping,57,28,true,false,false,2026-02-12,2026-03-08
0,Business Archives - Page 692 of 1676 - The Star Press,http://thestarpress.xpr-gannett.com/press-release/story/category/business/page/692/,https://bricked.ai/,Bricked AI,89,28,true,false,false,2026-02-16,2026-03-08
0,Business Archives - Page 692 of 1676 - The Star Press,http://thestarpress.xpr-gannett.com/press-release/story/category/business/page/692/,https://bricked.ai/,https://bricked.ai,89,28,true,false,false,2026-02-16,2026-03-08
0,Business Archives - Page 692 of 1676 - The Star Press,http://thestarpress.xpr-gannett.com/press-release/story/category/business/page/692/,https://bricked.ai/,real estate comping,89,28,true,false,false,2026-02-16,2026-03-08
0,Business Archives - Page 692 of 1676 - The Star Press,http://thestarpress.xpr-gannett.com/press-release/story/category/business/page/692/,https://bricked.ai/discord,Other,89,28,false,false,false,2026-02-16,2026-03-08
0,Channels Archives - Page 67 of 169 - The Star Press,http://thestarpress.xpr-gannett.com/press-release/story/category/channels/page/67/,https://bricked.ai/discord,Other,88,28,false,false,false,2026-02-03,2026-03-05
0,Channels Archives - Page 67 of 169 - The Star Press,http://thestarpress.xpr-gannett.com/press-release/story/category/channels/page/67/,https://bricked.ai/,https://bricked.ai,88,28,true,false,false,2026-02-03,2026-03-05
0,Channels Archives - Page 67 of 169 - The Star Press,http://thestarpress.xpr-gannett.com/press-release/story/category/channels/page/67/,https://bricked.ai/,real estate comping,88,28,true,false,false,2026-02-03,2026-03-05
0,Channels Archives - Page 67 of 169 - The Star Press,http://thestarpress.xpr-gannett.com/press-release/story/category/channels/page/67/,https://bricked.ai/,Bricked AI,88,28,true,false,false,2026-02-03,2026-03-05
0,Channels Archives - Page 75 of 178 - The Star Press,http://thestarpress.xpr-gannett.com/press-release/story/category/channels/page/75/,https://bricked.ai/discord,Other,63,28,false,false,false,2026-02-11,2026-03-07
0,Channels Archives - Page 75 of 178 - The Star Press,http://thestarpress.xpr-gannett.com/press-release/story/category/channels/page/75/,https://bricked.ai/,Bricked AI,63,28,true,false,false,2026-02-11,2026-03-07
0,Channels Archives - Page 75 of 178 - The Star Press,http://thestarpress.xpr-gannett.com/press-release/story/category/channels/page/75/,https://bricked.ai/,https://bricked.ai,63,28,true,false,false,2026-02-11,2026-03-07
0,Channels Archives - Page 75 of 178 - The Star Press,http://thestarpress.xpr-gannett.com/press-release/story/category/channels/page/75/,https://bricked.ai/,real estate comping,63,28,true,false,false,2026-02-11,2026-03-07
0,Technology Archives - Page 38 of 117 - The Star Press,http://thestarpress.xpr-gannett.com/press-release/story/category/channels/technology/page/38/,https://bricked.ai/,Bricked AI,78,28,true,false,false,2026-01-28,2026-03-06
0,Technology Archives - Page 38 of 117 - The Star Press,http://thestarpress.xpr-gannett.com/press-release/story/category/channels/technology/page/38/,https://bricked.ai/,https://bricked.ai,78,28,true,false,false,2026-01-28,2026-03-06
0,Technology Archives - Page 38 of 117 - The Star Press,http://thestarpress.xpr-gannett.com/press-release/story/category/channels/technology/page/38/,https://bricked.ai/,real estate comping,78,28,true,false,false,2026-01-28,2026-03-06
0,Technology Archives - Page 38 of 117 - The Star Press,http://thestarpress.xpr-gannett.com/press-release/story/category/channels/technology/page/38/,https://bricked.ai/discord,Other,78,28,false,false,false,2026-01-28,2026-03-06
0,Technology Archives - Page 56 of 135 - The Star Press,http://thestarpress.xpr-gannett.com/press-release/story/category/channels/technology/page/56/,https://bricked.ai/,Bricked AI,79,28,true,false,false,2026-02-06,2026-04-05
0,Technology Archives - Page 56 of 135 - The Star Press,http://thestarpress.xpr-gannett.com/press-release/story/category/channels/technology/page/56/,https://bricked.ai/,https://bricked.ai,79,28,true,false,false,2026-02-06,2026-04-05
0,Technology Archives - Page 56 of 135 - The Star Press,http://thestarpress.xpr-gannett.com/press-release/story/category/channels/technology/page/56/,https://bricked.ai/,real estate comping,79,28,true,false,false,2026-02-06,2026-04-05
0,Technology Archives - Page 56 of 135 - The Star Press,http://thestarpress.xpr-gannett.com/press-release/story/category/channels/technology/page/56/,https://bricked.ai/discord,Other,79,28,false,false,false,2026-02-06,2026-04-05
0,EIN Presswire Archives - Page 257 of 533 - The Star Press,http://thestarpress.xpr-gannett.com/press-release/story/category/partners/ein-presswire/page/257/,https://bricked.ai/discord,Other,88,28,false,false,false,2026-02-12,2026-04-05
0,EIN Presswire Archives - Page 257 of 533 - The Star Press,http://thestarpress.xpr-gannett.com/press-release/story/category/partners/ein-presswire/page/257/,https://bricked.ai/,Bricked AI,88,28,true,false,false,2026-02-12,2026-04-05
0,EIN Presswire Archives - Page 257 of 533 - The Star Press,http://thestarpress.xpr-gannett.com/press-release/story/category/partners/ein-presswire/page/257/,https://bricked.ai/,https://bricked.ai,88,28,true,false,false,2026-02-12,2026-04-05
0,EIN Presswire Archives - Page 257 of 533 - The Star Press,http://thestarpress.xpr-gannett.com/press-release/story/category/partners/ein-presswire/page/257/,https://bricked.ai/,real estate comping,88,28,true,false,false,2026-02-12,2026-04-05
0,Partners Archives - Page 197 of 510 - The Star Press,http://thestarpress.xpr-gannett.com/press-release/story/category/partners/page/197/,https://bricked.ai/,Bricked AI,56,28,true,false,false,2026-02-05,2026-03-08
0,Partners Archives - Page 197 of 510 - The Star Press,http://thestarpress.xpr-gannett.com/press-release/story/category/partners/page/197/,https://bricked.ai/,https://bricked.ai,56,28,true,false,false,2026-02-05,2026-03-08
0,Partners Archives - Page 197 of 510 - The Star Press,http://thestarpress.xpr-gannett.com/press-release/story/category/partners/page/197/,https://bricked.ai/,real estate comping,56,28,true,false,false,2026-02-05,2026-03-08
0,Partners Archives - Page 197 of 510 - The Star Press,http://thestarpress.xpr-gannett.com/press-release/story/category/partners/page/197/,https://bricked.ai/discord,Other,56,28,false,false,false,2026-02-05,2026-03-08
0,Press Releases Archives - Page 350 of 1157 - The Star Press,http://thestarpress.xpr-gannett.com/press-release/story/category/press-releases/page/350/,https://bricked.ai/,real estate comping,80,28,true,false,false,2026-02-14,2026-04-06
0,Press Releases Archives - Page 350 of 1157 - The Star Press,http://thestarpress.xpr-gannett.com/press-release/story/category/press-releases/page/350/,https://bricked.ai/,https://bricked.ai,80,28,true,false,false,2026-02-14,2026-04-06
0,Press Releases Archives - Page 350 of 1157 - The Star Press,http://thestarpress.xpr-gannett.com/press-release/story/category/press-releases/page/350/,https://bricked.ai/,Bricked AI,80,28,true,false,false,2026-02-14,2026-04-06
0,Press Releases Archives - Page 350 of 1157 - The Star Press,http://thestarpress.xpr-gannett.com/press-release/story/category/press-releases/page/350/,https://bricked.ai/discord,Other,80,28,false,false,false,2026-02-14,2026-04-06
0,Business Archives - Page 389 of 1332 - Beaver County Times,http://timesonline.xpr-gannett.com/press-release/story/category/business/page/389/,https://bricked.ai/discord,Other,92,28,false,false,false,2026-02-04,2026-03-08
0,Business Archives - Page 389 of 1332 - Beaver County Times,http://timesonline.xpr-gannett.com/press-release/story/category/business/page/389/,https://bricked.ai/,Bricked AI,92,28,true,false,false,2026-02-04,2026-03-08
0,Business Archives - Page 389 of 1332 - Beaver County Times,http://timesonline.xpr-gannett.com/press-release/story/category/business/page/389/,https://bricked.ai/,https://bricked.ai,92,28,true,false,false,2026-02-04,2026-03-08
0,Business Archives - Page 389 of 1332 - Beaver County Times,http://timesonline.xpr-gannett.com/press-release/story/category/business/page/389/,https://bricked.ai/,real estate comping,92,28,true,false,false,2026-02-04,2026-03-08
0,Business Archives - Page 397 of 1340 - Beaver County Times,http://timesonline.xpr-gannett.com/press-release/story/category/business/page/397/,https://bricked.ai/,Bricked AI,80,28,true,false,false,2026-02-08,2026-03-05
0,Business Archives - Page 397 of 1340 - Beaver County Times,http://timesonline.xpr-gannett.com/press-release/story/category/business/page/397/,https://bricked.ai/,https://bricked.ai,80,28,true,false,false,2026-02-08,2026-03-05
0,Business Archives - Page 397 of 1340 - Beaver County Times,http://timesonline.xpr-gannett.com/press-release/story/category/business/page/397/,https://bricked.ai/,real estate comping,80,28,true,false,false,2026-02-08,2026-03-05
0,Business Archives - Page 397 of 1340 - Beaver County Times,http://timesonline.xpr-gannett.com/press-release/story/category/business/page/397/,https://bricked.ai/discord,Other,80,28,false,false,false,2026-02-08,2026-03-05
0,Business Archives - Page 454 of 1397 - Beaver County Times,http://timesonline.xpr-gannett.com/press-release/story/category/business/page/454/,https://bricked.ai/,Bricked AI,80,28,true,false,false,2026-02-17,2026-04-05
0,Business Archives - Page 454 of 1397 - Beaver County Times,http://timesonline.xpr-gannett.com/press-release/story/category/business/page/454/,https://bricked.ai/,https://bricked.ai,80,28,true,false,false,2026-02-17,2026-04-05
0,Business Archives - Page 454 of 1397 - Beaver County Times,http://timesonline.xpr-gannett.com/press-release/story/category/business/page/454/,https://bricked.ai/,real estate comping,80,28,true,false,false,2026-02-17,2026-04-05
0,Business Archives - Page 454 of 1397 - Beaver County Times,http://timesonline.xpr-gannett.com/press-release/story/category/business/page/454/,https://bricked.ai/discord,Other,80,28,false,false,false,2026-02-17,2026-04-05
0,Business Archives - Page 459 of 1402 - Beaver County Times,http://timesonline.xpr-gannett.com/press-release/story/category/business/page/459/,https://bricked.ai/discord,Other,80,28,false,false,false,2026-02-19,2026-03-09
0,Business Archives - Page 459 of 1402 - Beaver County Times,http://timesonline.xpr-gannett.com/press-release/story/category/business/page/459/,https://bricked.ai/,Bricked AI,80,28,true,false,false,2026-02-19,2026-03-09
0,Business Archives - Page 459 of 1402 - Beaver County Times,http://timesonline.xpr-gannett.com/press-release/story/category/business/page/459/,https://bricked.ai/,https://bricked.ai,80,28,true,false,false,2026-02-19,2026-03-09
0,Business Archives - Page 459 of 1402 - Beaver County Times,http://timesonline.xpr-gannett.com/press-release/story/category/business/page/459/,https://bricked.ai/,real estate comping,80,28,true,false,false,2026-02-19,2026-03-09
0,Channels Archives - Page 118 of 222 - Beaver County Times,http://timesonline.xpr-gannett.com/press-release/story/category/channels/page/118/,https://bricked.ai/discord,Other,92,28,false,false,false,2026-02-03,2026-03-08
0,Channels Archives - Page 118 of 222 - Beaver County Times,http://timesonline.xpr-gannett.com/press-release/story/category/channels/page/118/,https://bricked.ai/,https://bricked.ai,92,28,true,false,false,2026-02-03,2026-03-08
0,Channels Archives - Page 118 of 222 - Beaver County Times,http://timesonline.xpr-gannett.com/press-release/story/category/channels/page/118/,https://bricked.ai/,real estate comping,92,28,true,false,false,2026-02-03,2026-03-08
0,Channels Archives - Page 118 of 222 - Beaver County Times,http://timesonline.xpr-gannett.com/press-release/story/category/channels/page/118/,https://bricked.ai/,Bricked AI,92,28,true,false,false,2026-02-03,2026-03-08
0,Channels Archives - Page 135 of 239 - Beaver County Times,http://timesonline.xpr-gannett.com/press-release/story/category/channels/page/135/,https://bricked.ai/discord,Other,85,28,false,false,false,2026-02-13,2026-04-02
0,Channels Archives - Page 135 of 239 - Beaver County Times,http://timesonline.xpr-gannett.com/press-release/story/category/channels/page/135/,https://bricked.ai/,Bricked AI,85,28,true,false,false,2026-02-13,2026-04-02
0,Channels Archives - Page 135 of 239 - Beaver County Times,http://timesonline.xpr-gannett.com/press-release/story/category/channels/page/135/,https://bricked.ai/,https://bricked.ai,85,28,true,false,false,2026-02-13,2026-04-02
0,Channels Archives - Page 135 of 239 - Beaver County Times,http://timesonline.xpr-gannett.com/press-release/story/category/channels/page/135/,https://bricked.ai/,real estate comping,85,28,true,false,false,2026-02-13,2026-04-02
0,Channels Archives - Page 137 of 241 - Beaver County Times,http://timesonline.xpr-gannett.com/press-release/story/category/channels/page/137/,https://bricked.ai/,Bricked AI,90,28,true,false,false,2026-02-17,2026-03-07
0,Channels Archives - Page 137 of 241 - Beaver County Times,http://timesonline.xpr-gannett.com/press-release/story/category/channels/page/137/,https://bricked.ai/,https://bricked.ai,90,28,true,false,false,2026-02-17,2026-03-07
0,Channels Archives - Page 137 of 241 - Beaver County Times,http://timesonline.xpr-gannett.com/press-release/story/category/channels/page/137/,https://bricked.ai/,real estate comping,90,28,true,false,false,2026-02-17,2026-03-07
0,Channels Archives - Page 137 of 241 - Beaver County Times,http://timesonline.xpr-gannett.com/press-release/story/category/channels/page/137/,https://bricked.ai/discord,Other,90,28,false,false,false,2026-02-17,2026-03-07
0,Technology Archives - Page 103 of 185 - Beaver County Times,http://timesonline.xpr-gannett.com/press-release/story/category/channels/technology/page/103/,https://bricked.ai/discord,Other,75,28,false,false,false,2026-02-14,2026-03-09
0,Technology Archives - Page 103 of 185 - Beaver County Times,http://timesonline.xpr-gannett.com/press-release/story/category/channels/technology/page/103/,https://bricked.ai/,Bricked AI,75,28,true,false,false,2026-02-14,2026-03-09
0,Technology Archives - Page 103 of 185 - Beaver County Times,http://timesonline.xpr-gannett.com/press-release/story/category/channels/technology/page/103/,https://bricked.ai/,https://bricked.ai,75,28,true,false,false,2026-02-14,2026-03-09
0,Technology Archives - Page 103 of 185 - Beaver County Times,http://timesonline.xpr-gannett.com/press-release/story/category/channels/technology/page/103/,https://bricked.ai/,real estate comping,75,28,true,false,false,2026-02-14,2026-03-09
0,Technology Archives - Page 104 of 185 - Beaver County Times,http://timesonline.xpr-gannett.com/press-release/story/category/channels/technology/page/104/,https://bricked.ai/discord,Other,89,28,false,false,false,2026-02-19,2026-03-06
0,Technology Archives - Page 104 of 185 - Beaver County Times,http://timesonline.xpr-gannett.com/press-release/story/category/channels/technology/page/104/,https://bricked.ai/,Bricked AI,89,28,true,false,false,2026-02-19,2026-03-06
0,Technology Archives - Page 104 of 185 - Beaver County Times,http://timesonline.xpr-gannett.com/press-release/story/category/channels/technology/page/104/,https://bricked.ai/,https://bricked.ai,89,28,true,false,false,2026-02-19,2026-03-06
0,Technology Archives - Page 104 of 185 - Beaver County Times,http://timesonline.xpr-gannett.com/press-release/story/category/channels/technology/page/104/,https://bricked.ai/,real estate comping,89,28,true,false,false,2026-02-19,2026-03-06
0,Technology Archives - Page 89 of 171 - Beaver County Times,http://timesonline.xpr-gannett.com/press-release/story/category/channels/technology/page/89/,https://bricked.ai/,Bricked AI,89,28,true,false,false,2026-02-06,2026-04-04
0,Technology Archives - Page 89 of 171 - Beaver County Times,http://timesonline.xpr-gannett.com/press-release/story/category/channels/technology/page/89/,https://bricked.ai/,https://bricked.ai,89,28,true,false,false,2026-02-06,2026-04-04
0,Technology Archives - Page 89 of 171 - Beaver County Times,http://timesonline.xpr-gannett.com/press-release/story/category/channels/technology/page/89/,https://bricked.ai/,real estate comping,89,28,true,false,false,2026-02-06,2026-04-04
0,Technology Archives - Page 89 of 171 - Beaver County Times,http://timesonline.xpr-gannett.com/press-release/story/category/channels/technology/page/89/,https://bricked.ai/discord,Other,89,28,false,false,false,2026-02-06,2026-04-04
0,EIN Presswire Archives - Page 347 of 629 - Beaver County Times,http://timesonline.xpr-gannett.com/press-release/story/category/partners/ein-presswire/page/347/,https://bricked.ai/,Bricked AI,85,28,true,false,false,2026-02-06,2026-04-07
0,EIN Presswire Archives - Page 347 of 629 - Beaver County Times,http://timesonline.xpr-gannett.com/press-release/story/category/partners/ein-presswire/page/347/,https://bricked.ai/,https://bricked.ai,85,28,true,false,false,2026-02-06,2026-04-07
0,EIN Presswire Archives - Page 347 of 629 - Beaver County Times,http://timesonline.xpr-gannett.com/press-release/story/category/partners/ein-presswire/page/347/,https://bricked.ai/,real estate comping,85,28,true,false,false,2026-02-06,2026-04-07
0,EIN Presswire Archives - Page 347 of 629 - Beaver County Times,http://timesonline.xpr-gannett.com/press-release/story/category/partners/ein-presswire/page/347/,https://bricked.ai/discord,Other,85,28,false,false,false,2026-02-06,2026-04-07
0,EIN Presswire Archives - Page 375 of 657 - Beaver County Times,http://timesonline.xpr-gannett.com/press-release/story/category/partners/ein-presswire/page/375/,https://bricked.ai/,Bricked AI,89,28,true,false,false,2026-02-11,2026-04-06
0,EIN Presswire Archives - Page 375 of 657 - Beaver County Times,http://timesonline.xpr-gannett.com/press-release/story/category/partners/ein-presswire/page/375/,https://bricked.ai/,https://bricked.ai,89,28,true,false,false,2026-02-11,2026-04-06
0,EIN Presswire Archives - Page 375 of 657 - Beaver County Times,http://timesonline.xpr-gannett.com/press-release/story/category/partners/ein-presswire/page/375/,https://bricked.ai/,real estate comping,89,28,true,false,false,2026-02-11,2026-04-06
0,EIN Presswire Archives - Page 375 of 657 - Beaver County Times,http://timesonline.xpr-gannett.com/press-release/story/category/partners/ein-presswire/page/375/,https://bricked.ai/discord,Other,89,28,false,false,false,2026-02-11,2026-04-06
0,EIN Presswire Archives - Page 399 of 681 - Beaver County Times,http://timesonline.xpr-gannett.com/press-release/story/category/partners/ein-presswire/page/399/,https://bricked.ai/,Bricked AI,89,28,true,false,false,2026-02-12,2026-04-02
0,EIN Presswire Archives - Page 399 of 681 - Beaver County Times,http://timesonline.xpr-gannett.com/press-release/story/category/partners/ein-presswire/page/399/,https://bricked.ai/,https://bricked.ai,89,28,true,false,false,2026-02-12,2026-04-02
0,EIN Presswire Archives - Page 399 of 681 - Beaver County Times,http://timesonline.xpr-gannett.com/press-release/story/category/partners/ein-presswire/page/399/,https://bricked.ai/,real estate comping,89,28,true,false,false,2026-02-12,2026-04-02
0,EIN Presswire Archives - Page 399 of 681 - Beaver County Times,http://timesonline.xpr-gannett.com/press-release/story/category/partners/ein-presswire/page/399/,https://bricked.ai/discord,Other,89,28,false,false,false,2026-02-12,2026-04-02
0,Partners Archives - Page 347 of 666 - Beaver County Times,http://timesonline.xpr-gannett.com/press-release/story/category/partners/page/347/,https://bricked.ai/,real estate comping,88,28,true,false,false,2026-02-03,2026-04-06
0,Partners Archives - Page 347 of 666 - Beaver County Times,http://timesonline.xpr-gannett.com/press-release/story/category/partners/page/347/,https://bricked.ai/,Bricked AI,88,28,true,false,false,2026-02-03,2026-04-06
0,Partners Archives - Page 347 of 666 - Beaver County Times,http://timesonline.xpr-gannett.com/press-release/story/category/partners/page/347/,https://bricked.ai/,https://bricked.ai,88,28,true,false,false,2026-02-03,2026-04-06
0,Partners Archives - Page 347 of 666 - Beaver County Times,http://timesonline.xpr-gannett.com/press-release/story/category/partners/page/347/,https://bricked.ai/discord,Other,88,28,false,false,false,2026-02-03,2026-04-06
0,Partners Archives - Page 406 of 725 - Beaver County Times,http://timesonline.xpr-gannett.com/press-release/story/category/partners/page/406/,https://bricked.ai/,Bricked AI,85,28,true,false,false,2026-02-17,2026-04-05
0,Partners Archives - Page 406 of 725 - Beaver County Times,http://timesonline.xpr-gannett.com/press-release/story/category/partners/page/406/,https://bricked.ai/,https://bricked.ai,85,28,true,false,false,2026-02-17,2026-04-05
0,Partners Archives - Page 406 of 725 - Beaver County Times,http://timesonline.xpr-gannett.com/press-release/story/category/partners/page/406/,https://bricked.ai/,real estate comping,85,28,true,false,false,2026-02-17,2026-04-05
0,Partners Archives - Page 406 of 725 - Beaver County Times,http://timesonline.xpr-gannett.com/press-release/story/category/partners/page/406/,https://bricked.ai/discord,Other,85,28,false,false,false,2026-02-17,2026-04-05
0,Partners Archives - Page 410 of 729 - Beaver County Times,http://timesonline.xpr-gannett.com/press-release/story/category/partners/page/410/,https://bricked.ai/,Bricked AI,56,28,true,false,false,2026-02-19,2026-03-09
0,Partners Archives - Page 410 of 729 - Beaver County Times,http://timesonline.xpr-gannett.com/press-release/story/category/partners/page/410/,https://bricked.ai/,https://bricked.ai,56,28,true,false,false,2026-02-19,2026-03-09
0,Partners Archives - Page 410 of 729 - Beaver County Times,http://timesonline.xpr-gannett.com/press-release/story/category/partners/page/410/,https://bricked.ai/,real estate comping,56,28,true,false,false,2026-02-19,2026-03-09
0,Partners Archives - Page 410 of 729 - Beaver County Times,http://timesonline.xpr-gannett.com/press-release/story/category/partners/page/410/,https://bricked.ai/discord,Other,56,28,false,false,false,2026-02-19,2026-03-09
0,Press Releases Archives - Page 387 of 1196 - Beaver County Times,http://timesonline.xpr-gannett.com/press-release/story/category/press-releases/page/387/,https://bricked.ai/,Bricked AI,92,28,true,false,false,2026-02-01,2026-04-05
0,Press Releases Archives - Page 387 of 1196 - Beaver County Times,http://timesonline.xpr-gannett.com/press-release/story/category/press-releases/page/387/,https://bricked.ai/,https://bricked.ai,92,28,true,false,false,2026-02-01,2026-04-05
0,Press Releases Archives - Page 387 of 1196 - Beaver County Times,http://timesonline.xpr-gannett.com/press-release/story/category/press-releases/page/387/,https://bricked.ai/,real estate comping,92,28,true,false,false,2026-02-01,2026-04-05
0,Press Releases Archives - Page 387 of 1196 - Beaver County Times,http://timesonline.xpr-gannett.com/press-release/story/category/press-releases/page/387/,https://bricked.ai/discord,Other,92,28,false,false,false,2026-02-01,2026-04-05
0,Press Releases Archives - Page 389 of 1198 - Beaver County Times,http://timesonline.xpr-gannett.com/press-release/story/category/press-releases/page/389/,https://bricked.ai/discord,Other,92,28,false,false,false,2026-02-03,2026-03-09
0,Press Releases Archives - Page 389 of 1198 - Beaver County Times,http://timesonline.xpr-gannett.com/press-release/story/category/press-releases/page/389/,https://bricked.ai/,Bricked AI,92,28,true,false,false,2026-02-03,2026-03-09
0,Press Releases Archives - Page 389 of 1198 - Beaver County Times,http://timesonline.xpr-gannett.com/press-release/story/category/press-releases/page/389/,https://bricked.ai/,https://bricked.ai,92,28,true,false,false,2026-02-03,2026-03-09
0,Press Releases Archives - Page 389 of 1198 - Beaver County Times,http://timesonline.xpr-gannett.com/press-release/story/category/press-releases/page/389/,https://bricked.ai/,real estate comping,92,28,true,false,false,2026-02-03,2026-03-09
0,Press Releases Archives - Page 445 of 1255 - Beaver County Times,http://timesonline.xpr-gannett.com/press-release/story/category/press-releases/page/445/,https://bricked.ai/discord,Other,56,28,false,false,false,2026-02-12,2026-04-05
0,Press Releases Archives - Page 445 of 1255 - Beaver County Times,http://timesonline.xpr-gannett.com/press-release/story/category/press-releases/page/445/,https://bricked.ai/,Bricked AI,56,28,true,false,false,2026-02-12,2026-04-05
0,Press Releases Archives - Page 445 of 1255 - Beaver County Times,http://timesonline.xpr-gannett.com/press-release/story/category/press-releases/page/445/,https://bricked.ai/,https://bricked.ai,56,28,true,false,false,2026-02-12,2026-04-05
0,Press Releases Archives - Page 445 of 1255 - Beaver County Times,http://timesonline.xpr-gannett.com/press-release/story/category/press-releases/page/445/,https://bricked.ai/,real estate comping,56,28,true,false,false,2026-02-12,2026-04-05
0,Press Releases Archives - Page 459 of 1268 - Beaver County Times,http://timesonline.xpr-gannett.com/press-release/story/category/press-releases/page/459/,https://bricked.ai/,Bricked AI,80,28,true,false,false,2026-02-19,2026-03-09
0,Press Releases Archives - Page 459 of 1268 - Beaver County Times,http://timesonline.xpr-gannett.com/press-release/story/category/press-releases/page/459/,https://bricked.ai/,https://bricked.ai,80,28,true,false,false,2026-02-19,2026-03-09
0,Press Releases Archives - Page 459 of 1268 - Beaver County Times,http://timesonline.xpr-gannett.com/press-release/story/category/press-releases/page/459/,https://bricked.ai/,real estate comping,80,28,true,false,false,2026-02-19,2026-03-09
0,Press Releases Archives - Page 459 of 1268 - Beaver County Times,http://timesonline.xpr-gannett.com/press-release/story/category/press-releases/page/459/,https://bricked.ai/discord,Other,80,28,false,false,false,2026-02-19,2026-03-09
0,Business Archives - Page 1459 of 2449 - Visalia Times-Delta,http://visaliatimesdelta.xpr-gannett.com/press-release/story/category/business/page/1459/,https://bricked.ai/,Bricked AI,88,28,true,false,false,2026-02-22,2026-04-05
0,Business Archives - Page 1459 of 2449 - Visalia Times-Delta,http://visaliatimesdelta.xpr-gannett.com/press-release/story/category/business/page/1459/,https://bricked.ai/,https://bricked.ai,88,28,true,false,false,2026-02-22,2026-04-05
0,Business Archives - Page 1459 of 2449 - Visalia Times-Delta,http://visaliatimesdelta.xpr-gannett.com/press-release/story/category/business/page/1459/,https://bricked.ai/,real estate comping,88,28,true,false,false,2026-02-22,2026-04-05
0,Business Archives - Page 1459 of 2449 - Visalia Times-Delta,http://visaliatimesdelta.xpr-gannett.com/press-release/story/category/business/page/1459/,https://bricked.ai/discord,Other,88,28,false,false,false,2026-02-22,2026-04-05
0,Business Archives - Page 1465 of 2456 - Visalia Times-Delta,http://visaliatimesdelta.xpr-gannett.com/press-release/story/category/business/page/1465/,https://bricked.ai/,Bricked AI,90,28,true,false,false,2026-02-22,2026-04-06
0,Business Archives - Page 1465 of 2456 - Visalia Times-Delta,http://visaliatimesdelta.xpr-gannett.com/press-release/story/category/business/page/1465/,https://bricked.ai/,https://bricked.ai,90,28,true,false,false,2026-02-22,2026-04-06
0,Business Archives - Page 1465 of 2456 - Visalia Times-Delta,http://visaliatimesdelta.xpr-gannett.com/press-release/story/category/business/page/1465/,https://bricked.ai/,real estate comping,90,28,true,false,false,2026-02-22,2026-04-06
0,Business Archives - Page 1465 of 2456 - Visalia Times-Delta,http://visaliatimesdelta.xpr-gannett.com/press-release/story/category/business/page/1465/,https://bricked.ai/discord,Other,90,28,false,false,false,2026-02-22,2026-04-06
0,Channels Archives - Page 14 of 118 - Visalia Times-Delta,http://visaliatimesdelta.xpr-gannett.com/press-release/story/category/channels/page/14/,https://bricked.ai/,real estate comping,94,28,true,false,false,2026-01-31,2026-04-06
0,Channels Archives - Page 14 of 118 - Visalia Times-Delta,http://visaliatimesdelta.xpr-gannett.com/press-release/story/category/channels/page/14/,https://bricked.ai/,https://bricked.ai,94,28,true,false,false,2026-01-31,2026-04-06
0,Channels Archives - Page 14 of 118 - Visalia Times-Delta,http://visaliatimesdelta.xpr-gannett.com/press-release/story/category/channels/page/14/,https://bricked.ai/,Bricked AI,94,28,true,false,false,2026-01-31,2026-04-06
0,Channels Archives - Page 14 of 118 - Visalia Times-Delta,http://visaliatimesdelta.xpr-gannett.com/press-release/story/category/channels/page/14/,https://bricked.ai/discord,Other,94,28,false,false,false,2026-01-31,2026-04-06
0,Channels Archives - Page 15 of 120 - Visalia Times-Delta,http://visaliatimesdelta.xpr-gannett.com/press-release/story/category/channels/page/15/,https://bricked.ai/,Bricked AI,60,28,true,false,false,2026-02-06,2026-04-06
0,Channels Archives - Page 15 of 120 - Visalia Times-Delta,http://visaliatimesdelta.xpr-gannett.com/press-release/story/category/channels/page/15/,https://bricked.ai/,https://bricked.ai,60,28,true,false,false,2026-02-06,2026-04-06
0,Channels Archives - Page 15 of 120 - Visalia Times-Delta,http://visaliatimesdelta.xpr-gannett.com/press-release/story/category/channels/page/15/,https://bricked.ai/,real estate comping,60,28,true,false,false,2026-02-06,2026-04-06
0,Channels Archives - Page 15 of 120 - Visalia Times-Delta,http://visaliatimesdelta.xpr-gannett.com/press-release/story/category/channels/page/15/,https://bricked.ai/discord,Other,60,28,false,false,false,2026-02-06,2026-04-06
0,Channels Archives - Page 16 of 121 - Visalia Times-Delta,http://visaliatimesdelta.xpr-gannett.com/press-release/story/category/channels/page/16/,https://bricked.ai/discord,Other,57,28,false,false,false,2026-02-09,2026-03-06
0,Channels Archives - Page 16 of 121 - Visalia Times-Delta,http://visaliatimesdelta.xpr-gannett.com/press-release/story/category/channels/page/16/,https://bricked.ai/,https://bricked.ai,57,28,true,false,false,2026-02-09,2026-03-06
0,Channels Archives - Page 16 of 121 - Visalia Times-Delta,http://visaliatimesdelta.xpr-gannett.com/press-release/story/category/channels/page/16/,https://bricked.ai/,real estate comping,57,28,true,false,false,2026-02-09,2026-03-06
0,Channels Archives - Page 16 of 121 - Visalia Times-Delta,http://visaliatimesdelta.xpr-gannett.com/press-release/story/category/channels/page/16/,https://bricked.ai/,Bricked AI,57,28,true,false,false,2026-02-09,2026-03-06
0,Channels Archives - Page 21 of 126 - Visalia Times-Delta,http://visaliatimesdelta.xpr-gannett.com/press-release/story/category/channels/page/21/,https://bricked.ai/discord,Other,60,28,false,false,false,2026-02-11,2026-03-08
0,Channels Archives - Page 21 of 126 - Visalia Times-Delta,http://visaliatimesdelta.xpr-gannett.com/press-release/story/category/channels/page/21/,https://bricked.ai/,Bricked AI,60,28,true,false,false,2026-02-11,2026-03-08
0,Channels Archives - Page 21 of 126 - Visalia Times-Delta,http://visaliatimesdelta.xpr-gannett.com/press-release/story/category/channels/page/21/,https://bricked.ai/,https://bricked.ai,60,28,true,false,false,2026-02-11,2026-03-08
0,Channels Archives - Page 21 of 126 - Visalia Times-Delta,http://visaliatimesdelta.xpr-gannett.com/press-release/story/category/channels/page/21/,https://bricked.ai/,real estate comping,60,28,true,false,false,2026-02-11,2026-03-08
0,Technology Archives - Page 12 of 93 - Visalia Times-Delta,http://visaliatimesdelta.xpr-gannett.com/press-release/story/category/channels/technology/page/12/,https://bricked.ai/,Bricked AI,49,28,true,false,false,2026-02-03,2026-03-05
0,Technology Archives - Page 12 of 93 - Visalia Times-Delta,http://visaliatimesdelta.xpr-gannett.com/press-release/story/category/channels/technology/page/12/,https://bricked.ai/,https://bricked.ai,49,28,true,false,false,2026-02-03,2026-03-05
0,Technology Archives - Page 12 of 93 - Visalia Times-Delta,http://visaliatimesdelta.xpr-gannett.com/press-release/story/category/channels/technology/page/12/,https://bricked.ai/,real estate comping,49,28,true,false,false,2026-02-03,2026-03-05
0,Technology Archives - Page 12 of 93 - Visalia Times-Delta,http://visaliatimesdelta.xpr-gannett.com/press-release/story/category/channels/technology/page/12/,https://bricked.ai/discord,Other,49,28,false,false,false,2026-02-03,2026-03-05
0,🏆🏆Boost your Google rankings with Premium PBN & Link Building🏆🏆,http://wiki-park.com/all/493/11.html,https://bricked.ai/,High Quality Dofollow Backlinks DA 50 PA 40 Premium PBN Network Service bricked.ai Rank First Page Google Fast SEO Link Building Buy Backlinks Online Cheap,3000,12,false,false,false,2026-09-07,2026-09-16
0,🏆🏆Boost your Google rankings with Premium PBN & Link Building🏆🏆,http://wioutlet.com/all/493/11.html,https://bricked.ai/,High Quality Dofollow Backlinks DA 50 PA 40 Premium PBN Network Service bricked.ai Rank First Page Google Fast SEO Link Building Buy Backlinks Online Cheap,3000,12,false,false,false,2026-09-08,2026-09-16
0,🏆🏆Boost your Google rankings with Premium PBN & Link Building🏆🏆,http://www.bestwebs123.site/all/493/11.html,https://bricked.ai/,High Quality Dofollow Backlinks DA 50 PA 40 Premium PBN Network Service bricked.ai Rank First Page Google Fast SEO Link Building Buy Backlinks Online Cheap,3000,12,false,false,false,2026-09-12,2026-09-21
0,🏆🏆Boost your Google rankings with Premium PBN & Link Building🏆🏆,http://www.blogerreviewers.com/all/493/11.html,https://bricked.ai/,High Quality Dofollow Backlinks DA 50 PA 40 Premium PBN Network Service bricked.ai Rank First Page Google Fast SEO Link Building Buy Backlinks Online Cheap,3000,12,false,false,false,2026-09-16,2026-09-16
0,🏆🏆Boost your Google rankings with Premium PBN & Link Building🏆🏆,http://www.cgpa2percentag.com/all/493/11.html,https://bricked.ai/,High Quality Dofollow Backlinks DA 50 PA 40 Premium PBN Network Service bricked.ai Rank First Page Google Fast SEO Link Building Buy Backlinks Online Cheap,3000,12,false,false,false,2026-09-17,2026-09-17
0,🏆🏆Boost your Google rankings with Premium PBN & Link Building🏆🏆,http://www.chordmp3.net/all/492/28.html,https://bricked.ai/,High Quality Dofollow Backlinks DA 50 PA 40 Premium PBN Network Service bricked.ai Rank First Page Google Fast SEO Link Building Buy Backlinks Online Cheap,3000,12,false,false,false,2026-08-14,2026-08-31
0,🏆🏆Boost your Google rankings with Premium PBN & Link Building🏆🏆,http://www.phanerosart.com/all/493/11.html,https://bricked.ai/,High Quality Dofollow Backlinks DA 50 PA 40 Premium PBN Network Service bricked.ai Rank First Page Google Fast SEO Link Building Buy Backlinks Online Cheap,3000,12,false,false,false,2026-09-05,2026-09-14
0,🏆🏆Boost your Google rankings with Premium PBN & Link Building🏆🏆,http://www.primenewsartical.com/all/493/11.html,https://bricked.ai/,High Quality Dofollow Backlinks DA 50 PA 40 Premium PBN Network Service bricked.ai Rank First Page Google Fast SEO Link Building Buy Backlinks Online Cheap,3000,12,false,false,false,2026-09-16,2026-09-16
0,🏆🏆Boost your Google rankings with Premium PBN & Link Building🏆🏆,http://www.sahammurah.com/all/493/11.html,https://bricked.ai/,High Quality Dofollow Backlinks DA 50 PA 40 Premium PBN Network Service bricked.ai Rank First Page Google Fast SEO Link Building Buy Backlinks Online Cheap,3000,12,false,false,false,2026-09-16,2026-09-16
0,🏆🏆Boost your Google rankings with Premium PBN & Link Building🏆🏆,http://www.shanzytechs.site/all/493/11.html,https://bricked.ai/,High Quality Dofollow Backlinks DA 50 PA 40 Premium PBN Network Service bricked.ai Rank First Page Google Fast SEO Link Building Buy Backlinks Online Cheap,3000,12,false,false,false,2026-09-11,2026-09-20
0,🏆🏆Boost your Google rankings with Premium PBN & Link Building🏆🏆,http://www.sushimean.com/all/493/11.html,https://bricked.ai/,High Quality Dofollow Backlinks DA 50 PA 40 Premium PBN Network Service bricked.ai Rank First Page Google Fast SEO Link Building Buy Backlinks Online Cheap,3000,12,false,false,false,2026-09-02,2026-09-20
0,Channels Archives - Page 122 of 223 - York Dispatch,http://yorkdispatch.xpr-gannett.com/press-release/story/category/channels/page/122/,https://bricked.ai/,real estate comping,82,28,true,false,false,2026-02-14,2026-03-05
0,Channels Archives - Page 122 of 223 - York Dispatch,http://yorkdispatch.xpr-gannett.com/press-release/story/category/channels/page/122/,https://bricked.ai/,https://bricked.ai,82,28,true,false,false,2026-02-14,2026-03-05
0,Channels Archives - Page 122 of 223 - York Dispatch,http://yorkdispatch.xpr-gannett.com/press-release/story/category/channels/page/122/,https://bricked.ai/,Bricked AI,82,28,true,false,false,2026-02-14,2026-03-05
0,Channels Archives - Page 122 of 223 - York Dispatch,http://yorkdispatch.xpr-gannett.com/press-release/story/category/channels/page/122/,https://bricked.ai/discord,Other,82,28,false,false,false,2026-02-14,2026-03-05
0,Channels Archives - Page 35 of 136 - York Dispatch,http://yorkdispatch.xpr-gannett.com/press-release/story/category/channels/page/35/,https://bricked.ai/,Bricked AI,54,28,true,false,false,2026-01-20,2026-03-08
0,Channels Archives - Page 35 of 136 - York Dispatch,http://yorkdispatch.xpr-gannett.com/press-release/story/category/channels/page/35/,https://bricked.ai/,https://bricked.ai,54,28,true,false,false,2026-01-20,2026-03-08
0,Channels Archives - Page 35 of 136 - York Dispatch,http://yorkdispatch.xpr-gannett.com/press-release/story/category/channels/page/35/,https://bricked.ai/,real estate comping,54,28,true,false,false,2026-01-20,2026-03-08
0,Channels Archives - Page 35 of 136 - York Dispatch,http://yorkdispatch.xpr-gannett.com/press-release/story/category/channels/page/35/,https://bricked.ai/discord,Other,54,28,false,false,false,2026-01-20,2026-03-08
0,Channels Archives - Page 90 of 191 - York Dispatch,http://yorkdispatch.xpr-gannett.com/press-release/story/category/channels/page/90/,https://bricked.ai/discord,Other,82,28,false,false,false,2026-01-31,2026-03-05
0,Channels Archives - Page 90 of 191 - York Dispatch,http://yorkdispatch.xpr-gannett.com/press-release/story/category/channels/page/90/,https://bricked.ai/,Bricked AI,82,28,true,false,false,2026-01-31,2026-03-05
0,Channels Archives - Page 90 of 191 - York Dispatch,http://yorkdispatch.xpr-gannett.com/press-release/story/category/channels/page/90/,https://bricked.ai/,https://bricked.ai,82,28,true,false,false,2026-01-31,2026-03-05
0,Channels Archives - Page 90 of 191 - York Dispatch,http://yorkdispatch.xpr-gannett.com/press-release/story/category/channels/page/90/,https://bricked.ai/,real estate comping,82,28,true,false,false,2026-01-31,2026-03-05
0,Channels Archives - Page 97 of 198 - York Dispatch,http://yorkdispatch.xpr-gannett.com/press-release/story/category/channels/page/97/,https://bricked.ai/discord,Other,91,28,false,false,false,2026-02-11,2026-03-08
0,Channels Archives - Page 97 of 198 - York Dispatch,http://yorkdispatch.xpr-gannett.com/press-release/story/category/channels/page/97/,https://bricked.ai/,Bricked AI,91,28,true,false,false,2026-02-11,2026-03-08
0,Channels Archives - Page 97 of 198 - York Dispatch,http://yorkdispatch.xpr-gannett.com/press-release/story/category/channels/page/97/,https://bricked.ai/,https://bricked.ai,91,28,true,false,false,2026-02-11,2026-03-08
0,Channels Archives - Page 97 of 198 - York Dispatch,http://yorkdispatch.xpr-gannett.com/press-release/story/category/channels/page/97/,https://bricked.ai/,real estate comping,91,28,true,false,false,2026-02-11,2026-03-08
0,Technology Archives - Page 349 of 428 - York Dispatch,http://yorkdispatch.xpr-gannett.com/press-release/story/category/channels/technology/page/349/,https://bricked.ai/discord,Other,75,28,false,false,false,2026-02-22,2026-04-03
0,Technology Archives - Page 349 of 428 - York Dispatch,http://yorkdispatch.xpr-gannett.com/press-release/story/category/channels/technology/page/349/,https://bricked.ai/,https://bricked.ai,75,28,true,false,false,2026-02-22,2026-04-03
0,Technology Archives - Page 349 of 428 - York Dispatch,http://yorkdispatch.xpr-gannett.com/press-release/story/category/channels/technology/page/349/,https://bricked.ai/,Bricked AI,75,28,true,false,false,2026-02-22,2026-04-03
0,Technology Archives - Page 349 of 428 - York Dispatch,http://yorkdispatch.xpr-gannett.com/press-release/story/category/channels/technology/page/349/,https://bricked.ai/,real estate comping,75,28,true,false,false,2026-02-22,2026-04-03
0,Technology Archives - Page 69 of 148 - York Dispatch,http://yorkdispatch.xpr-gannett.com/press-release/story/category/channels/technology/page/69/,https://bricked.ai/,Bricked AI,49,28,true,false,false,2026-01-31,2026-03-06
0,Technology Archives - Page 69 of 148 - York Dispatch,http://yorkdispatch.xpr-gannett.com/press-release/story/category/channels/technology/page/69/,https://bricked.ai/,https://bricked.ai,49,28,true,false,false,2026-01-31,2026-03-06
0,Technology Archives - Page 69 of 148 - York Dispatch,http://yorkdispatch.xpr-gannett.com/press-release/story/category/channels/technology/page/69/,https://bricked.ai/,real estate comping,49,28,true,false,false,2026-01-31,2026-03-06
0,Technology Archives - Page 69 of 148 - York Dispatch,http://yorkdispatch.xpr-gannett.com/press-release/story/category/channels/technology/page/69/,https://bricked.ai/discord,Other,49,28,false,false,false,2026-01-31,2026-03-06
0,Partners Archives - Page 1328 of 1636 - York Dispatch,http://yorkdispatch.xpr-gannett.com/press-release/story/category/partners/page/1328/,https://bricked.ai/discord,Other,92,28,false,false,false,2026-02-22,2026-04-05
0,Partners Archives - Page 1328 of 1636 - York Dispatch,http://yorkdispatch.xpr-gannett.com/press-release/story/category/partners/page/1328/,https://bricked.ai/,Bricked AI,92,28,true,false,false,2026-02-22,2026-04-05
0,Partners Archives - Page 1328 of 1636 - York Dispatch,http://yorkdispatch.xpr-gannett.com/press-release/story/category/partners/page/1328/,https://bricked.ai/,https://bricked.ai,92,28,true,false,false,2026-02-22,2026-04-05
0,Partners Archives - Page 1328 of 1636 - York Dispatch,http://yorkdispatch.xpr-gannett.com/press-release/story/category/partners/page/1328/,https://bricked.ai/,real estate comping,92,28,true,false,false,2026-02-22,2026-04-05
0,Partners Archives - Page 271 of 579 - York Dispatch,http://yorkdispatch.xpr-gannett.com/press-release/story/category/partners/page/271/,https://bricked.ai/,Bricked AI,92,28,true,false,false,2026-02-03,2026-03-05
0,Partners Archives - Page 271 of 579 - York Dispatch,http://yorkdispatch.xpr-gannett.com/press-release/story/category/partners/page/271/,https://bricked.ai/,real estate comping,92,28,true,false,false,2026-02-03,2026-03-05
0,Partners Archives - Page 271 of 579 - York Dispatch,http://yorkdispatch.xpr-gannett.com/press-release/story/category/partners/page/271/,https://bricked.ai/discord,Other,92,28,false,false,false,2026-02-03,2026-03-05
0,Partners Archives - Page 271 of 579 - York Dispatch,http://yorkdispatch.xpr-gannett.com/press-release/story/category/partners/page/271/,https://bricked.ai/,https://bricked.ai,92,28,true,false,false,2026-02-03,2026-03-05
0,Press Releases Archives - Page 408 of 1210 - York Dispatch,http://yorkdispatch.xpr-gannett.com/press-release/story/category/press-releases/page/408/,https://bricked.ai/discord,Other,86,28,false,false,false,2026-02-14,2026-03-05
0,Press Releases Archives - Page 408 of 1210 - York Dispatch,http://yorkdispatch.xpr-gannett.com/press-release/story/category/press-releases/page/408/,https://bricked.ai/,Bricked AI,86,28,true,false,false,2026-02-14,2026-03-05
0,Press Releases Archives - Page 408 of 1210 - York Dispatch,http://yorkdispatch.xpr-gannett.com/press-release/story/category/press-releases/page/408/,https://bricked.ai/,https://bricked.ai,86,28,true,false,false,2026-02-14,2026-03-05
0,Press Releases Archives - Page 408 of 1210 - York Dispatch,http://yorkdispatch.xpr-gannett.com/press-release/story/category/press-releases/page/408/,https://bricked.ai/,real estate comping,86,28,true,false,false,2026-02-14,2026-03-05
0,Press Releases Archives - Page 764 of 1566 - York Dispatch,http://yorkdispatch.xpr-gannett.com/press-release/story/category/press-releases/page/764/,https://bricked.ai/,Bricked AI,86,28,true,false,false,2026-02-16,2026-03-08
0,Press Releases Archives - Page 764 of 1566 - York Dispatch,http://yorkdispatch.xpr-gannett.com/press-release/story/category/press-releases/page/764/,https://bricked.ai/,real estate comping,86,28,true,false,false,2026-02-16,2026-03-08
0,Press Releases Archives - Page 764 of 1566 - York Dispatch,http://yorkdispatch.xpr-gannett.com/press-release/story/category/press-releases/page/764/,https://bricked.ai/discord,Other,86,28,false,false,false,2026-02-16,2026-03-08
0,Press Releases Archives - Page 764 of 1566 - York Dispatch,http://yorkdispatch.xpr-gannett.com/press-release/story/category/press-releases/page/764/,https://bricked.ai/,https://bricked.ai,86,28,true,false,false,2026-02-16,2026-03-08
0,Business Archives - Page 1071 of 2051 - Times Recorder,http://zanesvilletimesrecorder.xpr-gannett.com/press-release/story/category/business/page/1071/,https://bricked.ai/discord,Other,87,28,false,false,false,2026-02-19,2026-03-05
0,Business Archives - Page 1071 of 2051 - Times Recorder,http://zanesvilletimesrecorder.xpr-gannett.com/press-release/story/category/business/page/1071/,https://bricked.ai/,Bricked AI,87,28,true,false,false,2026-02-19,2026-03-05
0,Business Archives - Page 1071 of 2051 - Times Recorder,http://zanesvilletimesrecorder.xpr-gannett.com/press-release/story/category/business/page/1071/,https://bricked.ai/,https://bricked.ai,87,28,true,false,false,2026-02-19,2026-03-05
0,Business Archives - Page 1071 of 2051 - Times Recorder,http://zanesvilletimesrecorder.xpr-gannett.com/press-release/story/category/business/page/1071/,https://bricked.ai/,real estate comping,87,28,true,false,false,2026-02-19,2026-03-05
0,Channels Archives - Page 331 of 433 - Times Recorder,http://zanesvilletimesrecorder.xpr-gannett.com/press-release/story/category/channels/page/331/,https://bricked.ai/discord,Other,85,28,false,false,false,2026-02-19,2026-04-06
0,Channels Archives - Page 331 of 433 - Times Recorder,http://zanesvilletimesrecorder.xpr-gannett.com/press-release/story/category/channels/page/331/,https://bricked.ai/,Bricked AI,85,28,true,false,false,2026-02-19,2026-04-06
0,Channels Archives - Page 331 of 433 - Times Recorder,http://zanesvilletimesrecorder.xpr-gannett.com/press-release/story/category/channels/page/331/,https://bricked.ai/,https://bricked.ai,85,28,true,false,false,2026-02-19,2026-04-06
0,Channels Archives - Page 331 of 433 - Times Recorder,http://zanesvilletimesrecorder.xpr-gannett.com/press-release/story/category/channels/page/331/,https://bricked.ai/,real estate comping,85,28,true,false,false,2026-02-19,2026-04-06
0,Channels Archives - Page 92 of 195 - Times Recorder,http://zanesvilletimesrecorder.xpr-gannett.com/press-release/story/category/channels/page/92/,https://bricked.ai/discord,Other,82,28,false,false,false,2026-02-08,2026-03-06
0,Channels Archives - Page 92 of 195 - Times Recorder,http://zanesvilletimesrecorder.xpr-gannett.com/press-release/story/category/channels/page/92/,https://bricked.ai/,Bricked AI,82,28,true,false,false,2026-02-08,2026-03-06
0,Channels Archives - Page 92 of 195 - Times Recorder,http://zanesvilletimesrecorder.xpr-gannett.com/press-release/story/category/channels/page/92/,https://bricked.ai/,https://bricked.ai,82,28,true,false,false,2026-02-08,2026-03-06
0,Channels Archives - Page 92 of 195 - Times Recorder,http://zanesvilletimesrecorder.xpr-gannett.com/press-release/story/category/channels/page/92/,https://bricked.ai/,real estate comping,82,28,true,false,false,2026-02-08,2026-03-06
0,Technology Archives - Page 67 of 147 - Times Recorder,http://zanesvilletimesrecorder.xpr-gannett.com/press-release/story/category/channels/technology/page/67/,https://bricked.ai/discord,Other,79,28,false,false,false,2026-02-03,2026-03-05
0,Technology Archives - Page 67 of 147 - Times Recorder,http://zanesvilletimesrecorder.xpr-gannett.com/press-release/story/category/channels/technology/page/67/,https://bricked.ai/,Bricked AI,79,28,true,false,false,2026-02-03,2026-03-05
0,Technology Archives - Page 67 of 147 - Times Recorder,http://zanesvilletimesrecorder.xpr-gannett.com/press-release/story/category/channels/technology/page/67/,https://bricked.ai/,https://bricked.ai,79,28,true,false,false,2026-02-03,2026-03-05
0,Technology Archives - Page 67 of 147 - Times Recorder,http://zanesvilletimesrecorder.xpr-gannett.com/press-release/story/category/channels/technology/page/67/,https://bricked.ai/,real estate comping,79,28,true,false,false,2026-02-03,2026-03-05
0,Technology Archives - Page 69 of 150 - Times Recorder,http://zanesvilletimesrecorder.xpr-gannett.com/press-release/story/category/channels/technology/page/69/,https://bricked.ai/,Bricked AI,49,28,true,false,false,2026-02-06,2026-04-07
0,Technology Archives - Page 69 of 150 - Times Recorder,http://zanesvilletimesrecorder.xpr-gannett.com/press-release/story/category/channels/technology/page/69/,https://bricked.ai/,https://bricked.ai,49,28,true,false,false,2026-02-06,2026-04-07
0,Technology Archives - Page 69 of 150 - Times Recorder,http://zanesvilletimesrecorder.xpr-gannett.com/press-release/story/category/channels/technology/page/69/,https://bricked.ai/,real estate comping,49,28,true,false,false,2026-02-06,2026-04-07
0,Technology Archives - Page 69 of 150 - Times Recorder,http://zanesvilletimesrecorder.xpr-gannett.com/press-release/story/category/channels/technology/page/69/,https://bricked.ai/discord,Other,49,28,false,false,false,2026-02-06,2026-04-07
0,EIN Presswire Archives - Page 358 of 634 - Times Recorder,http://zanesvilletimesrecorder.xpr-gannett.com/press-release/story/category/partners/ein-presswire/page/358/,https://bricked.ai/,Bricked AI,49,28,true,false,false,2026-02-14,2026-03-05
0,EIN Presswire Archives - Page 358 of 634 - Times Recorder,http://zanesvilletimesrecorder.xpr-gannett.com/press-release/story/category/partners/ein-presswire/page/358/,https://bricked.ai/,https://bricked.ai,49,28,true,false,false,2026-02-14,2026-03-05
0,EIN Presswire Archives - Page 358 of 634 - Times Recorder,http://zanesvilletimesrecorder.xpr-gannett.com/press-release/story/category/partners/ein-presswire/page/358/,https://bricked.ai/,real estate comping,49,28,true,false,false,2026-02-14,2026-03-05
0,EIN Presswire Archives - Page 358 of 634 - Times Recorder,http://zanesvilletimesrecorder.xpr-gannett.com/press-release/story/category/partners/ein-presswire/page/358/,https://bricked.ai/discord,Other,49,28,false,false,false,2026-02-14,2026-03-05
0,Partners Archives - Page 1323 of 1635 - Times Recorder,http://zanesvilletimesrecorder.xpr-gannett.com/press-release/story/category/partners/page/1323/,https://bricked.ai/,Bricked AI,82,28,true,false,false,2026-02-22,2026-04-05
0,Partners Archives - Page 1323 of 1635 - Times Recorder,http://zanesvilletimesrecorder.xpr-gannett.com/press-release/story/category/partners/page/1323/,https://bricked.ai/,https://bricked.ai,82,28,true,false,false,2026-02-22,2026-04-05
0,Partners Archives - Page 1323 of 1635 - Times Recorder,http://zanesvilletimesrecorder.xpr-gannett.com/press-release/story/category/partners/page/1323/,https://bricked.ai/,real estate comping,82,28,true,false,false,2026-02-22,2026-04-05
0,Partners Archives - Page 1323 of 1635 - Times Recorder,http://zanesvilletimesrecorder.xpr-gannett.com/press-release/story/category/partners/page/1323/,https://bricked.ai/discord,Other,82,28,false,false,false,2026-02-22,2026-04-05
0,Partners Archives - Page 272 of 584 - Times Recorder,http://zanesvilletimesrecorder.xpr-gannett.com/press-release/story/category/partners/page/272/,https://bricked.ai/discord,Other,90,28,false,false,false,2026-02-06,2026-03-03
0,Partners Archives - Page 272 of 584 - Times Recorder,http://zanesvilletimesrecorder.xpr-gannett.com/press-release/story/category/partners/page/272/,https://bricked.ai/,Bricked AI,90,28,true,false,false,2026-02-06,2026-03-03
0,Partners Archives - Page 272 of 584 - Times Recorder,http://zanesvilletimesrecorder.xpr-gannett.com/press-release/story/category/partners/page/272/,https://bricked.ai/,https://bricked.ai,90,28,true,false,false,2026-02-06,2026-03-03
0,Partners Archives - Page 272 of 584 - Times Recorder,http://zanesvilletimesrecorder.xpr-gannett.com/press-release/story/category/partners/page/272/,https://bricked.ai/,real estate comping,90,28,true,false,false,2026-02-06,2026-03-03
0,Partners Archives - Page 278 of 590 - Times Recorder,http://zanesvilletimesrecorder.xpr-gannett.com/press-release/story/category/partners/page/278/,https://bricked.ai/,Bricked AI,49,28,true,false,false,2026-02-08,2026-03-05
0,Partners Archives - Page 278 of 590 - Times Recorder,http://zanesvilletimesrecorder.xpr-gannett.com/press-release/story/category/partners/page/278/,https://bricked.ai/,https://bricked.ai,49,28,true,false,false,2026-02-08,2026-03-05
0,Partners Archives - Page 278 of 590 - Times Recorder,http://zanesvilletimesrecorder.xpr-gannett.com/press-release/story/category/partners/page/278/,https://bricked.ai/,real estate comping,49,28,true,false,false,2026-02-08,2026-03-05
0,Partners Archives - Page 278 of 590 - Times Recorder,http://zanesvilletimesrecorder.xpr-gannett.com/press-release/story/category/partners/page/278/,https://bricked.ai/discord,Other,49,28,false,false,false,2026-02-08,2026-03-05
0,Partners Archives - Page 360 of 672 - Times Recorder,http://zanesvilletimesrecorder.xpr-gannett.com/press-release/story/category/partners/page/360/,https://bricked.ai/discord,Other,49,28,false,false,false,2026-02-13,2026-03-05
0,Partners Archives - Page 360 of 672 - Times Recorder,http://zanesvilletimesrecorder.xpr-gannett.com/press-release/story/category/partners/page/360/,https://bricked.ai/,Bricked AI,49,28,true,false,false,2026-02-13,2026-03-05
0,Partners Archives - Page 360 of 672 - Times Recorder,http://zanesvilletimesrecorder.xpr-gannett.com/press-release/story/category/partners/page/360/,https://bricked.ai/,https://bricked.ai,49,28,true,false,false,2026-02-13,2026-03-05
0,Partners Archives - Page 360 of 672 - Times Recorder,http://zanesvilletimesrecorder.xpr-gannett.com/press-release/story/category/partners/page/360/,https://bricked.ai/,real estate comping,49,28,true,false,false,2026-02-13,2026-03-05
0,Press Releases Archives - Page 1119 of 1922 - Times Recorder,http://zanesvilletimesrecorder.xpr-gannett.com/press-release/story/category/press-releases/page/1119/,https://bricked.ai/discord,Other,87,28,false,false,false,2026-02-19,2026-05-05
0,Press Releases Archives - Page 1119 of 1922 - Times Recorder,http://zanesvilletimesrecorder.xpr-gannett.com/press-release/story/category/press-releases/page/1119/,https://bricked.ai/,Bricked AI,87,28,true,false,false,2026-02-19,2026-05-05
0,Press Releases Archives - Page 1119 of 1922 - Times Recorder,http://zanesvilletimesrecorder.xpr-gannett.com/press-release/story/category/press-releases/page/1119/,https://bricked.ai/,https://bricked.ai,87,28,true,false,false,2026-02-19,2026-05-05
0,Press Releases Archives - Page 1119 of 1922 - Times Recorder,http://zanesvilletimesrecorder.xpr-gannett.com/press-release/story/category/press-releases/page/1119/,https://bricked.ai/,real estate comping,87,28,true,false,false,2026-02-19,2026-05-05
0,Press Releases Archives - Page 402 of 1206 - Times Recorder,http://zanesvilletimesrecorder.xpr-gannett.com/press-release/story/category/press-releases/page/402/,https://bricked.ai/,Bricked AI,84,28,true,false,false,2026-02-14,2026-03-06
0,Press Releases Archives - Page 402 of 1206 - Times Recorder,http://zanesvilletimesrecorder.xpr-gannett.com/press-release/story/category/press-releases/page/402/,https://bricked.ai/,https://bricked.ai,84,28,true,false,false,2026-02-14,2026-03-06
0,Press Releases Archives - Page 402 of 1206 - Times Recorder,http://zanesvilletimesrecorder.xpr-gannett.com/press-release/story/category/press-releases/page/402/,https://bricked.ai/,real estate comping,84,28,true,false,false,2026-02-14,2026-03-06
0,Press Releases Archives - Page 402 of 1206 - Times Recorder,http://zanesvilletimesrecorder.xpr-gannett.com/press-release/story/category/press-releases/page/402/,https://bricked.ai/discord,Other,84,28,false,false,false,2026-02-14,2026-03-06
0,🏆🏆Boost your Google rankings with Premium PBN & Link Building🏆🏆,https://adcreativevideo.com/all/493/11.html,https://bricked.ai/,High Quality Dofollow Backlinks DA 50 PA 40 Premium PBN Network Service bricked.ai Rank First Page Google Fast SEO Link Building Buy Backlinks Online Cheap,3000,12,false,false,false,2026-08-13,2026-08-31
0,🏆🏆Boost your Google rankings with Premium PBN & Link Building🏆🏆,https://aloysionunes.com/all/493/11.html,https://bricked.ai/,High Quality Dofollow Backlinks DA 50 PA 40 Premium PBN Network Service bricked.ai Rank First Page Google Fast SEO Link Building Buy Backlinks Online Cheap,3000,12,false,false,false,2026-09-15,2026-09-15
0,Bricked AI Launches AI Tool Eliminating Manual Real Estate Comping | America News Observer,https://americanewsobserver.com/article/882078978-bricked-ai-launches-ai-tool-eliminating-manual-real-estate-comping,https://bricked.ai/discord,Other,25,22,true,false,false,2026-01-17,2026-08-04
0,Bricked AI Launches AI Tool Eliminating Manual Real Estate Comping | America News Observer,https://americanewsobserver.com/article/882078978-bricked-ai-launches-ai-tool-eliminating-manual-real-estate-comping,https://bricked.ai/,https://bricked.ai,25,22,true,false,false,2026-01-17,2026-08-04
0,Bricked AI Launches AI Tool Eliminating Manual Real Estate Comping | America News Observer,https://americanewsobserver.com/article/882078978-bricked-ai-launches-ai-tool-eliminating-manual-real-estate-comping,https://bricked.ai/,Bricked AI,25,22,true,false,false,2026-01-17,2026-08-04
0,Bricked AI Launches AI Tool Eliminating Manual Real Estate Comping | America News Observer,https://americanewsobserver.com/article/882078978-bricked-ai-launches-ai-tool-eliminating-manual-real-estate-comping,https://bricked.ai/,real estate comping,25,22,true,false,false,2026-01-17,2026-08-04
0,Bricked AI Launches AI Tool Eliminating Manual Real Estate Comping | American Financial Tribune,https://americanfinancialtribune.com/article/882078978-bricked-ai-launches-ai-tool-eliminating-manual-real-estate-comping,https://bricked.ai/,Bricked AI,25,22,true,false,false,2026-04-01,2026-08-27
0,Bricked AI Launches AI Tool Eliminating Manual Real Estate Comping | American Financial Tribune,https://americanfinancialtribune.com/article/882078978-bricked-ai-launches-ai-tool-eliminating-manual-real-estate-comping,https://bricked.ai/,https://bricked.ai,25,22,true,false,false,2026-04-01,2026-08-27
0,Bricked AI Launches AI Tool Eliminating Manual Real Estate Comping | American Financial Tribune,https://americanfinancialtribune.com/article/882078978-bricked-ai-launches-ai-tool-eliminating-manual-real-estate-comping,https://bricked.ai/,real estate comping,25,22,true,false,false,2026-04-01,2026-08-27
0,Bricked AI Launches AI Tool Eliminating Manual Real Estate Comping | American Financial Tribune,https://americanfinancialtribune.com/article/882078978-bricked-ai-launches-ai-tool-eliminating-manual-real-estate-comping,https://bricked.ai/discord,Other,25,22,true,false,false,2026-04-01,2026-08-27
0,Bricked AI Launches AI Tool Eliminating Manual Real Estate Comping | American Times Reporter,https://americantimesreporter.com/article/882078978-bricked-ai-launches-ai-tool-eliminating-manual-real-estate-comping,https://bricked.ai/,Bricked AI,25,22,true,false,false,2026-03-22,2026-09-01
0,Bricked AI Launches AI Tool Eliminating Manual Real Estate Comping | American Times Reporter,https://americantimesreporter.com/article/882078978-bricked-ai-launches-ai-tool-eliminating-manual-real-estate-comping,https://bricked.ai/,https://bricked.ai,25,22,true,false,false,2026-03-22,2026-09-01
0,Bricked AI Launches AI Tool Eliminating Manual Real Estate Comping | American Times Reporter,https://americantimesreporter.com/article/882078978-bricked-ai-launches-ai-tool-eliminating-manual-real-estate-comping,https://bricked.ai/,real estate comping,25,22,true,false,false,2026-03-22,2026-09-01
0,Bricked AI Launches AI Tool Eliminating Manual Real Estate Comping | American Times Reporter,https://americantimesreporter.com/article/882078978-bricked-ai-launches-ai-tool-eliminating-manual-real-estate-comping,https://bricked.ai/discord,Other,25,22,true,false,false,2026-03-22,2026-09-01
0,Aravind Natchiappan,https://aravindnatch.me/,https://bricked.ai/,Bricked.ai,6,0,false,false,false,2026-07-29,2026-09-20
0,🏆🏆Boost your Google rankings with Premium PBN & Link Building🏆🏆,https://archive-hu.com/all/493/11.html,https://bricked.ai/,High Quality Dofollow Backlinks DA 50 PA 40 Premium PBN Network Service bricked.ai Rank First Page Google Fast SEO Link Building Buy Backlinks Online Cheap,3000,12,false,false,false,2026-09-06,2026-09-06
0,🏆🏆Boost your Google rankings with Premium PBN & Link Building🏆🏆,https://bazerdaily.com/all/492/28.html,https://bricked.ai/,High Quality Dofollow Backlinks DA 50 PA 40 Premium PBN Network Service bricked.ai Rank First Page Google Fast SEO Link Building Buy Backlinks Online Cheap,3000,12,false,false,false,2026-08-22,2026-08-30
0,Bricked AI Review 2026: Real Estate Underwriting Tool Tested,https://bestdealsup.com/bricked-review-n799.html,https://bricked.ai/?ref=find,Try Bricked →,6,21,true,false,false,2026-07-06,2026-09-10
0,🏆🏆Boost your Google rankings with Premium PBN & Link Building🏆🏆,https://bestnz-poker-casinoslot.com/all/493/11.html,https://bricked.ai/,High Quality Dofollow Backlinks DA 50 PA 40 Premium PBN Network Service bricked.ai Rank First Page Google Fast SEO Link Building Buy Backlinks Online Cheap,3000,12,false,false,false,2026-09-17,2026-09-17
0,🏆🏆Boost your Google rankings with Premium PBN & Link Building🏆🏆,https://bestofthefirstcoast.com/all/493/11.html,https://bricked.ai/,High Quality Dofollow Backlinks DA 50 PA 40 Premium PBN Network Service bricked.ai Rank First Page Google Fast SEO Link Building Buy Backlinks Online Cheap,3000,12,false,false,false,2026-09-15,2026-09-15
0,🏆🏆Boost your Google rankings with Premium PBN & Link Building🏆🏆,https://betulcrime.com/all/493/11.html,https://bricked.ai/,High Quality Dofollow Backlinks DA 50 PA 40 Premium PBN Network Service bricked.ai Rank First Page Google Fast SEO Link Building Buy Backlinks Online Cheap,3000,12,false,false,false,2026-08-22,2026-09-18
0,🏆🏆Boost your Google rankings with Premium PBN & Link Building🏆🏆,https://betwinnermirror.com/all/493/11.html,https://bricked.ai/,High Quality Dofollow Backlinks DA 50 PA 40 Premium PBN Network Service bricked.ai Rank First Page Google Fast SEO Link Building Buy Backlinks Online Cheap,3000,12,false,false,false,2026-08-23,2026-08-23
0,"Powerful White Hat SEO Links to Strengthen Your Link Profile. Drive Qualified Visitors, for Long Term SEO Results.",https://betwinnermirror.com/link-juice-directory/powerful-white-hat-seo-links-to-strengthen-your-link-profile-drive-qualified-visitors-for-long-term-seo-results-d2dd8d.html,https://bricked.ai/,High Quality Dofollow Backlinks DA 50 PA 40 Premium PBN Network Service bricked.ai Rank First Page Google Fast SEO Link Building Buy Backlinks Online Cheap,3000,2,false,false,false,2026-09-16,2026-09-16
0,🏆🏆Boost your Google rankings with Premium PBN & Link Building🏆🏆,https://bisprofit.com/all/492/28.html,https://bricked.ai/,High Quality Dofollow Backlinks DA 50 PA 40 Premium PBN Network Service bricked.ai Rank First Page Google Fast SEO Link Building Buy Backlinks Online Cheap,3000,12,false,false,false,2026-06-30,2026-09-12
0,Bricked AI Review 2026: Real Estate Underwriting Tool Tested,https://bitunjx.com/bricked-review-n799.html,https://bricked.ai/?ref=find,Try Bricked →,6,21,true,false,false,2026-08-06,2026-09-21
0,🏆🏆Boost your Google rankings with Premium PBN & Link Building🏆🏆,https://blogerreviewers.com/all/493/11.html,https://bricked.ai/,High Quality Dofollow Backlinks DA 50 PA 40 Premium PBN Network Service bricked.ai Rank First Page Google Fast SEO Link Building Buy Backlinks Online Cheap,3000,12,false,false,false,2026-08-25,2026-09-03
0,✅ Website Stats 📊,https://blogsphere.top/stats/137185,https://bricked.ai/,bricked.ai,3500,21,true,false,false,2026-05-15,2026-08-22
0,Buy High Quality Dofollow Seo Backlinks to Rank on 1st Page,https://boosttraffic.site/bkqu-get-ranking-on-1st-page-with-us,https://bricked.ai/,bricked.ai,8000,750,true,false,false,2026-09-16,2026-09-16
0,🏆🏆Boost your Google rankings with Premium PBN & Link Building🏆🏆,https://breachviews.com/all/493/11.html,https://bricked.ai/,High Quality Dofollow Backlinks DA 50 PA 40 Premium PBN Network Service bricked.ai Rank First Page Google Fast SEO Link Building Buy Backlinks Online Cheap,3000,12,false,false,false,2026-08-10,2026-08-29
0,"Premium SEO Authority Backlinks for Higher DA and DR Scores. Outrank Your Competitors, with Safe Link Velocity.",https://breachviews.com/page-authority-index/premium-seo-authority-backlinks-for-higher-da-and-dr-scores-outrank-your-competitors-with-safe-link-velocity-6f49b2.html,https://bricked.ai/,High Quality Dofollow Backlinks DA 50 PA 40 Premium PBN Network Service bricked.ai Rank First Page Google Fast SEO Link Building Buy Backlinks Online Cheap,3000,2,false,false,false,2026-09-12,2026-09-12
0,❤️ URL Shared ❤️,https://buzzshrink.website/share/137185,https://bricked.ai/,bricked.ai,3500,21,true,false,false,2026-09-08,2026-09-08
0,👲 Domain Report 👲,https://byteshort.xyz/report/137185,https://bricked.ai/,bricked.ai,3500,21,true,false,false,2026-07-17,2026-07-17
0,Abhi Bharatham | Cal.com,https://cal.com/abhiram-bharatham-bpga78,https://bricked.ai/,https://bricked.ai/,1,3,true,false,false,2026-01-13,2026-09-09
0,🏆🏆Boost your Google rankings with Premium PBN & Link Building🏆🏆,https://canadapsilocybin.com/all/493/11.html,https://bricked.ai/,High Quality Dofollow Backlinks DA 50 PA 40 Premium PBN Network Service bricked.ai Rank First Page Google Fast SEO Link Building Buy Backlinks Online Cheap,3000,12,false,false,false,2026-09-16,2026-09-16
0,"High Quality Niche Edit Links for Higher DA and DR Scores. Build Lasting Authority, Across Every Niche and Market.",https://canlisohbethatlari.online/niche-relevance-hub/high-quality-niche-edit-links-for-higher-da-and-dr-scores-build-lasting-authority-across-every-niche-and-market-91e72e.html,https://bricked.ai/,"Powerful High DA Backlinks for bricked.ai to Improve Citation Flow. Outrank Your Competitors, and Grow Your Business Online.",5000,2,false,false,false,2026-09-16,2026-09-16
0,🏆🏆Boost your Google rankings with Premium PBN & Link Building🏆🏆,https://casinooftheking.com/all/493/11.html,https://bricked.ai/,High Quality Dofollow Backlinks DA 50 PA 40 Premium PBN Network Service bricked.ai Rank First Page Google Fast SEO Link Building Buy Backlinks Online Cheap,3000,12,false,false,false,2026-08-07,2026-08-24
0,"Powerful PBN Backlinks for Higher DA and DR Scores. Strengthen Website Reputation, Across Every Niche and Market.",https://casinooftheking.com/serp-growth-network/powerful-pbn-backlinks-for-higher-da-and-dr-scores-strengthen-website-reputation-across-every-niche-and-market-4f9e0c.html,https://bricked.ai/,High Quality Dofollow Backlinks DA 50 PA 40 Premium PBN Network Service bricked.ai Rank First Page Google Fast SEO Link Building Buy Backlinks Online Cheap,3000,2,false,false,false,2026-09-12,2026-09-12
0,🏆🏆Boost your Google rankings with Premium PBN & Link Building🏆🏆,https://cgpa2percentag.com/all/493/11.html,https://bricked.ai/,High Quality Dofollow Backlinks DA 50 PA 40 Premium PBN Network Service bricked.ai Rank First Page Google Fast SEO Link Building Buy Backlinks Online Cheap,3000,12,false,false,false,2026-08-15,2026-09-14
0,"Reliable Contextual Link Placements Designed to Improve DA, DR and TF. Build Lasting Authority, Across Every Niche and Market.",https://chordmp3.net/seo-metrics-hub/reliable-contextual-link-placements-designed-to-improve-da-dr-and-tf-build-lasting-authority-across-every-niche-and-market-89bfdb.html,https://bricked.ai/,High Quality Dofollow Backlinks DA 50 PA 40 Premium PBN Network Service bricked.ai Rank First Page Google Fast SEO Link Building Buy Backlinks Online Cheap,3000,2,false,false,false,2026-09-18,2026-09-18
0,🏆🏆Boost your Google rankings with Premium PBN & Link Building🏆🏆,https://cindylaup.com/all/492/28.html,https://bricked.ai/,High Quality Dofollow Backlinks DA 50 PA 40 Premium PBN Network Service bricked.ai Rank First Page Google Fast SEO Link Building Buy Backlinks Online Cheap,3000,12,false,false,false,2026-06-28,2026-08-18
0,🏆🏆Boost your Google rankings with Premium PBN & Link Building🏆🏆,https://clifflisting.com/all/493/11.html,https://bricked.ai/,High Quality Dofollow Backlinks DA 50 PA 40 Premium PBN Network Service bricked.ai Rank First Page Google Fast SEO Link Building Buy Backlinks Online Cheap,3000,12,false,false,false,2026-08-29,2026-09-17
0,🏆🏆Boost your Google rankings with Premium PBN & Link Building🏆🏆,https://cmocheatsheets.com/all/493/11.html,https://bricked.ai/,High Quality Dofollow Backlinks DA 50 PA 40 Premium PBN Network Service bricked.ai Rank First Page Google Fast SEO Link Building Buy Backlinks Online Cheap,3000,12,false,false,false,2026-08-16,2026-08-27
0,"Expert Tiered Link Building Designed to Improve DA, DR and TF. Outrank Your Competitors, with Full Placement Reporting.",https://cmocheatsheets.com/outreach-directory/expert-tiered-link-building-designed-to-improve-da-dr-and-tf-outrank-your-competitors-with-full-placement-reporting-013993.html,https://bricked.ai/,High Quality Dofollow Backlinks DA 50 PA 40 Premium PBN Network Service bricked.ai Rank First Page Google Fast SEO Link Building Buy Backlinks Online Cheap,3000,2,false,false,false,2026-09-11,2026-09-11
0,🏆🏆Boost your Google rankings with Premium PBN & Link Building🏆🏆,https://coruzants.com/all/493/11.html,https://bricked.ai/,High Quality Dofollow Backlinks DA 50 PA 40 Premium PBN Network Service bricked.ai Rank First Page Google Fast SEO Link Building Buy Backlinks Online Cheap,3000,12,false,false,false,2026-08-18,2026-09-16
0,✅ Website Stats 📊,https://creativeposts.top/stats/137185,https://bricked.ai/,bricked.ai,3500,21,true,false,false,2026-05-13,2026-08-18
0,✅ Website Stats 📊,https://creativeposts.top/stats/137186,https://bricked.ai/,bricked.ai,3500,21,true,false,false,2026-08-17,2026-08-17
0,"Proven Niche Edit Links to Improve Citation Flow. Build Lasting Authority, for Competitive SERP Results.",https://crinto.shop/crawl-index-network/proven-niche-edit-links-to-improve-citation-flow-build-lasting-authority-for-competitive-serp-results-e5b741.html,https://bricked.ai/,High Quality Dofollow Backlinks DA 50 PA 40 Premium PBN Network Service bricked.ai Rank First Page Google Fast SEO Link Building Buy Backlinks Online Cheap,200,2,false,false,false,2026-09-10,2026-09-10
0,"Expert Dofollow Link Building to Improve Citation Flow. Build Lasting Authority, for Long Term SEO Results.",https://cripio.shop/tiered-link-archive/expert-dofollow-link-building-to-improve-citation-flow-build-lasting-authority-for-long-term-seo-results-4eed57.html,https://bricked.ai/,High Quality Dofollow Backlinks DA 50 PA 40 Premium PBN Network Service bricked.ai Rank First Page Google Fast SEO Link Building Buy Backlinks Online Cheap,200,2,false,false,false,2026-09-13,2026-09-13
0,🏆🏆Boost your Google rankings with Premium PBN & Link Building🏆🏆,https://cvillico.com/all/493/11.html,https://bricked.ai/,High Quality Dofollow Backlinks DA 50 PA 40 Premium PBN Network Service bricked.ai Rank First Page Google Fast SEO Link Building Buy Backlinks Online Cheap,3000,12,false,false,false,2026-08-14,2026-09-19
0,🏆🏆Boost your Google rankings with Premium PBN & Link Building🏆🏆,https://daechul.co.com/all/493/11.html,https://bricked.ai/,High Quality Dofollow Backlinks DA 50 PA 40 Premium PBN Network Service bricked.ai Rank First Page Google Fast SEO Link Building Buy Backlinks Online Cheap,3000,12,false,false,false,2026-07-13,2026-08-28
0,✅ Website Stats 📊,https://dailymusings.top/stats/137185,https://bricked.ai/,bricked.ai,3500,21,true,false,false,2026-05-19,2026-08-19
0,🏆🏆Boost your Google rankings with Premium PBN & Link Building🏆🏆,https://digitalchatni.com/all/493/11.html,https://bricked.ai/,High Quality Dofollow Backlinks DA 50 PA 40 Premium PBN Network Service bricked.ai Rank First Page Google Fast SEO Link Building Buy Backlinks Online Cheap,3000,12,false,false,false,2026-09-05,2026-09-22
0,"Professional Dofollow Link Building to Improve Citation Flow. Strengthen Website Reputation, with Safe Link Velocity.",https://digitalseotool.com/citation-network/professional-dofollow-link-building-to-improve-citation-flow-strengthen-website-reputation-with-safe-link-velocity-6a7eaa.html,https://bricked.ai/,High Quality Dofollow Backlinks DA 50 PA 40 Premium PBN Network Service bricked.ai Rank First Page Google Fast SEO Link Building Buy Backlinks Online Cheap,3000,2,false,false,false,2026-09-18,2026-09-18
0,"Premium Tiered Link Building to Boost Domain Authority. Strengthen Website Reputation, and Grow Your Business Online.",https://drobo.shop/link-juice-directory/premium-tiered-link-building-to-boost-domain-authority-strengthen-website-reputation-and-grow-your-business-online-d09641.html,https://bricked.ai/,"Powerful High DA Backlinks for bricked.ai to Improve Citation Flow. Outrank Your Competitors, and Grow Your Business Online.",5000,2,false,false,false,2026-09-19,2026-09-19
0,🏆🏆Boost your Google rankings with Premium PBN & Link Building🏆🏆,https://dupurgeniefr.com/all/493/11.html,https://bricked.ai/,High Quality Dofollow Backlinks DA 50 PA 40 Premium PBN Network Service bricked.ai Rank First Page Google Fast SEO Link Building Buy Backlinks Online Cheap,3000,12,false,false,false,2026-08-01,2026-09-15
0,Buy High Quality Dofollow Seo Backlinks to Rank on 1st Page,https://eliteseo.site/bwrk-get-ranking-on-1st-page-with-us,https://bricked.ai/,bricked.ai,8000,750,true,false,false,2026-09-09,2026-09-17
0,🏆🏆Boost your Google rankings with Premium PBN & Link Building🏆🏆,https://emergencydentistinrichmondva.com/all/493/11.html,https://bricked.ai/,High Quality Dofollow Backlinks DA 50 PA 40 Premium PBN Network Service bricked.ai Rank First Page Google Fast SEO Link Building Buy Backlinks Online Cheap,3000,12,false,false,false,2026-09-12,2026-09-21
0,Bricked AI Launches AI Tool Eliminating Manual Real Estate Comping | European Morning Report,https://europeanmorning.com/article/882078978-bricked-ai-launches-ai-tool-eliminating-manual-real-estate-comping,https://bricked.ai/,https://bricked.ai,25,22,true,false,false,2026-02-19,2026-08-05
0,Bricked AI Launches AI Tool Eliminating Manual Real Estate Comping | European Morning Report,https://europeanmorning.com/article/882078978-bricked-ai-launches-ai-tool-eliminating-manual-real-estate-comping,https://bricked.ai/,Bricked AI,25,22,true,false,false,2026-02-19,2026-08-05
0,Bricked AI Launches AI Tool Eliminating Manual Real Estate Comping | European Morning Report,https://europeanmorning.com/article/882078978-bricked-ai-launches-ai-tool-eliminating-manual-real-estate-comping,https://bricked.ai/,real estate comping,25,22,true,false,false,2026-02-19,2026-08-05
0,Bricked AI Launches AI Tool Eliminating Manual Real Estate Comping | European Morning Report,https://europeanmorning.com/article/882078978-bricked-ai-launches-ai-tool-eliminating-manual-real-estate-comping,https://bricked.ai/discord,Other,25,22,true,false,false,2026-02-19,2026-08-05
0,Bricked AI Launches AI Tool Eliminating Manual Real Estate Comping | Europe Construction Daily,https://europeconstructiondaily.com/article/882078978-bricked-ai-launches-ai-tool-eliminating-manual-real-estate-comping,https://bricked.ai/,Bricked AI,25,22,true,false,false,2026-03-20,2026-09-05
0,Bricked AI Launches AI Tool Eliminating Manual Real Estate Comping | Europe Construction Daily,https://europeconstructiondaily.com/article/882078978-bricked-ai-launches-ai-tool-eliminating-manual-real-estate-comping,https://bricked.ai/,https://bricked.ai,25,22,true,false,false,2026-03-20,2026-09-05
0,Bricked AI Launches AI Tool Eliminating Manual Real Estate Comping | Europe Construction Daily,https://europeconstructiondaily.com/article/882078978-bricked-ai-launches-ai-tool-eliminating-manual-real-estate-comping,https://bricked.ai/,real estate comping,25,22,true,false,false,2026-03-20,2026-09-05
0,Bricked AI Launches AI Tool Eliminating Manual Real Estate Comping | Europe Construction Daily,https://europeconstructiondaily.com/article/882078978-bricked-ai-launches-ai-tool-eliminating-manual-real-estate-comping,https://bricked.ai/discord,Other,25,22,true,false,false,2026-03-20,2026-09-05
0,🏆🏆Boost your Google rankings with Premium PBN & Link Building🏆🏆,https://exotichealths.com/all/493/11.html,https://bricked.ai/,High Quality Dofollow Backlinks DA 50 PA 40 Premium PBN Network Service bricked.ai Rank First Page Google Fast SEO Link Building Buy Backlinks Online Cheap,3000,12,false,false,false,2026-08-03,2026-08-20
0,🏆🏆Boost your Google rankings with Premium PBN & Link Building🏆🏆,https://fashionclothingnews.com/all/493/11.html,https://bricked.ai/,High Quality Dofollow Backlinks DA 50 PA 40 Premium PBN Network Service bricked.ai Rank First Page Google Fast SEO Link Building Buy Backlinks Online Cheap,3000,12,false,false,false,2026-09-08,2026-09-08
0,🏆🏆Boost your Google rankings with Premium PBN & Link Building🏆🏆,https://fastlifesite.com/all/493/11.html,https://bricked.ai/,High Quality Dofollow Backlinks DA 50 PA 40 Premium PBN Network Service bricked.ai Rank First Page Google Fast SEO Link Building Buy Backlinks Online Cheap,3000,12,false,false,false,2026-08-10,2026-09-09
0,"Proven PBN Backlinks Designed to Improve DA, DR and TF. Grow Search Traffic, Across Every Niche and Market.",https://fioro.shop/trust-flow-directory/proven-pbn-backlinks-designed-to-improve-da-dr-and-tf-grow-search-traffic-across-every-niche-and-market-655070.html,https://bricked.ai/,"Powerful High DA Backlinks for bricked.ai to Improve Citation Flow. Outrank Your Competitors, and Grow Your Business Online.",5000,2,false,false,false,2026-09-16,2026-09-16
0,🏆🏆Boost your Google rankings with Premium PBN & Link Building🏆🏆,https://firstguestpost.com/all/493/11.html,https://bricked.ai/,High Quality Dofollow Backlinks DA 50 PA 40 Premium PBN Network Service bricked.ai Rank First Page Google Fast SEO Link Building Buy Backlinks Online Cheap,3000,12,false,false,false,2026-08-26,2026-08-26
0,🏆🏆Boost your Google rankings with Premium PBN & Link Building🏆🏆,https://fittyfoody.com/all/492/28.html,https://bricked.ai/,High Quality Dofollow Backlinks DA 50 PA 40 Premium PBN Network Service bricked.ai Rank First Page Google Fast SEO Link Building Buy Backlinks Online Cheap,3000,12,false,false,false,2026-08-28,2026-08-28
0,🏆🏆Boost your Google rankings with Premium PBN & Link Building🏆🏆,https://fletcherrld.com/all/493/11.html,https://bricked.ai/,High Quality Dofollow Backlinks DA 50 PA 40 Premium PBN Network Service bricked.ai Rank First Page Google Fast SEO Link Building Buy Backlinks Online Cheap,3000,12,false,false,false,2026-08-17,2026-09-15
0,🏆🏆Boost your Google rankings with Premium PBN & Link Building🏆🏆,https://ggmap.co.com/all/493/11.html,https://bricked.ai/,High Quality Dofollow Backlinks DA 50 PA 40 Premium PBN Network Service bricked.ai Rank First Page Google Fast SEO Link Building Buy Backlinks Online Cheap,3000,12,false,false,false,2026-09-09,2026-09-09
0,🏆🏆Boost your Google rankings with Premium PBN & Link Building🏆🏆,https://ggmap.us.com/all/493/11.html,https://bricked.ai/,High Quality Dofollow Backlinks DA 50 PA 40 Premium PBN Network Service bricked.ai Rank First Page Google Fast SEO Link Building Buy Backlinks Online Cheap,3000,12,false,false,false,2026-07-14,2026-09-07
0,🏆🏆Boost your Google rankings with Premium PBN & Link Building🏆🏆,https://gladeflowers.com/all/493/11.html,https://bricked.ai/,High Quality Dofollow Backlinks DA 50 PA 40 Premium PBN Network Service bricked.ai Rank First Page Google Fast SEO Link Building Buy Backlinks Online Cheap,3000,12,false,false,false,2026-09-01,2026-09-01
0,Bricked AI Launches AI Tool Eliminating Manual Real Estate Comping | Global Real Estate Watch,https://globalrealestatewatch.com/article/882078978-bricked-ai-launches-ai-tool-eliminating-manual-real-estate-comping,https://bricked.ai/,Bricked AI,25,22,true,false,false,2026-03-19,2026-08-28
0,Bricked AI Launches AI Tool Eliminating Manual Real Estate Comping | Global Real Estate Watch,https://globalrealestatewatch.com/article/882078978-bricked-ai-launches-ai-tool-eliminating-manual-real-estate-comping,https://bricked.ai/,https://bricked.ai,25,22,true,false,false,2026-03-19,2026-08-28
0,Bricked AI Launches AI Tool Eliminating Manual Real Estate Comping | Global Real Estate Watch,https://globalrealestatewatch.com/article/882078978-bricked-ai-launches-ai-tool-eliminating-manual-real-estate-comping,https://bricked.ai/,real estate comping,25,22,true,false,false,2026-03-19,2026-08-28
0,Bricked AI Launches AI Tool Eliminating Manual Real Estate Comping | Global Real Estate Watch,https://globalrealestatewatch.com/article/882078978-bricked-ai-launches-ai-tool-eliminating-manual-real-estate-comping,https://bricked.ai/discord,Other,25,22,true,false,false,2026-03-19,2026-08-28
0,Bricked AI Launches AI Tool Eliminating Manual Real Estate Comping - 1stcounsel.com,https://gxs.lfp.mybluehost.me/story/110260/bricked-ai-launches-ai-tool-eliminating-manual-real-estate-comping/,https://bricked.ai/,Bricked AI,8,16,true,false,false,2026-02-09,2026-03-31
0,Bricked AI Launches AI Tool Eliminating Manual Real Estate Comping - 1stcounsel.com,https://gxs.lfp.mybluehost.me/story/110260/bricked-ai-launches-ai-tool-eliminating-manual-real-estate-comping/,https://bricked.ai/,https://bricked.ai,8,16,true,false,false,2026-02-09,2026-03-31
0,Bricked AI Launches AI Tool Eliminating Manual Real Estate Comping - 1stcounsel.com,https://gxs.lfp.mybluehost.me/story/110260/bricked-ai-launches-ai-tool-eliminating-manual-real-estate-comping/,https://bricked.ai/,real estate comping,8,16,true,false,false,2026-02-09,2026-03-31
0,Bricked AI Launches AI Tool Eliminating Manual Real Estate Comping - 1stcounsel.com,https://gxs.lfp.mybluehost.me/story/110260/bricked-ai-launches-ai-tool-eliminating-manual-real-estate-comping/,https://bricked.ai/discord,Other,8,16,false,false,false,2026-02-09,2026-03-31
0,🏆🏆Boost your Google rankings with Premium PBN & Link Building🏆🏆,https://homesforsaleoldgreenwichct.com/all/493/11.html,https://bricked.ai/,High Quality Dofollow Backlinks DA 50 PA 40 Premium PBN Network Service bricked.ai Rank First Page Google Fast SEO Link Building Buy Backlinks Online Cheap,3000,12,false,false,false,2026-09-01,2026-09-13
0,🏆🏆Boost your Google rankings with Premium PBN & Link Building🏆🏆,https://hostprinter.com/all/492/28.html,https://bricked.ai/,High Quality Dofollow Backlinks DA 50 PA 40 Premium PBN Network Service bricked.ai Rank First Page Google Fast SEO Link Building Buy Backlinks Online Cheap,3000,12,false,false,false,2026-08-28,2026-08-28
0,🏆🏆Boost your Google rankings with Premium PBN & Link Building🏆🏆,https://hotonlinegaming.com/all/493/11.html,https://bricked.ai/,High Quality Dofollow Backlinks DA 50 PA 40 Premium PBN Network Service bricked.ai Rank First Page Google Fast SEO Link Building Buy Backlinks Online Cheap,3000,12,false,false,false,2026-08-04,2026-09-04
0,Home - Page 279 of 1182 - IndyStar | The Indianapolis Star,https://indystar.xpr-gannett.com/home/page/279/,https://bricked.ai/,Bricked AI,53,28,true,false,false,2026-01-31,2026-03-08
0,Home - Page 279 of 1182 - IndyStar | The Indianapolis Star,https://indystar.xpr-gannett.com/home/page/279/,https://bricked.ai/,https://bricked.ai,53,28,true,false,false,2026-01-31,2026-03-08
0,Home - Page 279 of 1182 - IndyStar | The Indianapolis Star,https://indystar.xpr-gannett.com/home/page/279/,https://bricked.ai/,real estate comping,53,28,true,false,false,2026-01-31,2026-03-08
0,Home - Page 279 of 1182 - IndyStar | The Indianapolis Star,https://indystar.xpr-gannett.com/home/page/279/,https://bricked.ai/discord,Other,53,28,false,false,false,2026-01-31,2026-03-08
0,Home - Page 281 of 1183 - IndyStar | The Indianapolis Star,https://indystar.xpr-gannett.com/home/page/281/,https://bricked.ai/,Bricked AI,91,28,true,false,false,2026-02-03,2026-04-02
0,Home - Page 281 of 1183 - IndyStar | The Indianapolis Star,https://indystar.xpr-gannett.com/home/page/281/,https://bricked.ai/,https://bricked.ai,91,28,true,false,false,2026-02-03,2026-04-02
0,Home - Page 281 of 1183 - IndyStar | The Indianapolis Star,https://indystar.xpr-gannett.com/home/page/281/,https://bricked.ai/,real estate comping,91,28,true,false,false,2026-02-03,2026-04-02
0,Home - Page 281 of 1183 - IndyStar | The Indianapolis Star,https://indystar.xpr-gannett.com/home/page/281/,https://bricked.ai/discord,Other,91,28,false,false,false,2026-02-03,2026-04-02
0,Home - Page 428 of 1331 - IndyStar | The Indianapolis Star,https://indystar.xpr-gannett.com/home/page/428/,https://bricked.ai/,Bricked AI,55,28,true,false,false,2026-02-14,2026-04-08
0,Home - Page 428 of 1331 - IndyStar | The Indianapolis Star,https://indystar.xpr-gannett.com/home/page/428/,https://bricked.ai/,https://bricked.ai,55,28,true,false,false,2026-02-14,2026-04-08
0,Home - Page 428 of 1331 - IndyStar | The Indianapolis Star,https://indystar.xpr-gannett.com/home/page/428/,https://bricked.ai/,real estate comping,55,28,true,false,false,2026-02-14,2026-04-08
0,Home - Page 428 of 1331 - IndyStar | The Indianapolis Star,https://indystar.xpr-gannett.com/home/page/428/,https://bricked.ai/discord,Other,55,28,false,false,false,2026-02-14,2026-04-08
0,Bricked AI Launches AI Tool Eliminating Manual Real Estate Comping | International World Times,https://internationalworldtimes.com/article/882078978-bricked-ai-launches-ai-tool-eliminating-manual-real-estate-comping,https://bricked.ai/,Bricked AI,25,22,true,false,false,2026-02-12,2026-08-19
0,Bricked AI Launches AI Tool Eliminating Manual Real Estate Comping | International World Times,https://internationalworldtimes.com/article/882078978-bricked-ai-launches-ai-tool-eliminating-manual-real-estate-comping,https://bricked.ai/,https://bricked.ai,25,22,true,false,false,2026-02-12,2026-08-19
0,Bricked AI Launches AI Tool Eliminating Manual Real Estate Comping | International World Times,https://internationalworldtimes.com/article/882078978-bricked-ai-launches-ai-tool-eliminating-manual-real-estate-comping,https://bricked.ai/,real estate comping,25,22,true,false,false,2026-02-12,2026-08-19
0,Bricked AI Launches AI Tool Eliminating Manual Real Estate Comping | International World Times,https://internationalworldtimes.com/article/882078978-bricked-ai-launches-ai-tool-eliminating-manual-real-estate-comping,https://bricked.ai/discord,Other,25,22,true,false,false,2026-02-12,2026-08-19
0,"Trusted Niche Edit Links to Boost Domain Authority. Build Lasting Authority, with Safe Link Velocity.",https://juvex.shop/referring-domains/trusted-niche-edit-links-to-boost-domain-authority-build-lasting-authority-with-safe-link-velocity-06ef08.html,https://bricked.ai/,High Quality Dofollow Backlinks DA 50 PA 40 Premium PBN Network Service bricked.ai Rank First Page Google Fast SEO Link Building Buy Backlinks Online Cheap,200,2,false,false,false,2026-08-30,2026-08-30
0,🏆🏆Boost your Google rankings with Premium PBN & Link Building🏆🏆,https://kkinsider.com/all/493/11.html,https://bricked.ai/,High Quality Dofollow Backlinks DA 50 PA 40 Premium PBN Network Service bricked.ai Rank First Page Google Fast SEO Link Building Buy Backlinks Online Cheap,3000,12,false,false,false,2026-09-12,2026-09-12
0,Bricked MCP server and markdown API — Known Good,https://knowngood.sh/site/docs.bricked.ai,https://docs.bricked.ai/,visit site →,1,49,true,false,false,2026-09-02,2026-09-19
0,"Expert PBN Backlinks to Boost Domain Authority. Grow Search Traffic, and Grow Your Business Online.",https://krito.shop/backlink-audit-hub/expert-pbn-backlinks-to-boost-domain-authority-grow-search-traffic-and-grow-your-business-online-d55f17.html,https://bricked.ai/,High Quality Dofollow Backlinks DA 50 PA 40 Premium PBN Network Service bricked.ai Rank First Page Google Fast SEO Link Building Buy Backlinks Online Cheap,200,2,false,false,false,2026-09-01,2026-09-01
0,Bricked AI Launches AI Tool Eliminating Manual Real Estate Comping | lifestyle.humane.net,https://lifestyle.humane.net/story/402266/bricked-ai-launches-ai-tool-eliminating-manual-real-estate-comping/,https://bricked.ai/discord,Other,11,23,false,false,false,2026-01-13,2026-07-11
0,Bricked AI Launches AI Tool Eliminating Manual Real Estate Comping | lifestyle.humane.net,https://lifestyle.humane.net/story/402266/bricked-ai-launches-ai-tool-eliminating-manual-real-estate-comping/,https://bricked.ai/,Bricked AI,11,23,true,false,false,2026-01-13,2026-07-11
0,Bricked AI Launches AI Tool Eliminating Manual Real Estate Comping | lifestyle.humane.net,https://lifestyle.humane.net/story/402266/bricked-ai-launches-ai-tool-eliminating-manual-real-estate-comping/,https://bricked.ai/,https://bricked.ai,11,23,true,false,false,2026-01-13,2026-07-11
0,Bricked AI Launches AI Tool Eliminating Manual Real Estate Comping | lifestyle.humane.net,https://lifestyle.humane.net/story/402266/bricked-ai-launches-ai-tool-eliminating-manual-real-estate-comping/,https://bricked.ai/,real estate comping,11,23,true,false,false,2026-01-13,2026-07-11
0,Bricked AI Launches AI Tool Eliminating Manual Real Estate Comping | lifestyle.nextmentors.com,https://lifestyle.nextmentors.com/story/406199/bricked-ai-launches-ai-tool-eliminating-manual-real-estate-comping/,https://bricked.ai/discord,Other,11,23,false,false,false,2026-01-12,2026-06-25
0,Bricked AI Launches AI Tool Eliminating Manual Real Estate Comping | lifestyle.nextmentors.com,https://lifestyle.nextmentors.com/story/406199/bricked-ai-launches-ai-tool-eliminating-manual-real-estate-comping/,https://bricked.ai/,Bricked AI,11,23,true,false,false,2026-01-12,2026-06-25
0,Bricked AI Launches AI Tool Eliminating Manual Real Estate Comping | lifestyle.nextmentors.com,https://lifestyle.nextmentors.com/story/406199/bricked-ai-launches-ai-tool-eliminating-manual-real-estate-comping/,https://bricked.ai/,https://bricked.ai,11,23,true,false,false,2026-01-12,2026-06-25
0,Bricked AI Launches AI Tool Eliminating Manual Real Estate Comping | lifestyle.nextmentors.com,https://lifestyle.nextmentors.com/story/406199/bricked-ai-launches-ai-tool-eliminating-manual-real-estate-comping/,https://bricked.ai/,real estate comping,11,23,true,false,false,2026-01-12,2026-06-25
0,Bricked AI Launches AI Tool Eliminating Manual Real Estate Comping | lifestyle.smarttalksuccess.com,https://lifestyle.smarttalksuccess.com/story/408140/bricked-ai-launches-ai-tool-eliminating-manual-real-estate-comping/,https://bricked.ai/,Bricked AI,11,23,true,false,false,2026-01-13,2026-07-10
0,Bricked AI Launches AI Tool Eliminating Manual Real Estate Comping | lifestyle.smarttalksuccess.com,https://lifestyle.smarttalksuccess.com/story/408140/bricked-ai-launches-ai-tool-eliminating-manual-real-estate-comping/,https://bricked.ai/,https://bricked.ai,11,23,true,false,false,2026-01-13,2026-07-10
0,Bricked AI Launches AI Tool Eliminating Manual Real Estate Comping | lifestyle.smarttalksuccess.com,https://lifestyle.smarttalksuccess.com/story/408140/bricked-ai-launches-ai-tool-eliminating-manual-real-estate-comping/,https://bricked.ai/,real estate comping,11,23,true,false,false,2026-01-13,2026-07-10
0,Bricked AI Launches AI Tool Eliminating Manual Real Estate Comping | lifestyle.smarttalksuccess.com,https://lifestyle.smarttalksuccess.com/story/408140/bricked-ai-launches-ai-tool-eliminating-manual-real-estate-comping/,https://bricked.ai/discord,Other,11,23,false,false,false,2026-01-13,2026-07-10
0,Bricked AI Launches AI Tool Eliminating Manual Real Estate Comping | lifestyle.ukuncut.org.uk,https://lifestyle.ukuncut.org.uk/story/396119/bricked-ai-launches-ai-tool-eliminating-manual-real-estate-comping/,https://bricked.ai/,Bricked AI,11,23,true,false,false,2026-02-14,2026-07-12
0,Bricked AI Launches AI Tool Eliminating Manual Real Estate Comping | lifestyle.ukuncut.org.uk,https://lifestyle.ukuncut.org.uk/story/396119/bricked-ai-launches-ai-tool-eliminating-manual-real-estate-comping/,https://bricked.ai/,https://bricked.ai,11,23,true,false,false,2026-02-14,2026-07-12
0,Bricked AI Launches AI Tool Eliminating Manual Real Estate Comping | lifestyle.ukuncut.org.uk,https://lifestyle.ukuncut.org.uk/story/396119/bricked-ai-launches-ai-tool-eliminating-manual-real-estate-comping/,https://bricked.ai/,real estate comping,11,23,true,false,false,2026-02-14,2026-07-12
0,Bricked AI Launches AI Tool Eliminating Manual Real Estate Comping | lifestyle.ukuncut.org.uk,https://lifestyle.ukuncut.org.uk/story/396119/bricked-ai-launches-ai-tool-eliminating-manual-real-estate-comping/,https://bricked.ai/discord,Other,11,23,false,false,false,2026-02-14,2026-07-12
0,Bricked AI Launches AI Tool Eliminating Manual Real Estate Comping | lifestyle.washingtonguardian.com,https://lifestyle.washingtonguardian.com/story/405397/bricked-ai-launches-ai-tool-eliminating-manual-real-estate-comping/,https://bricked.ai/,Bricked AI,11,23,true,false,false,2026-01-13,2026-07-04
0,Bricked AI Launches AI Tool Eliminating Manual Real Estate Comping | lifestyle.washingtonguardian.com,https://lifestyle.washingtonguardian.com/story/405397/bricked-ai-launches-ai-tool-eliminating-manual-real-estate-comping/,https://bricked.ai/,https://bricked.ai,11,23,true,false,false,2026-01-13,2026-07-04
0,Bricked AI Launches AI Tool Eliminating Manual Real Estate Comping | lifestyle.washingtonguardian.com,https://lifestyle.washingtonguardian.com/story/405397/bricked-ai-launches-ai-tool-eliminating-manual-real-estate-comping/,https://bricked.ai/,real estate comping,11,23,true,false,false,2026-01-13,2026-07-04
0,Bricked AI Launches AI Tool Eliminating Manual Real Estate Comping | lifestyle.washingtonguardian.com,https://lifestyle.washingtonguardian.com/story/405397/bricked-ai-launches-ai-tool-eliminating-manual-real-estate-comping/,https://bricked.ai/discord,Other,11,23,false,false,false,2026-01-13,2026-07-04
0,Bricked AI Launches AI Tool Eliminating Manual Real Estate Comping | lifestyle.wordsjournal.com,https://lifestyle.wordsjournal.com/story/441306/bricked-ai-launches-ai-tool-eliminating-manual-real-estate-comping/,https://bricked.ai/,Bricked AI,11,23,true,false,false,2026-01-12,2026-07-18
0,Bricked AI Launches AI Tool Eliminating Manual Real Estate Comping | lifestyle.wordsjournal.com,https://lifestyle.wordsjournal.com/story/441306/bricked-ai-launches-ai-tool-eliminating-manual-real-estate-comping/,https://bricked.ai/,https://bricked.ai,11,23,true,false,false,2026-01-12,2026-07-18
0,Bricked AI Launches AI Tool Eliminating Manual Real Estate Comping | lifestyle.wordsjournal.com,https://lifestyle.wordsjournal.com/story/441306/bricked-ai-launches-ai-tool-eliminating-manual-real-estate-comping/,https://bricked.ai/,real estate comping,11,23,true,false,false,2026-01-12,2026-07-18
0,Bricked AI Launches AI Tool Eliminating Manual Real Estate Comping | lifestyle.wordsjournal.com,https://lifestyle.wordsjournal.com/story/441306/bricked-ai-launches-ai-tool-eliminating-manual-real-estate-comping/,https://bricked.ai/discord,Other,11,23,false,false,false,2026-01-12,2026-07-18
0,Buy High Quality Dofollow Seo Backlinks to Rank on 1st Page,https://localranking.site/augv-get-ranking-on-1st-page-with-us,https://bricked.ai/,bricked.ai,8000,750,true,false,false,2026-09-22,2026-09-22
0,Bricked AI Review 2026: Real Estate Underwriting Tool Tested,https://luckydealpay.com/bricked-review-n799.html,https://bricked.ai/?ref=find,Try Bricked →,6,21,true,false,false,2026-07-22,2026-09-05
0,"Trusted PBN Backlinks to Strengthen Your Link Profile. Drive Qualified Visitors, with Full Placement Reporting.",https://luminko.shop/referring-domains/trusted-pbn-backlinks-to-strengthen-your-link-profile-drive-qualified-visitors-with-full-placement-reporting-44104d.html,https://bricked.ai/,"Powerful High DA Backlinks for bricked.ai to Improve Citation Flow. Outrank Your Competitors, and Grow Your Business Online.",5000,2,false,false,false,2026-09-18,2026-09-18
0,🏆🏆Boost your Google rankings with Premium PBN & Link Building🏆🏆,https://marinasone.com/all/493/11.html,https://bricked.ai/,High Quality Dofollow Backlinks DA 50 PA 40 Premium PBN Network Service bricked.ai Rank First Page Google Fast SEO Link Building Buy Backlinks Online Cheap,3000,12,false,false,false,2026-08-12,2026-09-15
0,Bricked AI Launches AI Tool Eliminating Manual Real Estate Comping | Market Forecast Analysis,https://marketforecastanalysis.com/article/882078978-bricked-ai-launches-ai-tool-eliminating-manual-real-estate-comping,https://bricked.ai/,Bricked AI,25,22,true,false,false,2026-04-09,2026-09-16
0,Bricked AI Launches AI Tool Eliminating Manual Real Estate Comping | Market Forecast Analysis,https://marketforecastanalysis.com/article/882078978-bricked-ai-launches-ai-tool-eliminating-manual-real-estate-comping,https://bricked.ai/,https://bricked.ai,25,22,true,false,false,2026-04-09,2026-09-16
0,Bricked AI Launches AI Tool Eliminating Manual Real Estate Comping | Market Forecast Analysis,https://marketforecastanalysis.com/article/882078978-bricked-ai-launches-ai-tool-eliminating-manual-real-estate-comping,https://bricked.ai/,real estate comping,25,22,true,false,false,2026-04-09,2026-09-16
0,Bricked AI Launches AI Tool Eliminating Manual Real Estate Comping | Market Forecast Analysis,https://marketforecastanalysis.com/article/882078978-bricked-ai-launches-ai-tool-eliminating-manual-real-estate-comping,https://bricked.ai/discord,Other,25,22,true,false,false,2026-04-09,2026-09-16
0,🏆🏆Boost your Google rankings with Premium PBN & Link Building🏆🏆,https://masihnyata.com/all/493/11.html,https://bricked.ai/,High Quality Dofollow Backlinks DA 50 PA 40 Premium PBN Network Service bricked.ai Rank First Page Google Fast SEO Link Building Buy Backlinks Online Cheap,3000,12,false,false,false,2026-08-07,2026-09-09
0,,https://mediaboooster.com/all/493/11.html,https://bricked.ai/,High Quality Dofollow Backlinks DA 50 PA 40 Premium PBN Network Service bricked.ai Rank First Page Google Fast SEO Link Building Buy Backlinks Online Cheap,2999,0,false,false,false,2026-09-18,2026-09-18
0,"Trusted Tiered Link Building to Boost Domain Authority. Build Lasting Authority, with Full Placement Reporting.",https://mertio.shop/search-authority-index/trusted-tiered-link-building-to-boost-domain-authority-build-lasting-authority-with-full-placement-reporting-94bb3f.html,https://bricked.ai/,"Powerful High DA Backlinks for bricked.ai to Improve Citation Flow. Outrank Your Competitors, and Grow Your Business Online.",5000,2,false,false,false,2026-09-20,2026-09-20
0,✅ Website Stats 📊,https://metamagic.top/stats/137186,https://bricked.ai/,bricked.ai,3500,21,true,false,false,2026-05-22,2026-09-05
0,"Powerful High DA Backlinks for Higher DA and DR Scores. Grow Search Traffic, and Grow Your Business Online.",https://missburrg.com/link-profile-hub/powerful-high-da-backlinks-for-higher-da-and-dr-scores-grow-search-traffic-and-grow-your-business-online-98a812.html,https://bricked.ai/,High Quality Dofollow Backlinks DA 50 PA 40 Premium PBN Network Service bricked.ai Rank First Page Google Fast SEO Link Building Buy Backlinks Online Cheap,3000,2,false,false,false,2026-09-21,2026-09-21
0,"Bricked:Plataforma de underwriting imobiliário para encontrar comparáveis, estimar reparos e calcular ofertas em segundos. - MOGE",https://moge.ai/br/product/bricked,https://bricked.ai/,Bricked preview,6,36,true,false,false,2026-09-02,2026-09-20
0,"Bricked:Plataforma de underwriting imobiliário para encontrar comparáveis, estimar reparos e calcular ofertas em segundos. - MOGE",https://moge.ai/br/product/bricked,https://bricked.ai/,Visitar Site,6,36,true,false,false,2026-09-02,2026-09-20
0,"Bricked:Immobilien-Underwriting-Plattform, um in Sekunden Vergleichsobjekte zu finden, Reparaturkosten zu schätzen und Angebote zu berechnen. - MOGE",https://moge.ai/de/product/bricked,https://bricked.ai/,Bricked preview,6,36,true,false,false,2026-09-02,2026-09-20
0,"Bricked:Immobilien-Underwriting-Plattform, um in Sekunden Vergleichsobjekte zu finden, Reparaturkosten zu schätzen und Angebote zu berechnen. - MOGE",https://moge.ai/de/product/bricked,https://bricked.ai/,Website besuchen,6,36,true,false,false,2026-09-02,2026-09-20
0,"Bricked:Plataforma de underwriting inmobiliario para encontrar comparables, estimar reparaciones y calcular ofertas en segundos. - MOGE",https://moge.ai/es/product/bricked,https://bricked.ai/,Bricked preview,6,36,true,false,false,2026-09-06,2026-09-06
0,"Bricked:Plataforma de underwriting inmobiliario para encontrar comparables, estimar reparaciones y calcular ofertas en segundos. - MOGE",https://moge.ai/es/product/bricked,https://bricked.ai/,Visitar Sitio Web,6,36,true,false,false,2026-09-06,2026-09-06
0,"Bricked:Plateforme d'underwriting immobilier pour trouver des comparables, estimer les travaux et calculer une offre en quelques secondes. - MOGE",https://moge.ai/fr/product/bricked,https://bricked.ai/,Bricked preview,6,36,true,false,false,2026-08-31,2026-09-18
0,"Bricked:Plateforme d'underwriting immobilier pour trouver des comparables, estimer les travaux et calculer une offre en quelques secondes. - MOGE",https://moge.ai/fr/product/bricked,https://bricked.ai/,Visiter le site,6,36,true,false,false,2026-08-31,2026-09-18
0,Bricked:物件のコンプ探し、修繕費の見積もり、オファー価格の算定を数秒で行える不動産アンダーライティングプラットフォームです。 - MOGE,https://moge.ai/ja/product/bricked,https://bricked.ai/,Bricked preview,6,36,true,false,false,2026-09-04,2026-09-04
0,Bricked:物件のコンプ探し、修繕費の見積もり、オファー価格の算定を数秒で行える不動産アンダーライティングプラットフォームです。 - MOGE,https://moge.ai/ja/product/bricked,https://bricked.ai/,ウェブサイトを訪問,6,36,true,false,false,2026-09-04,2026-09-04
0,"Bricked:몇 초 만에 부동산 비교 매물을 찾고, 수리비를 추정하고, 오퍼 가격을 계산하는 부동산 언더라이팅 플랫폼입니다. - MOGE",https://moge.ai/ko/product/bricked,https://bricked.ai/,Bricked preview,6,36,true,false,false,2026-09-02,2026-09-21
0,"Bricked:몇 초 만에 부동산 비교 매물을 찾고, 수리비를 추정하고, 오퍼 가격을 계산하는 부동산 언더라이팅 플랫폼입니다. - MOGE",https://moge.ai/ko/product/bricked,https://bricked.ai/,웹사이트 방문,6,36,true,false,false,2026-09-02,2026-09-21
0,"Bricked:Real estate underwriting platform for finding property comps, estimating repairs, and calculating offers in seconds. - MOGE",https://moge.ai/product/bricked,https://bricked.ai/,Bricked preview,6,36,true,false,false,2026-09-02,2026-09-16
0,"Bricked:Real estate underwriting platform for finding property comps, estimating repairs, and calculating offers in seconds. - MOGE",https://moge.ai/product/bricked,https://bricked.ai/,Visit Website,6,36,true,false,false,2026-09-02,2026-09-16
0,"Bricked:Платформа для андеррайтинга недвижимости — поиск сопоставимых объектов, оценка ремонта и расчёт предложения за считаные секунды. - MOGE",https://moge.ai/ru/product/bricked,https://bricked.ai/,Bricked preview,6,36,true,false,false,2026-09-04,2026-09-04
0,"Bricked:Платформа для андеррайтинга недвижимости — поиск сопоставимых объектов, оценка ремонта и расчёт предложения за считаные секунды. - MOGE",https://moge.ai/ru/product/bricked,https://bricked.ai/,Посетить сайт,6,36,true,false,false,2026-09-04,2026-09-04
0,Bricked:房地产核保平台，几秒内完成房源比对、维修估算和报价计算。 - MOGE,https://moge.ai/zh/product/bricked,https://bricked.ai/,Bricked preview,6,36,true,false,false,2026-09-02,2026-09-20
0,Bricked:房地产核保平台，几秒内完成房源比对、维修估算和报价计算。 - MOGE,https://moge.ai/zh/product/bricked,https://bricked.ai/,访问官网,6,36,true,false,false,2026-09-02,2026-09-20
0,Bricked AI Launches AI Tool Eliminating Manual Real Estate Comping | My European News,https://myeuropeannews.com/article/882078978-bricked-ai-launches-ai-tool-eliminating-manual-real-estate-comping,https://bricked.ai/,Bricked AI,25,22,true,false,false,2026-01-19,2026-09-10
0,Bricked AI Launches AI Tool Eliminating Manual Real Estate Comping | My European News,https://myeuropeannews.com/article/882078978-bricked-ai-launches-ai-tool-eliminating-manual-real-estate-comping,https://bricked.ai/,https://bricked.ai,25,22,true,false,false,2026-01-19,2026-09-10
0,Bricked AI Launches AI Tool Eliminating Manual Real Estate Comping | My European News,https://myeuropeannews.com/article/882078978-bricked-ai-launches-ai-tool-eliminating-manual-real-estate-comping,https://bricked.ai/,real estate comping,25,22,true,false,false,2026-01-19,2026-09-10
0,Bricked AI Launches AI Tool Eliminating Manual Real Estate Comping | My European News,https://myeuropeannews.com/article/882078978-bricked-ai-launches-ai-tool-eliminating-manual-real-estate-comping,https://bricked.ai/discord,Other,25,22,true,false,false,2026-01-19,2026-09-10
0,🏆🏆Boost your Google rankings with Premium PBN & Link Building🏆🏆,https://mylisthero.com/all/493/11.html,https://bricked.ai/,High Quality Dofollow Backlinks DA 50 PA 40 Premium PBN Network Service bricked.ai Rank First Page Google Fast SEO Link Building Buy Backlinks Online Cheap,3000,12,false,false,false,2026-08-28,2026-08-28
0,"Advanced SEO Authority Backlinks to Raise Domain Rating. Outrank Your Competitors, Across Every Niche and Market.",https://mylisthero.com/page-authority-index/advanced-seo-authority-backlinks-to-raise-domain-rating-outrank-your-competitors-across-every-niche-and-market-9f7ba5.html,https://bricked.ai/,High Quality Dofollow Backlinks DA 50 PA 40 Premium PBN Network Service bricked.ai Rank First Page Google Fast SEO Link Building Buy Backlinks Online Cheap,3000,2,false,false,false,2026-09-16,2026-09-16
0,🏆🏆Boost your Google rankings with Premium PBN & Link Building🏆🏆,https://mymarketpost.com/all/493/11.html,https://bricked.ai/,High Quality Dofollow Backlinks DA 50 PA 40 Premium PBN Network Service bricked.ai Rank First Page Google Fast SEO Link Building Buy Backlinks Online Cheap,3000,12,false,false,false,2026-09-11,2026-09-11
0,Wholesale AI Toolkit - NBot Tracker | nbot.ai,https://nbot.ai/curator/ogazx50s/preview,https://bricked.ai/best/comping-software,"Best Comping Software of 2026, Ranked - Bricked - AI bricked.ai icon bricked.ai Best Comping Software of 2026, Ranked - Bricked - AI August 4, 2026",28,17,false,false,false,2026-08-14,2026-09-01
0,Wholesale AI Toolkit - NBot Tracker | nbot.ai,https://nbot.ai/curator/ogazx50s/preview,https://bricked.ai/best/comping-software,"Best Comping Software of 2026, Ranked - Bricked - AI bricked.ai icon bricked.ai Best Comping Software of 2026, Ranked - Bricked - AI 13h ago",28,17,false,false,false,2026-08-05,2026-09-01
0,Wholesale AI Toolkit - NBot Tracker | nbot.ai,https://nbot.ai/curator/ogazx50s/preview,https://bricked.ai/best/comping-software,"Best Comping Software of 2026, Ranked - Bricked - AI bricked.ai icon bricked.ai Best Comping Software of 2026, Ranked - Bricked - AI 5d ago",28,17,false,false,false,2026-08-10,2026-09-01
0,"Powerful Guest Post Service to Increase Trust Flow. Improve Google Rankings, for Competitive SERP Results.",https://nelpa.shop/seo-metrics-hub/powerful-guest-post-service-to-increase-trust-flow-improve-google-rankings-for-competitive-serp-results-872982.html,https://bricked.ai/,"Powerful High DA Backlinks for bricked.ai to Improve Citation Flow. Outrank Your Competitors, and Grow Your Business Online.",5000,2,false,false,false,2026-09-21,2026-09-21
0,🏆🏆Boost your Google rankings with Premium PBN & Link Building🏆🏆,https://newblogerseo.com/all/493/11.html,https://bricked.ai/,High Quality Dofollow Backlinks DA 50 PA 40 Premium PBN Network Service bricked.ai Rank First Page Google Fast SEO Link Building Buy Backlinks Online Cheap,3000,12,false,false,false,2026-08-04,2026-08-21
0,"Professional PBN Backlinks to Boost Domain Authority. Build Lasting Authority, with Safe Link Velocity.",https://newblogerseo.com/backlink-audit-hub/professional-pbn-backlinks-to-boost-domain-authority-build-lasting-authority-with-safe-link-velocity-5be9d4.html,https://bricked.ai/,High Quality Dofollow Backlinks DA 50 PA 40 Premium PBN Network Service bricked.ai Rank First Page Google Fast SEO Link Building Buy Backlinks Online Cheap,3000,2,false,false,false,2026-09-21,2026-09-21
0,Best Tool for Pinterest SiteToSocial Fully Automated AI Generated Pins Grow Your Website Traffic,https://newsblogsports.site/all/147/31,https://docs.bricked.ai/,Best Pinterest Tool SiteToSocial.com to Grow Your Website Traffic Fully Automated,3004,21,false,false,false,2026-04-22,2026-08-16
0,Best Tool for Pinterest SiteToSocial Fully Automated AI Generated Pins Grow Your Website Traffic,https://newsblogsports.site/all/86/30,https://bricked.ai/,Best Pinterest Tool SiteToSocial.com to Grow Your Website Traffic Fully Automated,3004,22,false,false,false,2026-04-21,2026-08-16
0,"Powerful Contextual Link Placements to Boost Domain Authority. Secure First Page Positions, for Long Term SEO Results.",https://nivira.shop/ranking-resources/powerful-contextual-link-placements-to-boost-domain-authority-secure-first-page-positions-for-long-term-seo-results-1e9098.html,https://bricked.ai/,High Quality Dofollow Backlinks DA 50 PA 40 Premium PBN Network Service bricked.ai Rank First Page Google Fast SEO Link Building Buy Backlinks Online Cheap,3000,2,false,false,false,2026-09-17,2026-09-17
0,🏆🏆Boost your Google rankings with Premium PBN & Link Building🏆🏆,https://onlyhealthydeals.com/all/492/28.html,https://bricked.ai/,High Quality Dofollow Backlinks DA 50 PA 40 Premium PBN Network Service bricked.ai Rank First Page Google Fast SEO Link Building Buy Backlinks Online Cheap,3000,12,false,false,false,2026-08-27,2026-09-14
0,🏆🏆Boost your Google rankings with Premium PBN & Link Building🏆🏆,https://onvaxs.com/all/493/11.html,https://bricked.ai/,High Quality Dofollow Backlinks DA 50 PA 40 Premium PBN Network Service bricked.ai Rank First Page Google Fast SEO Link Building Buy Backlinks Online Cheap,3000,12,false,false,false,2026-09-11,2026-09-11
0,✅ Website Stats 📊,https://optimizeflow.top/stats/137185,https://bricked.ai/,bricked.ai,3500,21,true,false,false,2026-05-14,2026-08-20
0,Buy High Quality Dofollow Seo Backlinks to Rank on 1st Page,https://organictraffic.site/abbl-get-ranking-on-1st-page-with-us,https://bricked.ai/,bricked.ai,8000,750,true,false,false,2026-09-18,2026-09-18
0,"Reliable Tiered Link Building to Increase Trust Flow. Build Lasting Authority, for Competitive SERP Results.",https://orvelo.shop/backlink-network/reliable-tiered-link-building-to-increase-trust-flow-build-lasting-authority-for-competitive-serp-results-774284.html,https://bricked.ai/,High Quality Dofollow Backlinks DA 50 PA 40 Premium PBN Network Service bricked.ai Rank First Page Google Fast SEO Link Building Buy Backlinks Online Cheap,200,2,false,false,false,2026-09-05,2026-09-05
0,🏆🏆Boost your Google rankings with Premium PBN & Link Building🏆🏆,https://phanerosart.com/all/493/11.html,https://bricked.ai/,High Quality Dofollow Backlinks DA 50 PA 40 Premium PBN Network Service bricked.ai Rank First Page Google Fast SEO Link Building Buy Backlinks Online Cheap,3000,12,false,false,false,2026-09-15,2026-09-15
0,🏆🏆Boost your Google rankings with Premium PBN & Link Building🏆🏆,https://plrdownloadshub.com/all/493/11.html,https://bricked.ai/,High Quality Dofollow Backlinks DA 50 PA 40 Premium PBN Network Service bricked.ai Rank First Page Google Fast SEO Link Building Buy Backlinks Online Cheap,3000,12,false,false,false,2026-08-06,2026-09-22
0,"Effective High DA Backlinks to Boost Domain Authority. Improve Google Rankings, with Safe Link Velocity.",https://polva.shop/authority-signals/effective-high-da-backlinks-to-boost-domain-authority-improve-google-rankings-with-safe-link-velocity-f2d861.html,https://bricked.ai/,High Quality Dofollow Backlinks DA 50 PA 40 Premium PBN Network Service bricked.ai Rank First Page Google Fast SEO Link Building Buy Backlinks Online Cheap,200,2,false,false,false,2026-09-16,2026-09-16
0,Buy High Quality Dofollow Seo Backlinks to Rank on 1st Page,https://premiumseo.shop/blms-get-ranking-on-1st-page-with-us,https://bricked.ai/,bricked.ai,8000,750,true,false,false,2026-09-13,2026-09-21
0,🏆🏆Boost your Google rankings with Premium PBN & Link Building🏆🏆,https://primenewsartical.com/all/493/11.html,https://bricked.ai/,High Quality Dofollow Backlinks DA 50 PA 40 Premium PBN Network Service bricked.ai Rank First Page Google Fast SEO Link Building Buy Backlinks Online Cheap,3000,12,false,false,false,2026-08-18,2026-09-07
0,👲 Domain Report 👲,https://quero.party/report/137186,https://bricked.ai/,bricked.ai,3500,21,true,false,false,2026-08-11,2026-08-11
0,🏆🏆Boost your Google rankings with Premium PBN & Link Building🏆🏆,https://quotesblom.com/all/493/11.html,https://bricked.ai/,High Quality Dofollow Backlinks DA 50 PA 40 Premium PBN Network Service bricked.ai Rank First Page Google Fast SEO Link Building Buy Backlinks Online Cheap,3000,12,false,false,false,2026-09-02,2026-09-17
0,bricked.ai — AI Site Profile | ratemyaisite.com,https://ratemyaisite.com/site/bricked.ai,https://bricked.ai/,Visit ↗,3,25,true,false,false,2026-05-12,2026-09-07
0,"Powerful Manual Outreach Backlinks to Strengthen Your Link Profile. Build Lasting Authority, with Full Placement Reporting.",https://rdxextremez.com/organic-growth-links/powerful-manual-outreach-backlinks-to-strengthen-your-link-profile-build-lasting-authority-with-full-placement-reporting-32aed5.html,https://bricked.ai/,High Quality Dofollow Backlinks DA 50 PA 40 Premium PBN Network Service bricked.ai Rank First Page Google Fast SEO Link Building Buy Backlinks Online Cheap,3000,2,false,false,false,2026-09-18,2026-09-18
0,"High Quality High DA Backlinks for Higher DA and DR Scores. Build Lasting Authority, for Competitive SERP Results.",https://realwinningonlinecasino.online/white-hat-directory/high-quality-high-da-backlinks-for-higher-da-and-dr-scores-build-lasting-authority-for-competitive-serp-results-8d1fd7.html,https://bricked.ai/,"Powerful High DA Backlinks for bricked.ai to Improve Citation Flow. Outrank Your Competitors, and Grow Your Business Online.",5000,2,false,false,false,2026-09-20,2026-09-20
0,Deal Analyzer Pro,https://reidealapp.com/privacy,https://bricked.ai/,Bricked.ai's privacy policy,3,3,false,false,false,2026-03-15,2026-06-06
0,🏆🏆Boost your Google rankings with Premium PBN & Link Building🏆🏆,https://reisenweg.com/all/493/11.html,https://bricked.ai/,High Quality Dofollow Backlinks DA 50 PA 40 Premium PBN Network Service bricked.ai Rank First Page Google Fast SEO Link Building Buy Backlinks Online Cheap,3000,12,false,false,false,2026-09-11,2026-09-20
0,bricked - Robuta Search,https://robuta.com/?q=bricked,https://bricked.ai/,Bricked - AI Real Estate Underwriting & Comps,55,108,false,false,false,2026-07-20,2026-07-20
0,🏆🏆Boost your Google rankings with Premium PBN & Link Building🏆🏆,https://royaldb.us.com/all/493/11.html,https://bricked.ai/,High Quality Dofollow Backlinks DA 50 PA 40 Premium PBN Network Service bricked.ai Rank First Page Google Fast SEO Link Building Buy Backlinks Online Cheap,3000,12,false,false,false,2026-09-11,2026-09-11
0,🏆🏆Boost your Google rankings with Premium PBN & Link Building🏆🏆,https://sahammurah.com/all/493/11.html,https://bricked.ai/,High Quality Dofollow Backlinks DA 50 PA 40 Premium PBN Network Service bricked.ai Rank First Page Google Fast SEO Link Building Buy Backlinks Online Cheap,3000,12,false,false,false,2026-08-08,2026-09-06
0,Bricked AI Launches AI Tool Eliminating Manual Real Estate Comping | Sci-Tech Europe,https://scitecheurope.com/article/882078978-bricked-ai-launches-ai-tool-eliminating-manual-real-estate-comping,https://bricked.ai/,Bricked AI,25,22,true,false,false,2026-01-21,2026-09-21
0,Bricked AI Launches AI Tool Eliminating Manual Real Estate Comping | Sci-Tech Europe,https://scitecheurope.com/article/882078978-bricked-ai-launches-ai-tool-eliminating-manual-real-estate-comping,https://bricked.ai/,https://bricked.ai,25,22,true,false,false,2026-01-21,2026-09-21
0,Bricked AI Launches AI Tool Eliminating Manual Real Estate Comping | Sci-Tech Europe,https://scitecheurope.com/article/882078978-bricked-ai-launches-ai-tool-eliminating-manual-real-estate-comping,https://bricked.ai/,real estate comping,25,22,true,false,false,2026-01-21,2026-09-21
0,Bricked AI Launches AI Tool Eliminating Manual Real Estate Comping | Sci-Tech Europe,https://scitecheurope.com/article/882078978-bricked-ai-launches-ai-tool-eliminating-manual-real-estate-comping,https://bricked.ai/discord,Other,25,22,true,false,false,2026-01-21,2026-09-21
0,🏆🏆Boost your Google rankings with Premium PBN & Link Building🏆🏆,https://shanzytechs.site/all/493/11.html,https://bricked.ai/,High Quality Dofollow Backlinks DA 50 PA 40 Premium PBN Network Service bricked.ai Rank First Page Google Fast SEO Link Building Buy Backlinks Online Cheap,3000,12,false,false,false,2026-09-13,2026-09-13
0,❤️ URL Shared ❤️,https://shortenurls.eu/share/137185,https://bricked.ai/,bricked.ai,3500,21,true,false,false,2026-08-26,2026-08-26
0,"Effective Tiered Link Building Designed to Improve DA, DR and TF. Strengthen Website Reputation, Across Every Niche and Market.",https://sisusan88ax.shop/ranking-resources/effective-tiered-link-building-designed-to-improve-da-dr-and-tf-strengthen-website-reputation-across-every-niche-and-market-cebecc.html,https://bricked.ai/,"Powerful High DA Backlinks for bricked.ai to Improve Citation Flow. Outrank Your Competitors, and Grow Your Business Online.",5000,2,false,false,false,2026-09-21,2026-09-21
0,Bricked AI Launches AI Tool Eliminating Manual Real Estate Comping | Smart's Business Wire,https://smartsbusinesswire.com/article/882078978-bricked-ai-launches-ai-tool-eliminating-manual-real-estate-comping,https://bricked.ai/discord,Other,25,22,true,false,false,2026-01-14,2026-08-30
0,Bricked AI Launches AI Tool Eliminating Manual Real Estate Comping | Smart's Business Wire,https://smartsbusinesswire.com/article/882078978-bricked-ai-launches-ai-tool-eliminating-manual-real-estate-comping,https://bricked.ai/,https://bricked.ai,25,22,true,false,false,2026-01-14,2026-08-30
0,Bricked AI Launches AI Tool Eliminating Manual Real Estate Comping | Smart's Business Wire,https://smartsbusinesswire.com/article/882078978-bricked-ai-launches-ai-tool-eliminating-manual-real-estate-comping,https://bricked.ai/,real estate comping,25,22,true,false,false,2026-01-14,2026-08-30
0,Bricked AI Launches AI Tool Eliminating Manual Real Estate Comping | Smart's Business Wire,https://smartsbusinesswire.com/article/882078978-bricked-ai-launches-ai-tool-eliminating-manual-real-estate-comping,https://bricked.ai/,Bricked AI,25,22,true,false,false,2026-01-14,2026-08-30
0,🏆🏆Boost your Google rankings with Premium PBN & Link Building🏆🏆,https://smartstimer.com/all/493/11.html,https://bricked.ai/,High Quality Dofollow Backlinks DA 50 PA 40 Premium PBN Network Service bricked.ai Rank First Page Google Fast SEO Link Building Buy Backlinks Online Cheap,3000,12,false,false,false,2026-08-13,2026-09-14
0,Bricked AI Launches AI Tool Eliminating Manual Real Estate Comping | SMB & Me,https://smbandme.com/article/882078978-bricked-ai-launches-ai-tool-eliminating-manual-real-estate-comping,https://bricked.ai/discord,Other,25,22,true,false,false,2026-01-15,2026-09-19
0,Bricked AI Launches AI Tool Eliminating Manual Real Estate Comping | SMB & Me,https://smbandme.com/article/882078978-bricked-ai-launches-ai-tool-eliminating-manual-real-estate-comping,https://bricked.ai/,https://bricked.ai,25,22,true,false,false,2026-01-15,2026-09-19
0,Bricked AI Launches AI Tool Eliminating Manual Real Estate Comping | SMB & Me,https://smbandme.com/article/882078978-bricked-ai-launches-ai-tool-eliminating-manual-real-estate-comping,https://bricked.ai/,real estate comping,25,22,true,false,false,2026-01-15,2026-09-19
0,Bricked AI Launches AI Tool Eliminating Manual Real Estate Comping | SMB & Me,https://smbandme.com/article/882078978-bricked-ai-launches-ai-tool-eliminating-manual-real-estate-comping,https://bricked.ai/,Bricked AI,25,22,true,false,false,2026-01-15,2026-09-19
0,🏆🏆Boost your Google rankings with Premium PBN & Link Building🏆🏆,https://soulvocable.com/all/493/11.html,https://bricked.ai/,High Quality Dofollow Backlinks DA 50 PA 40 Premium PBN Network Service bricked.ai Rank First Page Google Fast SEO Link Building Buy Backlinks Online Cheap,3000,12,false,false,false,2026-08-03,2026-08-19
0,🏆🏆Boost your Google rankings with Premium PBN & Link Building🏆🏆,https://southfwb.com/all/493/11.html,https://bricked.ai/,High Quality Dofollow Backlinks DA 50 PA 40 Premium PBN Network Service bricked.ai Rank First Page Google Fast SEO Link Building Buy Backlinks Online Cheap,3000,12,false,false,false,2026-08-05,2026-09-20
0,🏆🏆Boost your Google rankings with Premium PBN & Link Building🏆🏆,https://techbumppy.com/all/493/11.html,https://bricked.ai/,High Quality Dofollow Backlinks DA 50 PA 40 Premium PBN Network Service bricked.ai Rank First Page Google Fast SEO Link Building Buy Backlinks Online Cheap,3000,12,false,false,false,2026-09-13,2026-09-13
0,"Bricked AI Launches AI Tool Eliminating Manual Real Estate Comping | Technology, Science, & Me!",https://technologyscienceandme.com/article/882078978-bricked-ai-launches-ai-tool-eliminating-manual-real-estate-comping,https://bricked.ai/discord,Other,25,22,true,false,false,2026-03-22,2026-08-29
0,"Bricked AI Launches AI Tool Eliminating Manual Real Estate Comping | Technology, Science, & Me!",https://technologyscienceandme.com/article/882078978-bricked-ai-launches-ai-tool-eliminating-manual-real-estate-comping,https://bricked.ai/,Bricked AI,25,22,true,false,false,2026-03-22,2026-08-29
0,"Bricked AI Launches AI Tool Eliminating Manual Real Estate Comping | Technology, Science, & Me!",https://technologyscienceandme.com/article/882078978-bricked-ai-launches-ai-tool-eliminating-manual-real-estate-comping,https://bricked.ai/,https://bricked.ai,25,22,true,false,false,2026-03-22,2026-08-29
0,"Bricked AI Launches AI Tool Eliminating Manual Real Estate Comping | Technology, Science, & Me!",https://technologyscienceandme.com/article/882078978-bricked-ai-launches-ai-tool-eliminating-manual-real-estate-comping,https://bricked.ai/,real estate comping,25,22,true,false,false,2026-03-22,2026-08-29
0,Top Coupon Codes Today All Codes [Verified] Bricked - AI Discount Code Top Bricked - AI Coupons,https://teelacodes.com/store/bricked-ai,https://bricked.ai/?ref=cortez,Bricked AI,8,46,false,false,false,2026-09-02,2026-09-19
0,🏆🏆Boost your Google rankings with Premium PBN & Link Building🏆🏆,https://thedocmag.com/all/493/11.html,https://bricked.ai/,High Quality Dofollow Backlinks DA 50 PA 40 Premium PBN Network Service bricked.ai Rank First Page Google Fast SEO Link Building Buy Backlinks Online Cheap,3000,12,false,false,false,2026-09-07,2026-09-17
0,Bricked AI Launches AI Tool Eliminating Manual Real Estate Comping | The Europe Sun,https://theeuropesun.com/article/882078978-bricked-ai-launches-ai-tool-eliminating-manual-real-estate-comping,https://bricked.ai/,Bricked AI,25,22,true,false,false,2026-02-14,2026-07-06
0,Bricked AI Launches AI Tool Eliminating Manual Real Estate Comping | The Europe Sun,https://theeuropesun.com/article/882078978-bricked-ai-launches-ai-tool-eliminating-manual-real-estate-comping,https://bricked.ai/,https://bricked.ai,25,22,true,false,false,2026-02-14,2026-07-06
0,Bricked AI Launches AI Tool Eliminating Manual Real Estate Comping | The Europe Sun,https://theeuropesun.com/article/882078978-bricked-ai-launches-ai-tool-eliminating-manual-real-estate-comping,https://bricked.ai/,real estate comping,25,22,true,false,false,2026-02-14,2026-07-06
0,Bricked AI Launches AI Tool Eliminating Manual Real Estate Comping | The Europe Sun,https://theeuropesun.com/article/882078978-bricked-ai-launches-ai-tool-eliminating-manual-real-estate-comping,https://bricked.ai/discord,Other,25,22,true,false,false,2026-02-14,2026-07-06
0,🏆🏆Boost your Google rankings with Premium PBN & Link Building🏆🏆,https://theforbestimes.com/all/493/11.html,https://bricked.ai/,High Quality Dofollow Backlinks DA 50 PA 40 Premium PBN Network Service bricked.ai Rank First Page Google Fast SEO Link Building Buy Backlinks Online Cheap,3000,12,false,false,false,2026-08-16,2026-08-24
0,"Proven Tiered Link Building to Boost Domain Authority. Improve Google Rankings, with Full Placement Reporting.",https://theforbestimes.com/link-building-hub/proven-tiered-link-building-to-boost-domain-authority-improve-google-rankings-with-full-placement-reporting-c0846f.html,https://bricked.ai/,High Quality Dofollow Backlinks DA 50 PA 40 Premium PBN Network Service bricked.ai Rank First Page Google Fast SEO Link Building Buy Backlinks Online Cheap,3000,2,false,false,false,2026-09-12,2026-09-12
0,"Premium Guest Post Service to Improve Citation Flow. Increase Organic Visibility, for Long Term SEO Results.",https://themicrodigits.com/backlink-audit-hub/premium-guest-post-service-to-improve-citation-flow-increase-organic-visibility-for-long-term-seo-results-42cfd9.html,https://bricked.ai/,High Quality Dofollow Backlinks DA 50 PA 40 Premium PBN Network Service bricked.ai Rank First Page Google Fast SEO Link Building Buy Backlinks Online Cheap,3000,2,false,false,false,2026-09-04,2026-09-17
0,"Powerful Manual Outreach Backlinks to Improve Citation Flow. Increase Organic Visibility, with Full Placement Reporting.",https://tokyopush188.online/serp-growth-network/powerful-manual-outreach-backlinks-to-improve-citation-flow-increase-organic-visibility-with-full-placement-reporting-c2f9db.html,https://bricked.ai/,"Powerful High DA Backlinks for bricked.ai to Improve Citation Flow. Outrank Your Competitors, and Grow Your Business Online.",5000,2,false,false,false,2026-09-22,2026-09-22
0,"Professional Guest Post Service to Increase Trust Flow. Strengthen Website Reputation, for Competitive SERP Results.",https://top5casino.online/organic-growth-links/professional-guest-post-service-to-increase-trust-flow-strengthen-website-reputation-for-competitive-serp-results-1bf702.html,https://bricked.ai/,"Powerful High DA Backlinks for bricked.ai to Improve Citation Flow. Outrank Your Competitors, and Grow Your Business Online.",5000,2,false,false,false,2026-09-22,2026-09-22
0,Bricked AI Review 2026: Real Estate Underwriting Tool Tested,https://topcouponreviews.com/bricked-review-n799.html,https://bricked.ai/?ref=find,Try Bricked →,6,21,true,false,false,2026-07-11,2026-09-15
0,🏆🏆Boost your Google rankings with Premium PBN & Link Building🏆🏆,https://ufabettererm4.com/all/493/11.html,https://bricked.ai/,High Quality Dofollow Backlinks DA 50 PA 40 Premium PBN Network Service bricked.ai Rank First Page Google Fast SEO Link Building Buy Backlinks Online Cheap,3000,12,false,false,false,2026-08-31,2026-09-19
0,Bricked AI Launches AI Tool Eliminating Manual Real Estate Comping | UK Daily Ledger,https://ukdailyledger.com/article/882078978-bricked-ai-launches-ai-tool-eliminating-manual-real-estate-comping,https://bricked.ai/,Bricked AI,25,22,true,false,false,2026-04-11,2026-09-22
0,Bricked AI Launches AI Tool Eliminating Manual Real Estate Comping | UK Daily Ledger,https://ukdailyledger.com/article/882078978-bricked-ai-launches-ai-tool-eliminating-manual-real-estate-comping,https://bricked.ai/,https://bricked.ai,25,22,true,false,false,2026-04-11,2026-09-22
0,Bricked AI Launches AI Tool Eliminating Manual Real Estate Comping | UK Daily Ledger,https://ukdailyledger.com/article/882078978-bricked-ai-launches-ai-tool-eliminating-manual-real-estate-comping,https://bricked.ai/,real estate comping,25,22,true,false,false,2026-04-11,2026-09-22
0,Bricked AI Launches AI Tool Eliminating Manual Real Estate Comping | UK Daily Ledger,https://ukdailyledger.com/article/882078978-bricked-ai-launches-ai-tool-eliminating-manual-real-estate-comping,https://bricked.ai/discord,Other,25,22,true,false,false,2026-04-11,2026-09-22
0,Bricked AI Launches AI Tool Eliminating Manual Real Estate Comping | United Kingdom News Watch,https://unitedkingdomnewswatch.com/article/882078978-bricked-ai-launches-ai-tool-eliminating-manual-real-estate-comping,https://bricked.ai/,Bricked AI,25,21,true,false,false,2026-01-16,2026-07-07
0,Bricked AI Launches AI Tool Eliminating Manual Real Estate Comping | United Kingdom News Watch,https://unitedkingdomnewswatch.com/article/882078978-bricked-ai-launches-ai-tool-eliminating-manual-real-estate-comping,https://bricked.ai/,https://bricked.ai,25,21,true,false,false,2026-01-16,2026-07-07
0,Bricked AI Launches AI Tool Eliminating Manual Real Estate Comping | United Kingdom News Watch,https://unitedkingdomnewswatch.com/article/882078978-bricked-ai-launches-ai-tool-eliminating-manual-real-estate-comping,https://bricked.ai/,real estate comping,25,21,true,false,false,2026-01-16,2026-07-07
0,Bricked AI Launches AI Tool Eliminating Manual Real Estate Comping | United Kingdom News Watch,https://unitedkingdomnewswatch.com/article/882078978-bricked-ai-launches-ai-tool-eliminating-manual-real-estate-comping,https://bricked.ai/discord,Other,25,21,true,false,false,2026-01-16,2026-07-07
0,Bricked AI vs TrueCap (2026): Flip ARV vs Rentals | TrueCap,https://usetruecap.com/vs/bricked,https://bricked.ai/,bricked.ai,1,36,false,false,false,2026-08-30,2026-08-30
0,Bricked AI Launches AI Tool Eliminating Manual Real Estate Comping | US Times Gazette,https://ustimesgazette.com/article/882078978-bricked-ai-launches-ai-tool-eliminating-manual-real-estate-comping,https://bricked.ai/,Bricked AI,25,22,true,false,false,2026-03-25,2026-09-09
0,Bricked AI Launches AI Tool Eliminating Manual Real Estate Comping | US Times Gazette,https://ustimesgazette.com/article/882078978-bricked-ai-launches-ai-tool-eliminating-manual-real-estate-comping,https://bricked.ai/,real estate comping,25,22,true,false,false,2026-03-25,2026-09-09
0,Bricked AI Launches AI Tool Eliminating Manual Real Estate Comping | US Times Gazette,https://ustimesgazette.com/article/882078978-bricked-ai-launches-ai-tool-eliminating-manual-real-estate-comping,https://bricked.ai/,https://bricked.ai,25,22,true,false,false,2026-03-25,2026-09-09
0,Bricked AI Launches AI Tool Eliminating Manual Real Estate Comping | US Times Gazette,https://ustimesgazette.com/article/882078978-bricked-ai-launches-ai-tool-eliminating-manual-real-estate-comping,https://bricked.ai/discord,Other,25,22,true,false,false,2026-03-25,2026-09-09
0,Bricked | VaneTools,https://vanetools.com/tools/bricked,https://bricked.ai/,Moge,2,40,true,false,false,2026-09-17,2026-09-17
0,Bricked | VaneTools,https://vanetools.com/tools/bricked,https://bricked.ai/,Visit website ↗,2,40,true,false,false,2026-09-17,2026-09-17
0,Bricked | VaneTools,https://vanetools.com/zh/tools/bricked,https://bricked.ai/,访问官网 ↗,1,39,true,false,false,2026-09-20,2026-09-20
0,🏆🏆Boost your Google rankings with Premium PBN & Link Building🏆🏆,https://wecelebrities.com/all/493/11.html,https://bricked.ai/,High Quality Dofollow Backlinks DA 50 PA 40 Premium PBN Network Service bricked.ai Rank First Page Google Fast SEO Link Building Buy Backlinks Online Cheap,3000,12,false,false,false,2026-08-04,2026-09-06
0,🏆🏆Boost your Google rankings with Premium PBN & Link Building🏆🏆,https://wioutlet.com/all/493/11.html,https://bricked.ai/,High Quality Dofollow Backlinks DA 50 PA 40 Premium PBN Network Service bricked.ai Rank First Page Google Fast SEO Link Building Buy Backlinks Online Cheap,3000,12,false,false,false,2026-09-03,2026-09-20
0,🏆🏆Boost your Google rankings with Premium PBN & Link Building🏆🏆,https://www.aloysionunes.com/all/493/11.html,https://bricked.ai/,High Quality Dofollow Backlinks DA 50 PA 40 Premium PBN Network Service bricked.ai Rank First Page Google Fast SEO Link Building Buy Backlinks Online Cheap,3000,12,false,false,false,2026-09-14,2026-09-14
0,Bricked AI Launches AI Tool Eliminating Manual Real Estate Comping | American Times Reporter,https://www.americantimesreporter.com/article/882078978-bricked-ai-launches-ai-tool-eliminating-manual-real-estate-comping,https://bricked.ai/,Bricked AI,25,22,true,false,false,2026-01-18,2026-07-29
0,Bricked AI Launches AI Tool Eliminating Manual Real Estate Comping | American Times Reporter,https://www.americantimesreporter.com/article/882078978-bricked-ai-launches-ai-tool-eliminating-manual-real-estate-comping,https://bricked.ai/,https://bricked.ai,25,22,true,false,false,2026-01-18,2026-07-29
0,Bricked AI Launches AI Tool Eliminating Manual Real Estate Comping | American Times Reporter,https://www.americantimesreporter.com/article/882078978-bricked-ai-launches-ai-tool-eliminating-manual-real-estate-comping,https://bricked.ai/,real estate comping,25,22,true,false,false,2026-01-18,2026-07-29
0,Bricked AI Launches AI Tool Eliminating Manual Real Estate Comping | American Times Reporter,https://www.americantimesreporter.com/article/882078978-bricked-ai-launches-ai-tool-eliminating-manual-real-estate-comping,https://bricked.ai/discord,Other,25,22,true,false,false,2026-01-18,2026-07-29
0,Bricked AI Launches AI Tool Eliminating Manual Real Estate Comping | America Real Estate Online,https://www.americarealestateonline.com/article/882078978-bricked-ai-launches-ai-tool-eliminating-manual-real-estate-comping,https://bricked.ai/,Bricked AI,25,22,true,false,false,2026-02-18,2026-09-10
0,Bricked AI Launches AI Tool Eliminating Manual Real Estate Comping | America Real Estate Online,https://www.americarealestateonline.com/article/882078978-bricked-ai-launches-ai-tool-eliminating-manual-real-estate-comping,https://bricked.ai/,https://bricked.ai,25,22,true,false,false,2026-02-18,2026-09-10
0,Bricked AI Launches AI Tool Eliminating Manual Real Estate Comping | America Real Estate Online,https://www.americarealestateonline.com/article/882078978-bricked-ai-launches-ai-tool-eliminating-manual-real-estate-comping,https://bricked.ai/,real estate comping,25,22,true,false,false,2026-02-18,2026-09-10
0,Bricked AI Launches AI Tool Eliminating Manual Real Estate Comping | America Real Estate Online,https://www.americarealestateonline.com/article/882078978-bricked-ai-launches-ai-tool-eliminating-manual-real-estate-comping,https://bricked.ai/discord,Other,25,22,true,false,false,2026-02-18,2026-09-10
0,🏆🏆Boost your Google rankings with Premium PBN & Link Building🏆🏆,https://www.bazerdaily.com/all/492/28.html,https://bricked.ai/,High Quality Dofollow Backlinks DA 50 PA 40 Premium PBN Network Service bricked.ai Rank First Page Google Fast SEO Link Building Buy Backlinks Online Cheap,3000,12,false,false,false,2026-07-05,2026-09-01
0,🏆🏆Boost your Google rankings with Premium PBN & Link Building🏆🏆,https://www.bazerdaily.com/all/492/28.html,https://bricked.ai/,Visit Site SEO bricked.ai Premium backlinks,3000,12,false,false,false,2026-06-27,2026-06-27
0,🏆🏆Boost your Google rankings with Premium PBN & Link Building🏆🏆,https://www.betwinnermirror.com/all/493/11.html,https://bricked.ai/,High Quality Dofollow Backlinks DA 50 PA 40 Premium PBN Network Service bricked.ai Rank First Page Google Fast SEO Link Building Buy Backlinks Online Cheap,3000,12,false,false,false,2026-08-29,2026-08-29
0,🏆🏆Boost your Google rankings with Premium PBN & Link Building🏆🏆,https://www.blogerreviewers.com/all/493/11.html,https://bricked.ai/,High Quality Dofollow Backlinks DA 50 PA 40 Premium PBN Network Service bricked.ai Rank First Page Google Fast SEO Link Building Buy Backlinks Online Cheap,3000,12,false,false,false,2026-08-27,2026-09-14
0,Bricked AI Launches AI Tool Eliminating Manual Real Estate Comping | Breaking News from the United Kingdom,https://www.breakingnewsfromtheuk.com/article/882078978-bricked-ai-launches-ai-tool-eliminating-manual-real-estate-comping,https://bricked.ai/discord,Other,25,22,true,false,false,2026-04-20,2026-08-01
0,Bricked AI Launches AI Tool Eliminating Manual Real Estate Comping | Breaking News from the United Kingdom,https://www.breakingnewsfromtheuk.com/article/882078978-bricked-ai-launches-ai-tool-eliminating-manual-real-estate-comping,https://bricked.ai/,Bricked AI,25,22,true,false,false,2026-04-20,2026-08-01
0,Bricked AI Launches AI Tool Eliminating Manual Real Estate Comping | Breaking News from the United Kingdom,https://www.breakingnewsfromtheuk.com/article/882078978-bricked-ai-launches-ai-tool-eliminating-manual-real-estate-comping,https://bricked.ai/,https://bricked.ai,25,22,true,false,false,2026-04-20,2026-08-01
0,Bricked AI Launches AI Tool Eliminating Manual Real Estate Comping | Breaking News from the United Kingdom,https://www.breakingnewsfromtheuk.com/article/882078978-bricked-ai-launches-ai-tool-eliminating-manual-real-estate-comping,https://bricked.ai/,real estate comping,25,22,true,false,false,2026-04-20,2026-08-01
0,Bricked AI Launches AI Tool Eliminating Manual Real Estate Comping | The California STEM Reporter,https://www.californiastemreporter.com/article/882078978-bricked-ai-launches-ai-tool-eliminating-manual-real-estate-comping,https://bricked.ai/,Bricked AI,25,22,true,false,false,2026-02-15,2026-08-04
0,Bricked AI Launches AI Tool Eliminating Manual Real Estate Comping | The California STEM Reporter,https://www.californiastemreporter.com/article/882078978-bricked-ai-launches-ai-tool-eliminating-manual-real-estate-comping,https://bricked.ai/,https://bricked.ai,25,22,true,false,false,2026-02-15,2026-08-04
0,Bricked AI Launches AI Tool Eliminating Manual Real Estate Comping | The California STEM Reporter,https://www.californiastemreporter.com/article/882078978-bricked-ai-launches-ai-tool-eliminating-manual-real-estate-comping,https://bricked.ai/,real estate comping,25,22,true,false,false,2026-02-15,2026-08-04
0,Bricked AI Launches AI Tool Eliminating Manual Real Estate Comping | The California STEM Reporter,https://www.californiastemreporter.com/article/882078978-bricked-ai-launches-ai-tool-eliminating-manual-real-estate-comping,https://bricked.ai/discord,Other,25,22,true,false,false,2026-02-15,2026-08-04
0,🏆🏆Boost your Google rankings with Premium PBN & Link Building🏆🏆,https://www.chordmp3.net/all/492/28.html,https://bricked.ai/,High Quality Dofollow Backlinks DA 50 PA 40 Premium PBN Network Service bricked.ai Rank First Page Google Fast SEO Link Building Buy Backlinks Online Cheap,3000,12,false,false,false,2026-08-10,2026-08-26
0,Chromie — The AI operating system for government contracting,https://www.chromie.app/,https://bricked.ai/,,23,22,false,false,false,2026-09-01,2026-09-02
0,Chromie — The AI operating system for government contracting,https://www.chromie.app/,https://bricked.ai/,Bricked,23,22,false,false,false,2026-09-01,2026-09-02
0,Chromie — The AI operating system for government contracting,https://www.chromie.dev/,https://bricked.ai/,,23,22,false,false,false,2026-08-07,2026-08-11
0,Chromie — The AI operating system for government contracting,https://www.chromie.dev/,https://bricked.ai/,Bricked,23,22,false,false,false,2026-08-07,2026-08-11
0,🏆🏆Boost your Google rankings with Premium PBN & Link Building🏆🏆,https://www.digitalseotool.com/all/492/28.html,https://bricked.ai/,High Quality Dofollow Backlinks DA 50 PA 40 Premium PBN Network Service bricked.ai Rank First Page Google Fast SEO Link Building Buy Backlinks Online Cheap,3000,12,false,false,false,2026-06-29,2026-08-18
0,🏆🏆Boost your Google rankings with Premium PBN & Link Building🏆🏆,https://www.dupurgeniefr.com/all/493/11.html,https://bricked.ai/,High Quality Dofollow Backlinks DA 50 PA 40 Premium PBN Network Service bricked.ai Rank First Page Google Fast SEO Link Building Buy Backlinks Online Cheap,3000,12,false,false,false,2026-09-03,2026-09-20
0,Bricked AI Launches AI Tool Eliminating Manual Real Estate Comping | European Globe,https://www.europeanglobe.com/article/882078978-bricked-ai-launches-ai-tool-eliminating-manual-real-estate-comping,https://bricked.ai/discord,Other,25,22,true,false,false,2026-01-19,2026-08-30
0,Bricked AI Launches AI Tool Eliminating Manual Real Estate Comping | European Globe,https://www.europeanglobe.com/article/882078978-bricked-ai-launches-ai-tool-eliminating-manual-real-estate-comping,https://bricked.ai/,real estate comping,25,22,true,false,false,2026-01-19,2026-08-30
0,Bricked AI Launches AI Tool Eliminating Manual Real Estate Comping | European Globe,https://www.europeanglobe.com/article/882078978-bricked-ai-launches-ai-tool-eliminating-manual-real-estate-comping,https://bricked.ai/,Bricked AI,25,22,true,false,false,2026-01-19,2026-08-30
0,Bricked AI Launches AI Tool Eliminating Manual Real Estate Comping | European Globe,https://www.europeanglobe.com/article/882078978-bricked-ai-launches-ai-tool-eliminating-manual-real-estate-comping,https://bricked.ai/,https://bricked.ai,25,22,true,false,false,2026-01-19,2026-08-30
0,Bricked AI Launches AI Tool Eliminating Manual Real Estate Comping | Finance Industry Today,https://www.financeindustrytoday.com/article/882078978-bricked-ai-launches-ai-tool-eliminating-manual-real-estate-comping,https://bricked.ai/,Bricked AI,25,22,true,false,false,2026-03-18,2026-09-14
0,Bricked AI Launches AI Tool Eliminating Manual Real Estate Comping | Finance Industry Today,https://www.financeindustrytoday.com/article/882078978-bricked-ai-launches-ai-tool-eliminating-manual-real-estate-comping,https://bricked.ai/,https://bricked.ai,25,22,true,false,false,2026-03-18,2026-09-14
0,Bricked AI Launches AI Tool Eliminating Manual Real Estate Comping | Finance Industry Today,https://www.financeindustrytoday.com/article/882078978-bricked-ai-launches-ai-tool-eliminating-manual-real-estate-comping,https://bricked.ai/,real estate comping,25,22,true,false,false,2026-03-18,2026-09-14
0,Bricked AI Launches AI Tool Eliminating Manual Real Estate Comping | Finance Industry Today,https://www.financeindustrytoday.com/article/882078978-bricked-ai-launches-ai-tool-eliminating-manual-real-estate-comping,https://bricked.ai/discord,Other,25,22,true,false,false,2026-03-18,2026-09-14
0,🏆🏆Boost your Google rankings with Premium PBN & Link Building🏆🏆,https://www.fletcherrld.com/all/493/11.html,https://bricked.ai/,High Quality Dofollow Backlinks DA 50 PA 40 Premium PBN Network Service bricked.ai Rank First Page Google Fast SEO Link Building Buy Backlinks Online Cheap,3000,12,false,false,false,2026-08-06,2026-09-21
0,Bricked AI Launches AI Tool Eliminating Manual Real Estate Comping | Global Journal Observer,https://www.globaljournalobserver.com/article/882078978-bricked-ai-launches-ai-tool-eliminating-manual-real-estate-comping,https://bricked.ai/discord,Other,25,22,true,false,false,2026-01-17,2026-09-08
0,Bricked AI Launches AI Tool Eliminating Manual Real Estate Comping | Global Journal Observer,https://www.globaljournalobserver.com/article/882078978-bricked-ai-launches-ai-tool-eliminating-manual-real-estate-comping,https://bricked.ai/,Bricked AI,25,22,true,false,false,2026-01-17,2026-09-08
0,Bricked AI Launches AI Tool Eliminating Manual Real Estate Comping | Global Journal Observer,https://www.globaljournalobserver.com/article/882078978-bricked-ai-launches-ai-tool-eliminating-manual-real-estate-comping,https://bricked.ai/,https://bricked.ai,25,22,true,false,false,2026-01-17,2026-09-08
0,Bricked AI Launches AI Tool Eliminating Manual Real Estate Comping | Global Journal Observer,https://www.globaljournalobserver.com/article/882078978-bricked-ai-launches-ai-tool-eliminating-manual-real-estate-comping,https://bricked.ai/,real estate comping,25,22,true,false,false,2026-01-17,2026-09-08
0,🏆🏆Boost your Google rankings with Premium PBN & Link Building🏆🏆,https://www.homesforsaleoldgreenwichct.com/all/493/11.html,https://bricked.ai/,High Quality Dofollow Backlinks DA 50 PA 40 Premium PBN Network Service bricked.ai Rank First Page Google Fast SEO Link Building Buy Backlinks Online Cheap,3000,12,false,false,false,2026-09-11,2026-09-20
0,Bricked AI Launches AI Tool Eliminating Manual Real Estate Comping | International Home Buyers Guide,https://www.internationalhomebuyersguide.com/article/882078978-bricked-ai-launches-ai-tool-eliminating-manual-real-estate-comping,https://bricked.ai/,Bricked AI,25,22,true,false,false,2026-01-18,2026-07-07
0,Bricked AI Launches AI Tool Eliminating Manual Real Estate Comping | International Home Buyers Guide,https://www.internationalhomebuyersguide.com/article/882078978-bricked-ai-launches-ai-tool-eliminating-manual-real-estate-comping,https://bricked.ai/,https://bricked.ai,25,22,true,false,false,2026-01-18,2026-07-07
0,Bricked AI Launches AI Tool Eliminating Manual Real Estate Comping | International Home Buyers Guide,https://www.internationalhomebuyersguide.com/article/882078978-bricked-ai-launches-ai-tool-eliminating-manual-real-estate-comping,https://bricked.ai/,real estate comping,25,22,true,false,false,2026-01-18,2026-07-07
0,Bricked AI Launches AI Tool Eliminating Manual Real Estate Comping | International Home Buyers Guide,https://www.internationalhomebuyersguide.com/article/882078978-bricked-ai-launches-ai-tool-eliminating-manual-real-estate-comping,https://bricked.ai/discord,Other,25,22,true,false,false,2026-01-18,2026-07-07
0,Bricked AI Launches AI Tool Eliminating Manual Real Estate Comping | International Real Estate Times,https://www.internationalrealestatetimes.com/article/882078978-bricked-ai-launches-ai-tool-eliminating-manual-real-estate-comping,https://bricked.ai/,Bricked AI,25,22,true,false,false,2026-02-13,2026-09-05
0,Bricked AI Launches AI Tool Eliminating Manual Real Estate Comping | International Real Estate Times,https://www.internationalrealestatetimes.com/article/882078978-bricked-ai-launches-ai-tool-eliminating-manual-real-estate-comping,https://bricked.ai/,https://bricked.ai,25,22,true,false,false,2026-02-13,2026-09-05
0,Bricked AI Launches AI Tool Eliminating Manual Real Estate Comping | International Real Estate Times,https://www.internationalrealestatetimes.com/article/882078978-bricked-ai-launches-ai-tool-eliminating-manual-real-estate-comping,https://bricked.ai/,real estate comping,25,22,true,false,false,2026-02-13,2026-09-05
0,Bricked AI Launches AI Tool Eliminating Manual Real Estate Comping | International Real Estate Times,https://www.internationalrealestatetimes.com/article/882078978-bricked-ai-launches-ai-tool-eliminating-manual-real-estate-comping,https://bricked.ai/discord,Other,25,22,true,false,false,2026-02-13,2026-09-05
0,🏆🏆Boost your Google rankings with Premium PBN & Link Building🏆🏆,https://www.kernelpanicpodcast.com/all/493/11.html,https://bricked.ai/,High Quality Dofollow Backlinks DA 50 PA 40 Premium PBN Network Service bricked.ai Rank First Page Google Fast SEO Link Building Buy Backlinks Online Cheap,3000,12,false,false,false,2026-09-05,2026-09-22
0,Bricked AI Launches AI Tool Eliminating Manual Real Estate Comping | News Watch: United Kingdom,https://www.newswatchunitedkingdom.com/article/882078978-bricked-ai-launches-ai-tool-eliminating-manual-real-estate-comping,https://bricked.ai/,Bricked AI,25,22,true,false,false,2026-01-18,2026-09-09
0,Bricked AI Launches AI Tool Eliminating Manual Real Estate Comping | News Watch: United Kingdom,https://www.newswatchunitedkingdom.com/article/882078978-bricked-ai-launches-ai-tool-eliminating-manual-real-estate-comping,https://bricked.ai/,https://bricked.ai,25,22,true,false,false,2026-01-18,2026-09-09
0,Bricked AI Launches AI Tool Eliminating Manual Real Estate Comping | News Watch: United Kingdom,https://www.newswatchunitedkingdom.com/article/882078978-bricked-ai-launches-ai-tool-eliminating-manual-real-estate-comping,https://bricked.ai/,real estate comping,25,22,true,false,false,2026-01-18,2026-09-09
0,Bricked AI Launches AI Tool Eliminating Manual Real Estate Comping | News Watch: United Kingdom,https://www.newswatchunitedkingdom.com/article/882078978-bricked-ai-launches-ai-tool-eliminating-manual-real-estate-comping,https://bricked.ai/discord,Other,25,22,true,false,false,2026-01-18,2026-09-09
0,What AI tools help real estate investors underw… | Parse,https://www.parse.gl/prompts/p/what-ai-tools-help-real-estate-investors-underwrite-properties-using-rent-rolls-comps-and-local-market-data--14c58437-bfcb-47b9-88ff-9b6bfab10a24,https://bricked.ai/,Bricked AI,115,64,true,false,false,2026-07-06,2026-08-29
0,What AI tools help real estate investors underw… | Parse,https://www.parse.gl/prompts/p/what-ai-tools-help-real-estate-investors-underwrite-properties-using-rent-rolls-comps-and-local-market-data--14c58437-bfcb-47b9-88ff-9b6bfab10a24,https://bricked.ai/,https://bricked.ai/,115,64,true,false,false,2026-07-06,2026-08-29
0,What AI tools help real estate investors underw… | Parse,https://www.parse.gl/prompts/p/what-ai-tools-help-real-estate-investors-underwrite-properties-using-rent-rolls-comps-and-local-market-data--14c58437-bfcb-47b9-88ff-9b6bfab10a24,https://bricked.ai/,https://bricked.ai/?utm_source=chatgpt.com,115,64,true,false,false,2026-07-06,2026-08-29
0,🏆🏆Boost your Google rankings with Premium PBN & Link Building🏆🏆,https://www.primenewsartical.com/all/493/11.html,https://bricked.ai/,High Quality Dofollow Backlinks DA 50 PA 40 Premium PBN Network Service bricked.ai Rank First Page Google Fast SEO Link Building Buy Backlinks Online Cheap,3000,12,false,false,false,2026-09-05,2026-09-15
0,🏆🏆Boost your Google rankings with Premium PBN & Link Building🏆🏆,https://www.sahammurah.com/all/493/11.html,https://bricked.ai/,High Quality Dofollow Backlinks DA 50 PA 40 Premium PBN Network Service bricked.ai Rank First Page Google Fast SEO Link Building Buy Backlinks Online Cheap,3000,12,false,false,false,2026-09-04,2026-09-22
0,Bricked AI Launches AI Tool Eliminating Manual Real Estate Comping | The Business Gazette Online,https://www.thebusinessgazetteonline.com/article/882078978-bricked-ai-launches-ai-tool-eliminating-manual-real-estate-comping,https://bricked.ai/,Bricked AI,25,22,true,false,false,2026-02-16,2026-08-31
0,Bricked AI Launches AI Tool Eliminating Manual Real Estate Comping | The Business Gazette Online,https://www.thebusinessgazetteonline.com/article/882078978-bricked-ai-launches-ai-tool-eliminating-manual-real-estate-comping,https://bricked.ai/,https://bricked.ai,25,22,true,false,false,2026-02-16,2026-08-31
0,Bricked AI Launches AI Tool Eliminating Manual Real Estate Comping | The Business Gazette Online,https://www.thebusinessgazetteonline.com/article/882078978-bricked-ai-launches-ai-tool-eliminating-manual-real-estate-comping,https://bricked.ai/,real estate comping,25,22,true,false,false,2026-02-16,2026-08-31
0,Bricked AI Launches AI Tool Eliminating Manual Real Estate Comping | The Business Gazette Online,https://www.thebusinessgazetteonline.com/article/882078978-bricked-ai-launches-ai-tool-eliminating-manual-real-estate-comping,https://bricked.ai/discord,Other,25,22,true,false,false,2026-02-16,2026-08-31
0,Bricked AI Launches AI Tool Eliminating Manual Real Estate Comping | The Europe Daily Report,https://www.theeuropedailyreport.com/article/882078978-bricked-ai-launches-ai-tool-eliminating-manual-real-estate-comping,https://bricked.ai/discord,Other,25,22,true,false,false,2026-03-30,2026-09-03
0,Bricked AI Launches AI Tool Eliminating Manual Real Estate Comping | The Europe Daily Report,https://www.theeuropedailyreport.com/article/882078978-bricked-ai-launches-ai-tool-eliminating-manual-real-estate-comping,https://bricked.ai/,Bricked AI,25,22,true,false,false,2026-03-30,2026-09-03
0,Bricked AI Launches AI Tool Eliminating Manual Real Estate Comping | The Europe Daily Report,https://www.theeuropedailyreport.com/article/882078978-bricked-ai-launches-ai-tool-eliminating-manual-real-estate-comping,https://bricked.ai/,https://bricked.ai,25,22,true,false,false,2026-03-30,2026-09-03
0,Bricked AI Launches AI Tool Eliminating Manual Real Estate Comping | The Europe Daily Report,https://www.theeuropedailyreport.com/article/882078978-bricked-ai-launches-ai-tool-eliminating-manual-real-estate-comping,https://bricked.ai/,real estate comping,25,22,true,false,false,2026-03-30,2026-09-03
0,Bricked AI Launches AI Tool Eliminating Manual Real Estate Comping - XPR Media,https://xpr.media/story/539696/bricked-ai-launches-ai-tool-eliminating-manual-real-estate-comping/,https://bricked.ai/,Bricked AI,8,15,true,false,false,2026-08-04,2026-09-10
0,Bricked AI Launches AI Tool Eliminating Manual Real Estate Comping - XPR Media,https://xpr.media/story/539696/bricked-ai-launches-ai-tool-eliminating-manual-real-estate-comping/,https://bricked.ai/,https://bricked.ai,8,15,true,false,false,2026-08-04,2026-09-10
0,Bricked AI Launches AI Tool Eliminating Manual Real Estate Comping - XPR Media,https://xpr.media/story/539696/bricked-ai-launches-ai-tool-eliminating-manual-real-estate-comping/,https://bricked.ai/,real estate comping,8,15,true,false,false,2026-08-04,2026-09-10
0,Bricked AI Launches AI Tool Eliminating Manual Real Estate Comping - XPR Media,https://xpr.media/story/539696/bricked-ai-launches-ai-tool-eliminating-manual-real-estate-comping/,https://bricked.ai/discord,Other,8,15,false,false,false,2026-08-04,2026-09-10
